ISO-10303-21;
HEADER;
FILE_DESCRIPTION (( 'STEP AP214' ),
    '1' );
FILE_NAME ('37B46FC3-042B-47E1-B059-DBFABE30CBEC.STEP',
    '2025-04-06T11:57:45',
    ( '' ),
    ( '' ),
    'SwSTEP 2.0',
    'SolidWorks 2022',
    '' );
FILE_SCHEMA (( 'AUTOMOTIVE_DESIGN' ));
ENDSEC;

DATA;
#1 = LINE ( 'NONE', #1091, #2486 ) ;
#2 = CARTESIAN_POINT ( 'NONE',  ( 1.116535948949618051, 1.998999999999999888, -0.3249521261700165087 ) ) ;
#3 = CARTESIAN_POINT ( 'NONE',  ( 1.592944016905269988, 1.998999999999999888, 0.02629964899645120119 ) ) ;
#4 = CARTESIAN_POINT ( 'NONE',  ( 1.844598523588410144, 1.998999999999999888, 0.7234665980819070530 ) ) ;
#5 = CARTESIAN_POINT ( 'NONE',  ( 1.194811448530127995, 2.000000000000000000, 0.3858627855998310041 ) ) ;
#6 = CARTESIAN_POINT ( 'NONE',  ( 1.393092125782104063, 2.000000000000000000, -0.8107497097017279941 ) ) ;
#7 = VERTEX_POINT ( 'NONE', #2115 ) ;
#8 = FACE_OUTER_BOUND ( 'NONE', #776, .T. ) ;
#9 = EDGE_LOOP ( 'NONE', ( #993, #1747, #1681, #1821 ) ) ;
#10 = CARTESIAN_POINT ( 'NONE',  ( 0.4579918929540660044, 2.000000000000000000, -0.6426426023145810351 ) ) ;
#11 = CARTESIAN_POINT ( 'NONE',  ( -0.3656959684632565266, 2.000000000000000000, -0.3464669802673329690 ) ) ;
#12 = DIRECTION ( 'NONE',  ( 0.0000000000000000000, 1.000000000000000000, 0.0000000000000000000 ) ) ;
#13 = EDGE_CURVE ( 'NONE', #2237, #1477, #2725, .T. ) ;
#14 = FACE_OUTER_BOUND ( 'NONE', #1605, .T. ) ;
#15 = DIRECTION ( 'NONE',  ( 0.0000000000000000000, 0.0000000000000000000, -1.000000000000000000 ) ) ;
#16 = DIRECTION ( 'NONE',  ( 1.000000000000000000, 0.0000000000000000000, 0.0000000000000000000 ) ) ;
#17 = CARTESIAN_POINT ( 'NONE',  ( 1.288135590727311985, 1.998999999999999888, -0.2112954075424554601 ) ) ;
#18 = CARTESIAN_POINT ( 'NONE',  ( 1.672122341919930033, 1.998999999999999888, 0.7001969174374509386 ) ) ;
#19 = B_SPLINE_CURVE_WITH_KNOTS ( 'NONE', 3,
 ( #1534, #632, #468, #2400, #1688, #484, #1521, #1930, #17, #1720, #880, #2369, #1504, #1076, #235 ),
 .UNSPECIFIED., .F., .F.,
 ( 4, 1, 1, 1, 1, 1, 1, 1, 1, 1, 1, 1, 4 ),
 ( 0.0000000000000000000, 0.05027287497458349935, 0.1027903700748776100, 0.1576131012369289819, 0.2146311133156754980, 0.2740612127265389941, 0.3356974550538849855, 0.4000702787165529850, 0.4668267493853399674, 0.6020780869193700369, 0.7357515335047489780, 0.8682046170340289581, 1.000000000000000000 ),
 .UNSPECIFIED. ) ;
#20 = CARTESIAN_POINT ( 'NONE',  ( -0.2398425385419974964, 2.000000000000000000, -0.2033203975901710092 ) ) ;
#21 = UNCERTAINTY_MEASURE_WITH_UNIT (LENGTH_MEASURE( 1.000000000000000082E-05 ), #962, 'distance_accuracy_value', 'NONE');
#22 = FACE_OUTER_BOUND ( 'NONE', #1751, .T. ) ;
#23 = DIRECTION ( 'NONE',  ( -1.000000000000000000, 0.0000000000000000000, 0.0000000000000000000 ) ) ;
#24 = VERTEX_POINT ( 'NONE', #1658 ) ;
#25 = CARTESIAN_POINT ( 'NONE',  ( -0.2006956283057725055, 1.998999999999999888, 0.6263175740633749600 ) ) ;
#26 = VECTOR ( 'NONE', #1235, 1000.000000000000000 ) ;
#27 = ORIENTED_EDGE ( 'NONE', *, *, #317, .T. ) ;
#28 =( NAMED_UNIT ( * ) SI_UNIT ( $, .STERADIAN. ) SOLID_ANGLE_UNIT ( ) );
#29 = AXIS2_PLACEMENT_3D ( 'NONE', #1982, #529, #2247 ) ;
#30 = CARTESIAN_POINT ( 'NONE',  ( 1.466705123443035941, 1.998999999999999888, -0.6711678999691339520 ) ) ;
#31 = DIRECTION ( 'NONE',  ( 0.0000000000000000000, 0.0000000000000000000, 1.000000000000000000 ) ) ;
#32 = PRESENTATION_LAYER_ASSIGNMENT (  '', '', ( #1769 ) ) ;
#33 = CARTESIAN_POINT ( 'NONE',  ( 1.114470318460206055, 2.000000000000000000, -0.2355077608924520116 ) ) ;
#34 = EDGE_CURVE ( 'NONE', #961, #24, #1026, .T. ) ;
#35 = CARTESIAN_POINT ( 'NONE',  ( 1.005495959485847912, 2.000000000000000000, 0.2003896750049840025 ) ) ;
#36 = CARTESIAN_POINT ( 'NONE',  ( 1.224256708570093943, 2.000000000000000000, -0.2491352656121985087 ) ) ;
#37 =( GEOMETRIC_REPRESENTATION_CONTEXT ( 3 ) GLOBAL_UNCERTAINTY_ASSIGNED_CONTEXT ( ( #2478 ) ) GLOBAL_UNIT_ASSIGNED_CONTEXT ( ( #2748, #1715, #892 ) ) REPRESENTATION_CONTEXT ( 'NONE', 'WORKASPACE' ) );
#38 = CARTESIAN_POINT ( 'NONE',  ( 1.667981684308880164, 2.000000000000000000, -0.7165629530707999795 ) ) ;
#39 = EDGE_CURVE ( 'NONE', #108, #534, #1264, .T. ) ;
#40 = CARTESIAN_POINT ( 'NONE',  ( 1.242388969312481883, 1.998999999999999888, 0.5168904482041000170 ) ) ;
#41 = LINE ( 'NONE', #1298, #1419 ) ;
#42 =( GEOMETRIC_REPRESENTATION_CONTEXT ( 3 ) GLOBAL_UNCERTAINTY_ASSIGNED_CONTEXT ( ( #2136 ) ) GLOBAL_UNIT_ASSIGNED_CONTEXT ( ( #1590, #525, #2640 ) ) REPRESENTATION_CONTEXT ( 'NONE', 'WORKASPACE' ) );
#43 = CARTESIAN_POINT ( 'NONE',  ( 0.5189398236627310590, 2.000000000000000000, -0.0007644290862337010158 ) ) ;
#44 =( GEOMETRIC_REPRESENTATION_CONTEXT ( 3 ) GLOBAL_UNCERTAINTY_ASSIGNED_CONTEXT ( ( #1640 ) ) GLOBAL_UNIT_ASSIGNED_CONTEXT ( ( #859, #2319, #28 ) ) REPRESENTATION_CONTEXT ( 'NONE', 'WORKASPACE' ) );
#45 = PLANE ( 'NONE',  #2171 ) ;
#46 = LINE ( 'NONE', #1746, #1774 ) ;
#47 = VERTEX_POINT ( 'NONE', #820 ) ;
#48 = DIRECTION ( 'NONE',  ( -8.673617379884035472E-16, 0.0000000000000000000, 1.000000000000000000 ) ) ;
#49 = CARTESIAN_POINT ( 'NONE',  ( -1.604999999999999982, -0.1000000000000000056, -1.625000000000000000 ) ) ;
#50 = DIRECTION ( 'NONE',  ( 0.0000000000000000000, 0.0000000000000000000, 1.000000000000000000 ) ) ;
#51 = DIRECTION ( 'NONE',  ( 0.6128916609699371909, 0.0000000000000000000, -0.7901669519244092221 ) ) ;
#52 = CARTESIAN_POINT ( 'NONE',  ( 1.116535948949618051, 2.000000000000000000, -0.3249521261700165087 ) ) ;
#53 = EDGE_CURVE ( 'NONE', #1850, #2679, #621, .T. ) ;
#54 = LINE ( 'NONE', #915, #600 ) ;
#55 = CARTESIAN_POINT ( 'NONE',  ( -0.4139159369671944755, 1.998999999999999888, -0.5634545456216669690 ) ) ;
#56 = SURFACE_SIDE_STYLE ('',( #1741 ) ) ;
#57 = ADVANCED_FACE ( 'NONE', ( #2695 ), #798, .T. ) ;
#58 = CARTESIAN_POINT ( 'NONE',  ( 1.763933828761194977, 2.000000000000000000, -0.5905674082819709625 ) ) ;
#59 = LINE ( 'NONE', #1709, #84 ) ;
#60 = CARTESIAN_POINT ( 'NONE',  ( 1.844598523588410144, 1.998999999999999888, -0.03935391473860560402 ) ) ;
#61 = ORIENTED_EDGE ( 'NONE', *, *, #2758, .T. ) ;
#62 = PLANE ( 'NONE',  #2582 ) ;
#63 = CARTESIAN_POINT ( 'NONE',  ( 1.836137204112395116, 1.998999999999999888, -0.5844870910618580329 ) ) ;
#64 = DIRECTION ( 'NONE',  ( 1.571516921614964882E-12, -1.000000000000000000, -1.905380692786254920E-12 ) ) ;
#65 = LINE ( 'NONE', #2606, #2313 ) ;
#66 = CARTESIAN_POINT ( 'NONE',  ( 1.166976922377209958, 1.998999999999999888, -0.2868539256859679587 ) ) ;
#67 = CARTESIAN_POINT ( 'NONE',  ( 1.899999999999999911, 2.000000000000000000, -2.149999999999999911 ) ) ;
#68 = LINE ( 'NONE', #929, #2625 ) ;
#69 = B_SPLINE_SURFACE_WITH_KNOTS ( 'NONE', 3, 1, ( 
 ( #151, #1698 ),
 ( #214, #1045 ),
 ( #1072, #462 ),
 ( #2541, #2568 ) ),
 .UNSPECIFIED., .F., .F., .F.,
 ( 4, 4 ),
 ( 2, 2 ),
 ( 0.1818181818181820175, 0.2727272727272725406 ),
 ( 0.0000000000000000000, 1.000000000000000000 ),
 .UNSPECIFIED. ) ;
#70 = CARTESIAN_POINT ( 'NONE',  ( 1.187387142859996025, 2.000000000000000000, -0.8291111210405519572 ) ) ;
#71 = CARTESIAN_POINT ( 'NONE',  ( -0.6553023936601070076, 2.000000000000000000, -0.2231953708185159813 ) ) ;
#72 = EDGE_CURVE ( 'NONE', #1850, #1276, #1212, .T. ) ;
#73 = CARTESIAN_POINT ( 'NONE',  ( 2.149999999999999911, 2.000000000000000000, -1.899999999999999911 ) ) ;
#74 = VERTEX_POINT ( 'NONE', #2557 ) ;
#75 = CARTESIAN_POINT ( 'NONE',  ( 1.101198395776622041, 2.000000000000000000, 0.3157785649861569732 ) ) ;
#76 = FILL_AREA_STYLE ('',( #1134 ) ) ;
#77 = CARTESIAN_POINT ( 'NONE',  ( 1.114470318460206055, 1.998999999999999888, 0.4183383929537020096 ) ) ;
#78 = VECTOR ( 'NONE', #192, 1000.000000000000000 ) ;
#79 = VERTEX_POINT ( 'NONE', #899 ) ;
#80 = CARTESIAN_POINT ( 'NONE',  ( 1.005495959485847912, 2.000000000000000000, 0.8542358288511379127 ) ) ;
#81 = STYLED_ITEM ( 'NONE', ( #2435 ), #981 ) ;
#82 = ORIENTED_EDGE ( 'NONE', *, *, #2085, .F. ) ;
#83 =( LENGTH_UNIT ( ) NAMED_UNIT ( * ) SI_UNIT ( .MILLI., .METRE. ) );
#84 = VECTOR ( 'NONE', #1757, 1000.000000000000000 ) ;
#85 = DIRECTION ( 'NONE',  ( 0.0000000000000000000, 1.000000000000000000, 0.0000000000000000000 ) ) ;
#86 = B_SPLINE_CURVE_WITH_KNOTS ( 'NONE', 3,
 ( #1294, #1035, #630, #1735, #2334, #174, #399 ),
 .UNSPECIFIED., .F., .F.,
 ( 4, 1, 1, 1, 4 ),
 ( 0.0000000000000000000, 0.2372165186042104745, 0.4825864912431360176, 0.7368469271779309882, 1.000000000000000000 ),
 .UNSPECIFIED. ) ;
#87 = CARTESIAN_POINT ( 'NONE',  ( 1.334136272213519936, 2.000000000000000000, -0.1864252218210444845 ) ) ;
#88 = ADVANCED_FACE ( 'NONE', ( #927 ), #217, .T. ) ;
#89 = AXIS2_PLACEMENT_3D ( 'NONE', #2249, #1616, #543 ) ;
#90 = ORIENTED_EDGE ( 'NONE', *, *, #1034, .F. ) ;
#91 = APPLICATION_PROTOCOL_DEFINITION ( 'draft international standard', 'automotive_design', 1998, #434 ) ;
#92 = EDGE_CURVE ( 'NONE', #1413, #2315, #1533, .T. ) ;
#93 = SURFACE_SIDE_STYLE ('',( #1150 ) ) ;
#94 = VERTEX_POINT ( 'NONE', #2382 ) ;
#95 = CARTESIAN_POINT ( 'NONE',  ( 1.791999731630300019, 1.998999999999999888, -0.5874015443926040581 ) ) ;
#96 = ORIENTED_EDGE ( 'NONE', *, *, #1396, .F. ) ;
#97 = CARTESIAN_POINT ( 'NONE',  ( -2.149999999999999911, 2.000000000000000000, -2.149999999999999911 ) ) ;
#98 = CARTESIAN_POINT ( 'NONE',  ( 1.114470318460206055, 1.998999999999999888, 0.4183383929537020096 ) ) ;
#99 = ORIENTED_EDGE ( 'NONE', *, *, #743, .T. ) ;
#100 = DIRECTION ( 'NONE',  ( 0.0000000000000000000, 1.000000000000000000, 0.0000000000000000000 ) ) ;
#101 = ORIENTED_EDGE ( 'NONE', *, *, #2185, .T. ) ;
#102 = CARTESIAN_POINT ( 'NONE',  ( 1.302507916529030085, 1.998999999999999888, -0.7535823304213470353 ) ) ;
#103 = ADVANCED_FACE ( 'NONE', ( #713 ), #433, .T. ) ;
#104 = DIRECTION ( 'NONE',  ( -1.000000000000000000, 0.0000000000000000000, 7.042071574656160948E-15 ) ) ;
#105 = ORIENTED_EDGE ( 'NONE', *, *, #2297, .F. ) ;
#106 = CARTESIAN_POINT ( 'NONE',  ( -0.5619670613766419853, 2.000000000000000000, -0.5345340290862310439 ) ) ;
#107 = CARTESIAN_POINT ( 'NONE',  ( -0.4139159369671944755, 2.000000000000000000, -0.5634545456216669690 ) ) ;
#108 = VERTEX_POINT ( 'NONE', #1062 ) ;
#109 = SURFACE_STYLE_FILL_AREA ( #2287 ) ;
#110 = VERTEX_POINT ( 'NONE', #448 ) ;
#111 = CARTESIAN_POINT ( 'NONE',  ( -1.647270752819369966, 2.000000000000000000, 1.500000000000000000 ) ) ;
#112 = STYLED_ITEM ( 'NONE', ( #1149 ), #453 ) ;
#113 = EDGE_CURVE ( 'NONE', #2691, #2563, #693, .T. ) ;
#114 = VERTEX_POINT ( 'NONE', #466 ) ;
#115 = DIRECTION ( 'NONE',  ( 0.7901669519244092221, 0.0000000000000000000, 0.6128916609699371909 ) ) ;
#116 = PRESENTATION_STYLE_ASSIGNMENT (( #324 ) ) ;
#117 = FILL_AREA_STYLE_COLOUR ( '', #1184 ) ;
#118 =( GEOMETRIC_REPRESENTATION_CONTEXT ( 3 ) GLOBAL_UNCERTAINTY_ASSIGNED_CONTEXT ( ( #2757 ) ) GLOBAL_UNIT_ASSIGNED_CONTEXT ( ( #1915, #1900, #2735 ) ) REPRESENTATION_CONTEXT ( 'NONE', 'WORKASPACE' ) );
#119 = ORIENTED_EDGE ( 'NONE', *, *, #1737, .F. ) ;
#120 = VECTOR ( 'NONE', #385, 1000.000000000000000 ) ;
#121 = ORIENTED_EDGE ( 'NONE', *, *, #1034, .T. ) ;
#122 = CARTESIAN_POINT ( 'NONE',  ( 1.824088457804144969, 1.998999999999999888, 0.6128753882013149301 ) ) ;
#123 = CARTESIAN_POINT ( 'NONE',  ( -2.149999999999999911, 2.000000000000000000, -2.149999999999999911 ) ) ;
#124 = CARTESIAN_POINT ( 'NONE',  ( 1.613538828075590015, 1.998999999999999888, -0.7308302769180929914 ) ) ;
#125 = EDGE_LOOP ( 'NONE', ( #2123, #2759, #1695, #2239 ) ) ;
#126 = EDGE_CURVE ( 'NONE', #725, #1628, #1895, .T. ) ;
#127 = LINE ( 'NONE', #1588, #2072 ) ;
#128 = CARTESIAN_POINT ( 'NONE',  ( 1.114470318460206055, 1.998999999999999888, -0.4534564788411700187 ) ) ;
#129 = EDGE_CURVE ( 'NONE', #1543, #1529, #2285, .T. ) ;
#130 = FILL_AREA_STYLE ('',( #565 ) ) ;
#131 = UNCERTAINTY_MEASURE_WITH_UNIT (LENGTH_MEASURE( 1.000000000000000082E-05 ), #308, 'distance_accuracy_value', 'NONE');
#132 = ORIENTED_EDGE ( 'NONE', *, *, #304, .F. ) ;
#133 = ORIENTED_EDGE ( 'NONE', *, *, #2270, .F. ) ;
#134 = CARTESIAN_POINT ( 'NONE',  ( 1.339704879030627849, 1.998999999999999888, -0.1839188261056370066 ) ) ;
#135 = CARTESIAN_POINT ( 'NONE',  ( -1.647270752819369966, 2.000000000000000000, -1.500000000000000000 ) ) ;
#136 = DIRECTION ( 'NONE',  ( 0.0000000000000000000, -1.000000000000000000, 0.0000000000000000000 ) ) ;
#137 = B_SPLINE_CURVE_WITH_KNOTS ( 'NONE', 3,
 ( #2267, #138, #1634, #1844, #2035, #770, #2459, #797, #2489, #2071, #573, #1875, #1432, #2279, #124 ),
 .UNSPECIFIED., .F., .F.,
 ( 4, 1, 1, 1, 1, 1, 1, 1, 1, 1, 1, 1, 4 ),
 ( 0.0000000000000000000, 0.05027287497458370058, 0.1027903700748776100, 0.1576131012369289819, 0.2146311133156754980, 0.2740612127265389941, 0.3356974550538849855, 0.4000702787165529850, 0.4668267493853399674, 0.6020780869193700369, 0.7357515335047489780, 0.8682046170340289581, 1.000000000000000000 ),
 .UNSPECIFIED. ) ;
#138 = CARTESIAN_POINT ( 'NONE',  ( 1.101198395776622041, 1.998999999999999888, -0.9919137427061499590 ) ) ;
#139 = ORIENTED_EDGE ( 'NONE', *, *, #878, .F. ) ;
#140 = CARTESIAN_POINT ( 'NONE',  ( -0.1005526361797927926, 1.998999999999999888, -0.3828990810547365231 ) ) ;
#141 = DIRECTION ( 'NONE',  ( 0.0000000000000000000, 1.000000000000000000, 0.0000000000000000000 ) ) ;
#142 = EDGE_CURVE ( 'NONE', #2286, #1197, #145, .T. ) ;
#143 = EDGE_LOOP ( 'NONE', ( #262, #2652, #184, #1924 ) ) ;
#144 = CARTESIAN_POINT ( 'NONE',  ( 1.836137204112395116, 2.000000000000000000, 0.06935906278429600225 ) ) ;
#145 = B_SPLINE_CURVE_WITH_KNOTS ( 'NONE', 3,
 ( #1973, #2416, #497, #2188 ),
 .UNSPECIFIED., .F., .F.,
 ( 4, 4 ),
 ( 0.2727272727272725406, 0.3636363636363635354 ),
 .UNSPECIFIED. ) ;
#146 = ORIENTED_EDGE ( 'NONE', *, *, #739, .F. ) ;
#147 = CARTESIAN_POINT ( 'NONE',  ( 1.844598523588410144, 1.998999999999999888, 0.6144922391075480217 ) ) ;
#148 = FILL_AREA_STYLE_COLOUR ( '', #1988 ) ;
#149 = CARTESIAN_POINT ( 'NONE',  ( 1.005495959485847912, 1.998999999999999888, -0.9983282737129649531 ) ) ;
#150 = CARTESIAN_POINT ( 'NONE',  ( 1.613538828075590015, 1.998999999999999888, -0.07698412307193899795 ) ) ;
#151 = CARTESIAN_POINT ( 'NONE',  ( -0.8685181164947519683, 1.998999999999999888, -0.2812083723933140322 ) ) ;
#152 = DIRECTION ( 'NONE',  ( -1.000000000000000000, 0.0000000000000000000, 0.0000000000000000000 ) ) ;
#153 = FACE_OUTER_BOUND ( 'NONE', #2688, .T. ) ;
#154 = ORIENTED_EDGE ( 'NONE', *, *, #2599, .F. ) ;
#155 = SURFACE_STYLE_USAGE ( .BOTH. , #1449 ) ;
#156 = ADVANCED_FACE ( 'NONE', ( #1520 ), #236, .T. ) ;
#157 = VECTOR ( 'NONE', #1202, 1000.000000000000000 ) ;
#158 = ORIENTED_EDGE ( 'NONE', *, *, #2615, .T. ) ;
#159 = CARTESIAN_POINT ( 'NONE',  ( 1.114470318460206055, 1.998999999999999888, -0.8893539147386060328 ) ) ;
#160 = DIRECTION ( 'NONE',  ( -1.000000000000000000, 0.0000000000000000000, 0.0000000000000000000 ) ) ;
#161 = VECTOR ( 'NONE', #2686, 1000.000000000000000 ) ;
#162 = ADVANCED_FACE ( 'NONE', ( #1896 ), #2500, .F. ) ;
#163 = VECTOR ( 'NONE', #1645, 1000.000000000000000 ) ;
#164 = VERTEX_POINT ( 'NONE', #1023 ) ;
#165 = CARTESIAN_POINT ( 'NONE',  ( 1.613538828075590015, 1.998999999999999888, -0.7308302769180929914 ) ) ;
#166 = CARTESIAN_POINT ( 'NONE',  ( 1.334136272213519936, 1.998999999999999888, 0.4674209320251089816 ) ) ;
#167 = EDGE_LOOP ( 'NONE', ( #771, #105, #955, #2015 ) ) ;
#168 = CARTESIAN_POINT ( 'NONE',  ( 1.161962249413595938, 2.000000000000000000, -0.1950754428813240016 ) ) ;
#169 = VERTEX_POINT ( 'NONE', #1871 ) ;
#170 = FACE_OUTER_BOUND ( 'NONE', #755, .T. ) ;
#171 = CARTESIAN_POINT ( 'NONE',  ( -0.6553023936601070076, 1.998999999999999888, -0.2231953708185159813 ) ) ;
#172 = CARTESIAN_POINT ( 'NONE',  ( 1.638943977746429859, 1.998999999999999888, 0.03826193460591545414 ) ) ;
#173 = ADVANCED_FACE ( 'NONE', ( #2055 ), #2069, .T. ) ;
#174 = CARTESIAN_POINT ( 'NONE',  ( 1.824088457804144969, 2.000000000000000000, 0.6128753882013149301 ) ) ;
#175 = CARTESIAN_POINT ( 'NONE',  ( 1.631480882556955114, 1.998999999999999888, -0.07228221873623559557 ) ) ;
#176 = CARTESIAN_POINT ( 'NONE',  ( -0.2398425385419974964, 2.000000000000000000, -0.2033203975901710092 ) ) ;
#177 = CARTESIAN_POINT ( 'NONE',  ( 1.140965832094679833, 1.998999999999999888, 0.3478950636616024994 ) ) ;
#178 = UNCERTAINTY_MEASURE_WITH_UNIT (LENGTH_MEASURE( 1.000000000000000082E-05 ), #2284, 'distance_accuracy_value', 'NONE');
#179 = DIRECTION ( 'NONE',  ( 0.0000000000000000000, 0.0000000000000000000, -1.000000000000000000 ) ) ;
#180 = EDGE_LOOP ( 'NONE', ( #1218, #1971, #1042, #791 ) ) ;
#181 = CARTESIAN_POINT ( 'NONE',  ( 1.791999731630300019, 2.000000000000000000, 0.06644460945355019910 ) ) ;
#182 = VERTEX_POINT ( 'NONE', #1856 ) ;
#183 = LINE ( 'NONE', #397, #292 ) ;
#184 = ORIENTED_EDGE ( 'NONE', *, *, #1383, .T. ) ;
#185 = EDGE_CURVE ( 'NONE', #1197, #1579, #449, .T. ) ;
#186 = CARTESIAN_POINT ( 'NONE',  ( 1.592944016905269988, 1.998999999999999888, 0.6801458028426049518 ) ) ;
#187 = CARTESIAN_POINT ( 'NONE',  ( 1.224256708570093943, 2.000000000000000000, 0.4047108882339554570 ) ) ;
#188 = EDGE_CURVE ( 'NONE', #1180, #1761, #2721, .T. ) ;
#189 =( GEOMETRIC_REPRESENTATION_CONTEXT ( 3 ) GLOBAL_UNCERTAINTY_ASSIGNED_CONTEXT ( ( #1476 ) ) GLOBAL_UNIT_ASSIGNED_CONTEXT ( ( #1408, #1465, #828 ) ) REPRESENTATION_CONTEXT ( 'NONE', 'WORKASPACE' ) );
#190 = LINE ( 'NONE', #604, #479 ) ;
#191 = ORIENTED_EDGE ( 'NONE', *, *, #1523, .F. ) ;
#192 = DIRECTION ( 'NONE',  ( 0.0000000000000000000, 1.000000000000000000, 0.0000000000000000000 ) ) ;
#193 = VECTOR ( 'NONE', #876, 1000.000000000000000 ) ;
#194 = AXIS2_PLACEMENT_3D ( 'NONE', #1115, #1335, #2597 ) ;
#195 = VERTEX_POINT ( 'NONE', #1683 ) ;
#196 = FILL_AREA_STYLE_COLOUR ( '', #763 ) ;
#197 = CARTESIAN_POINT ( 'NONE',  ( 1.844598523588410144, 1.998999999999999888, -0.5842257096104011005 ) ) ;
#198 = CARTESIAN_POINT ( 'NONE',  ( 1.604999999999999982, -0.1000000000000000056, -1.625000000000000000 ) ) ;
#199 = VECTOR ( 'NONE', #1569, 1000.000000000000000 ) ;
#200 = CARTESIAN_POINT ( 'NONE',  ( 1.844598523588410144, 1.998999999999999888, 0.6144922391075480217 ) ) ;
#201 = EDGE_LOOP ( 'NONE', ( #1195, #1384, #542, #1201 ) ) ;
#202 = MECHANICAL_DESIGN_GEOMETRIC_PRESENTATION_REPRESENTATION (  '', ( #1154 ), #1564 ) ;
#203 = CARTESIAN_POINT ( 'NONE',  ( 1.844598523588410144, 1.998999999999999888, -0.03935391473860560402 ) ) ;
#204 = CARTESIAN_POINT ( 'NONE',  ( 1.783761415491974978, 2.000000000000000000, -0.6979959836438809351 ) ) ;
#205 = CARTESIAN_POINT ( 'NONE',  ( -0.7850000000000000311, -0.1000000000000000056, -1.625000000000000000 ) ) ;
#206 = DIRECTION ( 'NONE',  ( 0.0000000000000000000, 1.000000000000000000, 0.0000000000000000000 ) ) ;
#207 = UNCERTAINTY_MEASURE_WITH_UNIT (LENGTH_MEASURE( 1.000000000000000082E-05 ), #1831, 'distance_accuracy_value', 'NONE');
#208 = CARTESIAN_POINT ( 'NONE',  ( -2.149999999999999911, 2.000000000000000000, -2.149999999999999911 ) ) ;
#209 = EDGE_CURVE ( 'NONE', #1239, #489, #1199, .T. ) ;
#210 = ORIENTED_EDGE ( 'NONE', *, *, #1679, .T. ) ;
#211 =( NAMED_UNIT ( * ) SI_UNIT ( $, .STERADIAN. ) SOLID_ANGLE_UNIT ( ) );
#212 = ORIENTED_EDGE ( 'NONE', *, *, #603, .T. ) ;
#213 = DIRECTION ( 'NONE',  ( 1.000000000000000000, 0.0000000000000000000, -2.644395542647570287E-16 ) ) ;
#214 = CARTESIAN_POINT ( 'NONE',  ( -0.9842666771246730839, 1.998999999999999888, 0.1211016244570785882 ) ) ;
#215 = CARTESIAN_POINT ( 'NONE',  ( -0.5619670613766419853, 2.000000000000000000, -0.5345340290862310439 ) ) ;
#216 = CARTESIAN_POINT ( 'NONE',  ( -1.604999999999999982, -0.1000000000000000056, 1.625000000000000000 ) ) ;
#217 = PLANE ( 'NONE',  #933 ) ;
#218 = CARTESIAN_POINT ( 'NONE',  ( 1.093697081280719852, 1.998999999999999888, 0.3093640339793430338 ) ) ;
#219 = CARTESIAN_POINT ( 'NONE',  ( 1.704041081140209801, 1.998999999999999888, 0.7069697201832541023 ) ) ;
#220 = CARTESIAN_POINT ( 'NONE',  ( 1.114470318460206055, 2.000000000000000000, 0.2003896750049840025 ) ) ;
#221 = CARTESIAN_POINT ( 'NONE',  ( 1.613538828075590015, 2.000000000000000000, -0.07698412307193899795 ) ) ;
#222 = CARTESIAN_POINT ( 'NONE',  ( 1.224256708570093943, 2.000000000000000000, -0.9029814194583519749 ) ) ;
#223 = ORIENTED_EDGE ( 'NONE', *, *, #437, .T. ) ;
#224 = CARTESIAN_POINT ( 'NONE',  ( 0.7850000000000000311, -0.1000000000000000056, 1.625000000000000000 ) ) ;
#225 = EDGE_CURVE ( 'NONE', #508, #2552, #2277, .T. ) ;
#226 = ORIENTED_EDGE ( 'NONE', *, *, #333, .T. ) ;
#227 = SURFACE_STYLE_USAGE ( .BOTH. , #1057 ) ;
#228 = CARTESIAN_POINT ( 'NONE',  ( -0.2033966802742775137, 2.000000000000000000, 0.3783458701263675006 ) ) ;
#229 = CARTESIAN_POINT ( 'NONE',  ( 1.704041081140209801, 1.998999999999999888, 0.7069697201832541023 ) ) ;
#230 = EDGE_CURVE ( 'NONE', #335, #354, #356, .T. ) ;
#231 = CARTESIAN_POINT ( 'NONE',  ( -0.8685181164947519683, 1.998999999999999888, -0.2812083723933140322 ) ) ;
#232 = EDGE_LOOP ( 'NONE', ( #2161, #593, #1625, #1786 ) ) ;
#233 = LINE ( 'NONE', #2529, #2121 ) ;
#234 = CARTESIAN_POINT ( 'NONE',  ( 1.101198395776622041, 2.000000000000000000, -0.3380675888599964374 ) ) ;
#235 = CARTESIAN_POINT ( 'NONE',  ( 1.613538828075590015, 1.998999999999999888, -0.07698412307193899795 ) ) ;
#236 = B_SPLINE_SURFACE_WITH_KNOTS ( 'NONE', 3, 1, ( 
 ( #1346, #1333 ),
 ( #1916, #234 ),
 ( #2, #52 ),
 ( #1110, #2202 ),
 ( #66, #1736 ),
 ( #1092, #1942 ),
 ( #2593, #36 ),
 ( #252, #1960 ),
 ( #879, #914 ),
 ( #1075, #864 ),
 ( #1501, #1703 ),
 ( #678, #2607 ),
 ( #2132, #2399 ),
 ( #481, #1829 ),
 ( #780, #1617 ) ),
 .UNSPECIFIED., .F., .F., .F.,
 ( 4, 1, 1, 1, 1, 1, 1, 1, 1, 1, 1, 1, 4 ),
 ( 2, 2 ),
 ( 0.0000000000000000000, 0.05027287497458349935, 0.1027903700748776100, 0.1576131012369289819, 0.2146311133156754980, 0.2740612127265389941, 0.3356974550538849855, 0.4000702787165529850, 0.4668267493853399674, 0.6020780869193700369, 0.7357515335047489780, 0.8682046170340289581, 1.000000000000000000 ),
 ( 0.0000000000000000000, 1.000000000000000000 ),
 .UNSPECIFIED. ) ;
#237 = CARTESIAN_POINT ( 'NONE',  ( 1.399473708798350202, 2.000000000000000000, 0.6066957932438359347 ) ) ;
#238 = CARTESIAN_POINT ( 'NONE',  ( 1.271732682161234029, 2.000000000000000000, -0.7718980254628631243 ) ) ;
#239 = CARTESIAN_POINT ( 'NONE',  ( 1.588695564061294752, 2.000000000000000000, -0.7380808659891551216 ) ) ;
#240 = ORIENTED_EDGE ( 'NONE', *, *, #1113, .F. ) ;
#241 = DIRECTION ( 'NONE',  ( -1.000000000000000000, 0.0000000000000000000, 0.0000000000000000000 ) ) ;
#242 = DIRECTION ( 'NONE',  ( 0.0000000000000000000, 1.000000000000000000, 0.0000000000000000000 ) ) ;
#243 = COLOUR_RGB ( '',0.8274509803921568096, 0.8392156862745098200, 0.8274509803921568096 ) ;
#244 = ORIENTED_EDGE ( 'NONE', *, *, #1563, .F. ) ;
#245 =( LENGTH_UNIT ( ) NAMED_UNIT ( * ) SI_UNIT ( .MILLI., .METRE. ) );
#246 = ADVANCED_FACE ( 'NONE', ( #2708 ), #1646, .F. ) ;
#247 = CARTESIAN_POINT ( 'NONE',  ( 1.302507916529030085, 1.998999999999999888, -0.7535823304213470353 ) ) ;
#248 = SURFACE_STYLE_FILL_AREA ( #2281 ) ;
#249 = AXIS2_PLACEMENT_3D ( 'NONE', #1492, #590, #1446 ) ;
#250 = CARTESIAN_POINT ( 'NONE',  ( 1.734634102153719715, 2.000000000000000000, -0.5950389204435350132 ) ) ;
#251 = EDGE_CURVE ( 'NONE', #1914, #921, #1221, .T. ) ;
#252 = CARTESIAN_POINT ( 'NONE',  ( 1.255322057264014024, 1.998999999999999888, -0.2301529098955654717 ) ) ;
#253 = PRESENTATION_LAYER_ASSIGNMENT (  '', '', ( #1458 ) ) ;
#254 = CARTESIAN_POINT ( 'NONE',  ( 0.7498407874422580166, 1.998999999999999888, 0.4297644528035304834 ) ) ;
#255 = CARTESIAN_POINT ( 'NONE',  ( 0.5211272630328078748, 1.998999999999999888, -0.1590465330232414820 ) ) ;
#256 = FILL_AREA_STYLE ('',( #882 ) ) ;
#257 = CIRCLE ( 'NONE', #2578, 0.2500000000000000000 ) ;
#258 = CARTESIAN_POINT ( 'NONE',  ( 1.791999731630300019, 2.000000000000000000, -0.5874015443926040581 ) ) ;
#259 = CARTESIAN_POINT ( 'NONE',  ( 1.194811448530129994, 2.000000000000000000, -0.9218295220924770383 ) ) ;
#260 = VECTOR ( 'NONE', #1277, 1000.000000000000000 ) ;
#261 = CARTESIAN_POINT ( 'NONE',  ( 1.824088457804144969, 1.998999999999999888, -0.04097076564483899397 ) ) ;
#262 = ORIENTED_EDGE ( 'NONE', *, *, #2428, .F. ) ;
#263 = CARTESIAN_POINT ( 'NONE',  ( 0.4579918929540660044, 1.998999999999999888, -0.6426426023145810351 ) ) ;
#264 = LINE ( 'NONE', #1328, #1409 ) ;
#265 = CARTESIAN_POINT ( 'NONE',  ( 1.344862199222081722, 1.998999999999999888, 0.5784893323248140318 ) ) ;
#266 = ORIENTED_EDGE ( 'NONE', *, *, #810, .F. ) ;
#267 = DIRECTION ( 'NONE',  ( 0.0000000000000000000, 0.0000000000000000000, 1.000000000000000000 ) ) ;
#268 = DIRECTION ( 'NONE',  ( 0.0000000000000000000, 1.000000000000000000, 0.0000000000000000000 ) ) ;
#269 = CARTESIAN_POINT ( 'NONE',  ( 1.844598523588410144, 1.998999999999999888, 0.06962044423575329544 ) ) ;
#270 = DIRECTION ( 'NONE',  ( -0.0000000000000000000, 1.000000000000000000, 0.0000000000000000000 ) ) ;
#271 = CARTESIAN_POINT ( 'NONE',  ( 1.399473708798350202, 2.000000000000000000, -0.7009965144484709976 ) ) ;
#272 = DIRECTION ( 'NONE',  ( -1.000000000000000000, 0.0000000000000000000, 1.008560160451631851E-16 ) ) ;
#273 = CARTESIAN_POINT ( 'NONE',  ( 1.604999999999999982, -0.1000000000000000056, 1.625000000000000000 ) ) ;
#274 = ORIENTED_EDGE ( 'NONE', *, *, #92, .T. ) ;
#275 =( NAMED_UNIT ( * ) SI_UNIT ( $, .STERADIAN. ) SOLID_ANGLE_UNIT ( ) );
#276 = CARTESIAN_POINT ( 'NONE',  ( -1.899999999999999911, 2.000000000000000000, -1.899999999999999911 ) ) ;
#277 = CARTESIAN_POINT ( 'NONE',  ( 1.187387142859996025, 1.998999999999999888, 0.4785811866517570290 ) ) ;
#278 = ORIENTED_EDGE ( 'NONE', *, *, #2758, .F. ) ;
#279 = CARTESIAN_POINT ( 'NONE',  ( 1.535105287417090070, 2.000000000000000000, -0.6453170582157229385 ) ) ;
#280 = FACE_OUTER_BOUND ( 'NONE', #842, .T. ) ;
#281 = EDGE_CURVE ( 'NONE', #2168, #1067, #831, .T. ) ;
#282 = DIRECTION ( 'NONE',  ( 0.0000000000000000000, 1.000000000000000000, 0.0000000000000000000 ) ) ;
#283 = CARTESIAN_POINT ( 'NONE',  ( 1.114470318460206055, 1.998999999999999888, 0.2003896750049840025 ) ) ;
#284 = DIRECTION ( 'NONE',  ( 0.0000000000000000000, 0.0000000000000000000, 1.000000000000000000 ) ) ;
#285 = EDGE_CURVE ( 'NONE', #1579, #94, #612, .T. ) ;
#286 = CARTESIAN_POINT ( 'NONE',  ( -2.149999999999999911, 2.000000000000000000, 2.149999999999999911 ) ) ;
#287 = CARTESIAN_POINT ( 'NONE',  ( 0.3535955464973720153, 2.000000000000000000, -0.4543577267240319628 ) ) ;
#288 = ORIENTED_EDGE ( 'NONE', *, *, #2238, .F. ) ;
#289 = DIRECTION ( 'NONE',  ( 0.0000000000000000000, -1.000000000000000000, 0.0000000000000000000 ) ) ;
#290 = FACE_OUTER_BOUND ( 'NONE', #201, .T. ) ;
#291 = FILL_AREA_STYLE ('',( #766 ) ) ;
#292 = VECTOR ( 'NONE', #213, 1000.000000000000000 ) ;
#293 = ORIENTED_EDGE ( 'NONE', *, *, #1758, .F. ) ;
#294 = DIRECTION ( 'NONE',  ( -1.000000000000000000, 0.0000000000000000000, 0.0000000000000000000 ) ) ;
#295 = VECTOR ( 'NONE', #241, 1000.000000000000000 ) ;
#296 = CARTESIAN_POINT ( 'NONE',  ( 1.122077273403711883, 1.998999999999999888, -0.2286890006446115065 ) ) ;
#297 = CARTESIAN_POINT ( 'NONE',  ( 1.114470318460206055, 1.998999999999999888, -0.4534564788411700187 ) ) ;
#298 = ORIENTED_EDGE ( 'NONE', *, *, #1467, .F. ) ;
#299 = CARTESIAN_POINT ( 'NONE',  ( 1.613538828075590015, 1.998999999999999888, 0.5768620307742150510 ) ) ;
#300 = CARTESIAN_POINT ( 'NONE',  ( -0.6553023936601070076, 1.998999999999999888, -0.2231953708185159813 ) ) ;
#301 = VECTOR ( 'NONE', #1622, 1000.000000000000000 ) ;
#302 = FACE_OUTER_BOUND ( 'NONE', #967, .T. ) ;
#303 =( GEOMETRIC_REPRESENTATION_CONTEXT ( 3 ) GLOBAL_UNCERTAINTY_ASSIGNED_CONTEXT ( ( #1079 ) ) GLOBAL_UNIT_ASSIGNED_CONTEXT ( ( #245, #1748, #275 ) ) REPRESENTATION_CONTEXT ( 'NONE', 'WORKASPACE' ) );
#304 = EDGE_CURVE ( 'NONE', #1649, #2433, #183, .T. ) ;
#305 = ORIENTED_EDGE ( 'NONE', *, *, #1717, .F. ) ;
#306 = SURFACE_SIDE_STYLE ('',( #1326 ) ) ;
#307 =( NAMED_UNIT ( * ) SI_UNIT ( $, .STERADIAN. ) SOLID_ANGLE_UNIT ( ) );
#308 =( LENGTH_UNIT ( ) NAMED_UNIT ( * ) SI_UNIT ( .MILLI., .METRE. ) );
#309 = VERTEX_POINT ( 'NONE', #477 ) ;
#310 = CARTESIAN_POINT ( 'NONE',  ( 1.161962249413595938, 1.998999999999999888, -0.8489215967274779118 ) ) ;
#311 = FACE_OUTER_BOUND ( 'NONE', #2376, .T. ) ;
#312 = EDGE_LOOP ( 'NONE', ( #2157, #2018, #1428, #1406 ) ) ;
#313 = CARTESIAN_POINT ( 'NONE',  ( 1.005495959485847912, 1.998999999999999888, -0.4534564788411700187 ) ) ;
#314 = CARTESIAN_POINT ( 'NONE',  ( -1.899999999999999911, 2.000000000000000000, -1.899999999999999911 ) ) ;
#315 =( NAMED_UNIT ( * ) PLANE_ANGLE_UNIT ( ) SI_UNIT ( $, .RADIAN. ) );
#316 = ORIENTED_EDGE ( 'NONE', *, *, #1435, .T. ) ;
#317 = EDGE_CURVE ( 'NONE', #108, #2168, #1488, .T. ) ;
#318 = ORIENTED_EDGE ( 'NONE', *, *, #416, .T. ) ;
#319 = CARTESIAN_POINT ( 'NONE',  ( 1.613538828075590015, 2.000000000000000000, 0.5768620307742150510 ) ) ;
#320 = CARTESIAN_POINT ( 'NONE',  ( -1.604999999999999982, -0.1000000000000000056, 1.625000000000000000 ) ) ;
#321 = FACE_OUTER_BOUND ( 'NONE', #341, .T. ) ;
#322 = ORIENTED_EDGE ( 'NONE', *, *, #2646, .F. ) ;
#323 = DIRECTION ( 'NONE',  ( 0.0000000000000000000, 1.000000000000000000, 0.0000000000000000000 ) ) ;
#324 = SURFACE_STYLE_USAGE ( .BOTH. , #536 ) ;
#325 = SURFACE_STYLE_USAGE ( .BOTH. , #1425 ) ;
#326 = ORIENTED_EDGE ( 'NONE', *, *, #930, .T. ) ;
#327 = SURFACE_STYLE_FILL_AREA ( #2228 ) ;
#328 = CARTESIAN_POINT ( 'NONE',  ( -1.604999999999999982, 0.0000000000000000000, 1.625000000000000000 ) ) ;
#329 = EDGE_CURVE ( 'NONE', #1514, #182, #2396, .T. ) ;
#330 = ORIENTED_EDGE ( 'NONE', *, *, #1191, .T. ) ;
#331 = CARTESIAN_POINT ( 'NONE',  ( 1.724662807284685240, 1.998999999999999888, 0.6016005428852350123 ) ) ;
#332 = DIRECTION ( 'NONE',  ( 0.0000000000000000000, 1.000000000000000000, 0.0000000000000000000 ) ) ;
#333 = EDGE_CURVE ( 'NONE', #1543, #1907, #2145, .T. ) ;
#334 = DIRECTION ( 'NONE',  ( 0.0000000000000000000, -1.000000000000000000, 0.0000000000000000000 ) ) ;
#335 = VERTEX_POINT ( 'NONE', #2603 ) ;
#336 = CARTESIAN_POINT ( 'NONE',  ( 1.005495959485847912, 1.998999999999999888, 0.8542358288511379127 ) ) ;
#337 = VECTOR ( 'NONE', #2355, 1000.000000000000000 ) ;
#338 = DIRECTION ( 'NONE',  ( 0.0000000000000000000, 1.000000000000000000, 0.0000000000000000000 ) ) ;
#339 = VECTOR ( 'NONE', #31, 1000.000000000000000 ) ;
#340 = VECTOR ( 'NONE', #1975, 1000.000000000000000 ) ;
#341 = EDGE_LOOP ( 'NONE', ( #751, #1764, #2186, #1610 ) ) ;
#342 = ORIENTED_EDGE ( 'NONE', *, *, #2165, .F. ) ;
#343 = CARTESIAN_POINT ( 'NONE',  ( 1.638943977746429859, 2.000000000000000000, 0.6921080884520689480 ) ) ;
#344 = PRODUCT_DEFINITION_FORMATION_WITH_SPECIFIED_SOURCE ( 'ANY', '', #467, .NOT_KNOWN. ) ;
#345 = DIRECTION ( 'NONE',  ( 0.0000000000000000000, -1.000000000000000000, 0.0000000000000000000 ) ) ;
#346 = PRESENTATION_STYLE_ASSIGNMENT (( #1657 ) ) ;
#347 = CARTESIAN_POINT ( 'NONE',  ( 1.724662807284685240, 2.000000000000000000, -0.05224561096091889789 ) ) ;
#348 = ORIENTED_EDGE ( 'NONE', *, *, #1396, .T. ) ;
#349 = CARTESIAN_POINT ( 'NONE',  ( -0.8685181164947519683, 2.000000000000000000, -0.2812083723933140322 ) ) ;
#350 = EDGE_CURVE ( 'NONE', #2011, #108, #1847, .T. ) ;
#351 = CARTESIAN_POINT ( 'NONE',  ( 1.101198395776622041, 2.000000000000000000, -0.9919137427061499590 ) ) ;
#352 = EDGE_LOOP ( 'NONE', ( #1777, #582, #858, #938, #27, #1020, #2288, #1402, #1701, #2379, #464 ) ) ;
#353 = CARTESIAN_POINT ( 'NONE',  ( 1.704041081140209801, 2.000000000000000000, 0.05312356633710010184 ) ) ;
#354 = VERTEX_POINT ( 'NONE', #1714 ) ;
#355 = LINE ( 'NONE', #2240, #2531 ) ;
#356 = LINE ( 'NONE', #135, #1851 ) ;
#357 = SURFACE_STYLE_FILL_AREA ( #796 ) ;
#358 = CARTESIAN_POINT ( 'NONE',  ( -0.5619670613766419853, 1.998999999999999888, -0.5345340290862310439 ) ) ;
#359 = DIRECTION ( 'NONE',  ( 0.0000000000000000000, -1.000000000000000000, 0.0000000000000000000 ) ) ;
#360 = CARTESIAN_POINT ( 'NONE',  ( 1.288135590727311985, 2.000000000000000000, -0.8651415613886089817 ) ) ;
#361 = EDGE_CURVE ( 'NONE', #182, #725, #264, .T. ) ;
#362 = FILL_AREA_STYLE ('',( #117 ) ) ;
#363 = EDGE_CURVE ( 'NONE', #534, #1067, #2225, .T. ) ;
#364 = ORIENTED_EDGE ( 'NONE', *, *, #1435, .F. ) ;
#365 = DIRECTION ( 'NONE',  ( 1.000000000000000000, 0.0000000000000000000, 0.0000000000000000000 ) ) ;
#366 = ORIENTED_EDGE ( 'NONE', *, *, #1486, .F. ) ;
#367 = CARTESIAN_POINT ( 'NONE',  ( -2.149999999999999911, 0.0000000000000000000, -2.149999999999999911 ) ) ;
#368 = CARTESIAN_POINT ( 'NONE',  ( -0.9842666771246730839, 1.998999999999999888, 0.1211016244570785882 ) ) ;
#369 = PLANE ( 'NONE',  #1050 ) ;
#370 = PRESENTATION_STYLE_ASSIGNMENT (( #2417 ) ) ;
#371 = B_SPLINE_CURVE_WITH_KNOTS ( 'NONE', 3,
 ( #349, #1611, #1189, #2269 ),
 .UNSPECIFIED., .F., .F.,
 ( 4, 4 ),
 ( 0.1818181818181820175, 0.2727272727272725406 ),
 .UNSPECIFIED. ) ;
#372 = ORIENTED_EDGE ( 'NONE', *, *, #1447, .F. ) ;
#373 = PRESENTATION_LAYER_ASSIGNMENT (  '', '', ( #1048 ) ) ;
#374 = CARTESIAN_POINT ( 'NONE',  ( 1.194811448530129994, 2.000000000000000000, -0.9218295220924770383 ) ) ;
#375 = VECTOR ( 'NONE', #971, 1000.000000000000000 ) ;
#376 = CARTESIAN_POINT ( 'NONE',  ( 1.101198395776622041, 2.000000000000000000, 0.3157785649861569732 ) ) ;
#377 = VECTOR ( 'NONE', #1083, 1000.000000000000000 ) ;
#378 = UNCERTAINTY_MEASURE_WITH_UNIT (LENGTH_MEASURE( 1.000000000000000082E-05 ), #2528, 'distance_accuracy_value', 'NONE');
#379 = DIRECTION ( 'NONE',  ( 0.0000000000000000000, 1.000000000000000000, 0.0000000000000000000 ) ) ;
#380 = ORIENTED_EDGE ( 'NONE', *, *, #821, .T. ) ;
#381 = VECTOR ( 'NONE', #719, 1000.000000000000000 ) ;
#382 = CARTESIAN_POINT ( 'NONE',  ( 1.344862199222083943, 2.000000000000000000, -0.07535682152133969802 ) ) ;
#383 = EDGE_CURVE ( 'NONE', #1484, #534, #2713, .T. ) ;
#384 = ORIENTED_EDGE ( 'NONE', *, *, #400, .F. ) ;
#385 = DIRECTION ( 'NONE',  ( 0.0000000000000000000, 0.0000000000000000000, -1.000000000000000000 ) ) ;
#386 = DIRECTION ( 'NONE',  ( 0.0000000000000000000, 4.590506860641049708E-13, -1.000000000000000000 ) ) ;
#387 = VECTOR ( 'NONE', #2173, 1000.000000000000000 ) ;
#388 = CARTESIAN_POINT ( 'NONE',  ( 1.704041081140209801, 1.998999999999999888, 0.05312356633710010184 ) ) ;
#389 = CARTESIAN_POINT ( 'NONE',  ( 1.783761415491974978, 2.000000000000000000, -0.6979959836438809351 ) ) ;
#390 = CARTESIAN_POINT ( 'NONE',  ( 1.613538828075590015, 1.998999999999999888, -0.07698412307193899795 ) ) ;
#391 = CARTESIAN_POINT ( 'NONE',  ( 1.334136272213519936, 1.998999999999999888, -0.8402713756671978951 ) ) ;
#392 = CARTESIAN_POINT ( 'NONE',  ( 1.224256708570093943, 1.998999999999999888, 0.4047108882339554570 ) ) ;
#393 = ORIENTED_EDGE ( 'NONE', *, *, #643, .F. ) ;
#394 = DIRECTION ( 'NONE',  ( 0.0000000000000000000, 0.0000000000000000000, 1.000000000000000000 ) ) ;
#395 = VERTEX_POINT ( 'NONE', #1545 ) ;
#396 = EDGE_CURVE ( 'NONE', #1067, #1395, #1528, .T. ) ;
#397 = CARTESIAN_POINT ( 'NONE',  ( 1.604999999999999982, 0.0000000000000000000, -1.625000000000000000 ) ) ;
#398 = SURFACE_SIDE_STYLE ('',( #357 ) ) ;
#399 = CARTESIAN_POINT ( 'NONE',  ( 1.844598523588410144, 2.000000000000000000, 0.6144922391075480217 ) ) ;
#400 = EDGE_CURVE ( 'NONE', #1161, #2433, #860, .T. ) ;
#401 = ORIENTED_EDGE ( 'NONE', *, *, #683, .T. ) ;
#402 = LINE ( 'NONE', #1267, #1275 ) ;
#403 = CARTESIAN_POINT ( 'NONE',  ( 1.538885060303289976, 1.998999999999999888, 0.5550740808328560316 ) ) ;
#404 = UNCERTAINTY_MEASURE_WITH_UNIT (LENGTH_MEASURE( 1.000000000000000082E-05 ), #1754, 'distance_accuracy_value', 'NONE');
#405 = ORIENTED_EDGE ( 'NONE', *, *, #775, .T. ) ;
#406 = SURFACE_SIDE_STYLE ('',( #637 ) ) ;
#407 = B_SPLINE_SURFACE_WITH_KNOTS ( 'NONE', 3, 1, ( 
 ( #853, #1226 ),
 ( #823, #376 ),
 ( #1690, #1028 ),
 ( #177, #648 ),
 ( #1919, #1706 ),
 ( #2120, #5 ),
 ( #1039, #187 ),
 ( #2548, #1652 ),
 ( #1507, #2715 ),
 ( #2533, #1888 ),
 ( #2739, #838 ),
 ( #2088, #1065 ),
 ( #1252, #1878 ),
 ( #2728, #2314 ),
 ( #2506, #2338 ) ),
 .UNSPECIFIED., .F., .F., .F.,
 ( 4, 1, 1, 1, 1, 1, 1, 1, 1, 1, 1, 1, 4 ),
 ( 2, 2 ),
 ( 0.0000000000000000000, 0.05027287497458349935, 0.1027903700748776100, 0.1576131012369289819, 0.2146311133156754980, 0.2740612127265389941, 0.3356974550538849855, 0.4000702787165529850, 0.4668267493853399674, 0.6020780869193700369, 0.7357515335047499772, 0.8682046170340289581, 1.000000000000000000 ),
 ( 0.0000000000000000000, 1.000000000000000000 ),
 .UNSPECIFIED. ) ;
#408 = ORIENTED_EDGE ( 'NONE', *, *, #494, .F. ) ;
#409 = CARTESIAN_POINT ( 'NONE',  ( 1.214279204130276124, 2.000000000000000000, 0.4978248910176399922 ) ) ;
#410 = CARTESIAN_POINT ( 'NONE',  ( -0.7455721007467189798, 1.998999999999999888, -0.02426220546418004706 ) ) ;
#411 = CARTESIAN_POINT ( 'NONE',  ( 1.672122341919930033, 1.998999999999999888, 0.7001969174374509386 ) ) ;
#412 = EDGE_CURVE ( 'NONE', #1151, #2730, #963, .T. ) ;
#413 = ORIENTED_EDGE ( 'NONE', *, *, #2428, .T. ) ;
#414 = DIRECTION ( 'NONE',  ( 0.0000000000000000000, 0.0000000000000000000, 1.000000000000000000 ) ) ;
#415 = CARTESIAN_POINT ( 'NONE',  ( 1.005495959485847912, 1.998999999999999888, 0.3093640339793430338 ) ) ;
#416 = EDGE_CURVE ( 'NONE', #1731, #1468, #1697, .T. ) ;
#417 = CARTESIAN_POINT ( 'NONE',  ( 1.704041081140209801, 1.998999999999999888, 0.05312356633710010184 ) ) ;
#418 = CARTESIAN_POINT ( 'NONE',  ( 1.466705123443035941, 1.998999999999999888, 0.6365244077231739794 ) ) ;
#419 = CARTESIAN_POINT ( 'NONE',  ( 1.255322057264014024, 1.998999999999999888, 0.4236932439505880499 ) ) ;
#420 = CIRCLE ( 'NONE', #1452, 0.2500000000000000000 ) ;
#421 = CARTESIAN_POINT ( 'NONE',  ( 0.1654665890170579912, 1.998999999999999888, -0.6426426023145790367 ) ) ;
#422 = CARTESIAN_POINT ( 'NONE',  ( -0.4665199558648300271, 1.998999999999999888, 0.2714273189452670043 ) ) ;
#423 = EDGE_LOOP ( 'NONE', ( #844, #1223, #240, #2408, #1600, #804, #941, #655 ) ) ;
#424 = LINE ( 'NONE', #1892, #78 ) ;
#425 = PRESENTATION_LAYER_ASSIGNMENT (  '', '', ( #81 ) ) ;
#426 = EDGE_LOOP ( 'NONE', ( #2086, #1119, #2460, #2126, #146, #2246, #1262, #1565 ) ) ;
#427 = CARTESIAN_POINT ( 'NONE',  ( 1.844598523588410144, 1.998999999999999888, 0.06962044423575329544 ) ) ;
#428 = CARTESIAN_POINT ( 'NONE',  ( 0.5134184882296609631, 1.998999999999999888, 0.3980672181578629454 ) ) ;
#429 = PRESENTATION_STYLE_ASSIGNMENT (( #2347 ) ) ;
#430 = FACE_OUTER_BOUND ( 'NONE', #2479, .T. ) ;
#431 = PLANE ( 'NONE',  #2033 ) ;
#432 = AXIS2_PLACEMENT_3D ( 'NONE', #2205, #945, #740 ) ;
#433 = PLANE ( 'NONE',  #1624 ) ;
#434 = APPLICATION_CONTEXT ( 'automotive_design' ) ;
#435 = CARTESIAN_POINT ( 'NONE',  ( 0.7850000000000000311, -0.1000000000000000056, -1.625000000000000000 ) ) ;
#436 = CARTESIAN_POINT ( 'NONE',  ( 1.613538828075590015, 1.998999999999999888, -0.7308302769180929914 ) ) ;
#437 = EDGE_CURVE ( 'NONE', #1182, #164, #1357, .T. ) ;
#438 = CARTESIAN_POINT ( 'NONE',  ( 1.114470318460206055, 1.998999999999999888, 0.4183383929537020096 ) ) ;
#439 = CARTESIAN_POINT ( 'NONE',  ( 1.836137204112395116, 2.000000000000000000, -0.5844870910618580329 ) ) ;
#440 = CARTESIAN_POINT ( 'NONE',  ( 0.6345943748438318543, 1.998999999999999888, -0.4239972605822950324 ) ) ;
#441 = ORIENTED_EDGE ( 'NONE', *, *, #2410, .F. ) ;
#442 = LINE ( 'NONE', #2328, #1506 ) ;
#443 = ORIENTED_EDGE ( 'NONE', *, *, #225, .F. ) ;
#444 = CARTESIAN_POINT ( 'NONE',  ( 1.399473708798350202, 2.000000000000000000, 0.6066957932438359347 ) ) ;
#445 = CARTESIAN_POINT ( 'NONE',  ( 1.763933828761194977, 1.998999999999999888, -0.5905674082819709625 ) ) ;
#446 = FACE_OUTER_BOUND ( 'NONE', #815, .T. ) ;
#447 = DIRECTION ( 'NONE',  ( 0.0000000000000000000, 0.0000000000000000000, 1.000000000000000000 ) ) ;
#448 = CARTESIAN_POINT ( 'NONE',  ( 1.604999999999999982, 0.0000000000000000000, 1.625000000000000000 ) ) ;
#449 = B_SPLINE_CURVE_WITH_KNOTS ( 'NONE', 3,
 ( #2733, #368, #2485, #2083 ),
 .UNSPECIFIED., .F., .F.,
 ( 4, 4 ),
 ( 0.1818181818181820175, 0.2727272727272725406 ),
 .UNSPECIFIED. ) ;
#450 = CARTESIAN_POINT ( 'NONE',  ( 1.844598523588410144, 1.998999999999999888, -0.03935391473860560402 ) ) ;
#451 = CARTESIAN_POINT ( 'NONE',  ( 1.399473708798350202, 1.998999999999999888, 0.6066957932438359347 ) ) ;
#452 = CARTESIAN_POINT ( 'NONE',  ( -0.1005526361797927926, 2.000000000000000000, -0.3828990810547365231 ) ) ;
#453 = ADVANCED_FACE ( 'NONE', ( #290 ), #735, .T. ) ;
#454 = CARTESIAN_POINT ( 'NONE',  ( 1.288135590727311985, 2.000000000000000000, -0.8651415613886089817 ) ) ;
#455 = ORIENTED_EDGE ( 'NONE', *, *, #2687, .F. ) ;
#456 = DIRECTION ( 'NONE',  ( 0.0000000000000000000, 1.000000000000000000, 0.0000000000000000000 ) ) ;
#457 = PLANE ( 'NONE',  #1323 ) ;
#458 = ADVANCED_FACE ( 'NONE', ( #2654 ), #748, .F. ) ;
#459 = ORIENTED_EDGE ( 'NONE', *, *, #2646, .T. ) ;
#460 = CARTESIAN_POINT ( 'NONE',  ( 1.166976922377209958, 2.000000000000000000, 0.3669922281601855074 ) ) ;
#461 = CARTESIAN_POINT ( 'NONE',  ( 1.114470318460206055, 2.000000000000000000, -0.4534564788411700187 ) ) ;
#462 = CARTESIAN_POINT ( 'NONE',  ( -0.5335578645262448738, 2.000000000000000000, 0.5354677598901479429 ) ) ;
#463 =( LENGTH_UNIT ( ) NAMED_UNIT ( * ) SI_UNIT ( .MILLI., .METRE. ) );
#464 = ORIENTED_EDGE ( 'NONE', *, *, #761, .T. ) ;
#465 = CARTESIAN_POINT ( 'NONE',  ( 1.005495959485847912, 1.998999999999999888, -0.9983282737129649531 ) ) ;
#466 = CARTESIAN_POINT ( 'NONE',  ( 1.844598523588410144, 2.000000000000000000, -0.03935391473860560402 ) ) ;
#467 = PRODUCT ( '37B46FC3-042B-47E1-B059-DBFABE30CBEC', '37B46FC3-042B-47E1-B059-DBFABE30CBEC', '', ( #551 ) ) ;
#468 = CARTESIAN_POINT ( 'NONE',  ( 1.116535948949618051, 1.998999999999999888, -0.3249521261700165087 ) ) ;
#469 = DIRECTION ( 'NONE',  ( 0.0000000000000000000, 1.000000000000000000, 0.0000000000000000000 ) ) ;
#470 = CARTESIAN_POINT ( 'NONE',  ( 2.149999999999999911, 2.000000000000000000, -2.149999999999999911 ) ) ;
#471 = CARTESIAN_POINT ( 'NONE',  ( 0.5134184882296609631, 1.998999999999999888, 0.3980672181578629454 ) ) ;
#472 = SURFACE_STYLE_FILL_AREA ( #2387 ) ;
#473 = CARTESIAN_POINT ( 'NONE',  ( 1.114470318460206055, 2.000000000000000000, -0.2355077608924520116 ) ) ;
#474 = CARTESIAN_POINT ( 'NONE',  ( 1.224256708570093943, 2.000000000000000000, -0.2491352656121985087 ) ) ;
#475 = ORIENTED_EDGE ( 'NONE', *, *, #494, .T. ) ;
#476 = AXIS2_PLACEMENT_3D ( 'NONE', #450, #1296, #2152 ) ;
#477 = CARTESIAN_POINT ( 'NONE',  ( -0.7850000000000000311, -0.1000000000000000056, -1.625000000000000000 ) ) ;
#478 = CARTESIAN_POINT ( 'NONE',  ( -0.6553023936601070076, 1.998999999999999888, -0.2231953708185159813 ) ) ;
#479 = VECTOR ( 'NONE', #179, 1000.000000000000000 ) ;
#480 = CARTESIAN_POINT ( 'NONE',  ( 1.704041081140209801, 1.998999999999999888, -0.6007225875090539402 ) ) ;
#481 = CARTESIAN_POINT ( 'NONE',  ( 1.588695564061294752, 1.998999999999999888, -0.08423471214300079501 ) ) ;
#482 = MECHANICAL_DESIGN_GEOMETRIC_PRESENTATION_REPRESENTATION (  '', ( #1672 ), #659 ) ;
#483 = VECTOR ( 'NONE', #1718, 1000.000000000000000 ) ;
#484 = CARTESIAN_POINT ( 'NONE',  ( 1.194811448530127995, 1.998999999999999888, -0.2679833682463225175 ) ) ;
#485 = SURFACE_STYLE_FILL_AREA ( #2401 ) ;
#486 = LINE ( 'NONE', #470, #199 ) ;
#487 = DIRECTION ( 'NONE',  ( 1.000000000000000000, 0.0000000000000000000, 0.0000000000000000000 ) ) ;
#488 = LINE ( 'NONE', #98, #1632 ) ;
#489 = VERTEX_POINT ( 'NONE', #1342 ) ;
#490 = CARTESIAN_POINT ( 'NONE',  ( 1.613538828075590015, 2.000000000000000000, 0.5768620307742150510 ) ) ;
#491 = DIRECTION ( 'NONE',  ( 1.000000000000000000, 0.0000000000000000000, 0.0000000000000000000 ) ) ;
#492 = PLANE ( 'NONE',  #2030 ) ;
#493 = MANIFOLD_SOLID_BREP ( 'NONE', #517 ) ;
#494 = EDGE_CURVE ( 'NONE', #164, #508, #420, .T. ) ;
#495 = ORIENTED_EDGE ( 'NONE', *, *, #1347, .T. ) ;
#496 = FACE_OUTER_BOUND ( 'NONE', #312, .T. ) ;
#497 = CARTESIAN_POINT ( 'NONE',  ( -0.8318957038963290529, 1.998999999999999888, -0.4085086306610319906 ) ) ;
#498 = LINE ( 'NONE', #1348, #799 ) ;
#499 = ADVANCED_FACE ( 'NONE', ( #2261 ), #1626, .T. ) ;
#500 = DIRECTION ( 'NONE',  ( -1.008560160451631851E-16, 0.0000000000000000000, -1.000000000000000000 ) ) ;
#501 = CARTESIAN_POINT ( 'NONE',  ( 1.672122341919930033, 2.000000000000000000, -0.6074953902548559936 ) ) ;
#502 = CARTESIAN_POINT ( 'NONE',  ( 1.114470318460206055, 1.998999999999999888, 0.4183383929537020096 ) ) ;
#503 = CARTESIAN_POINT ( 'NONE',  ( 0.3535955464973720153, 1.998999999999999888, -0.4543577267240319628 ) ) ;
#504 = ORIENTED_EDGE ( 'NONE', *, *, #2465, .F. ) ;
#505 = CARTESIAN_POINT ( 'NONE',  ( -1.647270752819369966, 2.000000000000000000, 1.500000000000000000 ) ) ;
#506 =( NAMED_UNIT ( * ) SI_UNIT ( $, .STERADIAN. ) SOLID_ANGLE_UNIT ( ) );
#507 = CARTESIAN_POINT ( 'NONE',  ( 0.7850000000000000311, -0.1000000000000000056, 1.625000000000000000 ) ) ;
#508 = VERTEX_POINT ( 'NONE', #1243 ) ;
#509 = CARTESIAN_POINT ( 'NONE',  ( 1.271732682161234029, 2.000000000000000000, -0.7718980254628631243 ) ) ;
#510 = CARTESIAN_POINT ( 'NONE',  ( 2.149999999999999911, 0.0000000000000000000, -2.149999999999999911 ) ) ;
#511 = ORIENTED_EDGE ( 'NONE', *, *, #1781, .F. ) ;
#512 = FACE_OUTER_BOUND ( 'NONE', #2041, .T. ) ;
#513 = LINE ( 'NONE', #2421, #1853 ) ;
#514 = CARTESIAN_POINT ( 'NONE',  ( 1.631480882556955114, 2.000000000000000000, -0.07228221873623559557 ) ) ;
#515 = ORIENTED_EDGE ( 'NONE', *, *, #281, .F. ) ;
#516 = CARTESIAN_POINT ( 'NONE',  ( 1.114470318460206055, 1.998999999999999888, -0.8893539147386060328 ) ) ;
#517 = CLOSED_SHELL ( 'NONE', ( #1286, #1366, #664, #1822, #856, #2726, #1825, #453, #2677, #173, #981, #556, #1661, #1270, #937, #2390, #1399, #458, #2203, #2137, #1327, #57, #2119, #1578, #1310, #2556, #901, #2098, #1699, #1923, #88, #103, #499, #156, #1163, #756, #894, #2596, #2738, #1185, #1248, #1128, #1961, #708, #2517, #2521, #246, #1857, #627, #1676, #917, #1304, #1589, #1903, #1775, #1088, #1174, #2142, #2415, #2722, #162, #1107, #2537, #1614 ) ) ;
#518 = STYLED_ITEM ( 'NONE', ( #584 ), #173 ) ;
#519 = ORIENTED_EDGE ( 'NONE', *, *, #2488, .F. ) ;
#520 = CARTESIAN_POINT ( 'NONE',  ( 1.187387142859996025, 2.000000000000000000, -0.8291111210405519572 ) ) ;
#521 = CARTESIAN_POINT ( 'NONE',  ( 1.161962249413595938, 2.000000000000000000, 0.4587707109648299642 ) ) ;
#522 = ORIENTED_EDGE ( 'NONE', *, *, #39, .F. ) ;
#523 = CARTESIAN_POINT ( 'NONE',  ( 1.005495959485847912, 1.998999999999999888, 0.3093640339793430338 ) ) ;
#524 = COLOUR_RGB ( '',0.1921568627450980227, 0.2039215686274509776, 0.2039215686274509776 ) ;
#525 =( NAMED_UNIT ( * ) PLANE_ANGLE_UNIT ( ) SI_UNIT ( $, .RADIAN. ) );
#526 = COLOUR_RGB ( '',0.8274509803921568096, 0.8392156862745098200, 0.8274509803921568096 ) ;
#527 = CARTESIAN_POINT ( 'NONE',  ( -0.1005526361797927926, 2.000000000000000000, -0.3828990810547365231 ) ) ;
#528 = ORIENTED_EDGE ( 'NONE', *, *, #2634, .F. ) ;
#529 = DIRECTION ( 'NONE',  ( 0.0000000000000000000, -1.000000000000000000, 0.0000000000000000000 ) ) ;
#530 = PRESENTATION_LAYER_ASSIGNMENT (  '', '', ( #2492 ) ) ;
#531 = VERTEX_POINT ( 'NONE', #2689 ) ;
#532 = LINE ( 'NONE', #367, #1019 ) ;
#533 = LINE ( 'NONE', #2241, #972 ) ;
#534 = VERTEX_POINT ( 'NONE', #2091 ) ;
#535 = CARTESIAN_POINT ( 'NONE',  ( -0.2006956283057725055, 1.998999999999999888, 0.6263175740633749600 ) ) ;
#536 = SURFACE_SIDE_STYLE ('',( #759 ) ) ;
#537 = FACE_BOUND ( 'NONE', #1854, .T. ) ;
#538 = EDGE_CURVE ( 'NONE', #1250, #2674, #728, .T. ) ;
#539 = ORIENTED_EDGE ( 'NONE', *, *, #1604, .T. ) ;
#540 = SURFACE_SIDE_STYLE ('',( #2456 ) ) ;
#541 = EDGE_CURVE ( 'NONE', #2545, #2043, #424, .T. ) ;
#542 = ORIENTED_EDGE ( 'NONE', *, *, #2301, .F. ) ;
#543 = DIRECTION ( 'NONE',  ( 0.0000000000000000000, 0.0000000000000000000, 1.000000000000000000 ) ) ;
#544 = CARTESIAN_POINT ( 'NONE',  ( 1.271732682161234029, 1.998999999999999888, -0.1180518716167083954 ) ) ;
#545 = CARTESIAN_POINT ( 'NONE',  ( 1.613538828075590015, 2.000000000000000000, -0.07698412307193899795 ) ) ;
#546 = ORIENTED_EDGE ( 'NONE', *, *, #363, .F. ) ;
#547 = CARTESIAN_POINT ( 'NONE',  ( -0.2396980849986910245, 2.000000000000000000, -0.5241952826295389611 ) ) ;
#548 = CARTESIAN_POINT ( 'NONE',  ( 1.465638922642790165, 1.998999999999999888, -0.7799241933919078829 ) ) ;
#549 = UNCERTAINTY_MEASURE_WITH_UNIT (LENGTH_MEASURE( 1.000000000000000082E-05 ), #2600, 'distance_accuracy_value', 'NONE');
#550 = ORIENTED_EDGE ( 'NONE', *, *, #1694, .T. ) ;
#551 = PRODUCT_CONTEXT ( 'NONE', #434, 'mechanical' ) ;
#552 = PRODUCT_RELATED_PRODUCT_CATEGORY ( 'part', '', ( #467 ) ) ;
#553 = ORIENTED_EDGE ( 'NONE', *, *, #363, .T. ) ;
#554 = CARTESIAN_POINT ( 'NONE',  ( 1.824088457804144969, 1.998999999999999888, -0.6948169194909930013 ) ) ;
#555 = AXIS2_PLACEMENT_3D ( 'NONE', #1635, #1433, #359 ) ;
#556 = ADVANCED_FACE ( 'NONE', ( #672 ), #2360, .F. ) ;
#557 = AXIS2_PLACEMENT_3D ( 'NONE', #1385, #2668, #491 ) ;
#558 = CARTESIAN_POINT ( 'NONE',  ( 1.672122341919930033, 2.000000000000000000, 0.04635076359129750023 ) ) ;
#559 = CARTESIAN_POINT ( 'NONE',  ( 0.7850000000000000311, 0.0000000000000000000, 1.625000000000000000 ) ) ;
#560 = VERTEX_POINT ( 'NONE', #1729 ) ;
#561 = MECHANICAL_DESIGN_GEOMETRIC_PRESENTATION_REPRESENTATION (  '', ( #1769 ), #2477 ) ;
#562 = CARTESIAN_POINT ( 'NONE',  ( 1.005495959485847912, 2.000000000000000000, -0.4534564788411700187 ) ) ;
#563 = VECTOR ( 'NONE', #1536, 1000.000000000000000 ) ;
#564 = CARTESIAN_POINT ( 'NONE',  ( 1.613538828075590015, 2.000000000000000000, -0.7308302769180929914 ) ) ;
#565 = FILL_AREA_STYLE_COLOUR ( '', #1994 ) ;
#566 = AXIS2_PLACEMENT_3D ( 'NONE', #198, #1260, #846 ) ;
#567 = CIRCLE ( 'NONE', #2709, 0.2500000000000000000 ) ;
#568 = ORIENTED_EDGE ( 'NONE', *, *, #954, .F. ) ;
#569 =( NAMED_UNIT ( * ) PLANE_ANGLE_UNIT ( ) SI_UNIT ( $, .RADIAN. ) );
#570 = DIRECTION ( 'NONE',  ( 0.0000000000000000000, 0.0000000000000000000, 1.000000000000000000 ) ) ;
#571 = EDGE_LOOP ( 'NONE', ( #1289, #1362, #2361, #2550 ) ) ;
#572 = CARTESIAN_POINT ( 'NONE',  ( 1.824088457804144969, 2.000000000000000000, 0.6128753882013149301 ) ) ;
#573 = CARTESIAN_POINT ( 'NONE',  ( 1.393092125782104063, 1.998999999999999888, -0.8107497097017279941 ) ) ;
#574 = DIRECTION ( 'NONE',  ( 0.0000000000000000000, 1.000000000000000000, 0.0000000000000000000 ) ) ;
#575 = DIRECTION ( 'NONE',  ( 1.000000000000000000, 0.0000000000000000000, 0.0000000000000000000 ) ) ;
#576 = B_SPLINE_CURVE_WITH_KNOTS ( 'NONE', 3,
 ( #1509, #670, #440, #2613 ),
 .UNSPECIFIED., .F., .F.,
 ( 4, 4 ),
 ( 0.0000000000000000000, 0.09090909090909089774 ),
 .UNSPECIFIED. ) ;
#577 = EDGE_CURVE ( 'NONE', #2741, #1595, #1494, .T. ) ;
#578 = APPLICATION_CONTEXT ( 'automotive_design' ) ;
#579 = CARTESIAN_POINT ( 'NONE',  ( 1.093697081280719852, 2.000000000000000000, -0.9983282737129649531 ) ) ;
#580 = VERTEX_POINT ( 'NONE', #2536 ) ;
#581 = CARTESIAN_POINT ( 'NONE',  ( 1.214279204130276124, 2.000000000000000000, -0.1560212628285134739 ) ) ;
#582 = ORIENTED_EDGE ( 'NONE', *, *, #577, .T. ) ;
#583 = CARTESIAN_POINT ( 'NONE',  ( 1.114470318460206055, 1.998999999999999888, 0.2003896750049840025 ) ) ;
#584 = PRESENTATION_STYLE_ASSIGNMENT (( #793 ) ) ;
#585 = CARTESIAN_POINT ( 'NONE',  ( 1.791999731630300019, 2.000000000000000000, 0.06644460945355019910 ) ) ;
#586 = VERTEX_POINT ( 'NONE', #1908 ) ;
#587 = FACE_OUTER_BOUND ( 'NONE', #2324, .T. ) ;
#588 = EDGE_CURVE ( 'NONE', #1712, #580, #1693, .T. ) ;
#589 = FACE_BOUND ( 'NONE', #571, .T. ) ;
#590 = DIRECTION ( 'NONE',  ( 2.644395542647570287E-16, 0.0000000000000000000, -1.000000000000000000 ) ) ;
#591 = VERTEX_POINT ( 'NONE', #2158 ) ;
#592 = CARTESIAN_POINT ( 'NONE',  ( 1.466705123443035941, 2.000000000000000000, -0.01732174612297955260 ) ) ;
#593 = ORIENTED_EDGE ( 'NONE', *, *, #624, .F. ) ;
#594 = CARTESIAN_POINT ( 'NONE',  ( 1.899999999999999911, 2.000000000000000000, 1.899999999999999911 ) ) ;
#595 = DIRECTION ( 'NONE',  ( 1.000000000000000000, 0.0000000000000000000, 0.0000000000000000000 ) ) ;
#596 = CARTESIAN_POINT ( 'NONE',  ( 0.7498407874422580166, 2.000000000000000000, 0.4297644528035304834 ) ) ;
#597 = CARTESIAN_POINT ( 'NONE',  ( -0.7850000000000000311, -0.1000000000000000056, 1.625000000000000000 ) ) ;
#598 = DIRECTION ( 'NONE',  ( 0.0000000000000000000, 1.000000000000000000, 0.0000000000000000000 ) ) ;
#599 = CARTESIAN_POINT ( 'NONE',  ( 1.116535948949618051, 2.000000000000000000, -0.9787982800161700858 ) ) ;
#600 = VECTOR ( 'NONE', #1334, 1000.000000000000000 ) ;
#601 = CARTESIAN_POINT ( 'NONE',  ( 1.101198395776622041, 1.998999999999999888, 0.3157785649861569732 ) ) ;
#602 = MECHANICAL_DESIGN_GEOMETRIC_PRESENTATION_REPRESENTATION (  '', ( #1814 ), #1373 ) ;
#603 = EDGE_CURVE ( 'NONE', #2433, #110, #1274, .T. ) ;
#604 = CARTESIAN_POINT ( 'NONE',  ( 1.005495959485847912, 1.998999999999999888, 0.2003896750049840025 ) ) ;
#605 = ORIENTED_EDGE ( 'NONE', *, *, #2049, .T. ) ;
#606 = VECTOR ( 'NONE', #2633, 1000.000000000000000 ) ;
#607 = DIRECTION ( 'NONE',  ( 1.000000000000000000, 0.0000000000000000000, 0.0000000000000000000 ) ) ;
#608 = VECTOR ( 'NONE', #1025, 1000.000000000000000 ) ;
#609 = EDGE_CURVE ( 'NONE', #2303, #2001, #1478, .T. ) ;
#610 = ORIENTED_EDGE ( 'NONE', *, *, #1417, .F. ) ;
#611 = CARTESIAN_POINT ( 'NONE',  ( 1.122077273403711883, 2.000000000000000000, 0.4251571532015420152 ) ) ;
#612 = LINE ( 'NONE', #1470, #1008 ) ;
#613 = MECHANICAL_DESIGN_GEOMETRIC_PRESENTATION_REPRESENTATION (  '', ( #2407 ), #44 ) ;
#614 = AXIS2_PLACEMENT_3D ( 'NONE', #1165, #294, #267 ) ;
#615 = CARTESIAN_POINT ( 'NONE',  ( 1.592944016905269988, 1.998999999999999888, 0.02629964899645120119 ) ) ;
#616 = CARTESIAN_POINT ( 'NONE',  ( 1.005495959485847912, 1.998999999999999888, -0.9983282737129649531 ) ) ;
#617 = CARTESIAN_POINT ( 'NONE',  ( 1.824088457804144969, 1.998999999999999888, -0.04097076564483899397 ) ) ;
#618 = PRODUCT_DEFINITION_SHAPE ( 'NONE', 'NONE',  #1139 ) ;
#619 = DIRECTION ( 'NONE',  ( 0.0000000000000000000, 0.0000000000000000000, 1.000000000000000000 ) ) ;
#620 = LINE ( 'NONE', #220, #337 ) ;
#621 = B_SPLINE_CURVE_WITH_KNOTS ( 'NONE', 3,
 ( #390, #175, #1036, #833, #1670, #617, #203 ),
 .UNSPECIFIED., .F., .F.,
 ( 4, 1, 1, 1, 4 ),
 ( 0.0000000000000000000, 0.2372165186042104745, 0.4825864912431360176, 0.7368469271779309882, 1.000000000000000000 ),
 .UNSPECIFIED. ) ;
#622 = ORIENTED_EDGE ( 'NONE', *, *, #126, .F. ) ;
#623 = DIRECTION ( 'NONE',  ( 0.0000000000000000000, 0.0000000000000000000, 1.000000000000000000 ) ) ;
#624 = EDGE_CURVE ( 'NONE', #2679, #114, #442, .T. ) ;
#625 = ORIENTED_EDGE ( 'NONE', *, *, #991, .F. ) ;
#626 = PLANE ( 'NONE',  #1864 ) ;
#627 = ADVANCED_FACE ( 'NONE', ( #8 ), #2589, .F. ) ;
#628 = DIRECTION ( 'NONE',  ( -1.000000000000000000, 0.0000000000000000000, 0.0000000000000000000 ) ) ;
#629 = ORIENTED_EDGE ( 'NONE', *, *, #874, .F. ) ;
#630 = CARTESIAN_POINT ( 'NONE',  ( 1.667981684308875279, 2.000000000000000000, 0.5911293546215069528 ) ) ;
#631 = EDGE_LOOP ( 'NONE', ( #2705, #1171, #1561, #1593 ) ) ;
#632 = CARTESIAN_POINT ( 'NONE',  ( 1.101198395776622041, 1.998999999999999888, -0.3380675888599964374 ) ) ;
#633 = CARTESIAN_POINT ( 'NONE',  ( 1.638943977746429859, 2.000000000000000000, 0.6921080884520689480 ) ) ;
#634 = CARTESIAN_POINT ( 'NONE',  ( 1.114470318460206055, 1.998999999999999888, 0.4183383929537020096 ) ) ;
#635 = CARTESIAN_POINT ( 'NONE',  ( 1.613538828075590015, 2.000000000000000000, -0.7308302769180929914 ) ) ;
#636 = ORIENTED_EDGE ( 'NONE', *, *, #837, .T. ) ;
#637 = SURFACE_STYLE_FILL_AREA ( #855 ) ;
#638 = ORIENTED_EDGE ( 'NONE', *, *, #129, .F. ) ;
#639 = LINE ( 'NONE', #1665, #1193 ) ;
#640 = DIRECTION ( 'NONE',  ( 0.0000000000000000000, -1.000000000000000000, 0.0000000000000000000 ) ) ;
#641 = LINE ( 'NONE', #1105, #1511 ) ;
#642 = CARTESIAN_POINT ( 'NONE',  ( 1.137494231787217869, 2.000000000000000000, -0.2148694705239820313 ) ) ;
#643 = EDGE_CURVE ( 'NONE', #531, #395, #652, .T. ) ;
#644 = PLANE ( 'NONE',  #1675 ) ;
#645 = DIRECTION ( 'NONE',  ( 0.0000000000000000000, -1.000000000000000000, 0.0000000000000000000 ) ) ;
#646 = CARTESIAN_POINT ( 'NONE',  ( 1.613538828075590015, 1.998999999999999888, -0.7308302769180929914 ) ) ;
#647 = CARTESIAN_POINT ( 'NONE',  ( 1.466705123443035941, 2.000000000000000000, 0.6365244077231739794 ) ) ;
#648 = CARTESIAN_POINT ( 'NONE',  ( 1.140965832094679833, 2.000000000000000000, 0.3478950636616024994 ) ) ;
#649 = CARTESIAN_POINT ( 'NONE',  ( -0.2033966802742775137, 1.998999999999999888, 0.3783458701263675006 ) ) ;
#650 = CARTESIAN_POINT ( 'NONE',  ( 1.114470318460206055, 1.998999999999999888, -0.8893539147386060328 ) ) ;
#651 = VERTEX_POINT ( 'NONE', #1950 ) ;
#652 = LINE ( 'NONE', #1512, #377 ) ;
#653 = VECTOR ( 'NONE', #332, 1000.000000000000000 ) ;
#654 = MECHANICAL_DESIGN_GEOMETRIC_PRESENTATION_REPRESENTATION (  '', ( #2028 ), #839 ) ;
#655 = ORIENTED_EDGE ( 'NONE', *, *, #2017, .F. ) ;
#656 = CARTESIAN_POINT ( 'NONE',  ( 1.344862199222081722, 2.000000000000000000, 0.5784893323248140318 ) ) ;
#657 = CARTESIAN_POINT ( 'NONE',  ( -0.2398425385419974964, 2.000000000000000000, -0.2033203975901710092 ) ) ;
#658 = DIRECTION ( 'NONE',  ( 0.0000000000000000000, -1.000000000000000000, 0.0000000000000000000 ) ) ;
#659 =( GEOMETRIC_REPRESENTATION_CONTEXT ( 3 ) GLOBAL_UNCERTAINTY_ASSIGNED_CONTEXT ( ( #868 ) ) GLOBAL_UNIT_ASSIGNED_CONTEXT ( ( #83, #1140, #1755 ) ) REPRESENTATION_CONTEXT ( 'NONE', 'WORKASPACE' ) );
#660 = PLANE ( 'NONE',  #1946 ) ;
#661 = DIRECTION ( 'NONE',  ( 0.0000000000000000000, -1.000000000000000000, 0.0000000000000000000 ) ) ;
#662 = VECTOR ( 'NONE', #2370, 1000.000000000000000 ) ;
#663 = DIRECTION ( 'NONE',  ( 0.0000000000000000000, 0.0000000000000000000, -1.000000000000000000 ) ) ;
#664 = ADVANCED_FACE ( 'NONE', ( #888 ), #45, .F. ) ;
#665 = PLANE ( 'NONE',  #476 ) ;
#666 = CARTESIAN_POINT ( 'NONE',  ( 1.302507916529032084, 1.998999999999999888, 0.5541099772709600080 ) ) ;
#667 = DIRECTION ( 'NONE',  ( 0.0000000000000000000, 1.000000000000000000, 0.0000000000000000000 ) ) ;
#668 = EDGE_CURVE ( 'NONE', #2545, #586, #513, .T. ) ;
#669 = CARTESIAN_POINT ( 'NONE',  ( -0.6553023936601070076, 2.000000000000000000, -0.2231953708185159813 ) ) ;
#670 = CARTESIAN_POINT ( 'NONE',  ( 0.7293673638202110565, 1.998999999999999888, -0.2081561519208799949 ) ) ;
#671 = EDGE_LOOP ( 'NONE', ( #873, #1813, #1987, #1473 ) ) ;
#672 = FACE_OUTER_BOUND ( 'NONE', #1606, .T. ) ;
#673 = CARTESIAN_POINT ( 'NONE',  ( 1.667981684308880164, 1.998999999999999888, -0.06271679922464640233 ) ) ;
#674 = ORIENTED_EDGE ( 'NONE', *, *, #1563, .T. ) ;
#675 = CARTESIAN_POINT ( 'NONE',  ( 1.255322057264014024, 2.000000000000000000, 0.4236932439505880499 ) ) ;
#676 = CARTESIAN_POINT ( 'NONE',  ( 1.271732682161234029, 1.998999999999999888, -0.7718980254628631243 ) ) ;
#677 = FILL_AREA_STYLE ('',( #1247 ) ) ;
#678 = CARTESIAN_POINT ( 'NONE',  ( 1.465638922642791941, 1.998999999999999888, -0.1260780395457543890 ) ) ;
#679 = CARTESIAN_POINT ( 'NONE',  ( 1.844598523588410144, 1.998999999999999888, -0.6932000685847600208 ) ) ;
#680 = CARTESIAN_POINT ( 'NONE',  ( 0.1654665890170579912, 2.000000000000000000, -0.6426426023145790367 ) ) ;
#681 = CARTESIAN_POINT ( 'NONE',  ( 1.137494231787219867, 2.000000000000000000, -0.8687156243701360525 ) ) ;
#682 = CARTESIAN_POINT ( 'NONE',  ( 2.149999999999999911, 0.0000000000000000000, 1.899999999999999911 ) ) ;
#683 = EDGE_CURVE ( 'NONE', #1628, #74, #2210, .T. ) ;
#684 = PRESENTATION_STYLE_ASSIGNMENT (( #2124 ) ) ;
#685 = CARTESIAN_POINT ( 'NONE',  ( 0.5189398236627310590, 2.000000000000000000, -0.0007644290862337010158 ) ) ;
#686 = ORIENTED_EDGE ( 'NONE', *, *, #1236, .T. ) ;
#687 = DIRECTION ( 'NONE',  ( 0.0000000000000000000, 0.0000000000000000000, -1.000000000000000000 ) ) ;
#688 = CARTESIAN_POINT ( 'NONE',  ( -0.6553023936601070076, 2.000000000000000000, -0.2231953708185159813 ) ) ;
#689 = CARTESIAN_POINT ( 'NONE',  ( 1.638943977746429859, 1.998999999999999888, 0.6921080884520689480 ) ) ;
#690 = SURFACE_SIDE_STYLE ('',( #1518 ) ) ;
#691 = ORIENTED_EDGE ( 'NONE', *, *, #624, .T. ) ;
#692 = CARTESIAN_POINT ( 'NONE',  ( 1.271732682161234029, 1.998999999999999888, -0.7718980254628631243 ) ) ;
#693 = LINE ( 'NONE', #2572, #834 ) ;
#694 = CARTESIAN_POINT ( 'NONE',  ( 1.631480882556955114, 2.000000000000000000, -0.7261283725823900470 ) ) ;
#695 = FILL_AREA_STYLE_COLOUR ( '', #898 ) ;
#696 = DIRECTION ( 'NONE',  ( 1.000000000000000000, 0.0000000000000000000, 0.0000000000000000000 ) ) ;
#697 = CARTESIAN_POINT ( 'NONE',  ( 1.844598523588410144, 1.998999999999999888, -0.5842257096104011005 ) ) ;
#698 = SURFACE_SIDE_STYLE ('',( #472 ) ) ;
#699 = PRESENTATION_STYLE_ASSIGNMENT (( #934 ) ) ;
#700 = CARTESIAN_POINT ( 'NONE',  ( 1.166976922377209958, 2.000000000000000000, -0.2868539256859679587 ) ) ;
#701 = MECHANICAL_DESIGN_GEOMETRIC_PRESENTATION_REPRESENTATION (  '', ( #112 ), #2025 ) ;
#702 = EDGE_CURVE ( 'NONE', #1790, #74, #1580, .T. ) ;
#703 = VERTEX_POINT ( 'NONE', #1093 ) ;
#704 = PRESENTATION_STYLE_ASSIGNMENT (( #2197 ) ) ;
#705 =( GEOMETRIC_REPRESENTATION_CONTEXT ( 3 ) GLOBAL_UNCERTAINTY_ASSIGNED_CONTEXT ( ( #549 ) ) GLOBAL_UNIT_ASSIGNED_CONTEXT ( ( #2600, #2742, #211 ) ) REPRESENTATION_CONTEXT ( 'NONE', 'WORKASPACE' ) );
#706 =( LENGTH_UNIT ( ) NAMED_UNIT ( * ) SI_UNIT ( .MILLI., .METRE. ) );
#707 = CARTESIAN_POINT ( 'NONE',  ( -1.647270752819369966, 1.998999999999999888, -1.500000000000000000 ) ) ;
#708 = ADVANCED_FACE ( 'NONE', ( #2383 ), #2160, .T. ) ;
#709 = VECTOR ( 'NONE', #206, 1000.000000000000000 ) ;
#710 = LINE ( 'NONE', #964, #375 ) ;
#711 = ORIENTED_EDGE ( 'NONE', *, *, #1941, .F. ) ;
#712 = CARTESIAN_POINT ( 'NONE',  ( 1.592944016905269988, 1.998999999999999888, -0.6275465048497030907 ) ) ;
#713 = FACE_OUTER_BOUND ( 'NONE', #1968, .T. ) ;
#714 = VECTOR ( 'NONE', #2104, 1000.000000000000000 ) ;
#715 = VECTOR ( 'NONE', #1393, 1000.000000000000000 ) ;
#716 = PLANE ( 'NONE',  #432 ) ;
#717 = PLANE ( 'NONE',  #802 ) ;
#718 = VECTOR ( 'NONE', #1566, 1000.000000000000000 ) ;
#719 = DIRECTION ( 'NONE',  ( 0.0000000000000000000, 0.0000000000000000000, 1.000000000000000000 ) ) ;
#720 = LINE ( 'NONE', #2235, #1862 ) ;
#721 = CARTESIAN_POINT ( 'NONE',  ( 1.538885060303294861, 2.000000000000000000, -0.09877207301329769817 ) ) ;
#722 = ORIENTED_EDGE ( 'NONE', *, *, #2444, .T. ) ;
#723 = CARTESIAN_POINT ( 'NONE',  ( 1.140965832094679833, 2.000000000000000000, 0.3478950636616024994 ) ) ;
#724 = CARTESIAN_POINT ( 'NONE',  ( 1.271732682161234029, 1.998999999999999888, 0.5357942822294450291 ) ) ;
#725 = VERTEX_POINT ( 'NONE', #902 ) ;
#726 = CARTESIAN_POINT ( 'NONE',  ( 1.638943977746429859, 2.000000000000000000, -0.6155842192402389834 ) ) ;
#727 = CARTESIAN_POINT ( 'NONE',  ( 1.161962249413595938, 1.998999999999999888, 0.4587707109648299642 ) ) ;
#728 = B_SPLINE_CURVE_WITH_KNOTS ( 'NONE', 3,
 ( #2063, #144, #789, #181, #1196, #2274, #353, #2299, #1003, #1881, #2511, #592, #2703, #382, #1642, #2497, #2042, #581, #2079, #168, #1030, #1540, #473 ),
 .UNSPECIFIED., .F., .F.,
 ( 4, 1, 1, 1, 1, 1, 1, 1, 1, 1, 1, 1, 1, 1, 1, 1, 1, 1, 1, 1, 4 ),
 ( 0.0000000000000000000, 0.03151551312998480264, 0.06480979674365740240, 0.09991169883527560580, 0.1366755286001710146, 0.1751432978746824964, 0.2157650117082454966, 0.2581569125231215067, 0.3022930440652045192, 0.3927408518773999879, 0.4832984694610620302, 0.5744114847371659671, 0.6664774093514970188, 0.7120107481430549834, 0.7563744975915029922, 0.7998154803065210539, 0.8419616993485899981, 0.8828431755911849699, 0.9229180315891940545, 0.9619666184423850686, 1.000000000000000000 ),
 .UNSPECIFIED. ) ;
#729 = VERTEX_POINT ( 'NONE', #218 ) ;
#730 = LINE ( 'NONE', #773, #715 ) ;
#731 =( NAMED_UNIT ( * ) PLANE_ANGLE_UNIT ( ) SI_UNIT ( $, .RADIAN. ) );
#732 = CARTESIAN_POINT ( 'NONE',  ( 0.1654665890170579912, 2.000000000000000000, -0.6426426023145790367 ) ) ;
#733 = ORIENTED_EDGE ( 'NONE', *, *, #2504, .F. ) ;
#734 = CARTESIAN_POINT ( 'NONE',  ( 1.288135590727311985, 2.000000000000000000, 0.4425507463036980060 ) ) ;
#735 = CYLINDRICAL_SURFACE ( 'NONE', #29, 0.2500000000000000000 ) ;
#736 = SURFACE_STYLE_USAGE ( .BOTH. , #93 ) ;
#737 = EDGE_LOOP ( 'NONE', ( #2293, #519, #2212, #1090 ) ) ;
#738 = CARTESIAN_POINT ( 'NONE',  ( 1.466705123443035941, 2.000000000000000000, -0.6711678999691339520 ) ) ;
#739 = EDGE_CURVE ( 'NONE', #586, #1850, #19, .T. ) ;
#740 = DIRECTION ( 'NONE',  ( 0.0000000000000000000, 1.000000000000000000, 0.0000000000000000000 ) ) ;
#741 = VERTEX_POINT ( 'NONE', #1315 ) ;
#742 = DIRECTION ( 'NONE',  ( 0.0000000000000000000, 1.000000000000000000, 0.0000000000000000000 ) ) ;
#743 = EDGE_CURVE ( 'NONE', #489, #1649, #1112, .T. ) ;
#744 = CARTESIAN_POINT ( 'NONE',  ( 0.7293673638202110565, 2.000000000000000000, -0.2081561519208799949 ) ) ;
#745 =( NAMED_UNIT ( * ) SI_UNIT ( $, .STERADIAN. ) SOLID_ANGLE_UNIT ( ) );
#746 = ORIENTED_EDGE ( 'NONE', *, *, #2301, .T. ) ;
#747 =( NAMED_UNIT ( * ) SI_UNIT ( $, .STERADIAN. ) SOLID_ANGLE_UNIT ( ) );
#748 = PLANE ( 'NONE',  #557 ) ;
#749 = PRESENTATION_LAYER_ASSIGNMENT (  '', '', ( #1939 ) ) ;
#750 = MECHANICAL_DESIGN_GEOMETRIC_PRESENTATION_REPRESENTATION (  '', ( #2660 ), #705 ) ;
#751 = ORIENTED_EDGE ( 'NONE', *, *, #2051, .T. ) ;
#752 = CARTESIAN_POINT ( 'NONE',  ( 1.137494231787219867, 2.000000000000000000, -0.8687156243701360525 ) ) ;
#753 = CARTESIAN_POINT ( 'NONE',  ( 1.137494231787217869, 1.998999999999999888, -0.2148694705239820313 ) ) ;
#754 = CARTESIAN_POINT ( 'NONE',  ( 1.137494231787219867, 2.000000000000000000, 0.4389766833221719344 ) ) ;
#755 = EDGE_LOOP ( 'NONE', ( #1794, #119, #2585, #2712 ) ) ;
#756 = ADVANCED_FACE ( 'NONE', ( #2172 ), #665, .T. ) ;
#757 = CARTESIAN_POINT ( 'NONE',  ( 1.005495959485847912, 1.998999999999999888, 0.3093640339793430338 ) ) ;
#758 = VECTOR ( 'NONE', #2192, 1000.000000000000114 ) ;
#759 = SURFACE_STYLE_FILL_AREA ( #2443 ) ;
#760 = PRESENTATION_LAYER_ASSIGNMENT (  '', '', ( #1154 ) ) ;
#761 = EDGE_CURVE ( 'NONE', #1579, #890, #2101, .T. ) ;
#762 =( NAMED_UNIT ( * ) SI_UNIT ( $, .STERADIAN. ) SOLID_ANGLE_UNIT ( ) );
#763 = COLOUR_RGB ( '',0.1921568627450980227, 0.2039215686274509776, 0.2039215686274509776 ) ;
#764 = EDGE_LOOP ( 'NONE', ( #1232, #1005, #2543, #2659 ) ) ;
#765 = APPLICATION_PROTOCOL_DEFINITION ( 'draft international standard', 'automotive_design', 1998, #578 ) ;
#766 = FILL_AREA_STYLE_COLOUR ( '', #2300 ) ;
#767 = ORIENTED_EDGE ( 'NONE', *, *, #2332, .T. ) ;
#768 = CARTESIAN_POINT ( 'NONE',  ( 1.667981684308875279, 1.998999999999999888, 0.5911293546215069528 ) ) ;
#769 = CARTESIAN_POINT ( 'NONE',  ( 1.344862199222083943, 1.998999999999999888, -0.07535682152133969802 ) ) ;
#770 = CARTESIAN_POINT ( 'NONE',  ( 1.194811448530129994, 1.998999999999999888, -0.9218295220924770383 ) ) ;
#771 = ORIENTED_EDGE ( 'NONE', *, *, #1447, .T. ) ;
#772 = CARTESIAN_POINT ( 'NONE',  ( 1.604999999999999982, 0.0000000000000000000, 1.625000000000000000 ) ) ;
#773 = CARTESIAN_POINT ( 'NONE',  ( 1.114470318460206055, 1.998999999999999888, -0.8893539147386060328 ) ) ;
#774 = CARTESIAN_POINT ( 'NONE',  ( -0.1005526361797927926, 1.998999999999999888, -0.3828990810547365231 ) ) ;
#775 = EDGE_CURVE ( 'NONE', #1628, #1514, #54, .T. ) ;
#776 = EDGE_LOOP ( 'NONE', ( #2602, #610, #854, #2233 ) ) ;
#777 = PRESENTATION_STYLE_ASSIGNMENT (( #2480 ) ) ;
#778 = ORIENTED_EDGE ( 'NONE', *, *, #2051, .F. ) ;
#779 = CARTESIAN_POINT ( 'NONE',  ( 1.734634102153719715, 2.000000000000000000, 0.7126533872487720300 ) ) ;
#780 = CARTESIAN_POINT ( 'NONE',  ( 1.613538828075590015, 1.998999999999999888, -0.07698412307193899795 ) ) ;
#781 = DIRECTION ( 'NONE',  ( -1.008560160451631851E-16, 0.0000000000000000000, -1.000000000000000000 ) ) ;
#782 = CARTESIAN_POINT ( 'NONE',  ( -0.7850000000000000311, 0.0000000000000000000, -1.625000000000000000 ) ) ;
#783 = ORIENTED_EDGE ( 'NONE', *, *, #1737, .T. ) ;
#784 = CARTESIAN_POINT ( 'NONE',  ( 1.899999999999999911, 2.000000000000000000, 1.899999999999999911 ) ) ;
#785 = CARTESIAN_POINT ( 'NONE',  ( 1.166976922377209958, 1.998999999999999888, -0.9407000795321219799 ) ) ;
#786 = SURFACE_SIDE_STYLE ('',( #1382 ) ) ;
#787 = ORIENTED_EDGE ( 'NONE', *, *, #1265, .T. ) ;
#788 = FILL_AREA_STYLE_COLOUR ( '', #847 ) ;
#789 = CARTESIAN_POINT ( 'NONE',  ( 1.818736998913069947, 2.000000000000000000, 0.06882154722262180668 ) ) ;
#790 = EDGE_CURVE ( 'NONE', #1510, #1953, #2013, .T. ) ;
#791 = ORIENTED_EDGE ( 'NONE', *, *, #72, .T. ) ;
#792 = CARTESIAN_POINT ( 'NONE',  ( 1.631480882556955114, 2.000000000000000000, 0.5815639351099179954 ) ) ;
#793 = SURFACE_STYLE_USAGE ( .BOTH. , #1007 ) ;
#794 = EDGE_CURVE ( 'NONE', #1177, #1806, #533, .T. ) ;
#795 = VECTOR ( 'NONE', #2029, 1000.000000000000000 ) ;
#796 = FILL_AREA_STYLE ('',( #1633 ) ) ;
#797 = CARTESIAN_POINT ( 'NONE',  ( 1.255322057264011804, 1.998999999999999888, -0.8839990637417199926 ) ) ;
#798 = PLANE ( 'NONE',  #555 ) ;
#799 = VECTOR ( 'NONE', #2693, 1000.000000000000000 ) ;
#800 = LINE ( 'NONE', #772, #2575 ) ;
#801 = CARTESIAN_POINT ( 'NONE',  ( 1.844598523588410144, 2.000000000000000000, -0.6932000685847600208 ) ) ;
#802 = AXIS2_PLACEMENT_3D ( 'NONE', #2610, #696, #667 ) ;
#803 = PRESENTATION_LAYER_ASSIGNMENT (  '', '', ( #1905 ) ) ;
#804 = ORIENTED_EDGE ( 'NONE', *, *, #2454, .F. ) ;
#805 = PRESENTATION_LAYER_ASSIGNMENT (  '', '', ( #2407 ) ) ;
#806 = ORIENTED_EDGE ( 'NONE', *, *, #954, .T. ) ;
#807 = DIRECTION ( 'NONE',  ( 0.0000000000000000000, 1.000000000000000000, 0.0000000000000000000 ) ) ;
#808 = DIRECTION ( 'NONE',  ( 0.0000000000000000000, 0.0000000000000000000, -1.000000000000000000 ) ) ;
#809 = CARTESIAN_POINT ( 'NONE',  ( 1.818736998913069947, 1.998999999999999888, 0.06882154722262180668 ) ) ;
#810 = EDGE_CURVE ( 'NONE', #47, #1271, #1819, .T. ) ;
#811 = DIRECTION ( 'NONE',  ( 0.0000000000000000000, 0.0000000000000000000, 1.000000000000000000 ) ) ;
#812 = ORIENTED_EDGE ( 'NONE', *, *, #538, .F. ) ;
#813 = CARTESIAN_POINT ( 'NONE',  ( 1.588695564061294752, 2.000000000000000000, -0.7380808659891551216 ) ) ;
#814 = FACE_BOUND ( 'NONE', #1547, .T. ) ;
#815 = EDGE_LOOP ( 'NONE', ( #2413, #384, #2583, #99 ) ) ;
#816 = CARTESIAN_POINT ( 'NONE',  ( 1.005495959485847912, 1.998999999999999888, -0.3444821198668104878 ) ) ;
#817 = ORIENTED_EDGE ( 'NONE', *, *, #1603, .T. ) ;
#818 = CARTESIAN_POINT ( 'NONE',  ( 2.149999999999999911, 2.000000000000000000, -1.899999999999999911 ) ) ;
#819 = DIRECTION ( 'NONE',  ( 3.925438482902679717E-13, -1.000000000000000000, -4.590506860641049708E-13 ) ) ;
#820 = CARTESIAN_POINT ( 'NONE',  ( -0.7850000000000000311, -0.1000000000000000056, 1.625000000000000000 ) ) ;
#821 = EDGE_CURVE ( 'NONE', #1197, #560, #1608, .T. ) ;
#822 = CARTESIAN_POINT ( 'NONE',  ( 1.005495959485847912, 1.998999999999999888, 0.8542358288511379127 ) ) ;
#823 = CARTESIAN_POINT ( 'NONE',  ( 1.101198395776622041, 1.998999999999999888, 0.3157785649861569732 ) ) ;
#824 = EDGE_CURVE ( 'NONE', #2674, #2143, #498, .T. ) ;
#825 = B_SPLINE_SURFACE_WITH_KNOTS ( 'NONE', 3, 1, ( 
 ( #1122, #1783 ),
 ( #1313, #2621 ),
 ( #2645, #2636 ),
 ( #95, #2427 ),
 ( #1972, #2169 ),
 ( #1375, #250 ),
 ( #480, #966 ),
 ( #1108, #1152 ),
 ( #913, #726 ),
 ( #712, #1345 ),
 ( #2230, #279 ),
 ( #2201, #738 ),
 ( #1577, #1998 ),
 ( #1137, #1985 ),
 ( #102, #956 ),
 ( #692, #509 ),
 ( #2009, #1586 ),
 ( #1360, #1548 ),
 ( #2437, #520 ),
 ( #310, #1803 ),
 ( #2657, #752 ),
 ( #2289, #1198 ),
 ( #159, #2019 ) ),
 .UNSPECIFIED., .F., .F., .F.,
 ( 4, 1, 1, 1, 1, 1, 1, 1, 1, 1, 1, 1, 1, 1, 1, 1, 1, 1, 1, 1, 4 ),
 ( 2, 2 ),
 ( 0.0000000000000000000, 0.03151551312998480264, 0.06480979674365740240, 0.09991169883527560580, 0.1366755286001710146, 0.1751432978746824964, 0.2157650117082454966, 0.2581569125231215067, 0.3022930440652045192, 0.3927408518773999879, 0.4832984694610620302, 0.5744114847371659671, 0.6664774093514970188, 0.7120107481430549834, 0.7563744975915029922, 0.7998154803065210539, 0.8419616993485899981, 0.8828431755911849699, 0.9229180315891940545, 0.9619666184423850686, 1.000000000000000000 ),
 ( 0.0000000000000000000, 1.000000000000000000 ),
 .UNSPECIFIED. ) ;
#826 = CARTESIAN_POINT ( 'NONE',  ( 2.149999999999999911, 2.000000000000000000, 1.899999999999999911 ) ) ;
#827 = ORIENTED_EDGE ( 'NONE', *, *, #2611, .F. ) ;
#828 =( NAMED_UNIT ( * ) SI_UNIT ( $, .STERADIAN. ) SOLID_ANGLE_UNIT ( ) );
#829 = ORIENTED_EDGE ( 'NONE', *, *, #2454, .T. ) ;
#830 = DIRECTION ( 'NONE',  ( -1.000000000000000000, 0.0000000000000000000, 0.0000000000000000000 ) ) ;
#831 = LINE ( 'NONE', #171, #1502 ) ;
#832 = CARTESIAN_POINT ( 'NONE',  ( 0.5189398236627310590, 2.000000000000000000, -0.0007644290862337010158 ) ) ;
#833 = CARTESIAN_POINT ( 'NONE',  ( 1.724662807284685240, 1.998999999999999888, -0.05224561096091889789 ) ) ;
#834 = VECTOR ( 'NONE', #268, 1000.000000000000000 ) ;
#835 = CARTESIAN_POINT ( 'NONE',  ( 1.005495959485847912, 2.000000000000000000, 0.8542358288511379127 ) ) ;
#836 =( GEOMETRIC_REPRESENTATION_CONTEXT ( 3 ) GLOBAL_UNCERTAINTY_ASSIGNED_CONTEXT ( ( #1889 ) ) GLOBAL_UNIT_ASSIGNED_CONTEXT ( ( #1772, #731, #1339 ) ) REPRESENTATION_CONTEXT ( 'NONE', 'WORKASPACE' ) );
#837 = EDGE_CURVE ( 'NONE', #2052, #1484, #2147, .T. ) ;
#838 = CARTESIAN_POINT ( 'NONE',  ( 1.393092125782104063, 2.000000000000000000, 0.4969425979905799928 ) ) ;
#839 =( GEOMETRIC_REPRESENTATION_CONTEXT ( 3 ) GLOBAL_UNCERTAINTY_ASSIGNED_CONTEXT ( ( #1836 ) ) GLOBAL_UNIT_ASSIGNED_CONTEXT ( ( #2651, #315, #745 ) ) REPRESENTATION_CONTEXT ( 'NONE', 'WORKASPACE' ) );
#840 = UNCERTAINTY_MEASURE_WITH_UNIT (LENGTH_MEASURE( 1.000000000000000082E-05 ), #1553, 'distance_accuracy_value', 'NONE');
#841 = EDGE_CURVE ( 'NONE', #2552, #1182, #1319, .T. ) ;
#842 = EDGE_LOOP ( 'NONE', ( #2436, #2140, #674, #1935 ) ) ;
#843 = VECTOR ( 'NONE', #338, 1000.000000000000000 ) ;
#844 = ORIENTED_EDGE ( 'NONE', *, *, #1808, .F. ) ;
#845 = LINE ( 'NONE', #427, #260 ) ;
#846 = DIRECTION ( 'NONE',  ( 1.000000000000000000, 0.0000000000000000000, -2.644395542647570287E-16 ) ) ;
#847 = COLOUR_RGB ( '',0.7921568627450980005, 0.8196078431372548767, 0.9333333333333333481 ) ;
#848 = B_SPLINE_CURVE_WITH_KNOTS ( 'NONE', 3,
 ( #922, #75, #2586, #723, #460, #2631, #1732, #675, #734, #2409, #1307, #2162, #1103, #2213, #490 ),
 .UNSPECIFIED., .F., .F.,
 ( 4, 1, 1, 1, 1, 1, 1, 1, 1, 1, 1, 1, 4 ),
 ( 0.0000000000000000000, 0.05027287497458349935, 0.1027903700748776100, 0.1576131012369289819, 0.2146311133156754980, 0.2740612127265389941, 0.3356974550538849855, 0.4000702787165529850, 0.4668267493853399674, 0.6020780869193700369, 0.7357515335047499772, 0.8682046170340289581, 1.000000000000000000 ),
 .UNSPECIFIED. ) ;
#849 = CARTESIAN_POINT ( 'NONE',  ( 1.604999999999999982, 0.0000000000000000000, -1.625000000000000000 ) ) ;
#850 = VERTEX_POINT ( 'NONE', #2034 ) ;
#851 = DIRECTION ( 'NONE',  ( 0.0000000000000000000, 1.000000000000000000, 0.0000000000000000000 ) ) ;
#852 = LINE ( 'NONE', #881, #1598 ) ;
#853 = CARTESIAN_POINT ( 'NONE',  ( 1.093697081280719852, 1.998999999999999888, 0.3093640339793430338 ) ) ;
#854 = ORIENTED_EDGE ( 'NONE', *, *, #761, .F. ) ;
#855 = FILL_AREA_STYLE ('',( #2141 ) ) ;
#856 = ADVANCED_FACE ( 'NONE', ( #1431 ), #369, .F. ) ;
#857 = B_SPLINE_CURVE_WITH_KNOTS ( 'NONE', 3,
 ( #2487, #997, #596, #2501 ),
 .UNSPECIFIED., .F., .F.,
 ( 4, 4 ),
 ( 0.09090909090909089774, 0.1818181818181820175 ),
 .UNSPECIFIED. ) ;
#858 = ORIENTED_EDGE ( 'NONE', *, *, #2094, .T. ) ;
#859 =( LENGTH_UNIT ( ) NAMED_UNIT ( * ) SI_UNIT ( .MILLI., .METRE. ) );
#860 = LINE ( 'NONE', #1516, #936 ) ;
#861 = FILL_AREA_STYLE_COLOUR ( '', #1776 ) ;
#862 = CARTESIAN_POINT ( 'NONE',  ( 1.344862199222083943, 1.998999999999999888, -0.07535682152133969802 ) ) ;
#863 = FILL_AREA_STYLE_COLOUR ( '', #1109 ) ;
#864 = CARTESIAN_POINT ( 'NONE',  ( 1.334136272213519936, 2.000000000000000000, -0.1864252218210444845 ) ) ;
#865 = CARTESIAN_POINT ( 'NONE',  ( 1.466705123443035941, 1.998999999999999888, -0.01732174612297955260 ) ) ;
#866 = CARTESIAN_POINT ( 'NONE',  ( 1.818736998913069947, 1.998999999999999888, 0.7226677010687749814 ) ) ;
#867 = CARTESIAN_POINT ( 'NONE',  ( 1.465638922642791941, 1.998999999999999888, 0.5277681143003990494 ) ) ;
#868 = UNCERTAINTY_MEASURE_WITH_UNIT (LENGTH_MEASURE( 1.000000000000000082E-05 ), #83, 'distance_accuracy_value', 'NONE');
#869 = LINE ( 'NONE', #2716, #2402 ) ;
#870 = CARTESIAN_POINT ( 'NONE',  ( -0.2033966802742775137, 1.998999999999999888, 0.3783458701263675006 ) ) ;
#871 = ORIENTED_EDGE ( 'NONE', *, *, #1559, .F. ) ;
#872 = CARTESIAN_POINT ( 'NONE',  ( 0.7498407874422580166, 1.998999999999999888, 0.4297644528035304834 ) ) ;
#873 = ORIENTED_EDGE ( 'NONE', *, *, #588, .T. ) ;
#874 = EDGE_CURVE ( 'NONE', #94, #1369, #857, .T. ) ;
#875 = DIRECTION ( 'NONE',  ( 0.0000000000000000000, 1.000000000000000000, 0.0000000000000000000 ) ) ;
#876 = DIRECTION ( 'NONE',  ( 0.0000000000000000000, 1.000000000000000000, 0.0000000000000000000 ) ) ;
#877 = DIRECTION ( 'NONE',  ( 0.0000000000000000000, 0.0000000000000000000, -1.000000000000000000 ) ) ;
#878 = EDGE_CURVE ( 'NONE', #850, #1573, #1843, .T. ) ;
#879 = CARTESIAN_POINT ( 'NONE',  ( 1.288135590727311985, 1.998999999999999888, -0.2112954075424554601 ) ) ;
#880 = CARTESIAN_POINT ( 'NONE',  ( 1.393092125782104063, 1.998999999999999888, -0.1569035558555740006 ) ) ;
#881 = CARTESIAN_POINT ( 'NONE',  ( 1.844598523588410144, 1.998999999999999888, -0.5842257096104011005 ) ) ;
#882 = FILL_AREA_STYLE_COLOUR ( '', #2226 ) ;
#883 = PRESENTATION_LAYER_ASSIGNMENT (  '', '', ( #112 ) ) ;
#884 = CARTESIAN_POINT ( 'NONE',  ( 1.844598523588410144, 1.998999999999999888, -0.6932000685847600208 ) ) ;
#885 = CARTESIAN_POINT ( 'NONE',  ( 1.093697081280719852, 2.000000000000000000, -0.9983282737129649531 ) ) ;
#886 = B_SPLINE_CURVE_WITH_KNOTS ( 'NONE', 3,
 ( #545, #2045, #2502, #347, #1418, #1820, #1238 ),
 .UNSPECIFIED., .F., .F.,
 ( 4, 1, 1, 1, 4 ),
 ( 0.0000000000000000000, 0.2372165186042104745, 0.4825864912431360176, 0.7368469271779309882, 1.000000000000000000 ),
 .UNSPECIFIED. ) ;
#887 = ORIENTED_EDGE ( 'NONE', *, *, #2574, .T. ) ;
#888 = FACE_OUTER_BOUND ( 'NONE', #2092, .T. ) ;
#889 = STYLED_ITEM ( 'NONE', ( #346 ), #856 ) ;
#890 = VERTEX_POINT ( 'NONE', #987 ) ;
#891 = CARTESIAN_POINT ( 'NONE',  ( 1.399473708798350202, 1.998999999999999888, -0.7009965144484709976 ) ) ;
#892 =( NAMED_UNIT ( * ) SI_UNIT ( $, .STERADIAN. ) SOLID_ANGLE_UNIT ( ) );
#893 = VECTOR ( 'NONE', #1157, 1000.000000000000000 ) ;
#894 = ADVANCED_FACE ( 'NONE', ( #2514 ), #1739, .T. ) ;
#895 = CARTESIAN_POINT ( 'NONE',  ( 1.302507916529030085, 1.998999999999999888, -0.09973617657519358304 ) ) ;
#896 = ORIENTED_EDGE ( 'NONE', *, *, #2082, .F. ) ;
#897 = CARTESIAN_POINT ( 'NONE',  ( 1.114470318460206055, 2.000000000000000000, -0.8893539147386060328 ) ) ;
#898 = COLOUR_RGB ( '',0.8274509803921568096, 0.8392156862745098200, 0.8274509803921568096 ) ;
#899 = CARTESIAN_POINT ( 'NONE',  ( 0.7850000000000000311, 0.0000000000000000000, 1.625000000000000000 ) ) ;
#900 = AXIS2_PLACEMENT_3D ( 'NONE', #134, #974, #2467 ) ;
#901 = ADVANCED_FACE ( 'NONE', ( #430 ), #1913, .T. ) ;
#902 = CARTESIAN_POINT ( 'NONE',  ( -2.149999999999999911, 2.000000000000000000, 1.899999999999999911 ) ) ;
#903 = CARTESIAN_POINT ( 'NONE',  ( 1.242388969312481883, 2.000000000000000000, 0.5168904482041000170 ) ) ;
#904 = DIRECTION ( 'NONE',  ( 0.0000000000000000000, 0.0000000000000000000, 1.000000000000000000 ) ) ;
#905 = LINE ( 'NONE', #650, #714 ) ;
#906 = FILL_AREA_STYLE_COLOUR ( '', #1668 ) ;
#907 = CARTESIAN_POINT ( 'NONE',  ( 1.116535948949618051, 2.000000000000000000, -0.3249521261700165087 ) ) ;
#908 = ORIENTED_EDGE ( 'NONE', *, *, #416, .F. ) ;
#909 = CARTESIAN_POINT ( 'NONE',  ( 1.114470318460206055, 1.998999999999999888, -0.4534564788411700187 ) ) ;
#910 = CARTESIAN_POINT ( 'NONE',  ( -0.7455721007467189798, 2.000000000000000000, -0.02426220546418004706 ) ) ;
#911 = CARTESIAN_POINT ( 'NONE',  ( 1.114470318460206055, 2.000000000000000000, -0.8893539147386060328 ) ) ;
#912 = CARTESIAN_POINT ( 'NONE',  ( 1.302507916529030085, 2.000000000000000000, -0.09973617657519358304 ) ) ;
#913 = CARTESIAN_POINT ( 'NONE',  ( 1.638943977746429859, 1.998999999999999888, -0.6155842192402389834 ) ) ;
#914 = CARTESIAN_POINT ( 'NONE',  ( 1.288135590727311985, 2.000000000000000000, -0.2112954075424554601 ) ) ;
#915 = CARTESIAN_POINT ( 'NONE',  ( -1.899999999999999911, 2.000000000000000000, 2.149999999999999911 ) ) ;
#916 = PLANE ( 'NONE',  #2074 ) ;
#917 = ADVANCED_FACE ( 'NONE', ( #14 ), #1311, .F. ) ;
#918 = CARTESIAN_POINT ( 'NONE',  ( 1.466705123443035941, 2.000000000000000000, -0.6711678999691339520 ) ) ;
#919 = SURFACE_SIDE_STYLE ('',( #2003 ) ) ;
#920 = CARTESIAN_POINT ( 'NONE',  ( 0.5211272630328078748, 1.998999999999999888, -0.1590465330232414820 ) ) ;
#921 = VERTEX_POINT ( 'NONE', #1750 ) ;
#922 = CARTESIAN_POINT ( 'NONE',  ( 1.093697081280719852, 2.000000000000000000, 0.3093640339793430338 ) ) ;
#923 = CARTESIAN_POINT ( 'NONE',  ( 1.791999731630300019, 1.998999999999999888, -0.5874015443926040581 ) ) ;
#924 = CARTESIAN_POINT ( 'NONE',  ( 1.161962249413595938, 1.998999999999999888, 0.4587707109648299642 ) ) ;
#925 = ORIENTED_EDGE ( 'NONE', *, *, #396, .F. ) ;
#926 = LINE ( 'NONE', #80, #718 ) ;
#927 = FACE_OUTER_BOUND ( 'NONE', #2472, .T. ) ;
#928 = DIRECTION ( 'NONE',  ( -7.042071574656160948E-15, 0.0000000000000000000, -1.000000000000000000 ) ) ;
#929 = CARTESIAN_POINT ( 'NONE',  ( 0.7354871496469830294, 1.998999999999999888, -0.01750269680276889811 ) ) ;
#930 = EDGE_CURVE ( 'NONE', #47, #1477, #1089, .T. ) ;
#931 = CARTESIAN_POINT ( 'NONE',  ( 1.114470318460206055, 2.000000000000000000, -0.8893539147386060328 ) ) ;
#932 = CARTESIAN_POINT ( 'NONE',  ( -0.5846141668884510256, 2.000000000000000000, -0.3789759062515855037 ) ) ;
#933 = AXIS2_PLACEMENT_3D ( 'NONE', #1123, #663, #645 ) ;
#934 = SURFACE_STYLE_USAGE ( .BOTH. , #919 ) ;
#935 = CARTESIAN_POINT ( 'NONE',  ( 1.093697081280719852, 2.000000000000000000, -0.3444821198668104878 ) ) ;
#936 = VECTOR ( 'NONE', #875, 1000.000000000000000 ) ;
#937 = ADVANCED_FACE ( 'NONE', ( #1716 ), #660, .T. ) ;
#938 = ORIENTED_EDGE ( 'NONE', *, *, #350, .T. ) ;
#939 = DIRECTION ( 'NONE',  ( -1.000000000000000000, 0.0000000000000000000, 0.0000000000000000000 ) ) ;
#940 = CARTESIAN_POINT ( 'NONE',  ( 1.005495959485847912, 2.000000000000000000, -0.4534564788411700187 ) ) ;
#941 = ORIENTED_EDGE ( 'NONE', *, *, #92, .F. ) ;
#942 = LINE ( 'NONE', #1752, #948 ) ;
#943 = MECHANICAL_DESIGN_GEOMETRIC_PRESENTATION_REPRESENTATION (  '', ( #1458 ), #37 ) ;
#944 = VECTOR ( 'NONE', #1280, 1000.000000000000000 ) ;
#945 = DIRECTION ( 'NONE',  ( 1.000000000000000000, 0.0000000000000000000, 0.0000000000000000000 ) ) ;
#946 = ORIENTED_EDGE ( 'NONE', *, *, #1886, .T. ) ;
#947 = FILL_AREA_STYLE ('',( #2295 ) ) ;
#948 = VECTOR ( 'NONE', #2450, 1000.000000000000000 ) ;
#949 = LINE ( 'NONE', #1771, #1952 ) ;
#950 = DIRECTION ( 'NONE',  ( 1.000000000000000000, 0.0000000000000000000, 0.0000000000000000000 ) ) ;
#951 = CARTESIAN_POINT ( 'NONE',  ( 1.631480882556955114, 1.998999999999999888, -0.07228221873623559557 ) ) ;
#952 = ORIENTED_EDGE ( 'NONE', *, *, #383, .F. ) ;
#953 = CARTESIAN_POINT ( 'NONE',  ( -1.899999999999999911, 2.000000000000000000, -2.149999999999999911 ) ) ;
#954 = EDGE_CURVE ( 'NONE', #729, #741, #710, .T. ) ;
#955 = ORIENTED_EDGE ( 'NONE', *, *, #1217, .F. ) ;
#956 = CARTESIAN_POINT ( 'NONE',  ( 1.302507916529030085, 2.000000000000000000, -0.7535823304213470353 ) ) ;
#957 = DIRECTION ( 'NONE',  ( 0.0000000000000000000, 1.000000000000000000, 0.0000000000000000000 ) ) ;
#958 = ORIENTED_EDGE ( 'NONE', *, *, #383, .T. ) ;
#959 = DIRECTION ( 'NONE',  ( -1.000000000000000000, 0.0000000000000000000, -2.644395542647570287E-16 ) ) ;
#960 = LINE ( 'NONE', #273, #1858 ) ;
#961 = VERTEX_POINT ( 'NONE', #2670 ) ;
#962 =( LENGTH_UNIT ( ) NAMED_UNIT ( * ) SI_UNIT ( .MILLI., .METRE. ) );
#963 = B_SPLINE_CURVE_WITH_KNOTS ( 'NONE', 3,
 ( #197, #63, #2363, #923, #445, #1291, #2163, #1762, #2331, #1086, #1259, #30, #891, #2587, #247, #676, #1911, #1531, #1058, #2617, #2380, #2764, #1104 ),
 .UNSPECIFIED., .F., .F.,
 ( 4, 1, 1, 1, 1, 1, 1, 1, 1, 1, 1, 1, 1, 1, 1, 1, 1, 1, 1, 1, 4 ),
 ( 0.0000000000000000000, 0.03151551312998480264, 0.06480979674365740240, 0.09991169883527560580, 0.1366755286001710146, 0.1751432978746824964, 0.2157650117082454966, 0.2581569125231215067, 0.3022930440652045192, 0.3927408518773999879, 0.4832984694610620302, 0.5744114847371659671, 0.6664774093514970188, 0.7120107481430549834, 0.7563744975915029922, 0.7998154803065210539, 0.8419616993485899981, 0.8828431755911849699, 0.9229180315891940545, 0.9619666184423850686, 1.000000000000000000 ),
 .UNSPECIFIED. ) ;
#964 = CARTESIAN_POINT ( 'NONE',  ( 1.093697081280719852, 1.998999999999999888, 0.3093640339793430338 ) ) ;
#965 = EDGE_LOOP ( 'NONE', ( #636, #1576, #1687, #2200 ) ) ;
#966 = CARTESIAN_POINT ( 'NONE',  ( 1.704041081140209801, 2.000000000000000000, -0.6007225875090539402 ) ) ;
#967 = EDGE_LOOP ( 'NONE', ( #908, #1206, #1172, #2229 ) ) ;
#968 = DIRECTION ( 'NONE',  ( 0.0000000000000000000, 0.0000000000000000000, 1.000000000000000000 ) ) ;
#969 = PLANE ( 'NONE',  #975 ) ;
#970 = ORIENTED_EDGE ( 'NONE', *, *, #2283, .T. ) ;
#971 = DIRECTION ( 'NONE',  ( 0.0000000000000000000, 1.000000000000000000, 0.0000000000000000000 ) ) ;
#972 = VECTOR ( 'NONE', #2204, 1000.000000000000000 ) ;
#973 = ORIENTED_EDGE ( 'NONE', *, *, #702, .F. ) ;
#974 = DIRECTION ( 'NONE',  ( 1.571516921614460011E-12, -1.000000000000000000, -1.905380692785645036E-12 ) ) ;
#975 = AXIS2_PLACEMENT_3D ( 'NONE', #2050, #1215, #2494 ) ;
#976 = CARTESIAN_POINT ( 'NONE',  ( 1.302507916529030085, 1.998999999999999888, -0.09973617657519358304 ) ) ;
#977 = DIRECTION ( 'NONE',  ( -1.000000000000000000, 0.0000000000000000000, 0.0000000000000000000 ) ) ;
#978 = COLOUR_RGB ( '',0.1921568627450980227, 0.2039215686274509776, 0.2039215686274509776 ) ;
#979 = ORIENTED_EDGE ( 'NONE', *, *, #361, .F. ) ;
#980 = DIRECTION ( 'NONE',  ( 0.0000000000000000000, -1.000000000000000000, 0.0000000000000000000 ) ) ;
#981 = ADVANCED_FACE ( 'NONE', ( #1358 ), #2214, .F. ) ;
#982 = CARTESIAN_POINT ( 'NONE',  ( 0.7293673638202110565, 1.998999999999999888, -0.2081561519208799949 ) ) ;
#983 = DIRECTION ( 'NONE',  ( 0.0000000000000000000, 1.000000000000000000, 0.0000000000000000000 ) ) ;
#984 = VERTEX_POINT ( 'NONE', #2089 ) ;
#985 = ORIENTED_EDGE ( 'NONE', *, *, #609, .F. ) ;
#986 = CARTESIAN_POINT ( 'NONE',  ( 1.783761415491974978, 1.998999999999999888, -0.6979959836438809351 ) ) ;
#987 = CARTESIAN_POINT ( 'NONE',  ( 0.7354871496469830294, 1.998999999999999888, -0.01750269680276889811 ) ) ;
#988 = ORIENTED_EDGE ( 'NONE', *, *, #1265, .F. ) ;
#989 = DIRECTION ( 'NONE',  ( 1.000000000000000000, 0.0000000000000000000, 0.0000000000000000000 ) ) ;
#990 = DIRECTION ( 'NONE',  ( -1.000000000000000000, 0.0000000000000000000, 0.0000000000000000000 ) ) ;
#991 = EDGE_CURVE ( 'NONE', #1529, #169, #2509, .T. ) ;
#992 = CARTESIAN_POINT ( 'NONE',  ( 1.613538828075590015, 2.000000000000000000, -0.07698412307193899795 ) ) ;
#993 = ORIENTED_EDGE ( 'NONE', *, *, #2352, .F. ) ;
#994 = ORIENTED_EDGE ( 'NONE', *, *, #1503, .T. ) ;
#995 = CARTESIAN_POINT ( 'NONE',  ( 1.631480882556955114, 1.998999999999999888, 0.5815639351099179954 ) ) ;
#996 = DIRECTION ( 'NONE',  ( 0.0000000000000000000, 1.000000000000000000, 0.0000000000000000000 ) ) ;
#997 = CARTESIAN_POINT ( 'NONE',  ( 0.3940700535839914975, 2.000000000000000000, 0.7886627205200660296 ) ) ;
#998 = ORIENTED_EDGE ( 'NONE', *, *, #837, .F. ) ;
#999 = CARTESIAN_POINT ( 'NONE',  ( 1.093697081280719852, 2.000000000000000000, -0.3444821198668104878 ) ) ;
#1000 = CARTESIAN_POINT ( 'NONE',  ( 1.116535948949618051, 1.998999999999999888, -0.9787982800161700858 ) ) ;
#1001 = CARTESIAN_POINT ( 'NONE',  ( 2.149999999999999911, 2.000000000000000000, 2.149999999999999911 ) ) ;
#1002 = UNCERTAINTY_MEASURE_WITH_UNIT (LENGTH_MEASURE( 1.000000000000000082E-05 ), #2434, 'distance_accuracy_value', 'NONE');
#1003 = CARTESIAN_POINT ( 'NONE',  ( 1.638943977746429859, 2.000000000000000000, 0.03826193460591545414 ) ) ;
#1004 = EDGE_CURVE ( 'NONE', #1477, #1047, #2729, .T. ) ;
#1005 = ORIENTED_EDGE ( 'NONE', *, *, #541, .F. ) ;
#1006 = LINE ( 'NONE', #1429, #1999 ) ;
#1007 = SURFACE_SIDE_STYLE ('',( #1209 ) ) ;
#1008 = VECTOR ( 'NONE', #1842, 1000.000000000000000 ) ;
#1009 = CARTESIAN_POINT ( 'NONE',  ( 1.844598523588410144, 1.998999999999999888, 0.06962044423575329544 ) ) ;
#1010 = CARTESIAN_POINT ( 'NONE',  ( 1.724662807284685240, 2.000000000000000000, -0.7060917648070731412 ) ) ;
#1011 = DIRECTION ( 'NONE',  ( 0.0000000000000000000, 1.000000000000000000, 0.0000000000000000000 ) ) ;
#1012 = COLOUR_RGB ( '',0.1921568627450980227, 0.2039215686274509776, 0.2039215686274509776 ) ;
#1013 = VECTOR ( 'NONE', #379, 1000.000000000000000 ) ;
#1014 = CARTESIAN_POINT ( 'NONE',  ( 1.194811448530129994, 1.998999999999999888, -0.9218295220924770383 ) ) ;
#1015 = AXIS2_PLACEMENT_3D ( 'NONE', #784, #2253, #1434 ) ;
#1016 = DIRECTION ( 'NONE',  ( -1.000000000000000000, 0.0000000000000000000, 0.0000000000000000000 ) ) ;
#1017 =( GEOMETRIC_REPRESENTATION_CONTEXT ( 3 ) GLOBAL_UNCERTAINTY_ASSIGNED_CONTEXT ( ( #207 ) ) GLOBAL_UNIT_ASSIGNED_CONTEXT ( ( #1831, #1609, #1200 ) ) REPRESENTATION_CONTEXT ( 'NONE', 'WORKASPACE' ) );
#1018 = ORIENTED_EDGE ( 'NONE', *, *, #794, .F. ) ;
#1019 = VECTOR ( 'NONE', #2054, 1000.000000000000000 ) ;
#1020 = ORIENTED_EDGE ( 'NONE', *, *, #1717, .T. ) ;
#1021 = CARTESIAN_POINT ( 'NONE',  ( 1.844598523588410144, 2.000000000000000000, 0.6144922391075480217 ) ) ;
#1022 = EDGE_CURVE ( 'NONE', #1595, #2052, #1041, .T. ) ;
#1023 = CARTESIAN_POINT ( 'NONE',  ( -1.899999999999999911, 2.000000000000000000, -2.149999999999999911 ) ) ;
#1024 = CARTESIAN_POINT ( 'NONE',  ( 0.1654665890170579912, 2.000000000000000000, -0.6426426023145790367 ) ) ;
#1025 = DIRECTION ( 'NONE',  ( 0.0000000000000000000, 0.0000000000000000000, -1.000000000000000000 ) ) ;
#1026 = LINE ( 'NONE', #415, #2254 ) ;
#1027 = LINE ( 'NONE', #1877, #161 ) ;
#1028 = CARTESIAN_POINT ( 'NONE',  ( 1.116535948949618051, 2.000000000000000000, 0.3288940276761374570 ) ) ;
#1029 = VERTEX_POINT ( 'NONE', #826 ) ;
#1030 = CARTESIAN_POINT ( 'NONE',  ( 1.137494231787217869, 2.000000000000000000, -0.2148694705239820313 ) ) ;
#1031 = EDGE_LOOP ( 'NONE', ( #1479, #2667, #504, #1255 ) ) ;
#1032 = PLANE ( 'NONE',  #1677 ) ;
#1033 = CARTESIAN_POINT ( 'NONE',  ( -1.497270752819366058, 1.998999999999999888, -1.500000000000000000 ) ) ;
#1034 = EDGE_CURVE ( 'NONE', #2286, #984, #2103, .T. ) ;
#1035 = CARTESIAN_POINT ( 'NONE',  ( 1.631480882556955114, 2.000000000000000000, 0.5815639351099179954 ) ) ;
#1036 = CARTESIAN_POINT ( 'NONE',  ( 1.667981684308880164, 1.998999999999999888, -0.06271679922464640233 ) ) ;
#1037 = EDGE_CURVE ( 'NONE', #850, #2545, #190, .T. ) ;
#1038 = CARTESIAN_POINT ( 'NONE',  ( -0.5619670613766419853, 2.000000000000000000, -0.5345340290862310439 ) ) ;
#1039 = CARTESIAN_POINT ( 'NONE',  ( 1.224256708570093943, 1.998999999999999888, 0.4047108882339554570 ) ) ;
#1040 = B_SPLINE_SURFACE_WITH_KNOTS ( 'NONE', 3, 1, ( 
 ( #870, #1966 ),
 ( #422, #1744 ),
 ( #2549, #1097 ),
 ( #1285, #1525 ) ),
 .UNSPECIFIED., .F., .F., .F.,
 ( 4, 4 ),
 ( 2, 2 ),
 ( 0.6363636363636370197, 0.7272727272727269598 ),
 ( 0.0000000000000000000, 1.000000000000000000 ),
 .UNSPECIFIED. ) ;
#1041 = LINE ( 'NONE', #421, #1013 ) ;
#1042 = ORIENTED_EDGE ( 'NONE', *, *, #739, .T. ) ;
#1043 = ORIENTED_EDGE ( 'NONE', *, *, #1462, .F. ) ;
#1044 =( LENGTH_UNIT ( ) NAMED_UNIT ( * ) SI_UNIT ( .MILLI., .METRE. ) );
#1045 = CARTESIAN_POINT ( 'NONE',  ( -0.9842666771246730839, 2.000000000000000000, 0.1211016244570785882 ) ) ;
#1046 = CARTESIAN_POINT ( 'NONE',  ( 1.137494231787217869, 1.998999999999999888, -0.2148694705239820313 ) ) ;
#1047 = VERTEX_POINT ( 'NONE', #1890 ) ;
#1048 = STYLED_ITEM ( 'NONE', ( #2632 ), #458 ) ;
#1049 = CARTESIAN_POINT ( 'NONE',  ( 1.763933828761194977, 2.000000000000000000, 0.7171248994103359697 ) ) ;
#1050 = AXIS2_PLACEMENT_3D ( 'NONE', #123, #2723, #781 ) ;
#1051 = EDGE_CURVE ( 'NONE', #309, #47, #869, .T. ) ;
#1052 = CARTESIAN_POINT ( 'NONE',  ( 1.613538828075590015, 1.998999999999999888, 0.5768620307742150510 ) ) ;
#1053 = COLOUR_RGB ( '',0.1921568627450980227, 0.2039215686274509776, 0.2039215686274509776 ) ;
#1054 = ORIENTED_EDGE ( 'NONE', *, *, #1503, .F. ) ;
#1055 = CIRCLE ( 'NONE', #1015, 0.2500000000000000000 ) ;
#1056 = ORIENTED_EDGE ( 'NONE', *, *, #1804, .F. ) ;
#1057 = SURFACE_SIDE_STYLE ('',( #2763 ) ) ;
#1058 = CARTESIAN_POINT ( 'NONE',  ( 1.187387142859996025, 1.998999999999999888, -0.8291111210405519572 ) ) ;
#1059 = CARTESIAN_POINT ( 'NONE',  ( 1.535105287417090070, 1.998999999999999888, 0.6623752494765839938 ) ) ;
#1060 = CARTESIAN_POINT ( 'NONE',  ( -0.8685181164947519683, 2.000000000000000000, -0.2812083723933140322 ) ) ;
#1061 = LINE ( 'NONE', #897, #944 ) ;
#1062 = CARTESIAN_POINT ( 'NONE',  ( -0.2033966802742775137, 1.998999999999999888, 0.3783458701263675006 ) ) ;
#1063 = CARTESIAN_POINT ( 'NONE',  ( 1.638943977746429859, 1.998999999999999888, 0.03826193460591545414 ) ) ;
#1064 = CARTESIAN_POINT ( 'NONE',  ( 1.836137204112395116, 2.000000000000000000, 0.7232052166304500096 ) ) ;
#1065 = CARTESIAN_POINT ( 'NONE',  ( 1.465638922642791941, 2.000000000000000000, 0.5277681143003990494 ) ) ;
#1066 = CARTESIAN_POINT ( 'NONE',  ( 1.101198395776622041, 2.000000000000000000, -0.9919137427061499590 ) ) ;
#1067 = VERTEX_POINT ( 'NONE', #669 ) ;
#1068 = EDGE_CURVE ( 'NONE', #651, #1395, #1743, .T. ) ;
#1069 = EDGE_LOOP ( 'NONE', ( #767, #1934, #2762, #2022 ) ) ;
#1070 = CARTESIAN_POINT ( 'NONE',  ( 1.187387142859996025, 2.000000000000000000, 0.4785811866517570290 ) ) ;
#1071 = CARTESIAN_POINT ( 'NONE',  ( 0.5134184882296609631, 2.000000000000000000, 0.3980672181578629454 ) ) ;
#1072 = CARTESIAN_POINT ( 'NONE',  ( -0.5335578645262448738, 1.998999999999999888, 0.5354677598901479429 ) ) ;
#1073 = CARTESIAN_POINT ( 'NONE',  ( -0.7100090141325500204, 1.998999999999999888, -0.5056158054641859412 ) ) ;
#1074 = DIRECTION ( 'NONE',  ( 1.000000000000000000, 0.0000000000000000000, 0.0000000000000000000 ) ) ;
#1075 = CARTESIAN_POINT ( 'NONE',  ( 1.334136272213519936, 1.998999999999999888, -0.1864252218210444845 ) ) ;
#1076 = CARTESIAN_POINT ( 'NONE',  ( 1.588695564061294752, 1.998999999999999888, -0.08423471214300079501 ) ) ;
#1077 = CARTESIAN_POINT ( 'NONE',  ( 1.271732682161234029, 1.998999999999999888, 0.5357942822294450291 ) ) ;
#1078 = SURFACE_SIDE_STYLE ('',( #2385 ) ) ;
#1079 = UNCERTAINTY_MEASURE_WITH_UNIT (LENGTH_MEASURE( 1.000000000000000082E-05 ), #245, 'distance_accuracy_value', 'NONE');
#1080 = CARTESIAN_POINT ( 'NONE',  ( 1.899999999999999911, 0.0000000000000000000, -2.149999999999999911 ) ) ;
#1081 = FACE_OUTER_BOUND ( 'NONE', #2565, .T. ) ;
#1082 = VERTEX_POINT ( 'NONE', #1080 ) ;
#1083 = DIRECTION ( 'NONE',  ( 0.0000000000000000000, 1.000000000000000000, 0.0000000000000000000 ) ) ;
#1084 = VERTEX_POINT ( 'NONE', #1116 ) ;
#1085 = CARTESIAN_POINT ( 'NONE',  ( 1.271732682161234029, 2.000000000000000000, 0.5357942822294450291 ) ) ;
#1086 = CARTESIAN_POINT ( 'NONE',  ( 1.592944016905269988, 1.998999999999999888, -0.6275465048497030907 ) ) ;
#1087 = CARTESIAN_POINT ( 'NONE',  ( -1.497270752819366058, 1.998999999999999888, -1.500000000000000000 ) ) ;
#1088 = ADVANCED_FACE ( 'NONE', ( #2626 ), #2389, .F. ) ;
#1089 = LINE ( 'NONE', #2766, #193 ) ;
#1090 = ORIENTED_EDGE ( 'NONE', *, *, #2207, .T. ) ;
#1091 = CARTESIAN_POINT ( 'NONE',  ( -1.604999999999999982, -0.1000000000000000056, 1.625000000000000000 ) ) ;
#1092 = CARTESIAN_POINT ( 'NONE',  ( 1.194811448530127995, 1.998999999999999888, -0.2679833682463225175 ) ) ;
#1093 = CARTESIAN_POINT ( 'NONE',  ( 1.844598523588410144, 1.998999999999999888, -0.6932000685847600208 ) ) ;
#1094 = CARTESIAN_POINT ( 'NONE',  ( 1.592944016905269988, 2.000000000000000000, 0.6801458028426049518 ) ) ;
#1095 = MECHANICAL_DESIGN_GEOMETRIC_PRESENTATION_REPRESENTATION (  '', ( #1939 ), #189 ) ;
#1096 = CARTESIAN_POINT ( 'NONE',  ( -1.647270752819369966, 1.998999999999999888, 1.500000000000000000 ) ) ;
#1097 = CARTESIAN_POINT ( 'NONE',  ( -0.7455721007467189798, 2.000000000000000000, -0.02426220546418004706 ) ) ;
#1098 = EDGE_LOOP ( 'NONE', ( #1893, #1587, #2620, #746, #342, #994, #528, #2656 ) ) ;
#1099 = CARTESIAN_POINT ( 'NONE',  ( 0.7498407874422580166, 2.000000000000000000, 0.4297644528035304834 ) ) ;
#1100 = CARTESIAN_POINT ( 'NONE',  ( 0.1654665890170579912, 1.998999999999999888, -0.6426426023145790367 ) ) ;
#1101 = VECTOR ( 'NONE', #1846, 1000.000000000000000 ) ;
#1102 = ORIENTED_EDGE ( 'NONE', *, *, #1004, .T. ) ;
#1103 = CARTESIAN_POINT ( 'NONE',  ( 1.538885060303289976, 2.000000000000000000, 0.5550740808328560316 ) ) ;
#1104 = CARTESIAN_POINT ( 'NONE',  ( 1.114470318460206055, 1.998999999999999888, -0.8893539147386060328 ) ) ;
#1105 = CARTESIAN_POINT ( 'NONE',  ( 1.844598523588410144, 1.998999999999999888, -0.6932000685847600208 ) ) ;
#1106 = STYLED_ITEM ( 'NONE', ( #1557 ), #1822 ) ;
#1107 = ADVANCED_FACE ( 'NONE', ( #2176 ), #1508, .F. ) ;
#1108 = CARTESIAN_POINT ( 'NONE',  ( 1.672122341919930033, 1.998999999999999888, -0.6074953902548559936 ) ) ;
#1109 = COLOUR_RGB ( '',0.8274509803921568096, 0.8392156862745098200, 0.8274509803921568096 ) ;
#1110 = CARTESIAN_POINT ( 'NONE',  ( 1.140965832094679833, 1.998999999999999888, -0.3059510901845515218 ) ) ;
#1111 = VECTOR ( 'NONE', #2544, 1000.000000000000000 ) ;
#1112 = LINE ( 'NONE', #435, #2743 ) ;
#1113 = EDGE_CURVE ( 'NONE', #703, #1151, #2373, .T. ) ;
#1114 = FACE_OUTER_BOUND ( 'NONE', #2080, .T. ) ;
#1115 = CARTESIAN_POINT ( 'NONE',  ( 2.149999999999999911, 0.0000000000000000000, 2.149999999999999911 ) ) ;
#1116 = CARTESIAN_POINT ( 'NONE',  ( 1.114470318460206055, 2.000000000000000000, 0.8542358288511379127 ) ) ;
#1117 = CARTESIAN_POINT ( 'NONE',  ( 1.465638922642790165, 2.000000000000000000, -0.7799241933919078829 ) ) ;
#1118 = FACE_OUTER_BOUND ( 'NONE', #965, .T. ) ;
#1119 = ORIENTED_EDGE ( 'NONE', *, *, #790, .F. ) ;
#1120 = CARTESIAN_POINT ( 'NONE',  ( 0.5189398236627310590, 2.000000000000000000, -0.0007644290862337010158 ) ) ;
#1121 = CARTESIAN_POINT ( 'NONE',  ( 1.242388969312481883, 1.998999999999999888, 0.5168904482041000170 ) ) ;
#1122 = CARTESIAN_POINT ( 'NONE',  ( 1.844598523588410144, 1.998999999999999888, -0.5842257096104011005 ) ) ;
#1123 = CARTESIAN_POINT ( 'NONE',  ( 1.114470318460206055, 1.998999999999999888, 0.2003896750049840025 ) ) ;
#1124 = EDGE_CURVE ( 'NONE', #921, #1653, #1273, .T. ) ;
#1125 = CARTESIAN_POINT ( 'NONE',  ( 1.836137204112395116, 1.998999999999999888, 0.06935906278429600225 ) ) ;
#1126 = LINE ( 'NONE', #510, #1818 ) ;
#1127 = CARTESIAN_POINT ( 'NONE',  ( 1.005495959485847912, 1.998999999999999888, -0.4534564788411700187 ) ) ;
#1128 = ADVANCED_FACE ( 'NONE', ( #22 ), #1770, .T. ) ;
#1129 = CARTESIAN_POINT ( 'NONE',  ( 1.344862199222083943, 2.000000000000000000, -0.7292029753674940107 ) ) ;
#1130 = DIRECTION ( 'NONE',  ( 1.000000000000000000, 0.0000000000000000000, -2.644395542647570287E-16 ) ) ;
#1131 = DIRECTION ( 'NONE',  ( 0.0000000000000000000, 1.000000000000000000, 0.0000000000000000000 ) ) ;
#1132 = CARTESIAN_POINT ( 'NONE',  ( 1.255322057264014024, 2.000000000000000000, -0.2301529098955654717 ) ) ;
#1133 = ORIENTED_EDGE ( 'NONE', *, *, #230, .F. ) ;
#1134 = FILL_AREA_STYLE_COLOUR ( '', #2740 ) ;
#1135 = FACE_OUTER_BOUND ( 'NONE', #2642, .T. ) ;
#1136 = EDGE_LOOP ( 'NONE', ( #2275, #1840, #1663, #405 ) ) ;
#1137 = CARTESIAN_POINT ( 'NONE',  ( 1.344862199222083943, 1.998999999999999888, -0.7292029753674940107 ) ) ;
#1138 = SURFACE_STYLE_FILL_AREA ( #1390 ) ;
#1139 = PRODUCT_DEFINITION ( 'UNKNOWN', '', #344, #2508 ) ;
#1140 =( NAMED_UNIT ( * ) PLANE_ANGLE_UNIT ( ) SI_UNIT ( $, .RADIAN. ) );
#1141 = DIRECTION ( 'NONE',  ( -1.000000000000000000, 0.0000000000000000000, 0.0000000000000000000 ) ) ;
#1142 = VECTOR ( 'NONE', #574, 1000.000000000000000 ) ;
#1143 = EDGE_CURVE ( 'NONE', #2591, #850, #2208, .T. ) ;
#1144 = DIRECTION ( 'NONE',  ( 1.000000000000000000, 0.0000000000000000000, 0.0000000000000000000 ) ) ;
#1145 = CARTESIAN_POINT ( 'NONE',  ( -1.497270752819366058, 1.998999999999999888, 1.500000000000000000 ) ) ;
#1146 = AXIS2_PLACEMENT_3D ( 'NONE', #1033, #595, #2540 ) ;
#1147 = ORIENTED_EDGE ( 'NONE', *, *, #1537, .T. ) ;
#1148 = MECHANICAL_DESIGN_GEOMETRIC_PRESENTATION_REPRESENTATION (  '', ( #81 ), #2174 ) ;
#1149 = PRESENTATION_STYLE_ASSIGNMENT (( #1574 ) ) ;
#1150 = SURFACE_STYLE_FILL_AREA ( #291 ) ;
#1151 = VERTEX_POINT ( 'NONE', #697 ) ;
#1152 = CARTESIAN_POINT ( 'NONE',  ( 1.672122341919930033, 2.000000000000000000, -0.6074953902548559936 ) ) ;
#1153 = VECTOR ( 'NONE', #989, 1000.000000000000000 ) ;
#1154 = STYLED_ITEM ( 'NONE', ( #1155 ), #2137 ) ;
#1155 = PRESENTATION_STYLE_ASSIGNMENT (( #2440 ) ) ;
#1156 = ORIENTED_EDGE ( 'NONE', *, *, #2707, .F. ) ;
#1157 = DIRECTION ( 'NONE',  ( 1.000000000000000000, 0.0000000000000000000, 0.0000000000000000000 ) ) ;
#1158 = MECHANICAL_DESIGN_GEOMETRIC_PRESENTATION_REPRESENTATION (  '', ( #2710 ), #303 ) ;
#1159 = CARTESIAN_POINT ( 'NONE',  ( 1.101198395776622041, 2.000000000000000000, -0.3380675888599964374 ) ) ;
#1160 = EDGE_CURVE ( 'NONE', #586, #1448, #1991, .T. ) ;
#1161 = VERTEX_POINT ( 'NONE', #1708 ) ;
#1162 = FACE_OUTER_BOUND ( 'NONE', #9, .T. ) ;
#1163 = ADVANCED_FACE ( 'NONE', ( #2561 ), #1707, .T. ) ;
#1164 = ORIENTED_EDGE ( 'NONE', *, *, #2321, .F. ) ;
#1165 = CARTESIAN_POINT ( 'NONE',  ( 1.844598523588410144, 1.998999999999999888, -0.6932000685847600208 ) ) ;
#1166 = CARTESIAN_POINT ( 'NONE',  ( 1.137494231787219867, 1.998999999999999888, 0.4389766833221719344 ) ) ;
#1167 = ORIENTED_EDGE ( 'NONE', *, *, #1444, .T. ) ;
#1168 = PLANE ( 'NONE',  #1376 ) ;
#1169 = CARTESIAN_POINT ( 'NONE',  ( 1.613538828075590015, 1.998999999999999888, -0.7308302769180929914 ) ) ;
#1170 = CARTESIAN_POINT ( 'NONE',  ( -0.2396980849986910245, 2.000000000000000000, -0.5241952826295389611 ) ) ;
#1171 = ORIENTED_EDGE ( 'NONE', *, *, #1630, .F. ) ;
#1172 = ORIENTED_EDGE ( 'NONE', *, *, #2017, .T. ) ;
#1173 = CARTESIAN_POINT ( 'NONE',  ( 1.613538828075590015, 1.998999999999999888, -0.7308302769180929914 ) ) ;
#1174 = ADVANCED_FACE ( 'NONE', ( #1118 ), #1760, .F. ) ;
#1175 = DIRECTION ( 'NONE',  ( -1.000000000000000000, 0.0000000000000000000, 0.0000000000000000000 ) ) ;
#1176 = CARTESIAN_POINT ( 'NONE',  ( 1.114470318460206055, 2.000000000000000000, 0.2003896750049840025 ) ) ;
#1177 = VERTEX_POINT ( 'NONE', #2223 ) ;
#1178 = PLANE ( 'NONE',  #1227 ) ;
#1179 =( NAMED_UNIT ( * ) SI_UNIT ( $, .STERADIAN. ) SOLID_ANGLE_UNIT ( ) );
#1180 = VERTEX_POINT ( 'NONE', #1145 ) ;
#1181 = VECTOR ( 'NONE', #2056, 1000.000000000000000 ) ;
#1182 = VERTEX_POINT ( 'NONE', #1789 ) ;
#1183 = CARTESIAN_POINT ( 'NONE',  ( 1.724662807284685240, 2.000000000000000000, 0.6016005428852350123 ) ) ;
#1184 = COLOUR_RGB ( '',0.1019607843137254888, 0.1019607843137254888, 0.1019607843137254888 ) ;
#1185 = ADVANCED_FACE ( 'NONE', ( #302 ), #1541, .T. ) ;
#1186 = DIRECTION ( 'NONE',  ( 0.0000000000000000000, 0.0000000000000000000, 1.000000000000000000 ) ) ;
#1187 = STYLED_ITEM ( 'NONE', ( #116 ), #1825 ) ;
#1188 = ORIENTED_EDGE ( 'NONE', *, *, #2238, .T. ) ;
#1189 = CARTESIAN_POINT ( 'NONE',  ( -0.5335578645262448738, 2.000000000000000000, 0.5354677598901479429 ) ) ;
#1190 = AXIS2_PLACEMENT_3D ( 'NONE', #2505, #152, #2075 ) ;
#1191 = EDGE_CURVE ( 'NONE', #1448, #1276, #1978, .T. ) ;
#1192 = CARTESIAN_POINT ( 'NONE',  ( 0.5189398236627310590, 1.998999999999999888, -0.0007644290862337010158 ) ) ;
#1193 = VECTOR ( 'NONE', #830, 1000.000000000000000 ) ;
#1194 = PLANE ( 'NONE',  #1224 ) ;
#1195 = ORIENTED_EDGE ( 'NONE', *, *, #2049, .F. ) ;
#1196 = CARTESIAN_POINT ( 'NONE',  ( 1.763933828761194977, 2.000000000000000000, 0.06327874556418290608 ) ) ;
#1197 = VERTEX_POINT ( 'NONE', #2406 ) ;
#1198 = CARTESIAN_POINT ( 'NONE',  ( 1.122077273403711883, 2.000000000000000000, -0.8825351544907659163 ) ) ;
#1199 = LINE ( 'NONE', #2526, #1767 ) ;
#1200 =( NAMED_UNIT ( * ) SI_UNIT ( $, .STERADIAN. ) SOLID_ANGLE_UNIT ( ) );
#1201 = ORIENTED_EDGE ( 'NONE', *, *, #2185, .F. ) ;
#1202 = DIRECTION ( 'NONE',  ( 0.0000000000000000000, 0.0000000000000000000, -1.000000000000000000 ) ) ;
#1203 = CARTESIAN_POINT ( 'NONE',  ( 1.613538828075590015, 2.000000000000000000, 0.5768620307742150510 ) ) ;
#1204 = EDGE_CURVE ( 'NONE', #1344, #1391, #488, .T. ) ;
#1205 =( NAMED_UNIT ( * ) PLANE_ANGLE_UNIT ( ) SI_UNIT ( $, .RADIAN. ) );
#1206 = ORIENTED_EDGE ( 'NONE', *, *, #2190, .F. ) ;
#1207 = ORIENTED_EDGE ( 'NONE', *, *, #878, .T. ) ;
#1208 = DIRECTION ( 'NONE',  ( 1.000000000000000000, 0.0000000000000000000, 0.0000000000000000000 ) ) ;
#1209 = SURFACE_STYLE_FILL_AREA ( #2513 ) ;
#1210 = CARTESIAN_POINT ( 'NONE',  ( 1.005495959485847912, 1.998999999999999888, 0.2003896750049840025 ) ) ;
#1211 = LINE ( 'NONE', #1860, #1780 ) ;
#1212 = LINE ( 'NONE', #150, #2438 ) ;
#1213 = LINE ( 'NONE', #2381, #339 ) ;
#1214 = FACE_OUTER_BOUND ( 'NONE', #1464, .T. ) ;
#1215 = DIRECTION ( 'NONE',  ( -1.000000000000000000, 0.0000000000000000000, 0.0000000000000000000 ) ) ;
#1216 = UNCERTAINTY_MEASURE_WITH_UNIT (LENGTH_MEASURE( 1.000000000000000082E-05 ), #1044, 'distance_accuracy_value', 'NONE');
#1217 = EDGE_CURVE ( 'NONE', #2268, #1239, #960, .T. ) ;
#1218 = ORIENTED_EDGE ( 'NONE', *, *, #1191, .F. ) ;
#1219 = VERTEX_POINT ( 'NONE', #73 ) ;
#1220 = FACE_OUTER_BOUND ( 'NONE', #426, .T. ) ;
#1221 = LINE ( 'NONE', #1656, #26 ) ;
#1222 = CARTESIAN_POINT ( 'NONE',  ( 1.734634102153719715, 2.000000000000000000, 0.05880723340261859861 ) ) ;
#1223 = ORIENTED_EDGE ( 'NONE', *, *, #412, .F. ) ;
#1224 = AXIS2_PLACEMENT_3D ( 'NONE', #1001, #2463, #1623 ) ;
#1225 = CARTESIAN_POINT ( 'NONE',  ( 1.255322057264011804, 2.000000000000000000, -0.8839990637417199926 ) ) ;
#1226 = CARTESIAN_POINT ( 'NONE',  ( 1.093697081280719852, 2.000000000000000000, 0.3093640339793430338 ) ) ;
#1227 = AXIS2_PLACEMENT_3D ( 'NONE', #2023, #115, #980 ) ;
#1228 = VECTOR ( 'NONE', #1884, 1000.000000000000000 ) ;
#1229 = EDGE_LOOP ( 'NONE', ( #408, #1380, #1359, #443 ) ) ;
#1230 = VECTOR ( 'NONE', #2081, 1000.000000000000000 ) ;
#1231 = B_SPLINE_CURVE_WITH_KNOTS ( 'NONE', 3,
 ( #2471, #1401, #2308, #1010, #389, #2673, #2694 ),
 .UNSPECIFIED., .F., .F.,
 ( 4, 1, 1, 1, 4 ),
 ( 0.0000000000000000000, 0.2372165186042104745, 0.4825864912431360176, 0.7368469271779309882, 1.000000000000000000 ),
 .UNSPECIFIED. ) ;
#1232 = ORIENTED_EDGE ( 'NONE', *, *, #1444, .F. ) ;
#1233 = CARTESIAN_POINT ( 'NONE',  ( 1.466705123443035941, 2.000000000000000000, 0.6365244077231739794 ) ) ;
#1234 = MECHANICAL_DESIGN_GEOMETRIC_PRESENTATION_REPRESENTATION (  '', ( #2492 ), #2077 ) ;
#1235 = DIRECTION ( 'NONE',  ( 0.0000000000000000000, 0.0000000000000000000, 1.000000000000000000 ) ) ;
#1236 = EDGE_CURVE ( 'NONE', #1341, #2237, #2629, .T. ) ;
#1237 = CARTESIAN_POINT ( 'NONE',  ( 1.704041081140209801, 2.000000000000000000, 0.05312356633710010184 ) ) ;
#1238 = CARTESIAN_POINT ( 'NONE',  ( 1.844598523588410144, 2.000000000000000000, -0.03935391473860560402 ) ) ;
#1239 = VERTEX_POINT ( 'NONE', #1322 ) ;
#1240 = CARTESIAN_POINT ( 'NONE',  ( 1.114470318460206055, 1.998999999999999888, -0.2355077608924520116 ) ) ;
#1241 = CARTESIAN_POINT ( 'NONE',  ( 1.093697081280719852, 1.998999999999999888, 0.3093640339793430338 ) ) ;
#1242 = ORIENTED_EDGE ( 'NONE', *, *, #209, .F. ) ;
#1243 = CARTESIAN_POINT ( 'NONE',  ( -2.149999999999999911, 2.000000000000000000, -1.899999999999999911 ) ) ;
#1244 = EDGE_LOOP ( 'NONE', ( #288, #1876, #1885, #691 ) ) ;
#1245 = DIRECTION ( 'NONE',  ( 0.0000000000000000000, -1.000000000000000000, 0.0000000000000000000 ) ) ;
#1246 = CARTESIAN_POINT ( 'NONE',  ( -1.497270752819366058, 1.998999999999999888, 1.500000000000000000 ) ) ;
#1247 = FILL_AREA_STYLE_COLOUR ( '', #1943 ) ;
#1248 = ADVANCED_FACE ( 'NONE', ( #2422 ), #457, .T. ) ;
#1249 = SURFACE_STYLE_USAGE ( .BOTH. , #1702 ) ;
#1250 = VERTEX_POINT ( 'NONE', #1951 ) ;
#1251 = CARTESIAN_POINT ( 'NONE',  ( 1.818736998913069947, 2.000000000000000000, 0.7226677010687749814 ) ) ;
#1252 = CARTESIAN_POINT ( 'NONE',  ( 1.538885060303289976, 1.998999999999999888, 0.5550740808328560316 ) ) ;
#1253 = DIRECTION ( 'NONE',  ( 0.0000000000000000000, 0.0000000000000000000, 1.000000000000000000 ) ) ;
#1254 = FACE_OUTER_BOUND ( 'NONE', #1921, .T. ) ;
#1255 = ORIENTED_EDGE ( 'NONE', *, *, #188, .T. ) ;
#1256 = CARTESIAN_POINT ( 'NONE',  ( -0.2006956283057725055, 2.000000000000000000, 0.6263175740633749600 ) ) ;
#1257 = EDGE_LOOP ( 'NONE', ( #2248, #2490, #2717, #806 ) ) ;
#1258 = CARTESIAN_POINT ( 'NONE',  ( 0.7354871496469830294, 2.000000000000000000, -0.01750269680276889811 ) ) ;
#1259 = CARTESIAN_POINT ( 'NONE',  ( 1.535105287417090070, 1.998999999999999888, -0.6453170582157229385 ) ) ;
#1260 = DIRECTION ( 'NONE',  ( 2.644395542647570287E-16, 0.0000000000000000000, 1.000000000000000000 ) ) ;
#1261 = CARTESIAN_POINT ( 'NONE',  ( 1.161962249413595938, 2.000000000000000000, -0.1950754428813240016 ) ) ;
#1262 = ORIENTED_EDGE ( 'NONE', *, *, #1037, .F. ) ;
#1263 = LINE ( 'NONE', #2096, #2448 ) ;
#1264 = LINE ( 'NONE', #2310, #1142 ) ;
#1265 = EDGE_CURVE ( 'NONE', #1953, #2674, #46, .T. ) ;
#1266 = CARTESIAN_POINT ( 'NONE',  ( 1.672122341919930033, 1.998999999999999888, 0.04635076359129750023 ) ) ;
#1267 = CARTESIAN_POINT ( 'NONE',  ( 1.114470318460206055, 2.000000000000000000, 0.4183383929537020096 ) ) ;
#1268 = AXIS2_PLACEMENT_3D ( 'NONE', #200, #628, #50 ) ;
#1269 = CARTESIAN_POINT ( 'NONE',  ( -0.1005526361797927926, 2.000000000000000000, -0.3828990810547365231 ) ) ;
#1270 = ADVANCED_FACE ( 'NONE', ( #1394 ), #969, .F. ) ;
#1271 = VERTEX_POINT ( 'NONE', #2272 ) ;
#1272 = VECTOR ( 'NONE', #742, 1000.000000000000000 ) ;
#1273 = B_SPLINE_CURVE_WITH_KNOTS ( 'NONE', 3,
 ( #1320, #439, #1299, #258, #58, #2419, #1932, #501, #2598, #2580, #1524, #918, #271, #1129, #1976, #238, #1756, #2612, #70, #1352, #681, #1538, #931 ),
 .UNSPECIFIED., .F., .F.,
 ( 4, 1, 1, 1, 1, 1, 1, 1, 1, 1, 1, 1, 1, 1, 1, 1, 1, 1, 1, 1, 4 ),
 ( 0.0000000000000000000, 0.03151551312998480264, 0.06480979674365740240, 0.09991169883527560580, 0.1366755286001710146, 0.1751432978746824964, 0.2157650117082454966, 0.2581569125231215067, 0.3022930440652045192, 0.3927408518773999879, 0.4832984694610620302, 0.5744114847371659671, 0.6664774093514970188, 0.7120107481430549834, 0.7563744975915029922, 0.7998154803065210539, 0.8419616993485899981, 0.8828431755911849699, 0.9229180315891940545, 0.9619666184423850686, 1.000000000000000000 ),
 .UNSPECIFIED. ) ;
#1274 = LINE ( 'NONE', #2564, #2258 ) ;
#1275 = VECTOR ( 'NONE', #2595, 1000.000000000000000 ) ;
#1276 = VERTEX_POINT ( 'NONE', #992 ) ;
#1277 = DIRECTION ( 'NONE',  ( 0.0000000000000000000, 1.000000000000000000, 0.0000000000000000000 ) ) ;
#1278 = CARTESIAN_POINT ( 'NONE',  ( -0.2033966802742775137, 1.998999999999999888, 0.3783458701263675006 ) ) ;
#1279 = CARTESIAN_POINT ( 'NONE',  ( 1.271732682161234029, 2.000000000000000000, -0.1180518716167083954 ) ) ;
#1280 = DIRECTION ( 'NONE',  ( 0.0000000000000000000, 0.0000000000000000000, 1.000000000000000000 ) ) ;
#1281 = CARTESIAN_POINT ( 'NONE',  ( 1.724662807284685240, 1.998999999999999888, 0.6016005428852350123 ) ) ;
#1282 = CARTESIAN_POINT ( 'NONE',  ( 1.763933828761194977, 1.998999999999999888, 0.7171248994103359697 ) ) ;
#1283 = CARTESIAN_POINT ( 'NONE',  ( 1.166976922377209958, 1.998999999999999888, 0.3669922281601855074 ) ) ;
#1284 = CARTESIAN_POINT ( 'NONE',  ( 1.093697081280719852, 1.998999999999999888, -0.3444821198668104878 ) ) ;
#1285 = CARTESIAN_POINT ( 'NONE',  ( -0.6553023936601070076, 1.998999999999999888, -0.2231953708185159813 ) ) ;
#1286 = ADVANCED_FACE ( 'NONE', ( #153, #1437, #537, #1405, #2257, #2245 ), #1194, .T. ) ;
#1287 = ORIENTED_EDGE ( 'NONE', *, *, #2085, .T. ) ;
#1288 = CARTESIAN_POINT ( 'NONE',  ( 0.3940700535839914975, 2.000000000000000000, 0.7886627205200660296 ) ) ;
#1289 = ORIENTED_EDGE ( 'NONE', *, *, #1004, .F. ) ;
#1290 = CARTESIAN_POINT ( 'NONE',  ( 0.6345943748438318543, 2.000000000000000000, -0.4239972605822950324 ) ) ;
#1291 = CARTESIAN_POINT ( 'NONE',  ( 1.734634102153719715, 1.998999999999999888, -0.5950389204435350132 ) ) ;
#1292 = CARTESIAN_POINT ( 'NONE',  ( 1.734634102153719715, 1.998999999999999888, 0.7126533872487720300 ) ) ;
#1293 = CARTESIAN_POINT ( 'NONE',  ( 1.344862199222083943, 2.000000000000000000, -0.07535682152133969802 ) ) ;
#1294 = CARTESIAN_POINT ( 'NONE',  ( 1.613538828075590015, 2.000000000000000000, 0.5768620307742150510 ) ) ;
#1295 = CARTESIAN_POINT ( 'NONE',  ( 1.824088457804144969, 1.998999999999999888, 0.6128753882013149301 ) ) ;
#1296 = DIRECTION ( 'NONE',  ( -1.000000000000000000, 0.0000000000000000000, 0.0000000000000000000 ) ) ;
#1297 = CARTESIAN_POINT ( 'NONE',  ( 0.3535955464973720153, 1.998999999999999888, -0.4543577267240319628 ) ) ;
#1298 = CARTESIAN_POINT ( 'NONE',  ( 1.005495959485847912, 2.000000000000000000, -0.3444821198668104878 ) ) ;
#1299 = CARTESIAN_POINT ( 'NONE',  ( 1.818736998913069947, 2.000000000000000000, -0.5850246066235320619 ) ) ;
#1300 = CARTESIAN_POINT ( 'NONE',  ( 1.844598523588410144, 2.000000000000000000, 0.7234665980819070530 ) ) ;
#1301 = ORIENTED_EDGE ( 'NONE', *, *, #1559, .T. ) ;
#1302 = CARTESIAN_POINT ( 'NONE',  ( 1.114470318460206055, 1.998999999999999888, 0.8542358288511379127 ) ) ;
#1303 = CARTESIAN_POINT ( 'NONE',  ( 1.005495959485847912, 1.998999999999999888, -0.4534564788411700187 ) ) ;
#1304 = ADVANCED_FACE ( 'NONE', ( #1849 ), #2756, .F. ) ;
#1305 = B_SPLINE_CURVE_WITH_KNOTS ( 'NONE', 3,
 ( #2032, #1828, #2484, #2276, #2681, #779, #1414, #2264, #343, #2566, #2093, #1233, #444, #656, #2144, #1085, #1480, #409, #1070, #2330, #2553, #611, #1469 ),
 .UNSPECIFIED., .F., .F.,
 ( 4, 1, 1, 1, 1, 1, 1, 1, 1, 1, 1, 1, 1, 1, 1, 1, 1, 1, 1, 1, 4 ),
 ( 0.0000000000000000000, 0.03151551312998480264, 0.06480979674365740240, 0.09991169883527560580, 0.1366755286001710146, 0.1751432978746824964, 0.2157650117082454966, 0.2581569125231215067, 0.3022930440652045192, 0.3927408518773999879, 0.4832984694610620302, 0.5744114847371659671, 0.6664774093514970188, 0.7120107481430549834, 0.7563744975915029922, 0.7998154803065210539, 0.8419616993485899981, 0.8828431755911849699, 0.9229180315891940545, 0.9619666184423850686, 1.000000000000000000 ),
 .UNSPECIFIED. ) ;
#1306 = EDGE_LOOP ( 'NONE', ( #1102, #2005, #266, #326 ) ) ;
#1307 = CARTESIAN_POINT ( 'NONE',  ( 1.393092125782104063, 2.000000000000000000, 0.4969425979905799928 ) ) ;
#1308 = DIRECTION ( 'NONE',  ( 0.0000000000000000000, 1.000000000000000000, 0.0000000000000000000 ) ) ;
#1309 = CARTESIAN_POINT ( 'NONE',  ( 1.763933828761194977, 1.998999999999999888, 0.7171248994103359697 ) ) ;
#1310 = ADVANCED_FACE ( 'NONE', ( #2040 ), #407, .T. ) ;
#1311 = B_SPLINE_SURFACE_WITH_KNOTS ( 'NONE', 3, 1, ( 
 ( #2130, #215 ),
 ( #1073, #1734 ),
 ( #2590, #2605 ),
 ( #231, #1060 ) ),
 .UNSPECIFIED., .F., .F., .F.,
 ( 4, 4 ),
 ( 2, 2 ),
 ( 0.2727272727272725406, 0.3636363636363635354 ),
 ( 0.0000000000000000000, 1.000000000000000000 ),
 .UNSPECIFIED. ) ;
#1312 = CARTESIAN_POINT ( 'NONE',  ( 1.242388969312481883, 2.000000000000000000, -0.1369557056420531993 ) ) ;
#1313 = CARTESIAN_POINT ( 'NONE',  ( 1.836137204112395116, 1.998999999999999888, -0.5844870910618580329 ) ) ;
#1314 = CARTESIAN_POINT ( 'NONE',  ( 1.613538828075590015, 1.998999999999999888, 0.5768620307742150510 ) ) ;
#1315 = CARTESIAN_POINT ( 'NONE',  ( 1.093697081280719852, 2.000000000000000000, 0.3093640339793430338 ) ) ;
#1316 = CARTESIAN_POINT ( 'NONE',  ( 0.1654665890170579912, 2.000000000000000000, -0.6426426023145790367 ) ) ;
#1317 = VECTOR ( 'NONE', #1453, 1000.000000000000000 ) ;
#1318 =( NAMED_UNIT ( * ) SI_UNIT ( $, .STERADIAN. ) SOLID_ANGLE_UNIT ( ) );
#1319 = CIRCLE ( 'NONE', #2220, 0.2500000000000000000 ) ;
#1320 = CARTESIAN_POINT ( 'NONE',  ( 1.844598523588410144, 2.000000000000000000, -0.5842257096104011005 ) ) ;
#1321 = SURFACE_STYLE_USAGE ( .BOTH. , #698 ) ;
#1322 = CARTESIAN_POINT ( 'NONE',  ( 0.7850000000000000311, -0.1000000000000000056, 1.625000000000000000 ) ) ;
#1323 = AXIS2_PLACEMENT_3D ( 'NONE', #1303, #1354, #242 ) ;
#1324 = VECTOR ( 'NONE', #323, 1000.000000000000000 ) ;
#1325 = EDGE_LOOP ( 'NONE', ( #212, #2366, #2457, #2495 ) ) ;
#1326 = SURFACE_STYLE_FILL_AREA ( #1370 ) ;
#1327 = ADVANCED_FACE ( 'NONE', ( #2076 ), #1674, .T. ) ;
#1328 = CARTESIAN_POINT ( 'NONE',  ( -2.149999999999999911, 2.000000000000000000, 1.899999999999999911 ) ) ;
#1329 = LINE ( 'NONE', #707, #2116 ) ;
#1330 = VECTOR ( 'NONE', #2559, 1000.000000000000000 ) ;
#1331 = LINE ( 'NONE', #1795, #1784 ) ;
#1332 = EDGE_CURVE ( 'NONE', #2143, #1573, #620, .T. ) ;
#1333 = CARTESIAN_POINT ( 'NONE',  ( 1.093697081280719852, 2.000000000000000000, -0.3444821198668104878 ) ) ;
#1334 = DIRECTION ( 'NONE',  ( 0.0000000000000000000, -1.000000000000000000, 0.0000000000000000000 ) ) ;
#1335 = DIRECTION ( 'NONE',  ( -0.0000000000000000000, 1.000000000000000000, 0.0000000000000000000 ) ) ;
#1336 = B_SPLINE_SURFACE_WITH_KNOTS ( 'NONE', 3, 1, ( 
 ( #4, #1689 ),
 ( #2325, #1064 ),
 ( #866, #1251 ),
 ( #2384, #2577 ),
 ( #1282, #1049 ),
 ( #2118, #2547 ),
 ( #219, #1705 ),
 ( #18, #1963 ),
 ( #2099, #633 ),
 ( #186, #1094 ),
 ( #1902, #2337 ),
 ( #418, #647 ),
 ( #451, #237 ),
 ( #1505, #2354 ),
 ( #666, #1721 ),
 ( #1077, #1931 ),
 ( #40, #903 ),
 ( #2624, #2191 ),
 ( #1796, #2242 ),
 ( #727, #521 ),
 ( #1166, #754 ),
 ( #2010, #1805 ),
 ( #1986, #2000 ) ),
 .UNSPECIFIED., .F., .F., .F.,
 ( 4, 1, 1, 1, 1, 1, 1, 1, 1, 1, 1, 1, 1, 1, 1, 1, 1, 1, 1, 1, 4 ),
 ( 2, 2 ),
 ( 0.0000000000000000000, 0.03151551312998480264, 0.06480979674365740240, 0.09991169883527560580, 0.1366755286001710146, 0.1751432978746824964, 0.2157650117082454966, 0.2581569125231215067, 0.3022930440652045192, 0.3927408518773999879, 0.4832984694610620302, 0.5744114847371659671, 0.6664774093514970188, 0.7120107481430549834, 0.7563744975915029922, 0.7998154803065210539, 0.8419616993485899981, 0.8828431755911849699, 0.9229180315891940545, 0.9619666184423850686, 1.000000000000000000 ),
 ( 0.0000000000000000000, 1.000000000000000000 ),
 .UNSPECIFIED. ) ;
#1337 = CARTESIAN_POINT ( 'NONE',  ( 0.5189398236627310590, 1.998999999999999888, -0.0007644290862337010158 ) ) ;
#1338 = DIRECTION ( 'NONE',  ( 0.0000000000000000000, -1.000000000000000000, 0.0000000000000000000 ) ) ;
#1339 =( NAMED_UNIT ( * ) SI_UNIT ( $, .STERADIAN. ) SOLID_ANGLE_UNIT ( ) );
#1340 = CARTESIAN_POINT ( 'NONE',  ( 1.667981684308880164, 2.000000000000000000, -0.06271679922464640233 ) ) ;
#1341 = VERTEX_POINT ( 'NONE', #1662 ) ;
#1342 = CARTESIAN_POINT ( 'NONE',  ( 0.7850000000000000311, -0.1000000000000000056, -1.625000000000000000 ) ) ;
#1343 = CARTESIAN_POINT ( 'NONE',  ( -1.497270752819366058, 1.998999999999999888, -1.500000000000000000 ) ) ;
#1344 = VERTEX_POINT ( 'NONE', #438 ) ;
#1345 = CARTESIAN_POINT ( 'NONE',  ( 1.592944016905269988, 2.000000000000000000, -0.6275465048497030907 ) ) ;
#1346 = CARTESIAN_POINT ( 'NONE',  ( 1.093697081280719852, 1.998999999999999888, -0.3444821198668104878 ) ) ;
#1347 = EDGE_CURVE ( 'NONE', #729, #1543, #1643, .T. ) ;
#1348 = CARTESIAN_POINT ( 'NONE',  ( 1.114470318460206055, 2.000000000000000000, -0.2355077608924515120 ) ) ;
#1349 = B_SPLINE_CURVE_WITH_KNOTS ( 'NONE', 3,
 ( #1897, #1517, #1483, #2364, #1309, #1292, #229, #411, #689, #1912, #1059, #2164, #2765, #265, #1779, #724, #1121, #1970, #277, #924, #1983, #2412, #77 ),
 .UNSPECIFIED., .F., .F.,
 ( 4, 1, 1, 1, 1, 1, 1, 1, 1, 1, 1, 1, 1, 1, 1, 1, 1, 1, 1, 1, 4 ),
 ( 0.0000000000000000000, 0.03151551312998480264, 0.06480979674365740240, 0.09991169883527560580, 0.1366755286001710146, 0.1751432978746824964, 0.2157650117082454966, 0.2581569125231215067, 0.3022930440652045192, 0.3927408518773999879, 0.4832984694610620302, 0.5744114847371659671, 0.6664774093514970188, 0.7120107481430549834, 0.7563744975915029922, 0.7998154803065210539, 0.8419616993485899981, 0.8828431755911849699, 0.9229180315891940545, 0.9619666184423850686, 1.000000000000000000 ),
 .UNSPECIFIED. ) ;
#1350 = PLANE ( 'NONE',  #2311 ) ;
#1351 =( NAMED_UNIT ( * ) PLANE_ANGLE_UNIT ( ) SI_UNIT ( $, .RADIAN. ) );
#1352 = CARTESIAN_POINT ( 'NONE',  ( 1.161962249413595938, 2.000000000000000000, -0.8489215967274779118 ) ) ;
#1353 = CYLINDRICAL_SURFACE ( 'NONE', #1513, 0.2500000000000000000 ) ;
#1354 = DIRECTION ( 'NONE',  ( 1.000000000000000000, 0.0000000000000000000, 0.0000000000000000000 ) ) ;
#1355 = VERTEX_POINT ( 'NONE', #1269 ) ;
#1356 = DIRECTION ( 'NONE',  ( 0.0000000000000000000, 0.0000000000000000000, 1.000000000000000000 ) ) ;
#1357 = LINE ( 'NONE', #953, #2219 ) ;
#1358 = FACE_OUTER_BOUND ( 'NONE', #167, .T. ) ;
#1359 = ORIENTED_EDGE ( 'NONE', *, *, #841, .F. ) ;
#1360 = CARTESIAN_POINT ( 'NONE',  ( 1.214279204130276124, 1.998999999999999888, -0.8098674166746669956 ) ) ;
#1361 = FILL_AREA_STYLE_COLOUR ( '', #526 ) ;
#1362 = ORIENTED_EDGE ( 'NONE', *, *, #13, .F. ) ;
#1363 = EDGE_CURVE ( 'NONE', #2268, #110, #1904, .T. ) ;
#1364 = LINE ( 'NONE', #1964, #563 ) ;
#1365 = CARTESIAN_POINT ( 'NONE',  ( 0.4579918929540660044, 2.000000000000000000, -0.6426426023145810351 ) ) ;
#1366 = ADVANCED_FACE ( 'NONE', ( #2135, #814, #589 ), #1445, .F. ) ;
#1367 = CARTESIAN_POINT ( 'NONE',  ( 2.149999999999999911, 2.000000000000000000, -2.149999999999999911 ) ) ;
#1368 = CARTESIAN_POINT ( 'NONE',  ( 0.5189398236627310590, 1.998999999999999888, -0.0007644290862337010158 ) ) ;
#1369 = VERTEX_POINT ( 'NONE', #2206 ) ;
#1370 = FILL_AREA_STYLE ('',( #1530 ) ) ;
#1371 = PRESENTATION_LAYER_ASSIGNMENT (  '', '', ( #889 ) ) ;
#1372 = SURFACE_STYLE_USAGE ( .BOTH. , #1584 ) ;
#1373 =( GEOMETRIC_REPRESENTATION_CONTEXT ( 3 ) GLOBAL_UNCERTAINTY_ASSIGNED_CONTEXT ( ( #178 ) ) GLOBAL_UNIT_ASSIGNED_CONTEXT ( ( #2284, #1205, #762 ) ) REPRESENTATION_CONTEXT ( 'NONE', 'WORKASPACE' ) );
#1374 = ORIENTED_EDGE ( 'NONE', *, *, #1758, .T. ) ;
#1375 = CARTESIAN_POINT ( 'NONE',  ( 1.734634102153719715, 1.998999999999999888, -0.5950389204435350132 ) ) ;
#1376 = AXIS2_PLACEMENT_3D ( 'NONE', #523, #968, #1807 ) ;
#1377 = MECHANICAL_DESIGN_GEOMETRIC_PRESENTATION_REPRESENTATION (  '', ( #1905 ), #1017 ) ;
#1378 = CARTESIAN_POINT ( 'NONE',  ( 1.214279204130276124, 1.998999999999999888, -0.1560212628285134739 ) ) ;
#1379 = SURFACE_SIDE_STYLE ('',( #1138 ) ) ;
#1380 = ORIENTED_EDGE ( 'NONE', *, *, #437, .F. ) ;
#1381 = CARTESIAN_POINT ( 'NONE',  ( -1.604999999999999982, -0.1000000000000000056, -1.625000000000000000 ) ) ;
#1382 = SURFACE_STYLE_FILL_AREA ( #362 ) ;
#1383 = EDGE_CURVE ( 'NONE', #2552, #182, #1364, .T. ) ;
#1384 = ORIENTED_EDGE ( 'NONE', *, *, #2615, .F. ) ;
#1385 = CARTESIAN_POINT ( 'NONE',  ( -1.604999999999999982, -0.1000000000000000056, -1.625000000000000000 ) ) ;
#1386 = DIRECTION ( 'NONE',  ( 0.0000000000000000000, -1.000000000000000000, 0.0000000000000000000 ) ) ;
#1387 = EDGE_LOOP ( 'NONE', ( #2647, #1397, #318, #550, #1613, #2512, #1526, #2113 ) ) ;
#1388 = PLANE ( 'NONE',  #900 ) ;
#1389 = CARTESIAN_POINT ( 'NONE',  ( 1.161962249413595938, 1.998999999999999888, -0.1950754428813240016 ) ) ;
#1390 = FILL_AREA_STYLE ('',( #1361 ) ) ;
#1391 = VERTEX_POINT ( 'NONE', #2431 ) ;
#1392 = CARTESIAN_POINT ( 'NONE',  ( -1.604999999999999982, -0.1000000000000000056, -1.625000000000000000 ) ) ;
#1393 = DIRECTION ( 'NONE',  ( 0.0000000000000000000, 1.000000000000000000, 0.0000000000000000000 ) ) ;
#1394 = FACE_OUTER_BOUND ( 'NONE', #1325, .T. ) ;
#1395 = VERTEX_POINT ( 'NONE', #20 ) ;
#1396 = EDGE_CURVE ( 'NONE', #1029, #1219, #486, .T. ) ;
#1397 = ORIENTED_EDGE ( 'NONE', *, *, #2352, .T. ) ;
#1398 = PLANE ( 'NONE',  #89 ) ;
#1399 = ADVANCED_FACE ( 'NONE', ( #2154 ), #717, .F. ) ;
#1400 = CARTESIAN_POINT ( 'NONE',  ( 1.242388969312481883, 1.998999999999999888, -0.1369557056420531993 ) ) ;
#1401 = CARTESIAN_POINT ( 'NONE',  ( 1.631480882556955114, 2.000000000000000000, -0.7261283725823900470 ) ) ;
#1402 = ORIENTED_EDGE ( 'NONE', *, *, #2038, .T. ) ;
#1403 = CARTESIAN_POINT ( 'NONE',  ( 0.5189398236627310590, 2.000000000000000000, -0.0007644290862337010158 ) ) ;
#1404 = CARTESIAN_POINT ( 'NONE',  ( 1.288135590727311985, 1.998999999999999888, -0.8651415613886089817 ) ) ;
#1405 = FACE_BOUND ( 'NONE', #2397, .T. ) ;
#1406 = ORIENTED_EDGE ( 'NONE', *, *, #1837, .T. ) ;
#1407 = SHAPE_DEFINITION_REPRESENTATION ( #618, #2468 ) ;
#1408 =( LENGTH_UNIT ( ) NAMED_UNIT ( * ) SI_UNIT ( .MILLI., .METRE. ) );
#1409 = VECTOR ( 'NONE', #1308, 1000.000000000000000 ) ;
#1410 = B_SPLINE_CURVE_WITH_KNOTS ( 'NONE', 3,
 ( #1522, #1673, #55, #1945 ),
 .UNSPECIFIED., .F., .F.,
 ( 4, 4 ),
 ( 0.3636363636363635354, 0.4545454545454550299 ),
 .UNSPECIFIED. ) ;
#1411 = PRESENTATION_LAYER_ASSIGNMENT (  '', '', ( #2699 ) ) ;
#1412 = EDGE_CURVE ( 'NONE', #1395, #1355, #2371, .T. ) ;
#1413 = VERTEX_POINT ( 'NONE', #1127 ) ;
#1414 = CARTESIAN_POINT ( 'NONE',  ( 1.704041081140209801, 2.000000000000000000, 0.7069697201832541023 ) ) ;
#1415 = PRESENTATION_LAYER_ASSIGNMENT (  '', '', ( #2260 ) ) ;
#1416 = CARTESIAN_POINT ( 'NONE',  ( 1.535105287417090070, 1.998999999999999888, 0.008529095630430560612 ) ) ;
#1417 = EDGE_CURVE ( 'NONE', #890, #1369, #68, .T. ) ;
#1418 = CARTESIAN_POINT ( 'NONE',  ( 1.783761415491974978, 2.000000000000000000, -0.04414982979772685834 ) ) ;
#1419 = VECTOR ( 'NONE', #575, 1000.000000000000000 ) ;
#1420 = B_SPLINE_CURVE_WITH_KNOTS ( 'NONE', 3,
 ( #2461, #547, #2047, #106 ),
 .UNSPECIFIED., .F., .F.,
 ( 4, 4 ),
 ( 0.3636363636363635354, 0.4545454545454550299 ),
 .UNSPECIFIED. ) ;
#1421 = ORIENTED_EDGE ( 'NONE', *, *, #2207, .F. ) ;
#1422 = LINE ( 'NONE', #757, #1153 ) ;
#1423 = VECTOR ( 'NONE', #1455, 1000.000000000000000 ) ;
#1424 = CARTESIAN_POINT ( 'NONE',  ( 1.224256708570093943, 2.000000000000000000, -0.9029814194583519749 ) ) ;
#1425 = SURFACE_SIDE_STYLE ('',( #2665 ) ) ;
#1426 = UNCERTAINTY_MEASURE_WITH_UNIT (LENGTH_MEASURE( 1.000000000000000082E-05 ), #1906, 'distance_accuracy_value', 'NONE');
#1427 = ORIENTED_EDGE ( 'NONE', *, *, #1347, .F. ) ;
#1428 = ORIENTED_EDGE ( 'NONE', *, *, #412, .T. ) ;
#1429 = CARTESIAN_POINT ( 'NONE',  ( 0.4579918929540660044, 1.998999999999999888, -0.6426426023145810351 ) ) ;
#1430 = DIRECTION ( 'NONE',  ( 0.0000000000000000000, 1.000000000000000000, 0.0000000000000000000 ) ) ;
#1431 = FACE_OUTER_BOUND ( 'NONE', #143, .T. ) ;
#1432 = CARTESIAN_POINT ( 'NONE',  ( 1.538885060303294861, 1.998999999999999888, -0.7526182268594520108 ) ) ;
#1433 = DIRECTION ( 'NONE',  ( 0.0000000000000000000, 0.0000000000000000000, -1.000000000000000000 ) ) ;
#1434 = DIRECTION ( 'NONE',  ( 0.0000000000000000000, 0.0000000000000000000, 1.000000000000000000 ) ) ;
#1435 = EDGE_CURVE ( 'NONE', #1029, #1801, #1768, .T. ) ;
#1436 = CARTESIAN_POINT ( 'NONE',  ( -1.647270752819369966, 1.998999999999999888, 1.500000000000000000 ) ) ;
#1437 = FACE_BOUND ( 'NONE', #2180, .T. ) ;
#1438 = EDGE_LOOP ( 'NONE', ( #278, #568, #495, #226 ) ) ;
#1439 = ORIENTED_EDGE ( 'NONE', *, *, #1995, .F. ) ;
#1440 = CARTESIAN_POINT ( 'NONE',  ( 1.005495959485847912, 1.998999999999999888, -0.3444821198668104878 ) ) ;
#1441 = CARTESIAN_POINT ( 'NONE',  ( 1.763933828761194977, 2.000000000000000000, 0.06327874556418290608 ) ) ;
#1442 = EDGE_LOOP ( 'NONE', ( #2538, #2466, #1582, #2464, #1167, #330, #1188, #1644 ) ) ;
#1443 = CARTESIAN_POINT ( 'NONE',  ( 1.140965832094679833, 2.000000000000000000, -0.9597972440307059872 ) ) ;
#1444 = EDGE_CURVE ( 'NONE', #2043, #1448, #41, .T. ) ;
#1445 = PLANE ( 'NONE',  #194 ) ;
#1446 = DIRECTION ( 'NONE',  ( 0.0000000000000000000, -1.000000000000000000, 0.0000000000000000000 ) ) ;
#1447 = EDGE_CURVE ( 'NONE', #110, #79, #800, .T. ) ;
#1448 = VERTEX_POINT ( 'NONE', #999 ) ;
#1449 = SURFACE_SIDE_STYLE ('',( #1778 ) ) ;
#1450 = ORIENTED_EDGE ( 'NONE', *, *, #285, .F. ) ;
#1451 = DIRECTION ( 'NONE',  ( 0.0000000000000000000, 0.0000000000000000000, -1.000000000000000000 ) ) ;
#1452 = AXIS2_PLACEMENT_3D ( 'NONE', #276, #2718, #394 ) ;
#1453 = DIRECTION ( 'NONE',  ( 0.0000000000000000000, -1.000000000000000000, 0.0000000000000000000 ) ) ;
#1454 = CARTESIAN_POINT ( 'NONE',  ( 1.763933828761194977, 1.998999999999999888, 0.06327874556418290608 ) ) ;
#1455 = DIRECTION ( 'NONE',  ( 0.0000000000000000000, 1.000000000000000000, 0.0000000000000000000 ) ) ;
#1456 = DIRECTION ( 'NONE',  ( 0.0000000000000000000, 0.0000000000000000000, 1.000000000000000000 ) ) ;
#1457 = AXIS2_PLACEMENT_3D ( 'NONE', #1581, #1759, #2159 ) ;
#1458 = STYLED_ITEM ( 'NONE', ( #429 ), #1661 ) ;
#1459 = CARTESIAN_POINT ( 'NONE',  ( -0.8685181164947519683, 2.000000000000000000, -0.2812083723933140322 ) ) ;
#1460 = CARTESIAN_POINT ( 'NONE',  ( 1.194811448530127995, 1.998999999999999888, 0.3858627855998310041 ) ) ;
#1461 = VECTOR ( 'NONE', #141, 1000.000000000000000 ) ;
#1462 = EDGE_CURVE ( 'NONE', #1413, #1468, #1833, .T. ) ;
#1463 = MECHANICAL_DESIGN_GEOMETRIC_PRESENTATION_REPRESENTATION (  '', ( #2669 ), #118 ) ;
#1464 = EDGE_LOOP ( 'NONE', ( #2259, #988, #539, #2097 ) ) ;
#1465 =( NAMED_UNIT ( * ) PLANE_ANGLE_UNIT ( ) SI_UNIT ( $, .RADIAN. ) );
#1466 = AXIS2_PLACEMENT_3D ( 'NONE', #594, #1245, #1451 ) ;
#1467 = EDGE_CURVE ( 'NONE', #1355, #984, #1420, .T. ) ;
#1468 = VERTEX_POINT ( 'NONE', #562 ) ;
#1469 = CARTESIAN_POINT ( 'NONE',  ( 1.114470318460206055, 2.000000000000000000, 0.4183383929537020096 ) ) ;
#1470 = CARTESIAN_POINT ( 'NONE',  ( -0.2006956283057725055, 1.998999999999999888, 0.6263175740633749600 ) ) ;
#1471 = CARTESIAN_POINT ( 'NONE',  ( 1.592944016905269988, 2.000000000000000000, 0.02629964899645120119 ) ) ;
#1472 = DIRECTION ( 'NONE',  ( 1.000000000000000000, 0.0000000000000000000, 0.0000000000000000000 ) ) ;
#1473 = ORIENTED_EDGE ( 'NONE', *, *, #2465, .T. ) ;
#1474 = LINE ( 'NONE', #436, #1330 ) ;
#1475 = CARTESIAN_POINT ( 'NONE',  ( 1.116535948949618051, 1.998999999999999888, 0.3288940276761374570 ) ) ;
#1476 = UNCERTAINTY_MEASURE_WITH_UNIT (LENGTH_MEASURE( 1.000000000000000082E-05 ), #1408, 'distance_accuracy_value', 'NONE');
#1477 = VERTEX_POINT ( 'NONE', #1601 ) ;
#1478 = LINE ( 'NONE', #1302, #295 ) ;
#1479 = ORIENTED_EDGE ( 'NONE', *, *, #1575, .T. ) ;
#1480 = CARTESIAN_POINT ( 'NONE',  ( 1.242388969312481883, 2.000000000000000000, 0.5168904482041000170 ) ) ;
#1481 = EDGE_CURVE ( 'NONE', #591, #1355, #2002, .T. ) ;
#1482 = CARTESIAN_POINT ( 'NONE',  ( 0.1433606110643076137, 2.000000000000000000, 0.5192637409925080494 ) ) ;
#1483 = CARTESIAN_POINT ( 'NONE',  ( 1.818736998913069947, 1.998999999999999888, 0.7226677010687749814 ) ) ;
#1484 = VERTEX_POINT ( 'NONE', #1403 ) ;
#1485 = SURFACE_STYLE_FILL_AREA ( #1940 ) ;
#1486 = EDGE_CURVE ( 'NONE', #2078, #395, #127, .T. ) ;
#1487 = ORIENTED_EDGE ( 'NONE', *, *, #1575, .F. ) ;
#1488 = B_SPLINE_CURVE_WITH_KNOTS ( 'NONE', 3,
 ( #1497, #1926, #410, #2110 ),
 .UNSPECIFIED., .F., .F.,
 ( 4, 4 ),
 ( 0.6363636363636370197, 0.7272727272727269598 ),
 .UNSPECIFIED. ) ;
#1489 = CARTESIAN_POINT ( 'NONE',  ( 1.763933828761194977, 1.998999999999999888, 0.06327874556418290608 ) ) ;
#1490 = CARTESIAN_POINT ( 'NONE',  ( 0.5189398236627310590, 1.998999999999999888, -0.0007644290862337010158 ) ) ;
#1491 = CARTESIAN_POINT ( 'NONE',  ( 1.393092125782104063, 1.998999999999999888, 0.4969425979905799928 ) ) ;
#1492 = CARTESIAN_POINT ( 'NONE',  ( 1.604999999999999982, -0.1000000000000000056, 1.625000000000000000 ) ) ;
#1493 = ORIENTED_EDGE ( 'NONE', *, *, #1979, .F. ) ;
#1494 = LINE ( 'NONE', #2760, #1898 ) ;
#1495 = ORIENTED_EDGE ( 'NONE', *, *, #794, .T. ) ;
#1496 = LINE ( 'NONE', #2345, #120 ) ;
#1497 = CARTESIAN_POINT ( 'NONE',  ( -0.2033966802742775137, 1.998999999999999888, 0.3783458701263675006 ) ) ;
#1498 = CARTESIAN_POINT ( 'NONE',  ( 1.899999999999999911, 2.000000000000000000, -2.149999999999999911 ) ) ;
#1499 = CARTESIAN_POINT ( 'NONE',  ( 1.122077273403711883, 2.000000000000000000, -0.2286890006446115065 ) ) ;
#1500 = LINE ( 'NONE', #465, #483 ) ;
#1501 = CARTESIAN_POINT ( 'NONE',  ( 1.393092125782104063, 1.998999999999999888, -0.1569035558555740006 ) ) ;
#1502 = VECTOR ( 'NONE', #996, 1000.000000000000000 ) ;
#1503 = EDGE_CURVE ( 'NONE', #1801, #1790, #2482, .T. ) ;
#1504 = CARTESIAN_POINT ( 'NONE',  ( 1.538885060303294861, 1.998999999999999888, -0.09877207301329769817 ) ) ;
#1505 = CARTESIAN_POINT ( 'NONE',  ( 1.344862199222081722, 1.998999999999999888, 0.5784893323248140318 ) ) ;
#1506 = VECTOR ( 'NONE', #456, 1000.000000000000000 ) ;
#1507 = CARTESIAN_POINT ( 'NONE',  ( 1.288135590727311985, 1.998999999999999888, 0.4425507463036980060 ) ) ;
#1508 = PLANE ( 'NONE',  #2224 ) ;
#1509 = CARTESIAN_POINT ( 'NONE',  ( 0.7354871496469830294, 1.998999999999999888, -0.01750269680276889811 ) ) ;
#1510 = VERTEX_POINT ( 'NONE', #2661 ) ;
#1511 = VECTOR ( 'NONE', #2146, 1000.000000000000000 ) ;
#1512 = CARTESIAN_POINT ( 'NONE',  ( 1.093697081280719852, 1.998999999999999888, -0.9983282737129649531 ) ) ;
#1513 = AXIS2_PLACEMENT_3D ( 'NONE', #314, #1338, #2194 ) ;
#1514 = VERTEX_POINT ( 'NONE', #1636 ) ;
#1515 = CARTESIAN_POINT ( 'NONE',  ( 1.844598523588410144, 1.998999999999999888, -0.03935391473860560402 ) ) ;
#1516 = CARTESIAN_POINT ( 'NONE',  ( 1.604999999999999982, -0.1000000000000000056, -1.625000000000000000 ) ) ;
#1517 = CARTESIAN_POINT ( 'NONE',  ( 1.836137204112395116, 1.998999999999999888, 0.7232052166304500096 ) ) ;
#1518 = SURFACE_STYLE_FILL_AREA ( #677 ) ;
#1519 = CARTESIAN_POINT ( 'NONE',  ( 1.604999999999999982, -0.1000000000000000056, -1.625000000000000000 ) ) ;
#1520 = FACE_OUTER_BOUND ( 'NONE', #180, .T. ) ;
#1521 = CARTESIAN_POINT ( 'NONE',  ( 1.224256708570093943, 1.998999999999999888, -0.2491352656121985087 ) ) ;
#1522 = CARTESIAN_POINT ( 'NONE',  ( -0.1005526361797927926, 1.998999999999999888, -0.3828990810547365231 ) ) ;
#1523 = EDGE_CURVE ( 'NONE', #961, #729, #1422, .T. ) ;
#1524 = CARTESIAN_POINT ( 'NONE',  ( 1.535105287417090070, 2.000000000000000000, -0.6453170582157229385 ) ) ;
#1525 = CARTESIAN_POINT ( 'NONE',  ( -0.6553023936601070076, 2.000000000000000000, -0.2231953708185159813 ) ) ;
#1526 = ORIENTED_EDGE ( 'NONE', *, *, #2270, .T. ) ;
#1527 = CARTESIAN_POINT ( 'NONE',  ( 1.783761415491974978, 2.000000000000000000, -0.04414982979772685834 ) ) ;
#1528 = B_SPLINE_CURVE_WITH_KNOTS ( 'NONE', 3,
 ( #1733, #1969, #11, #657 ),
 .UNSPECIFIED., .F., .F.,
 ( 4, 4 ),
 ( 0.5454545454545459693, 0.6363636363636370197 ),
 .UNSPECIFIED. ) ;
#1529 = VERTEX_POINT ( 'NONE', #2685 ) ;
#1530 = FILL_AREA_STYLE_COLOUR ( '', #2753 ) ;
#1531 = CARTESIAN_POINT ( 'NONE',  ( 1.214279204130276124, 1.998999999999999888, -0.8098674166746669956 ) ) ;
#1532 = CARTESIAN_POINT ( 'NONE',  ( 0.7850000000000000311, 0.0000000000000000000, -1.625000000000000000 ) ) ;
#1533 = LINE ( 'NONE', #2368, #2474 ) ;
#1534 = CARTESIAN_POINT ( 'NONE',  ( 1.093697081280719852, 1.998999999999999888, -0.3444821198668104878 ) ) ;
#1535 = LINE ( 'NONE', #205, #387 ) ;
#1536 = DIRECTION ( 'NONE',  ( 1.008560160451631851E-16, 0.0000000000000000000, 1.000000000000000000 ) ) ;
#1537 = EDGE_CURVE ( 'NONE', #74, #1029, #1055, .T. ) ;
#1538 = CARTESIAN_POINT ( 'NONE',  ( 1.122077273403711883, 2.000000000000000000, -0.8825351544907659163 ) ) ;
#1539 = FILL_AREA_STYLE_COLOUR ( '', #524 ) ;
#1540 = CARTESIAN_POINT ( 'NONE',  ( 1.122077273403711883, 2.000000000000000000, -0.2286890006446115065 ) ) ;
#1541 = PLANE ( 'NONE',  #1457 ) ;
#1542 = EDGE_CURVE ( 'NONE', #1529, #1177, #1621, .T. ) ;
#1543 = VERTEX_POINT ( 'NONE', #299 ) ;
#1544 =( NAMED_UNIT ( * ) PLANE_ANGLE_UNIT ( ) SI_UNIT ( $, .RADIAN. ) );
#1545 = CARTESIAN_POINT ( 'NONE',  ( 1.093697081280719852, 2.000000000000000000, -0.9983282737129649531 ) ) ;
#1546 = DIRECTION ( 'NONE',  ( 0.0000000000000000000, 1.905380692786254920E-12, -1.000000000000000000 ) ) ;
#1547 = EDGE_LOOP ( 'NONE', ( #372, #2510, #132, #1882 ) ) ;
#1548 = CARTESIAN_POINT ( 'NONE',  ( 1.214279204130276124, 2.000000000000000000, -0.8098674166746669956 ) ) ;
#1549 = DIRECTION ( 'NONE',  ( 0.0000000000000000000, 0.0000000000000000000, -1.000000000000000000 ) ) ;
#1550 = CARTESIAN_POINT ( 'NONE',  ( 1.724662807284685240, 2.000000000000000000, -0.7060917648070731412 ) ) ;
#1551 = CARTESIAN_POINT ( 'NONE',  ( 0.1654665890170579912, 1.998999999999999888, -0.6426426023145790367 ) ) ;
#1552 =( GEOMETRIC_REPRESENTATION_CONTEXT ( 3 ) GLOBAL_UNCERTAINTY_ASSIGNED_CONTEXT ( ( #1216 ) ) GLOBAL_UNIT_ASSIGNED_CONTEXT ( ( #1044, #2747, #2290 ) ) REPRESENTATION_CONTEXT ( 'NONE', 'WORKASPACE' ) );
#1553 =( LENGTH_UNIT ( ) NAMED_UNIT ( * ) SI_UNIT ( .MILLI., .METRE. ) );
#1554 = B_SPLINE_CURVE_WITH_KNOTS ( 'NONE', 3,
 ( #1258, #2127, #1290, #10 ),
 .UNSPECIFIED., .F., .F.,
 ( 4, 4 ),
 ( 0.0000000000000000000, 0.09090909090909089774 ),
 .UNSPECIFIED. ) ;
#1555 = VECTOR ( 'NONE', #2551, 1000.000000000000000 ) ;
#1556 = DIRECTION ( 'NONE',  ( 0.0000000000000000000, 0.0000000000000000000, 1.000000000000000000 ) ) ;
#1557 = PRESENTATION_STYLE_ASSIGNMENT (( #1321 ) ) ;
#1558 = CARTESIAN_POINT ( 'NONE',  ( 1.465638922642791941, 2.000000000000000000, -0.1260780395457543890 ) ) ;
#1559 = EDGE_CURVE ( 'NONE', #560, #94, #371, .T. ) ;
#1560 = VECTOR ( 'NONE', #23, 1000.000000000000000 ) ;
#1561 = ORIENTED_EDGE ( 'NONE', *, *, #1113, .T. ) ;
#1562 = CARTESIAN_POINT ( 'NONE',  ( -0.2398425385419974964, 1.998999999999999888, -0.2033203975901710092 ) ) ;
#1563 = EDGE_CURVE ( 'NONE', #1585, #309, #2473, .T. ) ;
#1564 =( GEOMETRIC_REPRESENTATION_CONTEXT ( 3 ) GLOBAL_UNCERTAINTY_ASSIGNED_CONTEXT ( ( #404 ) ) GLOBAL_UNIT_ASSIGNED_CONTEXT ( ( #1754, #1599, #1785 ) ) REPRESENTATION_CONTEXT ( 'NONE', 'WORKASPACE' ) );
#1565 = ORIENTED_EDGE ( 'NONE', *, *, #1143, .F. ) ;
#1566 = DIRECTION ( 'NONE',  ( 0.0000000000000000000, 0.0000000000000000000, -1.000000000000000000 ) ) ;
#1567 = CARTESIAN_POINT ( 'NONE',  ( 1.783761415491974978, 1.998999999999999888, 0.6096963240484268853 ) ) ;
#1568 = CARTESIAN_POINT ( 'NONE',  ( 1.399473708798350202, 1.998999999999999888, -0.04715036060231739962 ) ) ;
#1569 = DIRECTION ( 'NONE',  ( -1.008560160451631851E-16, 0.0000000000000000000, -1.000000000000000000 ) ) ;
#1570 = CARTESIAN_POINT ( 'NONE',  ( 1.005495959485847912, 1.998999999999999888, -0.9983282737129649531 ) ) ;
#1571 = CARTESIAN_POINT ( 'NONE',  ( -0.3656959684632565266, 1.998999999999999888, -0.3464669802673329690 ) ) ;
#1572 = CARTESIAN_POINT ( 'NONE',  ( -1.604999999999999982, 0.0000000000000000000, -1.625000000000000000 ) ) ;
#1573 = VERTEX_POINT ( 'NONE', #2442 ) ;
#1574 = SURFACE_STYLE_USAGE ( .BOTH. , #540 ) ;
#1575 = EDGE_CURVE ( 'NONE', #1761, #335, #2491, .T. ) ;
#1576 = ORIENTED_EDGE ( 'NONE', *, *, #1936, .F. ) ;
#1577 = CARTESIAN_POINT ( 'NONE',  ( 1.399473708798350202, 1.998999999999999888, -0.7009965144484709976 ) ) ;
#1578 = ADVANCED_FACE ( 'NONE', ( #2012 ), #1168, .T. ) ;
#1579 = VERTEX_POINT ( 'NONE', #535 ) ;
#1580 = LINE ( 'NONE', #2650, #1812 ) ;
#1581 = CARTESIAN_POINT ( 'NONE',  ( 1.114470318460206055, 1.998999999999999888, -0.4534564788411700187 ) ) ;
#1582 = ORIENTED_EDGE ( 'NONE', *, *, #1332, .T. ) ;
#1583 =( NAMED_UNIT ( * ) SI_UNIT ( $, .STERADIAN. ) SOLID_ANGLE_UNIT ( ) );
#1584 = SURFACE_SIDE_STYLE ('',( #327 ) ) ;
#1585 = VERTEX_POINT ( 'NONE', #1392 ) ;
#1586 = CARTESIAN_POINT ( 'NONE',  ( 1.242388969312481883, 2.000000000000000000, -0.7908018594882070262 ) ) ;
#1587 = ORIENTED_EDGE ( 'NONE', *, *, #841, .T. ) ;
#1588 = CARTESIAN_POINT ( 'NONE',  ( 1.005495959485847912, 2.000000000000000000, -0.9983282737129649531 ) ) ;
#1589 = ADVANCED_FACE ( 'NONE', ( #2244 ), #1178, .F. ) ;
#1590 =( LENGTH_UNIT ( ) NAMED_UNIT ( * ) SI_UNIT ( .MILLI., .METRE. ) );
#1591 = AXIS2_PLACEMENT_3D ( 'NONE', #1954, #640, #48 ) ;
#1592 = COLOUR_RGB ( '',0.8274509803921568096, 0.8392156862745098200, 0.8274509803921568096 ) ;
#1593 = ORIENTED_EDGE ( 'NONE', *, *, #2020, .T. ) ;
#1594 = VECTOR ( 'NONE', #2155, 1000.000000000000000 ) ;
#1595 = VERTEX_POINT ( 'NONE', #1823 ) ;
#1596 = DIRECTION ( 'NONE',  ( 0.0000000000000000000, 0.0000000000000000000, -1.000000000000000000 ) ) ;
#1597 = PRESENTATION_LAYER_ASSIGNMENT (  '', '', ( #1672 ) ) ;
#1598 = VECTOR ( 'NONE', #469, 1000.000000000000000 ) ;
#1599 =( NAMED_UNIT ( * ) PLANE_ANGLE_UNIT ( ) SI_UNIT ( $, .RADIAN. ) );
#1600 = ORIENTED_EDGE ( 'NONE', *, *, #2283, .F. ) ;
#1601 = CARTESIAN_POINT ( 'NONE',  ( -0.7850000000000000311, 0.0000000000000000000, 1.625000000000000000 ) ) ;
#1602 = VECTOR ( 'NONE', #1472, 1000.000000000000000 ) ;
#1603 = EDGE_CURVE ( 'NONE', #2001, #961, #2675, .T. ) ;
#1604 = EDGE_CURVE ( 'NONE', #1953, #2591, #1213, .T. ) ;
#1605 = EDGE_LOOP ( 'NONE', ( #2638, #2616, #2031, #121 ) ) ;
#1606 = EDGE_LOOP ( 'NONE', ( #1981, #2752, #1242, #1832 ) ) ;
#1607 = FACE_OUTER_BOUND ( 'NONE', #125, .T. ) ;
#1608 = LINE ( 'NONE', #2250, #653 ) ;
#1609 =( NAMED_UNIT ( * ) PLANE_ANGLE_UNIT ( ) SI_UNIT ( $, .RADIAN. ) );
#1610 = ORIENTED_EDGE ( 'NONE', *, *, #2611, .T. ) ;
#1611 = CARTESIAN_POINT ( 'NONE',  ( -0.9842666771246730839, 2.000000000000000000, 0.1211016244570785882 ) ) ;
#1612 = CARTESIAN_POINT ( 'NONE',  ( -0.5619670613766419853, 1.998999999999999888, -0.5345340290862310439 ) ) ;
#1613 = ORIENTED_EDGE ( 'NONE', *, *, #1486, .T. ) ;
#1614 = ADVANCED_FACE ( 'NONE', ( #1956 ), #2554, .F. ) ;
#1615 = ORIENTED_EDGE ( 'NONE', *, *, #34, .T. ) ;
#1616 = DIRECTION ( 'NONE',  ( -1.000000000000000000, 0.0000000000000000000, 0.0000000000000000000 ) ) ;
#1617 = CARTESIAN_POINT ( 'NONE',  ( 1.613538828075590015, 2.000000000000000000, -0.07698412307193899795 ) ) ;
#1618 = CARTESIAN_POINT ( 'NONE',  ( 1.844598523588410144, 2.000000000000000000, 0.06962044423575329544 ) ) ;
#1619 = CARTESIAN_POINT ( 'NONE',  ( 1.005495959485847912, 1.998999999999999888, 0.8542358288511379127 ) ) ;
#1620 = ORIENTED_EDGE ( 'NONE', *, *, #1679, .F. ) ;
#1621 = LINE ( 'NONE', #2037, #1324 ) ;
#1622 = DIRECTION ( 'NONE',  ( 0.0000000000000000000, 0.0000000000000000000, 1.000000000000000000 ) ) ;
#1623 = DIRECTION ( 'NONE',  ( 1.000000000000000000, 0.0000000000000000000, 0.0000000000000000000 ) ) ;
#1624 = AXIS2_PLACEMENT_3D ( 'NONE', #1719, #16, #2351 ) ;
#1625 = ORIENTED_EDGE ( 'NONE', *, *, #1852, .T. ) ;
#1626 = PLANE ( 'NONE',  #2109 ) ;
#1627 = COLOUR_RGB ( '',0.1921568627450980227, 0.2039215686274509776, 0.2039215686274509776 ) ;
#1628 = VERTEX_POINT ( 'NONE', #2111 ) ;
#1629 = CARTESIAN_POINT ( 'NONE',  ( 1.667981684308880164, 1.998999999999999888, -0.7165629530707999795 ) ) ;
#1630 = EDGE_CURVE ( 'NONE', #703, #1914, #641, .T. ) ;
#1631 = DIRECTION ( 'NONE',  ( 0.0000000000000000000, 0.0000000000000000000, -1.000000000000000000 ) ) ;
#1632 = VECTOR ( 'NONE', #1773, 1000.000000000000000 ) ;
#1633 = FILL_AREA_STYLE_COLOUR ( '', #1012 ) ;
#1634 = CARTESIAN_POINT ( 'NONE',  ( 1.116535948949618051, 1.998999999999999888, -0.9787982800161700858 ) ) ;
#1635 = CARTESIAN_POINT ( 'NONE',  ( 1.114470318460206055, 1.998999999999999888, 0.8542358288511379127 ) ) ;
#1636 = CARTESIAN_POINT ( 'NONE',  ( -1.899999999999999911, 0.0000000000000000000, 2.149999999999999911 ) ) ;
#1637 = PRESENTATION_LAYER_ASSIGNMENT (  '', '', ( #2669 ) ) ;
#1638 = CARTESIAN_POINT ( 'NONE',  ( 1.224256708570093943, 1.998999999999999888, -0.9029814194583519749 ) ) ;
#1639 = VECTOR ( 'NONE', #1208, 1000.000000000000000 ) ;
#1640 = UNCERTAINTY_MEASURE_WITH_UNIT (LENGTH_MEASURE( 1.000000000000000082E-05 ), #859, 'distance_accuracy_value', 'NONE');
#1641 = VERTEX_POINT ( 'NONE', #1498 ) ;
#1642 = CARTESIAN_POINT ( 'NONE',  ( 1.302507916529030085, 2.000000000000000000, -0.09973617657519358304 ) ) ;
#1643 = B_SPLINE_CURVE_WITH_KNOTS ( 'NONE', 3,
 ( #1241, #601, #1475, #2518, #1283, #1460, #392, #419, #2326, #166, #1491, #867, #403, #2100, #1052 ),
 .UNSPECIFIED., .F., .F.,
 ( 4, 1, 1, 1, 1, 1, 1, 1, 1, 1, 1, 1, 4 ),
 ( 0.0000000000000000000, 0.05027287497458349935, 0.1027903700748776100, 0.1576131012369289819, 0.2146311133156754980, 0.2740612127265389941, 0.3356974550538849855, 0.4000702787165529850, 0.4668267493853399674, 0.6020780869193700369, 0.7357515335047499772, 0.8682046170340289581, 1.000000000000000000 ),
 .UNSPECIFIED. ) ;
#1644 = ORIENTED_EDGE ( 'NONE', *, *, #2317, .T. ) ;
#1645 = DIRECTION ( 'NONE',  ( 0.0000000000000000000, 1.000000000000000000, 0.0000000000000000000 ) ) ;
#1646 = PLANE ( 'NONE',  #2698 ) ;
#1647 = CARTESIAN_POINT ( 'NONE',  ( 1.818736998913069947, 2.000000000000000000, 0.06882154722262180668 ) ) ;
#1648 = LINE ( 'NONE', #559, #608 ) ;
#1649 = VERTEX_POINT ( 'NONE', #1532 ) ;
#1650 = EDGE_CURVE ( 'NONE', #1585, #1341, #2059, .T. ) ;
#1651 = CARTESIAN_POINT ( 'NONE',  ( -0.3656959684632565266, 2.000000000000000000, -0.3464669802673329690 ) ) ;
#1652 = CARTESIAN_POINT ( 'NONE',  ( 1.255322057264014024, 2.000000000000000000, 0.4236932439505880499 ) ) ;
#1653 = VERTEX_POINT ( 'NONE', #911 ) ;
#1654 = ORIENTED_EDGE ( 'NONE', *, *, #396, .T. ) ;
#1655 = CARTESIAN_POINT ( 'NONE',  ( -2.149999999999999911, 0.0000000000000000000, -1.899999999999999911 ) ) ;
#1656 = CARTESIAN_POINT ( 'NONE',  ( 1.844598523588410144, 2.000000000000000000, -0.6932000685847600208 ) ) ;
#1657 = SURFACE_STYLE_USAGE ( .BOTH. , #398 ) ;
#1658 = CARTESIAN_POINT ( 'NONE',  ( 1.005495959485847912, 2.000000000000000000, 0.3093640339793430338 ) ) ;
#1659 = B_SPLINE_SURFACE_WITH_KNOTS ( 'NONE', 3, 1, ( 
 ( #2649, #2627 ),
 ( #982, #744 ),
 ( #1824, #1809 ),
 ( #2676, #1365 ) ),
 .UNSPECIFIED., .F., .F., .F.,
 ( 4, 4 ),
 ( 2, 2 ),
 ( 0.0000000000000000000, 0.09090909090909089774 ),
 ( 0.0000000000000000000, 1.000000000000000000 ),
 .UNSPECIFIED. ) ;
#1660 = CARTESIAN_POINT ( 'NONE',  ( -0.7100090141325500204, 2.000000000000000000, -0.5056158054641859412 ) ) ;
#1661 = ADVANCED_FACE ( 'NONE', ( #446 ), #1684, .F. ) ;
#1662 = CARTESIAN_POINT ( 'NONE',  ( -1.604999999999999982, 0.0000000000000000000, -1.625000000000000000 ) ) ;
#1663 = ORIENTED_EDGE ( 'NONE', *, *, #683, .F. ) ;
#1664 = ORIENTED_EDGE ( 'NONE', *, *, #2678, .T. ) ;
#1665 = CARTESIAN_POINT ( 'NONE',  ( 1.114470318460206055, 2.000000000000000000, 0.8542358288511379127 ) ) ;
#1666 = MECHANICAL_DESIGN_GEOMETRIC_PRESENTATION_REPRESENTATION (  '', ( #1048 ), #1810 ) ;
#1667 = CARTESIAN_POINT ( 'NONE',  ( -2.149999999999999911, 2.000000000000000000, -1.899999999999999911 ) ) ;
#1668 = COLOUR_RGB ( '',0.1921568627450980227, 0.2039215686274509776, 0.2039215686274509776 ) ;
#1669 = LINE ( 'NONE', #616, #1602 ) ;
#1670 = CARTESIAN_POINT ( 'NONE',  ( 1.783761415491974978, 1.998999999999999888, -0.04414982979772685834 ) ) ;
#1671 = VECTOR ( 'NONE', #1253, 1000.000000000000000 ) ;
#1672 = STYLED_ITEM ( 'NONE', ( #2418 ), #1399 ) ;
#1673 = CARTESIAN_POINT ( 'NONE',  ( -0.2396980849986910245, 1.998999999999999888, -0.5241952826295389611 ) ) ;
#1674 = PLANE ( 'NONE',  #1948 ) ;
#1675 = AXIS2_PLACEMENT_3D ( 'NONE', #216, #877, #661 ) ;
#1676 = ADVANCED_FACE ( 'NONE', ( #2129 ), #69, .F. ) ;
#1677 = AXIS2_PLACEMENT_3D ( 'NONE', #1883, #1682, #2539 ) ;
#1678 = ORIENTED_EDGE ( 'NONE', *, *, #2410, .T. ) ;
#1679 = EDGE_CURVE ( 'NONE', #169, #1344, #1349, .T. ) ;
#1680 = B_SPLINE_SURFACE_WITH_KNOTS ( 'NONE', 3, 1, ( 
 ( #2044, #319 ),
 ( #995, #792 ),
 ( #768, #2068 ),
 ( #331, #1183 ),
 ( #1855, #2706 ),
 ( #122, #572 ),
 ( #147, #1021 ) ),
 .UNSPECIFIED., .F., .F., .F.,
 ( 4, 1, 1, 1, 4 ),
 ( 2, 2 ),
 ( 0.0000000000000000000, 0.2372165186042104745, 0.4825864912431360176, 0.7368469271779309882, 1.000000000000000000 ),
 ( 0.0000000000000000000, 1.000000000000000000 ),
 .UNSPECIFIED. ) ;
#1681 = ORIENTED_EDGE ( 'NONE', *, *, #1808, .T. ) ;
#1682 = DIRECTION ( 'NONE',  ( 0.0000000000000000000, 0.0000000000000000000, -1.000000000000000000 ) ) ;
#1683 = CARTESIAN_POINT ( 'NONE',  ( 0.4579918929540660044, 2.000000000000000000, -0.6426426023145810351 ) ) ;
#1684 = PLANE ( 'NONE',  #566 ) ;
#1685 =( NAMED_UNIT ( * ) SI_UNIT ( $, .STERADIAN. ) SOLID_ANGLE_UNIT ( ) );
#1686 = LINE ( 'NONE', #35, #1228 ) ;
#1687 = ORIENTED_EDGE ( 'NONE', *, *, #2094, .F. ) ;
#1688 = CARTESIAN_POINT ( 'NONE',  ( 1.166976922377209958, 1.998999999999999888, -0.2868539256859679587 ) ) ;
#1689 = CARTESIAN_POINT ( 'NONE',  ( 1.844598523588410144, 2.000000000000000000, 0.7234665980819070530 ) ) ;
#1690 = CARTESIAN_POINT ( 'NONE',  ( 1.116535948949618051, 1.998999999999999888, 0.3288940276761374570 ) ) ;
#1691 =( NAMED_UNIT ( * ) PLANE_ANGLE_UNIT ( ) SI_UNIT ( $, .RADIAN. ) );
#1692 = ORIENTED_EDGE ( 'NONE', *, *, #1481, .F. ) ;
#1693 = LINE ( 'NONE', #2377, #1555 ) ;
#1694 = EDGE_CURVE ( 'NONE', #1468, #2078, #2199, .T. ) ;
#1695 = ORIENTED_EDGE ( 'NONE', *, *, #129, .T. ) ;
#1696 = CYLINDRICAL_SURFACE ( 'NONE', #1466, 0.2500000000000000000 ) ;
#1697 = LINE ( 'NONE', #461, #795 ) ;
#1698 = CARTESIAN_POINT ( 'NONE',  ( -0.8685181164947519683, 2.000000000000000000, -0.2812083723933140322 ) ) ;
#1699 = ADVANCED_FACE ( 'NONE', ( #1135 ), #492, .F. ) ;
#1700 = CARTESIAN_POINT ( 'NONE',  ( 1.242388969312481883, 1.998999999999999888, -0.1369557056420531993 ) ) ;
#1701 = ORIENTED_EDGE ( 'NONE', *, *, #142, .T. ) ;
#1702 = SURFACE_SIDE_STYLE ('',( #1485 ) ) ;
#1703 = CARTESIAN_POINT ( 'NONE',  ( 1.393092125782104063, 2.000000000000000000, -0.1569035558555740006 ) ) ;
#1704 = CARTESIAN_POINT ( 'NONE',  ( -0.2006956283057725055, 1.998999999999999888, 0.6263175740633749600 ) ) ;
#1705 = CARTESIAN_POINT ( 'NONE',  ( 1.704041081140209801, 2.000000000000000000, 0.7069697201832541023 ) ) ;
#1706 = CARTESIAN_POINT ( 'NONE',  ( 1.166976922377209958, 2.000000000000000000, 0.3669922281601855074 ) ) ;
#1707 = B_SPLINE_SURFACE_WITH_KNOTS ( 'NONE', 3, 1, ( 
 ( #2138, #221 ),
 ( #951, #514 ),
 ( #673, #1340 ),
 ( #2614, #2211 ),
 ( #1967, #1527 ),
 ( #261, #2179 ),
 ( #60, #2601 ) ),
 .UNSPECIFIED., .F., .F., .F.,
 ( 4, 1, 1, 1, 4 ),
 ( 2, 2 ),
 ( 0.0000000000000000000, 0.2372165186042104745, 0.4825864912431360176, 0.7368469271779309882, 1.000000000000000000 ),
 ( 0.0000000000000000000, 1.000000000000000000 ),
 .UNSPECIFIED. ) ;
#1708 = CARTESIAN_POINT ( 'NONE',  ( 1.604999999999999982, -0.1000000000000000056, -1.625000000000000000 ) ) ;
#1709 = CARTESIAN_POINT ( 'NONE',  ( 1.114470318460206055, 1.998999999999999888, 0.2003896750049840025 ) ) ;
#1710 = EDGE_LOOP ( 'NONE', ( #686, #896, #244, #2046 ) ) ;
#1711 = CARTESIAN_POINT ( 'NONE',  ( 0.7354871496469830294, 2.000000000000000000, -0.01750269680276889811 ) ) ;
#1712 = VERTEX_POINT ( 'NONE', #1343 ) ;
#1713 = FACE_OUTER_BOUND ( 'NONE', #1869, .T. ) ;
#1714 = CARTESIAN_POINT ( 'NONE',  ( -1.647270752819369966, 2.000000000000000000, -1.500000000000000000 ) ) ;
#1715 =( NAMED_UNIT ( * ) PLANE_ANGLE_UNIT ( ) SI_UNIT ( $, .RADIAN. ) );
#1716 = FACE_OUTER_BOUND ( 'NONE', #2062, .T. ) ;
#1717 = EDGE_CURVE ( 'NONE', #2168, #651, #2343, .T. ) ;
#1718 = DIRECTION ( 'NONE',  ( 0.0000000000000000000, 1.000000000000000000, 0.0000000000000000000 ) ) ;
#1719 = CARTESIAN_POINT ( 'NONE',  ( 1.005495959485847912, 1.998999999999999888, 0.2003896750049840025 ) ) ;
#1720 = CARTESIAN_POINT ( 'NONE',  ( 1.334136272213519936, 1.998999999999999888, -0.1864252218210444845 ) ) ;
#1721 = CARTESIAN_POINT ( 'NONE',  ( 1.302507916529032084, 2.000000000000000000, 0.5541099772709600080 ) ) ;
#1722 = VECTOR ( 'NONE', #1144, 1000.000000000000000 ) ;
#1723 = SURFACE_STYLE_USAGE ( .BOTH. , #56 ) ;
#1724 = PRESENTATION_LAYER_ASSIGNMENT (  '', '', ( #1814 ) ) ;
#1725 = CARTESIAN_POINT ( 'NONE',  ( 0.1433606110643076137, 2.000000000000000000, 0.5192637409925080494 ) ) ;
#1726 = CARTESIAN_POINT ( 'NONE',  ( 1.538885060303294861, 2.000000000000000000, -0.7526182268594520108 ) ) ;
#1727 = ORIENTED_EDGE ( 'NONE', *, *, #1874, .T. ) ;
#1728 = AXIS2_PLACEMENT_3D ( 'NONE', #1087, #658, #2604 ) ;
#1729 = CARTESIAN_POINT ( 'NONE',  ( -0.8685181164947519683, 2.000000000000000000, -0.2812083723933140322 ) ) ;
#1730 = AXIS2_PLACEMENT_3D ( 'NONE', #1551, #928, #104 ) ;
#1731 = VERTEX_POINT ( 'NONE', #2394 ) ;
#1732 = CARTESIAN_POINT ( 'NONE',  ( 1.224256708570093943, 2.000000000000000000, 0.4047108882339554570 ) ) ;
#1733 = CARTESIAN_POINT ( 'NONE',  ( -0.6553023936601070076, 2.000000000000000000, -0.2231953708185159813 ) ) ;
#1734 = CARTESIAN_POINT ( 'NONE',  ( -0.7100090141325500204, 2.000000000000000000, -0.5056158054641859412 ) ) ;
#1735 = CARTESIAN_POINT ( 'NONE',  ( 1.724662807284685240, 2.000000000000000000, 0.6016005428852350123 ) ) ;
#1736 = CARTESIAN_POINT ( 'NONE',  ( 1.166976922377209958, 2.000000000000000000, -0.2868539256859679587 ) ) ;
#1737 = EDGE_CURVE ( 'NONE', #580, #354, #1329, .T. ) ;
#1738 = CARTESIAN_POINT ( 'NONE',  ( 1.667981684308880164, 1.998999999999999888, -0.7165629530707999795 ) ) ;
#1739 = B_SPLINE_SURFACE_WITH_KNOTS ( 'NONE', 3, 1, ( 
 ( #1009, #1618 ),
 ( #1859, #2711 ),
 ( #809, #1647 ),
 ( #2322, #585 ),
 ( #1454, #1441 ),
 ( #2291, #1222 ),
 ( #388, #1237 ),
 ( #2470, #558 ),
 ( #172, #2734 ),
 ( #615, #1471 ),
 ( #1416, #2266 ),
 ( #2395, #2542 ),
 ( #2570, #1899 ),
 ( #862, #1293 ),
 ( #895, #912 ),
 ( #2555, #1279 ),
 ( #1700, #1312 ),
 ( #2148, #1938 ),
 ( #2166, #2112 ),
 ( #2349, #1261 ),
 ( #1046, #642 ),
 ( #2750, #1499 ),
 ( #1927, #33 ) ),
 .UNSPECIFIED., .F., .F., .F.,
 ( 4, 1, 1, 1, 1, 1, 1, 1, 1, 1, 1, 1, 1, 1, 1, 1, 1, 1, 1, 1, 4 ),
 ( 2, 2 ),
 ( 0.0000000000000000000, 0.03151551312998480264, 0.06480979674365740240, 0.09991169883527560580, 0.1366755286001710146, 0.1751432978746824964, 0.2157650117082454966, 0.2581569125231215067, 0.3022930440652045192, 0.3927408518773999879, 0.4832984694610620302, 0.5744114847371659671, 0.6664774093514970188, 0.7120107481430549834, 0.7563744975915029922, 0.7998154803065210539, 0.8419616993485899981, 0.8828431755911849699, 0.9229180315891940545, 0.9619666184423850686, 1.000000000000000000 ),
 ( 0.0000000000000000000, 1.000000000000000000 ),
 .UNSPECIFIED. ) ;
#1740 = DIRECTION ( 'NONE',  ( 0.0000000000000000000, 1.000000000000000000, 0.0000000000000000000 ) ) ;
#1741 = SURFACE_STYLE_FILL_AREA ( #256 ) ;
#1742 = EDGE_CURVE ( 'NONE', #395, #2680, #2316, .T. ) ;
#1743 = LINE ( 'NONE', #2193, #1594 ) ;
#1744 = CARTESIAN_POINT ( 'NONE',  ( -0.4665199558648300271, 2.000000000000000000, 0.2714273189452670043 ) ) ;
#1745 = FILL_AREA_STYLE ('',( #906 ) ) ;
#1746 = CARTESIAN_POINT ( 'NONE',  ( 1.114470318460206055, 1.998999999999999888, -0.2355077608924520116 ) ) ;
#1747 = ORIENTED_EDGE ( 'NONE', *, *, #1837, .F. ) ;
#1748 =( NAMED_UNIT ( * ) PLANE_ANGLE_UNIT ( ) SI_UNIT ( $, .RADIAN. ) );
#1749 = SURFACE_SIDE_STYLE ('',( #248 ) ) ;
#1750 = CARTESIAN_POINT ( 'NONE',  ( 1.844598523588410144, 2.000000000000000000, -0.5842257096104011005 ) ) ;
#1751 = EDGE_LOOP ( 'NONE', ( #366, #441, #829, #2105 ) ) ;
#1752 = CARTESIAN_POINT ( 'NONE',  ( 1.114470318460206055, 1.998999999999999888, 0.8542358288511379127 ) ) ;
#1753 = DIRECTION ( 'NONE',  ( 0.0000000000000000000, 1.000000000000000000, 0.0000000000000000000 ) ) ;
#1754 =( LENGTH_UNIT ( ) NAMED_UNIT ( * ) SI_UNIT ( .MILLI., .METRE. ) );
#1755 =( NAMED_UNIT ( * ) SI_UNIT ( $, .STERADIAN. ) SOLID_ANGLE_UNIT ( ) );
#1756 = CARTESIAN_POINT ( 'NONE',  ( 1.242388969312481883, 2.000000000000000000, -0.7908018594882070262 ) ) ;
#1757 = DIRECTION ( 'NONE',  ( 0.0000000000000000000, 1.000000000000000000, 0.0000000000000000000 ) ) ;
#1758 = EDGE_CURVE ( 'NONE', #1641, #164, #2139, .T. ) ;
#1759 = DIRECTION ( 'NONE',  ( 0.0000000000000000000, 0.0000000000000000000, -1.000000000000000000 ) ) ;
#1760 = B_SPLINE_SURFACE_WITH_KNOTS ( 'NONE', 3, 1, ( 
 ( #1100, #732 ),
 ( #503, #287 ),
 ( #920, #2195 ),
 ( #1368, #685 ) ),
 .UNSPECIFIED., .F., .F., .F.,
 ( 4, 4 ),
 ( 2, 2 ),
 ( 0.8181818181818180102, 0.9090909090909089496 ),
 ( 0.0000000000000000000, 1.000000000000000000 ),
 .UNSPECIFIED. ) ;
#1761 = VERTEX_POINT ( 'NONE', #1933 ) ;
#1762 = CARTESIAN_POINT ( 'NONE',  ( 1.672122341919930033, 1.998999999999999888, -0.6074953902548559936 ) ) ;
#1763 = CARTESIAN_POINT ( 'NONE',  ( -0.5846141668884510256, 1.998999999999999888, -0.3789759062515855037 ) ) ;
#1764 = ORIENTED_EDGE ( 'NONE', *, *, #1022, .F. ) ;
#1765 = DIRECTION ( 'NONE',  ( 0.0000000000000000000, 0.0000000000000000000, 1.000000000000000000 ) ) ;
#1766 = SURFACE_SIDE_STYLE ('',( #485 ) ) ;
#1767 = VECTOR ( 'NONE', #808, 1000.000000000000000 ) ;
#1768 = LINE ( 'NONE', #1989, #2704 ) ;
#1769 = STYLED_ITEM ( 'NONE', ( #2095 ), #937 ) ;
#1770 = PLANE ( 'NONE',  #2663 ) ;
#1771 = CARTESIAN_POINT ( 'NONE',  ( 1.844598523588410144, 1.998999999999999888, -0.03935391473860560402 ) ) ;
#1772 =( LENGTH_UNIT ( ) NAMED_UNIT ( * ) SI_UNIT ( .MILLI., .METRE. ) );
#1773 = DIRECTION ( 'NONE',  ( 0.0000000000000000000, 1.000000000000000000, 0.0000000000000000000 ) ) ;
#1774 = VECTOR ( 'NONE', #983, 1000.000000000000000 ) ;
#1775 = ADVANCED_FACE ( 'NONE', ( #1254 ), #1040, .F. ) ;
#1776 = COLOUR_RGB ( '',0.8274509803921568096, 0.8392156862745098200, 0.8274509803921568096 ) ;
#1777 = ORIENTED_EDGE ( 'NONE', *, *, #1804, .T. ) ;
#1778 = SURFACE_STYLE_FILL_AREA ( #76 ) ;
#1779 = CARTESIAN_POINT ( 'NONE',  ( 1.302507916529032084, 1.998999999999999888, 0.5541099772709600080 ) ) ;
#1780 = VECTOR ( 'NONE', #2724, 1000.000000000000000 ) ;
#1781 = EDGE_CURVE ( 'NONE', #2591, #2143, #59, .T. ) ;
#1782 = ORIENTED_EDGE ( 'NONE', *, *, #2469, .T. ) ;
#1783 = CARTESIAN_POINT ( 'NONE',  ( 1.844598523588410144, 2.000000000000000000, -0.5842257096104011005 ) ) ;
#1784 = VECTOR ( 'NONE', #2187, 1000.000000000000000 ) ;
#1785 =( NAMED_UNIT ( * ) SI_UNIT ( $, .STERADIAN. ) SOLID_ANGLE_UNIT ( ) );
#1786 = ORIENTED_EDGE ( 'NONE', *, *, #2707, .T. ) ;
#1787 = SURFACE_STYLE_USAGE ( .BOTH. , #1078 ) ;
#1788 = DIRECTION ( 'NONE',  ( 1.000000000000000000, 0.0000000000000000000, 0.0000000000000000000 ) ) ;
#1789 = CARTESIAN_POINT ( 'NONE',  ( -1.899999999999999911, 0.0000000000000000000, -2.149999999999999911 ) ) ;
#1790 = VERTEX_POINT ( 'NONE', #2581 ) ;
#1791 = DIRECTION ( 'NONE',  ( 0.0000000000000000000, 0.0000000000000000000, 1.000000000000000000 ) ) ;
#1792 =( NAMED_UNIT ( * ) PLANE_ANGLE_UNIT ( ) SI_UNIT ( $, .RADIAN. ) );
#1793 = DIRECTION ( 'NONE',  ( 0.0000000000000000000, 0.0000000000000000000, -1.000000000000000000 ) ) ;
#1794 = ORIENTED_EDGE ( 'NONE', *, *, #230, .T. ) ;
#1795 = CARTESIAN_POINT ( 'NONE',  ( 1.005495959485847912, 2.000000000000000000, 0.3093640339793430338 ) ) ;
#1796 = CARTESIAN_POINT ( 'NONE',  ( 1.187387142859996025, 1.998999999999999888, 0.4785811866517570290 ) ) ;
#1797 = ORIENTED_EDGE ( 'NONE', *, *, #1417, .T. ) ;
#1798 = DIRECTION ( 'NONE',  ( 1.000000000000000000, 0.0000000000000000000, 0.0000000000000000000 ) ) ;
#1799 = CARTESIAN_POINT ( 'NONE',  ( 1.613538828075590015, 1.998999999999999888, -0.07698412307193899795 ) ) ;
#1800 = DIRECTION ( 'NONE',  ( -1.000000000000000000, 0.0000000000000000000, -2.644395542647570287E-16 ) ) ;
#1801 = VERTEX_POINT ( 'NONE', #682 ) ;
#1802 = ORIENTED_EDGE ( 'NONE', *, *, #1630, .T. ) ;
#1803 = CARTESIAN_POINT ( 'NONE',  ( 1.161962249413595938, 2.000000000000000000, -0.8489215967274779118 ) ) ;
#1804 = EDGE_CURVE ( 'NONE', #890, #2741, #576, .T. ) ;
#1805 = CARTESIAN_POINT ( 'NONE',  ( 1.122077273403711883, 2.000000000000000000, 0.4251571532015420152 ) ) ;
#1806 = VERTEX_POINT ( 'NONE', #1300 ) ;
#1807 = DIRECTION ( 'NONE',  ( 1.000000000000000000, 0.0000000000000000000, 0.0000000000000000000 ) ) ;
#1808 = EDGE_CURVE ( 'NONE', #2730, #2736, #905, .T. ) ;
#1809 = CARTESIAN_POINT ( 'NONE',  ( 0.6345943748438318543, 2.000000000000000000, -0.4239972605822950324 ) ) ;
#1810 =( GEOMETRIC_REPRESENTATION_CONTEXT ( 3 ) GLOBAL_UNCERTAINTY_ASSIGNED_CONTEXT ( ( #1002 ) ) GLOBAL_UNIT_ASSIGNED_CONTEXT ( ( #2434, #2425, #506 ) ) REPRESENTATION_CONTEXT ( 'NONE', 'WORKASPACE' ) );
#1811 = PRESENTATION_STYLE_ASSIGNMENT (( #325 ) ) ;
#1812 = VECTOR ( 'NONE', #851, 1000.000000000000000 ) ;
#1813 = ORIENTED_EDGE ( 'NONE', *, *, #1941, .T. ) ;
#1814 = STYLED_ITEM ( 'NONE', ( #1811 ), #1270 ) ;
#1815 =( GEOMETRIC_REPRESENTATION_CONTEXT ( 3 ) GLOBAL_UNCERTAINTY_ASSIGNED_CONTEXT ( ( #1426 ) ) GLOBAL_UNIT_ASSIGNED_CONTEXT ( ( #1906, #1691, #1179 ) ) REPRESENTATION_CONTEXT ( 'NONE', 'WORKASPACE' ) );
#1816 = ORIENTED_EDGE ( 'NONE', *, *, #185, .F. ) ;
#1817 = CARTESIAN_POINT ( 'NONE',  ( 1.631480882556955114, 1.998999999999999888, -0.7261283725823900470 ) ) ;
#1818 = VECTOR ( 'NONE', #500, 1000.000000000000000 ) ;
#1819 = LINE ( 'NONE', #320, #2026 ) ;
#1820 = CARTESIAN_POINT ( 'NONE',  ( 1.824088457804144969, 2.000000000000000000, -0.04097076564483899397 ) ) ;
#1821 = ORIENTED_EDGE ( 'NONE', *, *, #2190, .T. ) ;
#1822 = ADVANCED_FACE ( 'NONE', ( #1081 ), #2374, .F. ) ;
#1823 = CARTESIAN_POINT ( 'NONE',  ( 0.1654665890170579912, 1.998999999999999888, -0.6426426023145790367 ) ) ;
#1824 = CARTESIAN_POINT ( 'NONE',  ( 0.6345943748438318543, 1.998999999999999888, -0.4239972605822950324 ) ) ;
#1825 = ADVANCED_FACE ( 'NONE', ( #1992 ), #1353, .T. ) ;
#1826 = ORIENTED_EDGE ( 'NONE', *, *, #1332, .F. ) ;
#1827 = ORIENTED_EDGE ( 'NONE', *, *, #2507, .F. ) ;
#1828 = CARTESIAN_POINT ( 'NONE',  ( 1.836137204112395116, 2.000000000000000000, 0.7232052166304500096 ) ) ;
#1829 = CARTESIAN_POINT ( 'NONE',  ( 1.588695564061294752, 2.000000000000000000, -0.08423471214300079501 ) ) ;
#1830 = CARTESIAN_POINT ( 'NONE',  ( 0.3535955464973720153, 2.000000000000000000, -0.4543577267240319628 ) ) ;
#1831 =( LENGTH_UNIT ( ) NAMED_UNIT ( * ) SI_UNIT ( .MILLI., .METRE. ) );
#1832 = ORIENTED_EDGE ( 'NONE', *, *, #2297, .T. ) ;
#1833 = LINE ( 'NONE', #313, #1272 ) ;
#1834 = LINE ( 'NONE', #2697, #1461 ) ;
#1835 = CARTESIAN_POINT ( 'NONE',  ( -0.5619670613766419853, 2.000000000000000000, -0.5345340290862310439 ) ) ;
#1836 = UNCERTAINTY_MEASURE_WITH_UNIT (LENGTH_MEASURE( 1.000000000000000082E-05 ), #2651, 'distance_accuracy_value', 'NONE');
#1837 = EDGE_CURVE ( 'NONE', #2730, #1653, #730, .T. ) ;
#1838 = ORIENTED_EDGE ( 'NONE', *, *, #2065, .T. ) ;
#1839 = DIRECTION ( 'NONE',  ( 0.0000000000000000000, 0.0000000000000000000, 1.000000000000000000 ) ) ;
#1840 = ORIENTED_EDGE ( 'NONE', *, *, #702, .T. ) ;
#1841 = LINE ( 'NONE', #818, #163 ) ;
#1842 = DIRECTION ( 'NONE',  ( 0.0000000000000000000, 1.000000000000000000, 0.0000000000000000000 ) ) ;
#1843 = LINE ( 'NONE', #1210, #1181 ) ;
#1844 = CARTESIAN_POINT ( 'NONE',  ( 1.140965832094679833, 1.998999999999999888, -0.9597972440307059872 ) ) ;
#1845 = ORIENTED_EDGE ( 'NONE', *, *, #329, .F. ) ;
#1846 = DIRECTION ( 'NONE',  ( 0.0000000000000000000, 1.000000000000000000, 0.0000000000000000000 ) ) ;
#1847 = B_SPLINE_CURVE_WITH_KNOTS ( 'NONE', 3,
 ( #2346, #428, #2567, #1278 ),
 .UNSPECIFIED., .F., .F.,
 ( 4, 4 ),
 ( 0.7272727272727269598, 0.8181818181818180102 ),
 .UNSPECIFIED. ) ;
#1848 = CARTESIAN_POINT ( 'NONE',  ( 1.166976922377209958, 2.000000000000000000, -0.9407000795321219799 ) ) ;
#1849 = FACE_OUTER_BOUND ( 'NONE', #2524, .T. ) ;
#1850 = VERTEX_POINT ( 'NONE', #1799 ) ;
#1851 = VECTOR ( 'NONE', #160, 1000.000000000000000 ) ;
#1852 = EDGE_CURVE ( 'NONE', #2679, #1510, #949, .T. ) ;
#1853 = VECTOR ( 'NONE', #950, 1000.000000000000000 ) ;
#1854 = EDGE_LOOP ( 'NONE', ( #2053, #629, #871, #1439, #298, #2344, #925, #546, #952, #998, #778 ) ) ;
#1855 = CARTESIAN_POINT ( 'NONE',  ( 1.783761415491974978, 1.998999999999999888, 0.6096963240484268853 ) ) ;
#1856 = CARTESIAN_POINT ( 'NONE',  ( -2.149999999999999911, 0.0000000000000000000, 1.899999999999999911 ) ) ;
#1857 = ADVANCED_FACE ( 'NONE', ( #512 ), #1659, .F. ) ;
#1858 = VECTOR ( 'NONE', #1800, 1000.000000000000000 ) ;
#1859 = CARTESIAN_POINT ( 'NONE',  ( 1.836137204112395116, 1.998999999999999888, 0.06935906278429600225 ) ) ;
#1860 = CARTESIAN_POINT ( 'NONE',  ( 0.7850000000000000311, -0.1000000000000000056, 1.625000000000000000 ) ) ;
#1861 = ORIENTED_EDGE ( 'NONE', *, *, #1217, .T. ) ;
#1862 = VECTOR ( 'NONE', #1130, 1000.000000000000000 ) ;
#1863 = CARTESIAN_POINT ( 'NONE',  ( 1.538885060303294861, 1.998999999999999888, -0.7526182268594520108 ) ) ;
#1864 = AXIS2_PLACEMENT_3D ( 'NONE', #2181, #687, #289 ) ;
#1865 = DIRECTION ( 'NONE',  ( 0.0000000000000000000, 0.0000000000000000000, 1.000000000000000000 ) ) ;
#1866 = DIRECTION ( 'NONE',  ( 0.0000000000000000000, 1.000000000000000000, 0.0000000000000000000 ) ) ;
#1867 = ORIENTED_EDGE ( 'NONE', *, *, #350, .F. ) ;
#1868 = PRESENTATION_STYLE_ASSIGNMENT (( #155 ) ) ;
#1869 = EDGE_LOOP ( 'NONE', ( #2515, #973, #1054, #364 ) ) ;
#1870 = FACE_OUTER_BOUND ( 'NONE', #2359, .T. ) ;
#1871 = CARTESIAN_POINT ( 'NONE',  ( 1.844598523588410144, 1.998999999999999888, 0.7234665980819070530 ) ) ;
#1872 = DIRECTION ( 'NONE',  ( 0.0000000000000000000, 0.0000000000000000000, 1.000000000000000000 ) ) ;
#1873 = B_SPLINE_CURVE_WITH_KNOTS ( 'NONE', 3,
 ( #1038, #1660, #2516, #1459 ),
 .UNSPECIFIED., .F., .F.,
 ( 4, 4 ),
 ( 0.2727272727272725406, 0.3636363636363635354 ),
 .UNSPECIFIED. ) ;
#1874 = EDGE_CURVE ( 'NONE', #489, #1161, #720, .T. ) ;
#1875 = CARTESIAN_POINT ( 'NONE',  ( 1.465638922642790165, 1.998999999999999888, -0.7799241933919078829 ) ) ;
#1876 = ORIENTED_EDGE ( 'NONE', *, *, #72, .F. ) ;
#1877 = CARTESIAN_POINT ( 'NONE',  ( -1.647270752819369966, 2.000000000000000000, 1.500000000000000000 ) ) ;
#1878 = CARTESIAN_POINT ( 'NONE',  ( 1.538885060303289976, 2.000000000000000000, 0.5550740808328560316 ) ) ;
#1879 =( NAMED_UNIT ( * ) SI_UNIT ( $, .STERADIAN. ) SOLID_ANGLE_UNIT ( ) );
#1880 = VERTEX_POINT ( 'NONE', #1169 ) ;
#1881 = CARTESIAN_POINT ( 'NONE',  ( 1.592944016905269988, 2.000000000000000000, 0.02629964899645120119 ) ) ;
#1882 = ORIENTED_EDGE ( 'NONE', *, *, #2222, .F. ) ;
#1883 = CARTESIAN_POINT ( 'NONE',  ( -1.647270752819369966, 1.998999999999999888, -1.500000000000000000 ) ) ;
#1884 = DIRECTION ( 'NONE',  ( 0.0000000000000000000, 0.0000000000000000000, -1.000000000000000000 ) ) ;
#1885 = ORIENTED_EDGE ( 'NONE', *, *, #53, .T. ) ;
#1886 = EDGE_CURVE ( 'NONE', #1344, #2303, #2664, .T. ) ;
#1887 = LINE ( 'NONE', #2737, #843 ) ;
#1888 = CARTESIAN_POINT ( 'NONE',  ( 1.334136272213519936, 2.000000000000000000, 0.4674209320251089816 ) ) ;
#1889 = UNCERTAINTY_MEASURE_WITH_UNIT (LENGTH_MEASURE( 1.000000000000000082E-05 ), #1772, 'distance_accuracy_value', 'NONE');
#1890 = CARTESIAN_POINT ( 'NONE',  ( -1.604999999999999982, 0.0000000000000000000, 1.625000000000000000 ) ) ;
#1891 = EDGE_LOOP ( 'NONE', ( #2329, #1043, #274, #1678 ) ) ;
#1892 = CARTESIAN_POINT ( 'NONE',  ( 1.005495959485847912, 1.998999999999999888, -0.3444821198668104878 ) ) ;
#1893 = ORIENTED_EDGE ( 'NONE', *, *, #1383, .F. ) ;
#1894 = CARTESIAN_POINT ( 'NONE',  ( -1.647270752819369966, 1.998999999999999888, 1.500000000000000000 ) ) ;
#1895 = CIRCLE ( 'NONE', #2519, 0.2500000000000000000 ) ;
#1896 = FACE_OUTER_BOUND ( 'NONE', #1031, .T. ) ;
#1897 = CARTESIAN_POINT ( 'NONE',  ( 1.844598523588410144, 1.998999999999999888, 0.7234665980819070530 ) ) ;
#1898 = VECTOR ( 'NONE', #1922, 1000.000000000000000 ) ;
#1899 = CARTESIAN_POINT ( 'NONE',  ( 1.399473708798350202, 2.000000000000000000, -0.04715036060231739962 ) ) ;
#1900 =( NAMED_UNIT ( * ) PLANE_ANGLE_UNIT ( ) SI_UNIT ( $, .RADIAN. ) );
#1901 = ORIENTED_EDGE ( 'NONE', *, *, #2356, .T. ) ;
#1902 = CARTESIAN_POINT ( 'NONE',  ( 1.535105287417090070, 1.998999999999999888, 0.6623752494765839938 ) ) ;
#1903 = ADVANCED_FACE ( 'NONE', ( #2221 ), #1909, .F. ) ;
#1904 = LINE ( 'NONE', #2755, #709 ) ;
#1905 = STYLED_ITEM ( 'NONE', ( #370 ), #2203 ) ;
#1906 =( LENGTH_UNIT ( ) NAMED_UNIT ( * ) SI_UNIT ( .MILLI., .METRE. ) );
#1907 = VERTEX_POINT ( 'NONE', #1203 ) ;
#1908 = CARTESIAN_POINT ( 'NONE',  ( 1.093697081280719852, 1.998999999999999888, -0.3444821198668104878 ) ) ;
#1909 = B_SPLINE_SURFACE_WITH_KNOTS ( 'NONE', 3, 1, ( 
 ( #300, #71 ),
 ( #2209, #932 ),
 ( #1571, #1651 ),
 ( #2312, #176 ) ),
 .UNSPECIFIED., .F., .F., .F.,
 ( 4, 4 ),
 ( 2, 2 ),
 ( 0.5454545454545459693, 0.6363636363636370197 ),
 ( 0.0000000000000000000, 1.000000000000000000 ),
 .UNSPECIFIED. ) ;
#1910 = ORIENTED_EDGE ( 'NONE', *, *, #113, .T. ) ;
#1911 = CARTESIAN_POINT ( 'NONE',  ( 1.242388969312481883, 1.998999999999999888, -0.7908018594882070262 ) ) ;
#1912 = CARTESIAN_POINT ( 'NONE',  ( 1.592944016905269988, 1.998999999999999888, 0.6801458028426049518 ) ) ;
#1913 = PLANE ( 'NONE',  #1268 ) ;
#1914 = VERTEX_POINT ( 'NONE', #801 ) ;
#1915 =( LENGTH_UNIT ( ) NAMED_UNIT ( * ) SI_UNIT ( .MILLI., .METRE. ) );
#1916 = CARTESIAN_POINT ( 'NONE',  ( 1.101198395776622041, 1.998999999999999888, -0.3380675888599964374 ) ) ;
#1917 = CARTESIAN_POINT ( 'NONE',  ( 1.535105287417090070, 1.998999999999999888, 0.008529095630430560612 ) ) ;
#1918 = LINE ( 'NONE', #1316, #662 ) ;
#1919 = CARTESIAN_POINT ( 'NONE',  ( 1.166976922377209958, 1.998999999999999888, 0.3669922281601855074 ) ) ;
#1920 = CARTESIAN_POINT ( 'NONE',  ( 1.140965832094679833, 2.000000000000000000, -0.9597972440307059872 ) ) ;
#1921 = EDGE_LOOP ( 'NONE', ( #553, #515, #2067, #2218 ) ) ;
#1922 = DIRECTION ( 'NONE',  ( -1.000000000000000000, 0.0000000000000000000, 7.042071574656160948E-15 ) ) ;
#1923 = ADVANCED_FACE ( 'NONE', ( #1214 ), #2048, .T. ) ;
#1924 = ORIENTED_EDGE ( 'NONE', *, *, #361, .T. ) ;
#1925 = PRESENTATION_STYLE_ASSIGNMENT (( #227 ) ) ;
#1926 = CARTESIAN_POINT ( 'NONE',  ( -0.4665199558648300271, 1.998999999999999888, 0.2714273189452670043 ) ) ;
#1927 = CARTESIAN_POINT ( 'NONE',  ( 1.114470318460206055, 1.998999999999999888, -0.2355077608924520116 ) ) ;
#1928 = LINE ( 'NONE', #2084, #1111 ) ;
#1929 = CARTESIAN_POINT ( 'NONE',  ( 1.844598523588410144, 1.998999999999999888, 0.6144922391075480217 ) ) ;
#1930 = CARTESIAN_POINT ( 'NONE',  ( 1.255322057264014024, 1.998999999999999888, -0.2301529098955654717 ) ) ;
#1931 = CARTESIAN_POINT ( 'NONE',  ( 1.271732682161234029, 2.000000000000000000, 0.5357942822294450291 ) ) ;
#1932 = CARTESIAN_POINT ( 'NONE',  ( 1.704041081140209801, 2.000000000000000000, -0.6007225875090539402 ) ) ;
#1933 = CARTESIAN_POINT ( 'NONE',  ( -1.497270752819366058, 2.000000000000000000, 1.500000000000000000 ) ) ;
#1934 = ORIENTED_EDGE ( 'NONE', *, *, #1650, .F. ) ;
#1935 = ORIENTED_EDGE ( 'NONE', *, *, #1051, .T. ) ;
#1936 = EDGE_CURVE ( 'NONE', #2011, #1484, #1834, .T. ) ;
#1937 = CARTESIAN_POINT ( 'NONE',  ( -0.4665199558648300271, 2.000000000000000000, 0.2714273189452670043 ) ) ;
#1938 = CARTESIAN_POINT ( 'NONE',  ( 1.214279204130276124, 2.000000000000000000, -0.1560212628285134739 ) ) ;
#1939 = STYLED_ITEM ( 'NONE', ( #1868 ), #493 ) ;
#1940 = FILL_AREA_STYLE ('',( #863 ) ) ;
#1941 = EDGE_CURVE ( 'NONE', #580, #2691, #2271, .T. ) ;
#1942 = CARTESIAN_POINT ( 'NONE',  ( 1.194811448530127995, 2.000000000000000000, -0.2679833682463225175 ) ) ;
#1943 = COLOUR_RGB ( '',0.8274509803921568096, 0.8392156862745098200, 0.8274509803921568096 ) ;
#1944 = CARTESIAN_POINT ( 'NONE',  ( 0.3940700535839914975, 1.998999999999999888, 0.7886627205200660296 ) ) ;
#1945 = CARTESIAN_POINT ( 'NONE',  ( -0.5619670613766419853, 1.998999999999999888, -0.5345340290862310439 ) ) ;
#1946 = AXIS2_PLACEMENT_3D ( 'NONE', #507, #1386, #1793 ) ;
#1947 = DIRECTION ( 'NONE',  ( 0.0000000000000000000, -1.000000000000000000, 0.0000000000000000000 ) ) ;
#1948 = AXIS2_PLACEMENT_3D ( 'NONE', #634, #2560, #1865 ) ;
#1949 = DIRECTION ( 'NONE',  ( 0.0000000000000000000, 0.0000000000000000000, 1.000000000000000000 ) ) ;
#1950 = CARTESIAN_POINT ( 'NONE',  ( -0.2398425385419974964, 1.998999999999999888, -0.2033203975901710092 ) ) ;
#1951 = CARTESIAN_POINT ( 'NONE',  ( 1.844598523588410144, 2.000000000000000000, 0.06962044423575329544 ) ) ;
#1952 = VECTOR ( 'NONE', #1977, 1000.000000000000000 ) ;
#1953 = VERTEX_POINT ( 'NONE', #1240 ) ;
#1954 = CARTESIAN_POINT ( 'NONE',  ( -1.899999999999999911, 0.0000000000000000000, 1.899999999999999911 ) ) ;
#1955 = VECTOR ( 'NONE', #447, 1000.000000000000000 ) ;
#1956 = FACE_OUTER_BOUND ( 'NONE', #671, .T. ) ;
#1957 =( GEOMETRIC_REPRESENTATION_CONTEXT ( 3 ) GLOBAL_UNCERTAINTY_ASSIGNED_CONTEXT ( ( #2102 ) ) GLOBAL_UNIT_ASSIGNED_CONTEXT ( ( #2392, #1544, #1583 ) ) REPRESENTATION_CONTEXT ( 'NONE', 'WORKASPACE' ) );
#1958 =( NAMED_UNIT ( * ) PLANE_ANGLE_UNIT ( ) SI_UNIT ( $, .RADIAN. ) );
#1959 = FACE_OUTER_BOUND ( 'NONE', #631, .T. ) ;
#1960 = CARTESIAN_POINT ( 'NONE',  ( 1.255322057264014024, 2.000000000000000000, -0.2301529098955654717 ) ) ;
#1961 = ADVANCED_FACE ( 'NONE', ( #587 ), #2534, .T. ) ;
#1962 = CARTESIAN_POINT ( 'NONE',  ( 0.7354871496469830294, 1.998999999999999888, -0.01750269680276889811 ) ) ;
#1963 = CARTESIAN_POINT ( 'NONE',  ( 1.672122341919930033, 2.000000000000000000, 0.7001969174374509386 ) ) ;
#1964 = CARTESIAN_POINT ( 'NONE',  ( -2.149999999999999911, 0.0000000000000000000, -2.149999999999999911 ) ) ;
#1965 = CARTESIAN_POINT ( 'NONE',  ( 0.5134184882296609631, 2.000000000000000000, 0.3980672181578629454 ) ) ;
#1966 = CARTESIAN_POINT ( 'NONE',  ( -0.2033966802742775137, 2.000000000000000000, 0.3783458701263675006 ) ) ;
#1967 = CARTESIAN_POINT ( 'NONE',  ( 1.783761415491974978, 1.998999999999999888, -0.04414982979772685834 ) ) ;
#1968 = EDGE_LOOP ( 'NONE', ( #1164, #139, #2333, #2535 ) ) ;
#1969 = CARTESIAN_POINT ( 'NONE',  ( -0.5846141668884510256, 2.000000000000000000, -0.3789759062515855037 ) ) ;
#1970 = CARTESIAN_POINT ( 'NONE',  ( 1.214279204130276124, 1.998999999999999888, 0.4978248910176399922 ) ) ;
#1971 = ORIENTED_EDGE ( 'NONE', *, *, #1160, .F. ) ;
#1972 = CARTESIAN_POINT ( 'NONE',  ( 1.763933828761194977, 1.998999999999999888, -0.5905674082819709625 ) ) ;
#1973 = CARTESIAN_POINT ( 'NONE',  ( -0.5619670613766419853, 1.998999999999999888, -0.5345340290862310439 ) ) ;
#1974 = CARTESIAN_POINT ( 'NONE',  ( 1.818736998913069947, 1.998999999999999888, 0.06882154722262180668 ) ) ;
#1975 = DIRECTION ( 'NONE',  ( 0.0000000000000000000, -1.000000000000000000, 0.0000000000000000000 ) ) ;
#1976 = CARTESIAN_POINT ( 'NONE',  ( 1.302507916529030085, 2.000000000000000000, -0.7535823304213470353 ) ) ;
#1977 = DIRECTION ( 'NONE',  ( 0.0000000000000000000, 0.0000000000000000000, 1.000000000000000000 ) ) ;
#1978 = B_SPLINE_CURVE_WITH_KNOTS ( 'NONE', 3,
 ( #935, #1159, #907, #2004, #700, #2388, #474, #1132, #1993, #87, #2641, #1558, #721, #1980, #2432 ),
 .UNSPECIFIED., .F., .F.,
 ( 4, 1, 1, 1, 1, 1, 1, 1, 1, 1, 1, 1, 4 ),
 ( 0.0000000000000000000, 0.05027287497458349935, 0.1027903700748776100, 0.1576131012369289819, 0.2146311133156754980, 0.2740612127265389941, 0.3356974550538849855, 0.4000702787165529850, 0.4668267493853399674, 0.6020780869193700369, 0.7357515335047489780, 0.8682046170340289581, 1.000000000000000000 ),
 .UNSPECIFIED. ) ;
#1979 = EDGE_CURVE ( 'NONE', #2563, #1761, #1027, .T. ) ;
#1980 = CARTESIAN_POINT ( 'NONE',  ( 1.588695564061294752, 2.000000000000000000, -0.08423471214300079501 ) ) ;
#1981 = ORIENTED_EDGE ( 'NONE', *, *, #2222, .T. ) ;
#1982 = CARTESIAN_POINT ( 'NONE',  ( 1.899999999999999911, 2.000000000000000000, -1.899999999999999911 ) ) ;
#1983 = CARTESIAN_POINT ( 'NONE',  ( 1.137494231787219867, 1.998999999999999888, 0.4389766833221719344 ) ) ;
#1984 = EDGE_LOOP ( 'NONE', ( #622, #979, #1845, #2263 ) ) ;
#1985 = CARTESIAN_POINT ( 'NONE',  ( 1.344862199222083943, 2.000000000000000000, -0.7292029753674940107 ) ) ;
#1986 = CARTESIAN_POINT ( 'NONE',  ( 1.114470318460206055, 1.998999999999999888, 0.4183383929537020096 ) ) ;
#1987 = ORIENTED_EDGE ( 'NONE', *, *, #2599, .T. ) ;
#1988 = COLOUR_RGB ( '',0.1921568627450980227, 0.2039215686274509776, 0.2039215686274509776 ) ;
#1989 = CARTESIAN_POINT ( 'NONE',  ( 2.149999999999999911, 2.000000000000000000, 1.899999999999999911 ) ) ;
#1990 = PRESENTATION_LAYER_ASSIGNMENT (  '', '', ( #2660 ) ) ;
#1991 = LINE ( 'NONE', #1284, #2744 ) ;
#1992 = FACE_OUTER_BOUND ( 'NONE', #1229, .T. ) ;
#1993 = CARTESIAN_POINT ( 'NONE',  ( 1.288135590727311985, 2.000000000000000000, -0.2112954075424554601 ) ) ;
#1994 = COLOUR_RGB ( '',0.8274509803921568096, 0.8392156862745098200, 0.8274509803921568096 ) ;
#1995 = EDGE_CURVE ( 'NONE', #984, #560, #1873, .T. ) ;
#1996 = ORIENTED_EDGE ( 'NONE', *, *, #2687, .T. ) ;
#1997 = ORIENTED_EDGE ( 'NONE', *, *, #1467, .T. ) ;
#1998 = CARTESIAN_POINT ( 'NONE',  ( 1.399473708798350202, 2.000000000000000000, -0.7009965144484709976 ) ) ;
#1999 = VECTOR ( 'NONE', #807, 1000.000000000000000 ) ;
#2000 = CARTESIAN_POINT ( 'NONE',  ( 1.114470318460206055, 2.000000000000000000, 0.4183383929537020096 ) ) ;
#2001 = VERTEX_POINT ( 'NONE', #822 ) ;
#2002 = LINE ( 'NONE', #140, #1101 ) ;
#2003 = SURFACE_STYLE_FILL_AREA ( #1745 ) ;
#2004 = CARTESIAN_POINT ( 'NONE',  ( 1.140965832094679833, 2.000000000000000000, -0.3059510901845515218 ) ) ;
#2005 = ORIENTED_EDGE ( 'NONE', *, *, #2375, .F. ) ;
#2006 = CARTESIAN_POINT ( 'NONE',  ( 1.114470318460206055, 1.998999999999999888, -0.8893539147386060328 ) ) ;
#2007 = EDGE_CURVE ( 'NONE', #1712, #335, #1887, .T. ) ;
#2008 = VERTEX_POINT ( 'NONE', #835 ) ;
#2009 = CARTESIAN_POINT ( 'NONE',  ( 1.242388969312481883, 1.998999999999999888, -0.7908018594882070262 ) ) ;
#2010 = CARTESIAN_POINT ( 'NONE',  ( 1.122077273403711883, 1.998999999999999888, 0.4251571532015420152 ) ) ;
#2011 = VERTEX_POINT ( 'NONE', #1192 ) ;
#2012 = FACE_OUTER_BOUND ( 'NONE', #1257, .T. ) ;
#2013 = B_SPLINE_CURVE_WITH_KNOTS ( 'NONE', 3,
 ( #269, #1125, #1974, #2546, #1489, #2336, #417, #1266, #1063, #3, #1917, #865, #1568, #769, #976, #544, #1400, #1378, #2231, #1389, #753, #296, #2451 ),
 .UNSPECIFIED., .F., .F.,
 ( 4, 1, 1, 1, 1, 1, 1, 1, 1, 1, 1, 1, 1, 1, 1, 1, 1, 1, 1, 1, 4 ),
 ( 0.0000000000000000000, 0.03151551312998480264, 0.06480979674365740240, 0.09991169883527560580, 0.1366755286001710146, 0.1751432978746824964, 0.2157650117082454966, 0.2581569125231215067, 0.3022930440652045192, 0.3927408518773999879, 0.4832984694610620302, 0.5744114847371659671, 0.6664774093514970188, 0.7120107481430549834, 0.7563744975915029922, 0.7998154803065210539, 0.8419616993485899981, 0.8828431755911849699, 0.9229180315891940545, 0.9619666184423850686, 1.000000000000000000 ),
 .UNSPECIFIED. ) ;
#2014 = CARTESIAN_POINT ( 'NONE',  ( -0.4139159369671944755, 1.998999999999999888, -0.5634545456216669690 ) ) ;
#2015 = ORIENTED_EDGE ( 'NONE', *, *, #1363, .T. ) ;
#2016 = FILL_AREA_STYLE_COLOUR ( '', #1627 ) ;
#2017 = EDGE_CURVE ( 'NONE', #2736, #1413, #2039, .T. ) ;
#2018 = ORIENTED_EDGE ( 'NONE', *, *, #2020, .F. ) ;
#2019 = CARTESIAN_POINT ( 'NONE',  ( 1.114470318460206055, 2.000000000000000000, -0.8893539147386060328 ) ) ;
#2020 = EDGE_CURVE ( 'NONE', #1151, #921, #852, .T. ) ;
#2021 = CARTESIAN_POINT ( 'NONE',  ( -0.6553023936601070076, 1.998999999999999888, -0.2231953708185159813 ) ) ;
#2022 = ORIENTED_EDGE ( 'NONE', *, *, #2375, .T. ) ;
#2023 = CARTESIAN_POINT ( 'NONE',  ( -0.1005526361797927926, 1.998999999999999888, -0.3828990810547365231 ) ) ;
#2024 = FILL_AREA_STYLE_COLOUR ( '', #978 ) ;
#2025 =( GEOMETRIC_REPRESENTATION_CONTEXT ( 3 ) GLOBAL_UNCERTAINTY_ASSIGNED_CONTEXT ( ( #2372 ) ) GLOBAL_UNIT_ASSIGNED_CONTEXT ( ( #706, #1792, #307 ) ) REPRESENTATION_CONTEXT ( 'NONE', 'WORKASPACE' ) );
#2026 = VECTOR ( 'NONE', #1175, 1000.000000000000000 ) ;
#2027 = ORIENTED_EDGE ( 'NONE', *, *, #1204, .T. ) ;
#2028 = STYLED_ITEM ( 'NONE', ( #2061 ), #1286 ) ;
#2029 = DIRECTION ( 'NONE',  ( -1.000000000000000000, 0.0000000000000000000, 0.0000000000000000000 ) ) ;
#2030 = AXIS2_PLACEMENT_3D ( 'NONE', #2184, #64, #1546 ) ;
#2031 = ORIENTED_EDGE ( 'NONE', *, *, #142, .F. ) ;
#2032 = CARTESIAN_POINT ( 'NONE',  ( 1.844598523588410144, 2.000000000000000000, 0.7234665980819070530 ) ) ;
#2033 = AXIS2_PLACEMENT_3D ( 'NONE', #2571, #2131, #1074 ) ;
#2034 = CARTESIAN_POINT ( 'NONE',  ( 1.005495959485847912, 1.998999999999999888, 0.2003896750049840025 ) ) ;
#2035 = CARTESIAN_POINT ( 'NONE',  ( 1.166976922377209958, 1.998999999999999888, -0.9407000795321219799 ) ) ;
#2036 = ORIENTED_EDGE ( 'NONE', *, *, #281, .T. ) ;
#2037 = CARTESIAN_POINT ( 'NONE',  ( 1.844598523588410144, 1.998999999999999888, 0.6144922391075480217 ) ) ;
#2038 = EDGE_CURVE ( 'NONE', #591, #2286, #1410, .T. ) ;
#2039 = LINE ( 'NONE', #128, #2751 ) ;
#2040 = FACE_OUTER_BOUND ( 'NONE', #1438, .T. ) ;
#2041 = EDGE_LOOP ( 'NONE', ( #2701, #827, #1056, #1797 ) ) ;
#2042 = CARTESIAN_POINT ( 'NONE',  ( 1.242388969312481883, 2.000000000000000000, -0.1369557056420531993 ) ) ;
#2043 = VERTEX_POINT ( 'NONE', #2532 ) ;
#2044 = CARTESIAN_POINT ( 'NONE',  ( 1.613538828075590015, 1.998999999999999888, 0.5768620307742150510 ) ) ;
#2045 = CARTESIAN_POINT ( 'NONE',  ( 1.631480882556955114, 2.000000000000000000, -0.07228221873623559557 ) ) ;
#2046 = ORIENTED_EDGE ( 'NONE', *, *, #1650, .T. ) ;
#2047 = CARTESIAN_POINT ( 'NONE',  ( -0.4139159369671944755, 2.000000000000000000, -0.5634545456216669690 ) ) ;
#2048 = PLANE ( 'NONE',  #1190 ) ;
#2049 = EDGE_CURVE ( 'NONE', #1219, #1641, #257, .T. ) ;
#2050 = CARTESIAN_POINT ( 'NONE',  ( 1.604999999999999982, -0.1000000000000000056, -1.625000000000000000 ) ) ;
#2051 = EDGE_CURVE ( 'NONE', #195, #2052, #1918, .T. ) ;
#2052 = VERTEX_POINT ( 'NONE', #680 ) ;
#2053 = ORIENTED_EDGE ( 'NONE', *, *, #2662, .F. ) ;
#2054 = DIRECTION ( 'NONE',  ( -1.000000000000000000, 0.0000000000000000000, 0.0000000000000000000 ) ) ;
#2055 = FACE_OUTER_BOUND ( 'NONE', #1984, .T. ) ;
#2056 = DIRECTION ( 'NONE',  ( 0.0000000000000000000, 1.000000000000000000, 0.0000000000000000000 ) ) ;
#2057 = CARTESIAN_POINT ( 'NONE',  ( 1.114470318460206055, 1.998999999999999888, 0.8542358288511379127 ) ) ;
#2058 = ORIENTED_EDGE ( 'NONE', *, *, #2507, .T. ) ;
#2059 = LINE ( 'NONE', #49, #2309 ) ;
#2060 = CARTESIAN_POINT ( 'NONE',  ( 1.101198395776622041, 1.998999999999999888, -0.9919137427061499590 ) ) ;
#2061 = PRESENTATION_STYLE_ASSIGNMENT (( #2476 ) ) ;
#2062 = EDGE_LOOP ( 'NONE', ( #1861, #2252, #1727, #722 ) ) ;
#2063 = CARTESIAN_POINT ( 'NONE',  ( 1.844598523588410144, 2.000000000000000000, 0.06962044423575329544 ) ) ;
#2064 = AXIS2_PLACEMENT_3D ( 'NONE', #2305, #345, #1631 ) ;
#2065 = EDGE_CURVE ( 'NONE', #1391, #1084, #402, .T. ) ;
#2066 = MECHANICAL_DESIGN_GEOMETRIC_PRESENTATION_REPRESENTATION (  '', ( #2699 ), #836 ) ;
#2067 = ORIENTED_EDGE ( 'NONE', *, *, #317, .F. ) ;
#2068 = CARTESIAN_POINT ( 'NONE',  ( 1.667981684308875279, 2.000000000000000000, 0.5911293546215069528 ) ) ;
#2069 = CYLINDRICAL_SURFACE ( 'NONE', #2064, 0.2500000000000000000 ) ;
#2070 = CARTESIAN_POINT ( 'NONE',  ( 0.5211272630328078748, 2.000000000000000000, -0.1590465330232414820 ) ) ;
#2071 = CARTESIAN_POINT ( 'NONE',  ( 1.334136272213519936, 1.998999999999999888, -0.8402713756671978951 ) ) ;
#2072 = VECTOR ( 'NONE', #1798, 1000.000000000000000 ) ;
#2073 = ORIENTED_EDGE ( 'NONE', *, *, #2065, .F. ) ;
#2074 = AXIS2_PLACEMENT_3D ( 'NONE', #2429, #270, #2637 ) ;
#2075 = DIRECTION ( 'NONE',  ( 0.0000000000000000000, 0.0000000000000000000, 1.000000000000000000 ) ) ;
#2076 = FACE_OUTER_BOUND ( 'NONE', #2441, .T. ) ;
#2077 =( GEOMETRIC_REPRESENTATION_CONTEXT ( 3 ) GLOBAL_UNCERTAINTY_ASSIGNED_CONTEXT ( ( #21 ) ) GLOBAL_UNIT_ASSIGNED_CONTEXT ( ( #962, #569, #747 ) ) REPRESENTATION_CONTEXT ( 'NONE', 'WORKASPACE' ) );
#2078 = VERTEX_POINT ( 'NONE', #2153 ) ;
#2079 = CARTESIAN_POINT ( 'NONE',  ( 1.187387142859996025, 2.000000000000000000, -0.1752649671943974918 ) ) ;
#2080 = EDGE_LOOP ( 'NONE', ( #322, #455, #210, #2027 ) ) ;
#2081 = DIRECTION ( 'NONE',  ( 0.0000000000000000000, 1.000000000000000000, 0.0000000000000000000 ) ) ;
#2082 = EDGE_CURVE ( 'NONE', #309, #2237, #1535, .T. ) ;
#2083 = CARTESIAN_POINT ( 'NONE',  ( -0.2006956283057725055, 1.998999999999999888, 0.6263175740633749600 ) ) ;
#2084 = CARTESIAN_POINT ( 'NONE',  ( -2.149999999999999911, 2.000000000000000000, -2.149999999999999911 ) ) ;
#2085 = EDGE_CURVE ( 'NONE', #1880, #2680, #1474, .T. ) ;
#2086 = ORIENTED_EDGE ( 'NONE', *, *, #1604, .F. ) ;
#2087 = CARTESIAN_POINT ( 'NONE',  ( 1.255322057264011804, 1.998999999999999888, -0.8839990637417199926 ) ) ;
#2088 = CARTESIAN_POINT ( 'NONE',  ( 1.465638922642791941, 1.998999999999999888, 0.5277681143003990494 ) ) ;
#2089 = CARTESIAN_POINT ( 'NONE',  ( -0.5619670613766419853, 2.000000000000000000, -0.5345340290862310439 ) ) ;
#2090 = ORIENTED_EDGE ( 'NONE', *, *, #1979, .T. ) ;
#2091 = CARTESIAN_POINT ( 'NONE',  ( -0.2033966802742775137, 2.000000000000000000, 0.3783458701263675006 ) ) ;
#2092 = EDGE_LOOP ( 'NONE', ( #2426, #158, #96, #316 ) ) ;
#2093 = CARTESIAN_POINT ( 'NONE',  ( 1.535105287417090070, 2.000000000000000000, 0.6623752494765839938 ) ) ;
#2094 = EDGE_CURVE ( 'NONE', #1595, #2011, #2216, .T. ) ;
#2095 = PRESENTATION_STYLE_ASSIGNMENT (( #2365 ) ) ;
#2096 = CARTESIAN_POINT ( 'NONE',  ( -1.604999999999999982, 0.0000000000000000000, -1.625000000000000000 ) ) ;
#2097 = ORIENTED_EDGE ( 'NONE', *, *, #1781, .T. ) ;
#2098 = ADVANCED_FACE ( 'NONE', ( #1114 ), #1336, .T. ) ;
#2099 = CARTESIAN_POINT ( 'NONE',  ( 1.638943977746429859, 1.998999999999999888, 0.6921080884520689480 ) ) ;
#2100 = CARTESIAN_POINT ( 'NONE',  ( 1.588695564061294752, 1.998999999999999888, 0.5696114417031530319 ) ) ;
#2101 = B_SPLINE_CURVE_WITH_KNOTS ( 'NONE', 3,
 ( #1704, #1944, #254, #1962 ),
 .UNSPECIFIED., .F., .F.,
 ( 4, 4 ),
 ( 0.09090909090909089774, 0.1818181818181820175 ),
 .UNSPECIFIED. ) ;
#2102 = UNCERTAINTY_MEASURE_WITH_UNIT (LENGTH_MEASURE( 1.000000000000000082E-05 ), #2392, 'distance_accuracy_value', 'NONE');
#2103 = LINE ( 'NONE', #2520, #2481 ) ;
#2104 = DIRECTION ( 'NONE',  ( 0.0000000000000000000, 0.0000000000000000000, 1.000000000000000000 ) ) ;
#2105 = ORIENTED_EDGE ( 'NONE', *, *, #643, .T. ) ;
#2106 = DIRECTION ( 'NONE',  ( 0.0000000000000000000, 1.000000000000000000, 0.0000000000000000000 ) ) ;
#2107 = ORIENTED_EDGE ( 'NONE', *, *, #2082, .T. ) ;
#2108 = FILL_AREA_STYLE ('',( #196 ) ) ;
#2109 = AXIS2_PLACEMENT_3D ( 'NONE', #816, #570, #607 ) ;
#2110 = CARTESIAN_POINT ( 'NONE',  ( -0.6553023936601070076, 1.998999999999999888, -0.2231953708185159813 ) ) ;
#2111 = CARTESIAN_POINT ( 'NONE',  ( -1.899999999999999911, 2.000000000000000000, 2.149999999999999911 ) ) ;
#2112 = CARTESIAN_POINT ( 'NONE',  ( 1.187387142859996025, 2.000000000000000000, -0.1752649671943974918 ) ) ;
#2113 = ORIENTED_EDGE ( 'NONE', *, *, #251, .T. ) ;
#2114 = PRESENTATION_STYLE_ASSIGNMENT (( #1249 ) ) ;
#2115 = CARTESIAN_POINT ( 'NONE',  ( 2.149999999999999911, 0.0000000000000000000, -1.899999999999999911 ) ) ;
#2116 = VECTOR ( 'NONE', #2405, 1000.000000000000000 ) ;
#2117 = CARTESIAN_POINT ( 'NONE',  ( 1.824088457804144969, 2.000000000000000000, -0.6948169194909930013 ) ) ;
#2118 = CARTESIAN_POINT ( 'NONE',  ( 1.734634102153719715, 1.998999999999999888, 0.7126533872487720300 ) ) ;
#2119 = ADVANCED_FACE ( 'NONE', ( #2658 ), #716, .T. ) ;
#2120 = CARTESIAN_POINT ( 'NONE',  ( 1.194811448530127995, 1.998999999999999888, 0.3858627855998310041 ) ) ;
#2121 = VECTOR ( 'NONE', #414, 1000.000000000000000 ) ;
#2122 = VECTOR ( 'NONE', #1596, 1000.000000000000000 ) ;
#2123 = ORIENTED_EDGE ( 'NONE', *, *, #2356, .F. ) ;
#2124 = SURFACE_STYLE_USAGE ( .BOTH. , #406 ) ;
#2125 = AXIS2_PLACEMENT_3D ( 'NONE', #2496, #1839, #365 ) ;
#2126 = ORIENTED_EDGE ( 'NONE', *, *, #53, .F. ) ;
#2127 = CARTESIAN_POINT ( 'NONE',  ( 0.7293673638202110565, 2.000000000000000000, -0.2081561519208799949 ) ) ;
#2128 = CARTESIAN_POINT ( 'NONE',  ( -0.2033966802742775137, 2.000000000000000000, 0.3783458701263675006 ) ) ;
#2129 = FACE_OUTER_BOUND ( 'NONE', #2243, .T. ) ;
#2130 = CARTESIAN_POINT ( 'NONE',  ( -0.5619670613766419853, 1.998999999999999888, -0.5345340290862310439 ) ) ;
#2131 = DIRECTION ( 'NONE',  ( -0.0000000000000000000, 1.000000000000000000, 0.0000000000000000000 ) ) ;
#2132 = CARTESIAN_POINT ( 'NONE',  ( 1.538885060303294861, 1.998999999999999888, -0.09877207301329769817 ) ) ;
#2133 = CARTESIAN_POINT ( 'NONE',  ( 1.613538828075590015, 2.000000000000000000, -0.7308302769180929914 ) ) ;
#2134 = CARTESIAN_POINT ( 'NONE',  ( 0.1654665890170579912, 1.998999999999999888, -0.6426426023145790367 ) ) ;
#2135 = FACE_OUTER_BOUND ( 'NONE', #1098, .T. ) ;
#2136 = UNCERTAINTY_MEASURE_WITH_UNIT (LENGTH_MEASURE( 1.000000000000000082E-05 ), #1590, 'distance_accuracy_value', 'NONE');
#2137 = ADVANCED_FACE ( 'NONE', ( #280 ), #916, .F. ) ;
#2138 = CARTESIAN_POINT ( 'NONE',  ( 1.613538828075590015, 1.998999999999999888, -0.07698412307193899795 ) ) ;
#2139 = LINE ( 'NONE', #208, #1560 ) ;
#2140 = ORIENTED_EDGE ( 'NONE', *, *, #2690, .T. ) ;
#2141 = FILL_AREA_STYLE_COLOUR ( '', #243 ) ;
#2142 = ADVANCED_FACE ( 'NONE', ( #321 ), #2217, .F. ) ;
#2143 = VERTEX_POINT ( 'NONE', #1176 ) ;
#2144 = CARTESIAN_POINT ( 'NONE',  ( 1.302507916529032084, 2.000000000000000000, 0.5541099772709600080 ) ) ;
#2145 = LINE ( 'NONE', #2393, #2256 ) ;
#2146 = DIRECTION ( 'NONE',  ( 0.0000000000000000000, 1.000000000000000000, 0.0000000000000000000 ) ) ;
#2147 = B_SPLINE_CURVE_WITH_KNOTS ( 'NONE', 3,
 ( #1024, #1830, #2070, #832 ),
 .UNSPECIFIED., .F., .F.,
 ( 4, 4 ),
 ( 0.8181818181818180102, 0.9090909090909089496 ),
 .UNSPECIFIED. ) ;
#2148 = CARTESIAN_POINT ( 'NONE',  ( 1.214279204130276124, 1.998999999999999888, -0.1560212628285134739 ) ) ;
#2149 = ORIENTED_EDGE ( 'NONE', *, *, #1204, .F. ) ;
#2150 = LINE ( 'NONE', #1519, #1955 ) ;
#2151 = CARTESIAN_POINT ( 'NONE',  ( -1.899999999999999911, 2.000000000000000000, 1.899999999999999911 ) ) ;
#2152 = DIRECTION ( 'NONE',  ( 0.0000000000000000000, 0.0000000000000000000, 1.000000000000000000 ) ) ;
#2153 = CARTESIAN_POINT ( 'NONE',  ( 1.005495959485847912, 2.000000000000000000, -0.9983282737129649531 ) ) ;
#2154 = FACE_OUTER_BOUND ( 'NONE', #1069, .T. ) ;
#2155 = DIRECTION ( 'NONE',  ( 0.0000000000000000000, 1.000000000000000000, 0.0000000000000000000 ) ) ;
#2156 = CARTESIAN_POINT ( 'NONE',  ( 1.255322057264011804, 2.000000000000000000, -0.8839990637417199926 ) ) ;
#2157 = ORIENTED_EDGE ( 'NONE', *, *, #1124, .F. ) ;
#2158 = CARTESIAN_POINT ( 'NONE',  ( -0.1005526361797927926, 1.998999999999999888, -0.3828990810547365231 ) ) ;
#2159 = DIRECTION ( 'NONE',  ( 0.0000000000000000000, -1.000000000000000000, 0.0000000000000000000 ) ) ;
#2160 = B_SPLINE_SURFACE_WITH_KNOTS ( 'NONE', 3, 1, ( 
 ( #646, #2133 ),
 ( #2608, #694 ),
 ( #1738, #38 ),
 ( #2353, #1550 ),
 ( #2594, #204 ),
 ( #2558, #2117 ),
 ( #679, #2189 ) ),
 .UNSPECIFIED., .F., .F., .F.,
 ( 4, 1, 1, 1, 4 ),
 ( 2, 2 ),
 ( 0.0000000000000000000, 0.2372165186042104745, 0.4825864912431360176, 0.7368469271779309882, 1.000000000000000000 ),
 ( 0.0000000000000000000, 1.000000000000000000 ),
 .UNSPECIFIED. ) ;
#2161 = ORIENTED_EDGE ( 'NONE', *, *, #2317, .F. ) ;
#2162 = CARTESIAN_POINT ( 'NONE',  ( 1.465638922642791941, 2.000000000000000000, 0.5277681143003990494 ) ) ;
#2163 = CARTESIAN_POINT ( 'NONE',  ( 1.704041081140209801, 1.998999999999999888, -0.6007225875090539402 ) ) ;
#2164 = CARTESIAN_POINT ( 'NONE',  ( 1.466705123443035941, 1.998999999999999888, 0.6365244077231739794 ) ) ;
#2165 = EDGE_CURVE ( 'NONE', #1801, #7, #1126, .T. ) ;
#2166 = CARTESIAN_POINT ( 'NONE',  ( 1.187387142859996025, 1.998999999999999888, -0.1752649671943974918 ) ) ;
#2167 = MECHANICAL_DESIGN_GEOMETRIC_PRESENTATION_REPRESENTATION (  '', ( #518 ), #1552 ) ;
#2168 = VERTEX_POINT ( 'NONE', #2021 ) ;
#2169 = CARTESIAN_POINT ( 'NONE',  ( 1.763933828761194977, 2.000000000000000000, -0.5905674082819709625 ) ) ;
#2170 = CARTESIAN_POINT ( 'NONE',  ( 1.631480882556955114, 1.998999999999999888, 0.5815639351099179954 ) ) ;
#2171 = AXIS2_PLACEMENT_3D ( 'NONE', #1367, #272, #1131 ) ;
#2172 = FACE_OUTER_BOUND ( 'NONE', #232, .T. ) ;
#2173 = DIRECTION ( 'NONE',  ( 0.0000000000000000000, 1.000000000000000000, 0.0000000000000000000 ) ) ;
#2174 =( GEOMETRIC_REPRESENTATION_CONTEXT ( 3 ) GLOBAL_UNCERTAINTY_ASSIGNED_CONTEXT ( ( #131 ) ) GLOBAL_UNIT_ASSIGNED_CONTEXT ( ( #308, #2655, #1879 ) ) REPRESENTATION_CONTEXT ( 'NONE', 'WORKASPACE' ) );
#2175 = AXIS2_PLACEMENT_3D ( 'NONE', #97, #284, #1788 ) ;
#2176 = FACE_OUTER_BOUND ( 'NONE', #2430, .T. ) ;
#2177 = CARTESIAN_POINT ( 'NONE',  ( 1.166976922377209958, 2.000000000000000000, -0.9407000795321219799 ) ) ;
#2178 = DIRECTION ( 'NONE',  ( 1.000000000000000000, 0.0000000000000000000, 0.0000000000000000000 ) ) ;
#2179 = CARTESIAN_POINT ( 'NONE',  ( 1.824088457804144969, 2.000000000000000000, -0.04097076564483899397 ) ) ;
#2180 = EDGE_LOOP ( 'NONE', ( #1133, #1487, #1493, #2196 ) ) ;
#2181 = CARTESIAN_POINT ( 'NONE',  ( -2.149999999999999911, 2.000000000000000000, 2.149999999999999911 ) ) ;
#2182 = DIRECTION ( 'NONE',  ( 0.0000000000000000000, 1.000000000000000000, 0.0000000000000000000 ) ) ;
#2183 = VECTOR ( 'NONE', #1356, 1000.000000000000000 ) ;
#2184 = CARTESIAN_POINT ( 'NONE',  ( 1.339704879030627849, 1.998999999999999888, 0.4699273277405170424 ) ) ;
#2185 = EDGE_CURVE ( 'NONE', #1641, #1082, #2232, .T. ) ;
#2186 = ORIENTED_EDGE ( 'NONE', *, *, #577, .F. ) ;
#2187 = DIRECTION ( 'NONE',  ( 1.000000000000000000, 0.0000000000000000000, 0.0000000000000000000 ) ) ;
#2188 = CARTESIAN_POINT ( 'NONE',  ( -0.8685181164947519683, 1.998999999999999888, -0.2812083723933140322 ) ) ;
#2189 = CARTESIAN_POINT ( 'NONE',  ( 1.844598523588410144, 2.000000000000000000, -0.6932000685847600208 ) ) ;
#2190 = EDGE_CURVE ( 'NONE', #2736, #1731, #2609, .T. ) ;
#2191 = CARTESIAN_POINT ( 'NONE',  ( 1.214279204130276124, 2.000000000000000000, 0.4978248910176399922 ) ) ;
#2192 = DIRECTION ( 'NONE',  ( 0.6128916609699371909, 0.0000000000000000000, -0.7901669519244092221 ) ) ;
#2193 = CARTESIAN_POINT ( 'NONE',  ( -0.2398425385419974964, 1.998999999999999888, -0.2033203975901710092 ) ) ;
#2194 = DIRECTION ( 'NONE',  ( 0.0000000000000000000, 0.0000000000000000000, -1.000000000000000000 ) ) ;
#2195 = CARTESIAN_POINT ( 'NONE',  ( 0.5211272630328078748, 2.000000000000000000, -0.1590465330232414820 ) ) ;
#2196 = ORIENTED_EDGE ( 'NONE', *, *, #2761, .F. ) ;
#2197 = SURFACE_STYLE_USAGE ( .BOTH. , #306 ) ;
#2198 = FILL_AREA_STYLE ('',( #2016 ) ) ;
#2199 = LINE ( 'NONE', #940, #606 ) ;
#2200 = ORIENTED_EDGE ( 'NONE', *, *, #1022, .T. ) ;
#2201 = CARTESIAN_POINT ( 'NONE',  ( 1.466705123443035941, 1.998999999999999888, -0.6711678999691339520 ) ) ;
#2202 = CARTESIAN_POINT ( 'NONE',  ( 1.140965832094679833, 2.000000000000000000, -0.3059510901845515218 ) ) ;
#2203 = ADVANCED_FACE ( 'NONE', ( #311 ), #1350, .F. ) ;
#2204 = DIRECTION ( 'NONE',  ( 0.0000000000000000000, 0.0000000000000000000, 1.000000000000000000 ) ) ;
#2205 = CARTESIAN_POINT ( 'NONE',  ( 1.005495959485847912, 1.998999999999999888, 0.8542358288511379127 ) ) ;
#2206 = CARTESIAN_POINT ( 'NONE',  ( 0.7354871496469830294, 2.000000000000000000, -0.01750269680276889811 ) ) ;
#2207 = EDGE_CURVE ( 'NONE', #2001, #2008, #2683, .T. ) ;
#2208 = LINE ( 'NONE', #283, #2573 ) ;
#2209 = CARTESIAN_POINT ( 'NONE',  ( -0.5846141668884510256, 1.998999999999999888, -0.3789759062515855037 ) ) ;
#2210 = LINE ( 'NONE', #286, #1722 ) ;
#2211 = CARTESIAN_POINT ( 'NONE',  ( 1.724662807284685240, 2.000000000000000000, -0.05224561096091889789 ) ) ;
#2212 = ORIENTED_EDGE ( 'NONE', *, *, #609, .T. ) ;
#2213 = CARTESIAN_POINT ( 'NONE',  ( 1.588695564061294752, 2.000000000000000000, 0.5696114417031530319 ) ) ;
#2214 = PLANE ( 'NONE',  #249 ) ;
#2215 = ORIENTED_EDGE ( 'NONE', *, *, #1412, .T. ) ;
#2216 = B_SPLINE_CURVE_WITH_KNOTS ( 'NONE', 3,
 ( #2134, #1297, #255, #1490 ),
 .UNSPECIFIED., .F., .F.,
 ( 4, 4 ),
 ( 0.8181818181818180102, 0.9090909090909089496 ),
 .UNSPECIFIED. ) ;
#2217 = PLANE ( 'NONE',  #1730 ) ;
#2218 = ORIENTED_EDGE ( 'NONE', *, *, #39, .T. ) ;
#2219 = VECTOR ( 'NONE', #100, 1000.000000000000000 ) ;
#2220 = AXIS2_PLACEMENT_3D ( 'NONE', #2307, #136, #1872 ) ;
#2221 = FACE_OUTER_BOUND ( 'NONE', #2767, .T. ) ;
#2222 = EDGE_CURVE ( 'NONE', #79, #1649, #1648, .T. ) ;
#2223 = CARTESIAN_POINT ( 'NONE',  ( 1.844598523588410144, 2.000000000000000000, 0.6144922391075480217 ) ) ;
#2224 = AXIS2_PLACEMENT_3D ( 'NONE', #1096, #904, #2386 ) ;
#2225 = B_SPLINE_CURVE_WITH_KNOTS ( 'NONE', 3,
 ( #2128, #1937, #910, #688 ),
 .UNSPECIFIED., .F., .F.,
 ( 4, 4 ),
 ( 0.6363636363636370197, 0.7272727272727269598 ),
 .UNSPECIFIED. ) ;
#2226 = COLOUR_RGB ( '',0.8274509803921568096, 0.8392156862745098200, 0.8274509803921568096 ) ;
#2227 = ORIENTED_EDGE ( 'NONE', *, *, #1542, .F. ) ;
#2228 = FILL_AREA_STYLE ('',( #2411 ) ) ;
#2229 = ORIENTED_EDGE ( 'NONE', *, *, #1462, .T. ) ;
#2230 = CARTESIAN_POINT ( 'NONE',  ( 1.535105287417090070, 1.998999999999999888, -0.6453170582157229385 ) ) ;
#2231 = CARTESIAN_POINT ( 'NONE',  ( 1.187387142859996025, 1.998999999999999888, -0.1752649671943974918 ) ) ;
#2232 = LINE ( 'NONE', #67, #340 ) ;
#2233 = ORIENTED_EDGE ( 'NONE', *, *, #285, .T. ) ;
#2234 = DIRECTION ( 'NONE',  ( 0.0000000000000000000, -1.000000000000000000, 0.0000000000000000000 ) ) ;
#2235 = CARTESIAN_POINT ( 'NONE',  ( 1.604999999999999982, -0.1000000000000000056, -1.625000000000000000 ) ) ;
#2236 = CARTESIAN_POINT ( 'NONE',  ( -0.2396980849986910245, 1.998999999999999888, -0.5241952826295389611 ) ) ;
#2237 = VERTEX_POINT ( 'NONE', #782 ) ;
#2238 = EDGE_CURVE ( 'NONE', #1276, #114, #886, .T. ) ;
#2239 = ORIENTED_EDGE ( 'NONE', *, *, #1542, .T. ) ;
#2240 = CARTESIAN_POINT ( 'NONE',  ( -2.149999999999999911, 0.0000000000000000000, 2.149999999999999911 ) ) ;
#2241 = CARTESIAN_POINT ( 'NONE',  ( 1.844598523588410144, 2.000000000000000000, 0.6144922391075480217 ) ) ;
#2242 = CARTESIAN_POINT ( 'NONE',  ( 1.187387142859996025, 2.000000000000000000, 0.4785811866517570290 ) ) ;
#2243 = EDGE_LOOP ( 'NONE', ( #1301, #1450, #1816, #380 ) ) ;
#2244 = FACE_OUTER_BOUND ( 'NONE', #2455, .T. ) ;
#2245 = FACE_BOUND ( 'NONE', #1387, .T. ) ;
#2246 = ORIENTED_EDGE ( 'NONE', *, *, #668, .F. ) ;
#2247 = DIRECTION ( 'NONE',  ( 0.0000000000000000000, 0.0000000000000000000, -1.000000000000000000 ) ) ;
#2248 = ORIENTED_EDGE ( 'NONE', *, *, #2469, .F. ) ;
#2249 = CARTESIAN_POINT ( 'NONE',  ( -1.647270752819369966, 1.998999999999999888, 1.500000000000000000 ) ) ;
#2250 = CARTESIAN_POINT ( 'NONE',  ( -0.8685181164947519683, 1.998999999999999888, -0.2812083723933140322 ) ) ;
#2251 = CARTESIAN_POINT ( 'NONE',  ( 1.899999999999999911, 0.0000000000000000000, -1.899999999999999911 ) ) ;
#2252 = ORIENTED_EDGE ( 'NONE', *, *, #209, .T. ) ;
#2253 = DIRECTION ( 'NONE',  ( 0.0000000000000000000, 1.000000000000000000, 0.0000000000000000000 ) ) ;
#2254 = VECTOR ( 'NONE', #598, 1000.000000000000000 ) ;
#2255 = CARTESIAN_POINT ( 'NONE',  ( 1.538885060303294861, 2.000000000000000000, -0.7526182268594520108 ) ) ;
#2256 = VECTOR ( 'NONE', #2182, 1000.000000000000000 ) ;
#2257 = FACE_BOUND ( 'NONE', #1442, .T. ) ;
#2258 = VECTOR ( 'NONE', #623, 1000.000000000000000 ) ;
#2259 = ORIENTED_EDGE ( 'NONE', *, *, #824, .F. ) ;
#2260 = STYLED_ITEM ( 'NONE', ( #2639 ), #1366 ) ;
#2261 = FACE_OUTER_BOUND ( 'NONE', #764, .T. ) ;
#2262 = MECHANICAL_DESIGN_GEOMETRIC_PRESENTATION_REPRESENTATION (  '', ( #1187 ), #42 ) ;
#2263 = ORIENTED_EDGE ( 'NONE', *, *, #775, .F. ) ;
#2264 = CARTESIAN_POINT ( 'NONE',  ( 1.672122341919930033, 2.000000000000000000, 0.7001969174374509386 ) ) ;
#2265 = VECTOR ( 'NONE', #2420, 1000.000000000000000 ) ;
#2266 = CARTESIAN_POINT ( 'NONE',  ( 1.535105287417090070, 2.000000000000000000, 0.008529095630430560612 ) ) ;
#2267 = CARTESIAN_POINT ( 'NONE',  ( 1.093697081280719852, 1.998999999999999888, -0.9983282737129649531 ) ) ;
#2268 = VERTEX_POINT ( 'NONE', #2292 ) ;
#2269 = CARTESIAN_POINT ( 'NONE',  ( -0.2006956283057725055, 2.000000000000000000, 0.6263175740633749600 ) ) ;
#2270 = EDGE_CURVE ( 'NONE', #2680, #1914, #1231, .T. ) ;
#2271 = LINE ( 'NONE', #1436, #301 ) ;
#2272 = CARTESIAN_POINT ( 'NONE',  ( -1.604999999999999982, -0.1000000000000000056, 1.625000000000000000 ) ) ;
#2273 = ORIENTED_EDGE ( 'NONE', *, *, #930, .F. ) ;
#2274 = CARTESIAN_POINT ( 'NONE',  ( 1.734634102153719715, 2.000000000000000000, 0.05880723340261859861 ) ) ;
#2275 = ORIENTED_EDGE ( 'NONE', *, *, #2634, .T. ) ;
#2276 = CARTESIAN_POINT ( 'NONE',  ( 1.791999731630300019, 2.000000000000000000, 0.7202907632997039844 ) ) ;
#2277 = LINE ( 'NONE', #1667, #1317 ) ;
#2278 =( NAMED_UNIT ( * ) SI_UNIT ( $, .STERADIAN. ) SOLID_ANGLE_UNIT ( ) );
#2279 = CARTESIAN_POINT ( 'NONE',  ( 1.588695564061294752, 1.998999999999999888, -0.7380808659891551216 ) ) ;
#2280 = ORIENTED_EDGE ( 'NONE', *, *, #1068, .T. ) ;
#2281 = FILL_AREA_STYLE ('',( #861 ) ) ;
#2282 = CARTESIAN_POINT ( 'NONE',  ( 1.140965832094679833, 1.998999999999999888, -0.9597972440307059872 ) ) ;
#2283 = EDGE_CURVE ( 'NONE', #531, #1880, #137, .T. ) ;
#2284 =( LENGTH_UNIT ( ) NAMED_UNIT ( * ) SI_UNIT ( .MILLI., .METRE. ) );
#2285 = B_SPLINE_CURVE_WITH_KNOTS ( 'NONE', 3,
 ( #1314, #2170, #2622, #1281, #1567, #1295, #1929 ),
 .UNSPECIFIED., .F., .F.,
 ( 4, 1, 1, 1, 4 ),
 ( 0.0000000000000000000, 0.2372165186042104745, 0.4825864912431360176, 0.7368469271779309882, 1.000000000000000000 ),
 .UNSPECIFIED. ) ;
#2286 = VERTEX_POINT ( 'NONE', #358 ) ;
#2287 = FILL_AREA_STYLE ('',( #788 ) ) ;
#2288 = ORIENTED_EDGE ( 'NONE', *, *, #2504, .T. ) ;
#2289 = CARTESIAN_POINT ( 'NONE',  ( 1.122077273403711883, 1.998999999999999888, -0.8825351544907659163 ) ) ;
#2290 =( NAMED_UNIT ( * ) SI_UNIT ( $, .STERADIAN. ) SOLID_ANGLE_UNIT ( ) );
#2291 = CARTESIAN_POINT ( 'NONE',  ( 1.734634102153719715, 1.998999999999999888, 0.05880723340261859861 ) ) ;
#2292 = CARTESIAN_POINT ( 'NONE',  ( 1.604999999999999982, -0.1000000000000000056, 1.625000000000000000 ) ) ;
#2293 = ORIENTED_EDGE ( 'NONE', *, *, #2678, .F. ) ;
#2294 = CARTESIAN_POINT ( 'NONE',  ( 1.093697081280719852, 1.998999999999999888, -0.9983282737129649531 ) ) ;
#2295 = FILL_AREA_STYLE_COLOUR ( '', #1053 ) ;
#2296 = PRESENTATION_LAYER_ASSIGNMENT (  '', '', ( #518 ) ) ;
#2297 = EDGE_CURVE ( 'NONE', #1239, #79, #1211, .T. ) ;
#2298 = ORIENTED_EDGE ( 'NONE', *, *, #2488, .T. ) ;
#2299 = CARTESIAN_POINT ( 'NONE',  ( 1.672122341919930033, 2.000000000000000000, 0.04635076359129750023 ) ) ;
#2300 = COLOUR_RGB ( '',0.8274509803921568096, 0.8392156862745098200, 0.8274509803921568096 ) ;
#2301 = EDGE_CURVE ( 'NONE', #1082, #7, #567, .T. ) ;
#2302 =( GEOMETRIC_REPRESENTATION_CONTEXT ( 3 ) GLOBAL_UNCERTAINTY_ASSIGNED_CONTEXT ( ( #840 ) ) GLOBAL_UNIT_ASSIGNED_CONTEXT ( ( #1553, #1351, #1318 ) ) REPRESENTATION_CONTEXT ( 'NONE', 'WORKASPACE' ) );
#2303 = VERTEX_POINT ( 'NONE', #2057 ) ;
#2304 = LINE ( 'NONE', #2525, #1230 ) ;
#2305 = CARTESIAN_POINT ( 'NONE',  ( -1.899999999999999911, 2.000000000000000000, 1.899999999999999911 ) ) ;
#2306 = MECHANICAL_DESIGN_GEOMETRIC_PRESENTATION_REPRESENTATION (  '', ( #2260 ), #2302 ) ;
#2307 = CARTESIAN_POINT ( 'NONE',  ( -1.899999999999999911, 0.0000000000000000000, -1.899999999999999911 ) ) ;
#2308 = CARTESIAN_POINT ( 'NONE',  ( 1.667981684308880164, 2.000000000000000000, -0.7165629530707999795 ) ) ;
#2309 = VECTOR ( 'NONE', #12, 1000.000000000000000 ) ;
#2310 = CARTESIAN_POINT ( 'NONE',  ( -0.2033966802742775137, 1.998999999999999888, 0.3783458701263675006 ) ) ;
#2311 = AXIS2_PLACEMENT_3D ( 'NONE', #597, #977, #811 ) ;
#2312 = CARTESIAN_POINT ( 'NONE',  ( -0.2398425385419974964, 1.998999999999999888, -0.2033203975901710092 ) ) ;
#2313 = VECTOR ( 'NONE', #51, 1000.000000000000114 ) ;
#2314 = CARTESIAN_POINT ( 'NONE',  ( 1.588695564061294752, 2.000000000000000000, 0.5696114417031530319 ) ) ;
#2315 = VERTEX_POINT ( 'NONE', #149 ) ;
#2316 = B_SPLINE_CURVE_WITH_KNOTS ( 'NONE', 3,
 ( #885, #1066, #2562, #1920, #2177, #259, #222, #2156, #454, #2340, #6, #1117, #1726, #239, #635 ),
 .UNSPECIFIED., .F., .F.,
 ( 4, 1, 1, 1, 1, 1, 1, 1, 1, 1, 1, 1, 4 ),
 ( 0.0000000000000000000, 0.05027287497458370058, 0.1027903700748776100, 0.1576131012369289819, 0.2146311133156754980, 0.2740612127265389941, 0.3356974550538849855, 0.4000702787165529850, 0.4668267493853399674, 0.6020780869193700369, 0.7357515335047489780, 0.8682046170340289581, 1.000000000000000000 ),
 .UNSPECIFIED. ) ;
#2317 = EDGE_CURVE ( 'NONE', #114, #1250, #233, .T. ) ;
#2318 = EDGE_LOOP ( 'NONE', ( #1827, #1421, #817, #1615 ) ) ;
#2319 =( NAMED_UNIT ( * ) PLANE_ANGLE_UNIT ( ) SI_UNIT ( $, .RADIAN. ) );
#2320 = CARTESIAN_POINT ( 'NONE',  ( 1.339704879030627849, 1.998999999999999888, -0.8377649799517908891 ) ) ;
#2321 = EDGE_CURVE ( 'NONE', #1573, #2043, #1686, .T. ) ;
#2322 = CARTESIAN_POINT ( 'NONE',  ( 1.791999731630300019, 1.998999999999999888, 0.06644460945355019910 ) ) ;
#2323 = LINE ( 'NONE', #2414, #2122 ) ;
#2324 = EDGE_LOOP ( 'NONE', ( #2719, #393, #970, #1287 ) ) ;
#2325 = CARTESIAN_POINT ( 'NONE',  ( 1.836137204112395116, 1.998999999999999888, 0.7232052166304500096 ) ) ;
#2326 = CARTESIAN_POINT ( 'NONE',  ( 1.288135590727311985, 1.998999999999999888, 0.4425507463036980060 ) ) ;
#2327 = ORIENTED_EDGE ( 'NONE', *, *, #2761, .T. ) ;
#2328 = CARTESIAN_POINT ( 'NONE',  ( 1.844598523588410144, 1.998999999999999888, -0.03935391473860560402 ) ) ;
#2329 = ORIENTED_EDGE ( 'NONE', *, *, #1694, .F. ) ;
#2330 = CARTESIAN_POINT ( 'NONE',  ( 1.161962249413595938, 2.000000000000000000, 0.4587707109648299642 ) ) ;
#2331 = CARTESIAN_POINT ( 'NONE',  ( 1.638943977746429859, 1.998999999999999888, -0.6155842192402389834 ) ) ;
#2332 = EDGE_CURVE ( 'NONE', #1047, #1341, #1263, .T. ) ;
#2333 = ORIENTED_EDGE ( 'NONE', *, *, #1037, .T. ) ;
#2334 = CARTESIAN_POINT ( 'NONE',  ( 1.783761415491974978, 2.000000000000000000, 0.6096963240484268853 ) ) ;
#2335 = CARTESIAN_POINT ( 'NONE',  ( -0.7850000000000000311, 0.0000000000000000000, 1.625000000000000000 ) ) ;
#2336 = CARTESIAN_POINT ( 'NONE',  ( 1.734634102153719715, 1.998999999999999888, 0.05880723340261859861 ) ) ;
#2337 = CARTESIAN_POINT ( 'NONE',  ( 1.535105287417090070, 2.000000000000000000, 0.6623752494765839938 ) ) ;
#2338 = CARTESIAN_POINT ( 'NONE',  ( 1.613538828075590015, 2.000000000000000000, 0.5768620307742150510 ) ) ;
#2339 = CARTESIAN_POINT ( 'NONE',  ( 1.844598523588410144, 1.998999999999999888, 0.6144922391075480217 ) ) ;
#2340 = CARTESIAN_POINT ( 'NONE',  ( 1.334136272213519936, 2.000000000000000000, -0.8402713756671978951 ) ) ;
#2341 = ORIENTED_EDGE ( 'NONE', *, *, #1051, .F. ) ;
#2342 = CARTESIAN_POINT ( 'NONE',  ( 0.3940700535839914975, 1.998999999999999888, 0.7886627205200660296 ) ) ;
#2343 = B_SPLINE_CURVE_WITH_KNOTS ( 'NONE', 3,
 ( #478, #1763, #2618, #1562 ),
 .UNSPECIFIED., .F., .F.,
 ( 4, 4 ),
 ( 0.5454545454545459693, 0.6363636363636370197 ),
 .UNSPECIFIED. ) ;
#2344 = ORIENTED_EDGE ( 'NONE', *, *, #1412, .F. ) ;
#2345 = CARTESIAN_POINT ( 'NONE',  ( -1.604999999999999982, -0.1000000000000000056, -1.625000000000000000 ) ) ;
#2346 = CARTESIAN_POINT ( 'NONE',  ( 0.5189398236627310590, 1.998999999999999888, -0.0007644290862337010158 ) ) ;
#2347 = SURFACE_STYLE_USAGE ( .BOTH. , #1749 ) ;
#2348 =( GEOMETRIC_REPRESENTATION_CONTEXT ( 3 ) GLOBAL_UNCERTAINTY_ASSIGNED_CONTEXT ( ( #378 ) ) GLOBAL_UNIT_ASSIGNED_CONTEXT ( ( #2528, #2682, #2278 ) ) REPRESENTATION_CONTEXT ( 'NONE', 'WORKASPACE' ) );
#2349 = CARTESIAN_POINT ( 'NONE',  ( 1.161962249413595938, 1.998999999999999888, -0.1950754428813240016 ) ) ;
#2350 = FACE_OUTER_BOUND ( 'NONE', #352, .T. ) ;
#2351 = DIRECTION ( 'NONE',  ( 0.0000000000000000000, 1.000000000000000000, 0.0000000000000000000 ) ) ;
#2352 = EDGE_CURVE ( 'NONE', #1653, #1731, #1061, .T. ) ;
#2353 = CARTESIAN_POINT ( 'NONE',  ( 1.724662807284685240, 1.998999999999999888, -0.7060917648070731412 ) ) ;
#2354 = CARTESIAN_POINT ( 'NONE',  ( 1.344862199222081722, 2.000000000000000000, 0.5784893323248140318 ) ) ;
#2355 = DIRECTION ( 'NONE',  ( -1.000000000000000000, 0.0000000000000000000, 0.0000000000000000000 ) ) ;
#2356 = EDGE_CURVE ( 'NONE', #1907, #1177, #86, .T. ) ;
#2357 = CARTESIAN_POINT ( 'NONE',  ( -0.2033966802742775137, 2.000000000000000000, 0.3783458701263675006 ) ) ;
#2358 = PRESENTATION_LAYER_ASSIGNMENT (  '', '', ( #2710 ) ) ;
#2359 = EDGE_LOOP ( 'NONE', ( #2327, #2671, #711, #783 ) ) ;
#2360 = PLANE ( 'NONE',  #2623 ) ;
#2361 = ORIENTED_EDGE ( 'NONE', *, *, #1236, .F. ) ;
#2362 = CARTESIAN_POINT ( 'NONE',  ( 1.613538828075590015, 2.000000000000000000, -0.7308302769180929914 ) ) ;
#2363 = CARTESIAN_POINT ( 'NONE',  ( 1.818736998913069947, 1.998999999999999888, -0.5850246066235320619 ) ) ;
#2364 = CARTESIAN_POINT ( 'NONE',  ( 1.791999731630300019, 1.998999999999999888, 0.7202907632997039844 ) ) ;
#2365 = SURFACE_STYLE_USAGE ( .BOTH. , #690 ) ;
#2366 = ORIENTED_EDGE ( 'NONE', *, *, #1363, .F. ) ;
#2367 = FACE_OUTER_BOUND ( 'NONE', #1306, .T. ) ;
#2368 = CARTESIAN_POINT ( 'NONE',  ( 1.005495959485847912, 1.998999999999999888, -0.4534564788411700187 ) ) ;
#2369 = CARTESIAN_POINT ( 'NONE',  ( 1.465638922642791941, 1.998999999999999888, -0.1260780395457543890 ) ) ;
#2370 = DIRECTION ( 'NONE',  ( -1.000000000000000000, 0.0000000000000000000, 7.042071574656160948E-15 ) ) ;
#2371 = LINE ( 'NONE', #452, #758 ) ;
#2372 = UNCERTAINTY_MEASURE_WITH_UNIT (LENGTH_MEASURE( 1.000000000000000082E-05 ), #706, 'distance_accuracy_value', 'NONE');
#2373 = LINE ( 'NONE', #884, #381 ) ;
#2374 = PLANE ( 'NONE',  #2175 ) ;
#2375 = EDGE_CURVE ( 'NONE', #1271, #1047, #1, .T. ) ;
#2376 = EDGE_LOOP ( 'NONE', ( #2449, #2273, #2341, #2107 ) ) ;
#2377 = CARTESIAN_POINT ( 'NONE',  ( -1.647270752819369966, 1.998999999999999888, -1.500000000000000000 ) ) ;
#2378 = DIRECTION ( 'NONE',  ( 1.000000000000000000, 0.0000000000000000000, 0.0000000000000000000 ) ) ;
#2379 = ORIENTED_EDGE ( 'NONE', *, *, #185, .T. ) ;
#2380 = CARTESIAN_POINT ( 'NONE',  ( 1.137494231787219867, 1.998999999999999888, -0.8687156243701360525 ) ) ;
#2381 = CARTESIAN_POINT ( 'NONE',  ( 1.114470318460206055, 1.998999999999999888, -0.2355077608924515120 ) ) ;
#2382 = CARTESIAN_POINT ( 'NONE',  ( -0.2006956283057725055, 2.000000000000000000, 0.6263175740633749600 ) ) ;
#2383 = FACE_OUTER_BOUND ( 'NONE', #2391, .T. ) ;
#2384 = CARTESIAN_POINT ( 'NONE',  ( 1.791999731630300019, 1.998999999999999888, 0.7202907632997039844 ) ) ;
#2385 = SURFACE_STYLE_FILL_AREA ( #947 ) ;
#2386 = DIRECTION ( 'NONE',  ( 1.000000000000000000, 0.0000000000000000000, 0.0000000000000000000 ) ) ;
#2387 = FILL_AREA_STYLE ('',( #1539 ) ) ;
#2388 = CARTESIAN_POINT ( 'NONE',  ( 1.194811448530127995, 2.000000000000000000, -0.2679833682463225175 ) ) ;
#2389 = B_SPLINE_SURFACE_WITH_KNOTS ( 'NONE', 3, 1, ( 
 ( #1337, #43 ),
 ( #471, #1965 ),
 ( #2404, #1725 ),
 ( #649, #2357 ) ),
 .UNSPECIFIED., .F., .F., .F.,
 ( 4, 4 ),
 ( 2, 2 ),
 ( 0.7272727272727269598, 0.8181818181818180102 ),
 ( 0.0000000000000000000, 1.000000000000000000 ),
 .UNSPECIFIED. ) ;
#2390 = ADVANCED_FACE ( 'NONE', ( #2367 ), #644, .F. ) ;
#2391 = EDGE_LOOP ( 'NONE', ( #133, #82, #2452, #1802 ) ) ;
#2392 =( LENGTH_UNIT ( ) NAMED_UNIT ( * ) SI_UNIT ( .MILLI., .METRE. ) );
#2393 = CARTESIAN_POINT ( 'NONE',  ( 1.613538828075590015, 1.998999999999999888, 0.5768620307742150510 ) ) ;
#2394 = CARTESIAN_POINT ( 'NONE',  ( 1.114470318460206055, 2.000000000000000000, -0.4534564788411700187 ) ) ;
#2395 = CARTESIAN_POINT ( 'NONE',  ( 1.466705123443035941, 1.998999999999999888, -0.01732174612297955260 ) ) ;
#2396 = CIRCLE ( 'NONE', #1591, 0.2500000000000000000 ) ;
#2397 = EDGE_LOOP ( 'NONE', ( #459, #1838, #1664, #2058, #1782, #61, #1901, #1495 ) ) ;
#2398 = PLANE ( 'NONE',  #614 ) ;
#2399 = CARTESIAN_POINT ( 'NONE',  ( 1.538885060303294861, 2.000000000000000000, -0.09877207301329769817 ) ) ;
#2400 = CARTESIAN_POINT ( 'NONE',  ( 1.140965832094679833, 1.998999999999999888, -0.3059510901845515218 ) ) ;
#2401 = FILL_AREA_STYLE ('',( #695 ) ) ;
#2402 = VECTOR ( 'NONE', #1949, 1000.000000000000000 ) ;
#2403 = PRESENTATION_LAYER_ASSIGNMENT (  '', '', ( #1106 ) ) ;
#2404 = CARTESIAN_POINT ( 'NONE',  ( 0.1433606110643076137, 1.998999999999999888, 0.5192637409925080494 ) ) ;
#2405 = DIRECTION ( 'NONE',  ( 0.0000000000000000000, 1.000000000000000000, 0.0000000000000000000 ) ) ;
#2406 = CARTESIAN_POINT ( 'NONE',  ( -0.8685181164947519683, 1.998999999999999888, -0.2812083723933140322 ) ) ;
#2407 = STYLED_ITEM ( 'NONE', ( #1925 ), #2677 ) ;
#2408 = ORIENTED_EDGE ( 'NONE', *, *, #2643, .F. ) ;
#2409 = CARTESIAN_POINT ( 'NONE',  ( 1.334136272213519936, 2.000000000000000000, 0.4674209320251089816 ) ) ;
#2410 = EDGE_CURVE ( 'NONE', #2315, #2078, #1500, .T. ) ;
#2411 = FILL_AREA_STYLE_COLOUR ( '', #1592 ) ;
#2412 = CARTESIAN_POINT ( 'NONE',  ( 1.122077273403711883, 1.998999999999999888, 0.4251571532015420152 ) ) ;
#2413 = ORIENTED_EDGE ( 'NONE', *, *, #304, .T. ) ;
#2414 = CARTESIAN_POINT ( 'NONE',  ( -1.497270752819366058, 1.998999999999999888, -1.500000000000000000 ) ) ;
#2415 = ADVANCED_FACE ( 'NONE', ( #2350 ), #431, .T. ) ;
#2416 = CARTESIAN_POINT ( 'NONE',  ( -0.7100090141325500204, 1.998999999999999888, -0.5056158054641859412 ) ) ;
#2417 = SURFACE_STYLE_USAGE ( .BOTH. , #1766 ) ;
#2418 = PRESENTATION_STYLE_ASSIGNMENT (( #1723 ) ) ;
#2419 = CARTESIAN_POINT ( 'NONE',  ( 1.734634102153719715, 2.000000000000000000, -0.5950389204435350132 ) ) ;
#2420 = DIRECTION ( 'NONE',  ( 0.0000000000000000000, 0.0000000000000000000, 1.000000000000000000 ) ) ;
#2421 = CARTESIAN_POINT ( 'NONE',  ( 1.005495959485847912, 1.998999999999999888, -0.3444821198668104878 ) ) ;
#2422 = FACE_OUTER_BOUND ( 'NONE', #1891, .T. ) ;
#2423 = ORIENTED_EDGE ( 'NONE', *, *, #188, .F. ) ;
#2424 = LINE ( 'NONE', #505, #2183 ) ;
#2425 =( NAMED_UNIT ( * ) PLANE_ANGLE_UNIT ( ) SI_UNIT ( $, .RADIAN. ) );
#2426 = ORIENTED_EDGE ( 'NONE', *, *, #2165, .T. ) ;
#2427 = CARTESIAN_POINT ( 'NONE',  ( 1.791999731630300019, 2.000000000000000000, -0.5874015443926040581 ) ) ;
#2428 = EDGE_CURVE ( 'NONE', #508, #725, #1928, .T. ) ;
#2429 = CARTESIAN_POINT ( 'NONE',  ( -0.7850000000000000311, -0.1000000000000000056, 1.625000000000000000 ) ) ;
#2430 = EDGE_LOOP ( 'NONE', ( #2090, #2423, #154, #1910 ) ) ;
#2431 = CARTESIAN_POINT ( 'NONE',  ( 1.114470318460206055, 2.000000000000000000, 0.4183383929537020096 ) ) ;
#2432 = CARTESIAN_POINT ( 'NONE',  ( 1.613538828075590015, 2.000000000000000000, -0.07698412307193899795 ) ) ;
#2433 = VERTEX_POINT ( 'NONE', #849 ) ;
#2434 =( LENGTH_UNIT ( ) NAMED_UNIT ( * ) SI_UNIT ( .MILLI., .METRE. ) );
#2435 = PRESENTATION_STYLE_ASSIGNMENT (( #736 ) ) ;
#2436 = ORIENTED_EDGE ( 'NONE', *, *, #810, .T. ) ;
#2437 = CARTESIAN_POINT ( 'NONE',  ( 1.187387142859996025, 1.998999999999999888, -0.8291111210405519572 ) ) ;
#2438 = VECTOR ( 'NONE', #1011, 1000.000000000000000 ) ;
#2439 = VECTOR ( 'NONE', #1456, 1000.000000000000000 ) ;
#2440 = SURFACE_STYLE_USAGE ( .BOTH. , #1379 ) ;
#2441 = EDGE_LOOP ( 'NONE', ( #2073, #2149, #946, #2298 ) ) ;
#2442 = CARTESIAN_POINT ( 'NONE',  ( 1.005495959485847912, 2.000000000000000000, 0.2003896750049840025 ) ) ;
#2443 = FILL_AREA_STYLE ('',( #2024 ) ) ;
#2444 = EDGE_CURVE ( 'NONE', #1161, #2268, #2150, .T. ) ;
#2445 = VECTOR ( 'NONE', #2378, 1000.000000000000000 ) ;
#2446 = AXIS2_PLACEMENT_3D ( 'NONE', #2453, #2234, #2696 ) ;
#2447 = ORIENTED_EDGE ( 'NONE', *, *, #1143, .T. ) ;
#2448 = VECTOR ( 'NONE', #15, 1000.000000000000000 ) ;
#2449 = ORIENTED_EDGE ( 'NONE', *, *, #13, .T. ) ;
#2450 = DIRECTION ( 'NONE',  ( 0.0000000000000000000, 1.000000000000000000, 0.0000000000000000000 ) ) ;
#2451 = CARTESIAN_POINT ( 'NONE',  ( 1.114470318460206055, 1.998999999999999888, -0.2355077608924520116 ) ) ;
#2452 = ORIENTED_EDGE ( 'NONE', *, *, #2643, .T. ) ;
#2453 = CARTESIAN_POINT ( 'NONE',  ( 1.899999999999999911, 0.0000000000000000000, 1.899999999999999911 ) ) ;
#2454 = EDGE_CURVE ( 'NONE', #2315, #531, #1669, .T. ) ;
#2455 = EDGE_LOOP ( 'NONE', ( #2215, #1692, #733, #2280 ) ) ;
#2456 = SURFACE_STYLE_FILL_AREA ( #2198 ) ;
#2457 = ORIENTED_EDGE ( 'NONE', *, *, #2444, .F. ) ;
#2458 = CARTESIAN_POINT ( 'NONE',  ( 1.844598523588410144, 1.998999999999999888, -0.6932000685847600208 ) ) ;
#2459 = CARTESIAN_POINT ( 'NONE',  ( 1.224256708570093943, 1.998999999999999888, -0.9029814194583519749 ) ) ;
#2460 = ORIENTED_EDGE ( 'NONE', *, *, #1852, .F. ) ;
#2461 = CARTESIAN_POINT ( 'NONE',  ( -0.1005526361797927926, 2.000000000000000000, -0.3828990810547365231 ) ) ;
#2462 = CARTESIAN_POINT ( 'NONE',  ( 1.393092125782104063, 2.000000000000000000, -0.8107497097017279941 ) ) ;
#2463 = DIRECTION ( 'NONE',  ( -0.0000000000000000000, 1.000000000000000000, 0.0000000000000000000 ) ) ;
#2464 = ORIENTED_EDGE ( 'NONE', *, *, #2321, .T. ) ;
#2465 = EDGE_CURVE ( 'NONE', #1180, #1712, #2323, .T. ) ;
#2466 = ORIENTED_EDGE ( 'NONE', *, *, #824, .T. ) ;
#2467 = DIRECTION ( 'NONE',  ( 0.0000000000000000000, 1.905380692785645036E-12, -1.000000000000000000 ) ) ;
#2468 = ADVANCED_BREP_SHAPE_REPRESENTATION ( '37B46FC3-042B-47E1-B059-DBFABE30CBEC', ( #493, #2125 ), #1957 ) ;
#2469 = EDGE_CURVE ( 'NONE', #24, #741, #1331, .T. ) ;
#2470 = CARTESIAN_POINT ( 'NONE',  ( 1.672122341919930033, 1.998999999999999888, 0.04635076359129750023 ) ) ;
#2471 = CARTESIAN_POINT ( 'NONE',  ( 1.613538828075590015, 2.000000000000000000, -0.7308302769180929914 ) ) ;
#2472 = EDGE_LOOP ( 'NONE', ( #1826, #511, #2447, #1207 ) ) ;
#2473 = LINE ( 'NONE', #1381, #893 ) ;
#2474 = VECTOR ( 'NONE', #1549, 1000.000000000000000 ) ;
#2475 = CARTESIAN_POINT ( 'NONE',  ( 1.393092125782104063, 1.998999999999999888, -0.8107497097017279941 ) ) ;
#2476 = SURFACE_STYLE_USAGE ( .BOTH. , #786 ) ;
#2477 =( GEOMETRIC_REPRESENTATION_CONTEXT ( 3 ) GLOBAL_UNCERTAINTY_ASSIGNED_CONTEXT ( ( #2700 ) ) GLOBAL_UNIT_ASSIGNED_CONTEXT ( ( #463, #1958, #1685 ) ) REPRESENTATION_CONTEXT ( 'NONE', 'WORKASPACE' ) );
#2478 = UNCERTAINTY_MEASURE_WITH_UNIT (LENGTH_MEASURE( 1.000000000000000082E-05 ), #2748, 'distance_accuracy_value', 'NONE');
#2479 = EDGE_LOOP ( 'NONE', ( #1018, #2227, #2684, #1996 ) ) ;
#2480 = SURFACE_STYLE_USAGE ( .BOTH. , #2653 ) ;
#2481 = VECTOR ( 'NONE', #1866, 1000.000000000000000 ) ;
#2482 = CIRCLE ( 'NONE', #2446, 0.2500000000000000000 ) ;
#2483 = ORIENTED_EDGE ( 'NONE', *, *, #1068, .F. ) ;
#2484 = CARTESIAN_POINT ( 'NONE',  ( 1.818736998913069947, 2.000000000000000000, 0.7226677010687749814 ) ) ;
#2485 = CARTESIAN_POINT ( 'NONE',  ( -0.5335578645262448738, 1.998999999999999888, 0.5354677598901479429 ) ) ;
#2486 = VECTOR ( 'NONE', #2592, 1000.000000000000000 ) ;
#2487 = CARTESIAN_POINT ( 'NONE',  ( -0.2006956283057725055, 2.000000000000000000, 0.6263175740633749600 ) ) ;
#2488 = EDGE_CURVE ( 'NONE', #2303, #1084, #942, .T. ) ;
#2489 = CARTESIAN_POINT ( 'NONE',  ( 1.288135590727311985, 1.998999999999999888, -0.8651415613886089817 ) ) ;
#2490 = ORIENTED_EDGE ( 'NONE', *, *, #34, .F. ) ;
#2491 = LINE ( 'NONE', #2648, #157 ) ;
#2492 = STYLED_ITEM ( 'NONE', ( #777 ), #2468 ) ;
#2493 = CARTESIAN_POINT ( 'NONE',  ( 1.465638922642790165, 2.000000000000000000, -0.7799241933919078829 ) ) ;
#2494 = DIRECTION ( 'NONE',  ( 0.0000000000000000000, 0.0000000000000000000, 1.000000000000000000 ) ) ;
#2495 = ORIENTED_EDGE ( 'NONE', *, *, #400, .T. ) ;
#2496 = CARTESIAN_POINT ( 'NONE',  ( 0.0000000000000000000, 0.0000000000000000000, 0.0000000000000000000 ) ) ;
#2497 = CARTESIAN_POINT ( 'NONE',  ( 1.271732682161234029, 2.000000000000000000, -0.1180518716167083954 ) ) ;
#2498 = ORIENTED_EDGE ( 'NONE', *, *, #126, .T. ) ;
#2499 = DIRECTION ( 'NONE',  ( 1.000000000000000000, 0.0000000000000000000, 0.0000000000000000000 ) ) ;
#2500 = PLANE ( 'NONE',  #1146 ) ;
#2501 = CARTESIAN_POINT ( 'NONE',  ( 0.7354871496469830294, 2.000000000000000000, -0.01750269680276889811 ) ) ;
#2502 = CARTESIAN_POINT ( 'NONE',  ( 1.667981684308880164, 2.000000000000000000, -0.06271679922464640233 ) ) ;
#2503 = ORIENTED_EDGE ( 'NONE', *, *, #1481, .T. ) ;
#2504 = EDGE_CURVE ( 'NONE', #651, #591, #65, .T. ) ;
#2505 = CARTESIAN_POINT ( 'NONE',  ( 1.114470318460206055, 1.998999999999999888, -0.2355077608924515120 ) ) ;
#2506 = CARTESIAN_POINT ( 'NONE',  ( 1.613538828075590015, 1.998999999999999888, 0.5768620307742150510 ) ) ;
#2507 = EDGE_CURVE ( 'NONE', #2008, #24, #926, .T. ) ;
#2508 = PRODUCT_DEFINITION_CONTEXT ( 'detailed design', #578, 'design' ) ;
#2509 = LINE ( 'NONE', #2339, #1671 ) ;
#2510 = ORIENTED_EDGE ( 'NONE', *, *, #603, .F. ) ;
#2511 = CARTESIAN_POINT ( 'NONE',  ( 1.535105287417090070, 2.000000000000000000, 0.008529095630430560612 ) ) ;
#2512 = ORIENTED_EDGE ( 'NONE', *, *, #1742, .T. ) ;
#2513 = FILL_AREA_STYLE ('',( #148 ) ) ;
#2514 = FACE_OUTER_BOUND ( 'NONE', #2635, .T. ) ;
#2515 = ORIENTED_EDGE ( 'NONE', *, *, #1537, .F. ) ;
#2516 = CARTESIAN_POINT ( 'NONE',  ( -0.8318957038963290529, 2.000000000000000000, -0.4085086306610319906 ) ) ;
#2517 = ADVANCED_FACE ( 'NONE', ( #1959 ), #2398, .T. ) ;
#2518 = CARTESIAN_POINT ( 'NONE',  ( 1.140965832094679833, 1.998999999999999888, 0.3478950636616024994 ) ) ;
#2519 = AXIS2_PLACEMENT_3D ( 'NONE', #2151, #1753, #1765 ) ;
#2520 = CARTESIAN_POINT ( 'NONE',  ( -0.5619670613766419853, 1.998999999999999888, -0.5345340290862310439 ) ) ;
#2521 = ADVANCED_FACE ( 'NONE', ( #496 ), #825, .T. ) ;
#2522 = ORIENTED_EDGE ( 'NONE', *, *, #1603, .F. ) ;
#2523 = PRESENTATION_LAYER_ASSIGNMENT (  '', '', ( #2028 ) ) ;
#2524 = EDGE_LOOP ( 'NONE', ( #1997, #90, #2745, #2503 ) ) ;
#2525 = CARTESIAN_POINT ( 'NONE',  ( 1.844598523588410144, 1.998999999999999888, 0.7234665980819070530 ) ) ;
#2526 = CARTESIAN_POINT ( 'NONE',  ( 0.7850000000000000311, -0.1000000000000000056, 1.625000000000000000 ) ) ;
#2527 = PRESENTATION_LAYER_ASSIGNMENT (  '', '', ( #1187 ) ) ;
#2528 =( LENGTH_UNIT ( ) NAMED_UNIT ( * ) SI_UNIT ( .MILLI., .METRE. ) );
#2529 = CARTESIAN_POINT ( 'NONE',  ( 1.844598523588410144, 2.000000000000000000, -0.03935391473860560402 ) ) ;
#2530 = ORIENTED_EDGE ( 'NONE', *, *, #1936, .T. ) ;
#2531 = VECTOR ( 'NONE', #2499, 1000.000000000000000 ) ;
#2532 = CARTESIAN_POINT ( 'NONE',  ( 1.005495959485847912, 2.000000000000000000, -0.3444821198668104878 ) ) ;
#2533 = CARTESIAN_POINT ( 'NONE',  ( 1.334136272213519936, 1.998999999999999888, 0.4674209320251089816 ) ) ;
#2534 = B_SPLINE_SURFACE_WITH_KNOTS ( 'NONE', 3, 1, ( 
 ( #2294, #579 ),
 ( #2060, #351 ),
 ( #1000, #599 ),
 ( #2282, #1443 ),
 ( #785, #1848 ),
 ( #1014, #374 ),
 ( #1638, #1424 ),
 ( #2087, #1225 ),
 ( #1404, #360 ),
 ( #391, #2727 ),
 ( #2475, #2462 ),
 ( #548, #2493 ),
 ( #1863, #2255 ),
 ( #2714, #813 ),
 ( #165, #564 ) ),
 .UNSPECIFIED., .F., .F., .F.,
 ( 4, 1, 1, 1, 1, 1, 1, 1, 1, 1, 1, 1, 4 ),
 ( 2, 2 ),
 ( 0.0000000000000000000, 0.05027287497458370058, 0.1027903700748776100, 0.1576131012369289819, 0.2146311133156754980, 0.2740612127265389941, 0.3356974550538849855, 0.4000702787165529850, 0.4668267493853399674, 0.6020780869193700369, 0.7357515335047489780, 0.8682046170340289581, 1.000000000000000000 ),
 ( 0.0000000000000000000, 1.000000000000000000 ),
 .UNSPECIFIED. ) ;
#2535 = ORIENTED_EDGE ( 'NONE', *, *, #541, .T. ) ;
#2536 = CARTESIAN_POINT ( 'NONE',  ( -1.647270752819369966, 1.998999999999999888, -1.500000000000000000 ) ) ;
#2537 = ADVANCED_FACE ( 'NONE', ( #1870 ), #1398, .F. ) ;
#2538 = ORIENTED_EDGE ( 'NONE', *, *, #538, .T. ) ;
#2539 = DIRECTION ( 'NONE',  ( 0.0000000000000000000, -1.000000000000000000, 0.0000000000000000000 ) ) ;
#2540 = DIRECTION ( 'NONE',  ( 0.0000000000000000000, 1.000000000000000000, 0.0000000000000000000 ) ) ;
#2541 = CARTESIAN_POINT ( 'NONE',  ( -0.2006956283057725055, 1.998999999999999888, 0.6263175740633749600 ) ) ;
#2542 = CARTESIAN_POINT ( 'NONE',  ( 1.466705123443035941, 2.000000000000000000, -0.01732174612297955260 ) ) ;
#2543 = ORIENTED_EDGE ( 'NONE', *, *, #668, .T. ) ;
#2544 = DIRECTION ( 'NONE',  ( 1.008560160451631851E-16, 0.0000000000000000000, 1.000000000000000000 ) ) ;
#2545 = VERTEX_POINT ( 'NONE', #1440 ) ;
#2546 = CARTESIAN_POINT ( 'NONE',  ( 1.791999731630300019, 1.998999999999999888, 0.06644460945355019910 ) ) ;
#2547 = CARTESIAN_POINT ( 'NONE',  ( 1.734634102153719715, 2.000000000000000000, 0.7126533872487720300 ) ) ;
#2548 = CARTESIAN_POINT ( 'NONE',  ( 1.255322057264014024, 1.998999999999999888, 0.4236932439505880499 ) ) ;
#2549 = CARTESIAN_POINT ( 'NONE',  ( -0.7455721007467189798, 1.998999999999999888, -0.02426220546418004706 ) ) ;
#2550 = ORIENTED_EDGE ( 'NONE', *, *, #2332, .F. ) ;
#2551 = DIRECTION ( 'NONE',  ( -1.000000000000000000, 0.0000000000000000000, 0.0000000000000000000 ) ) ;
#2552 = VERTEX_POINT ( 'NONE', #1655 ) ;
#2553 = CARTESIAN_POINT ( 'NONE',  ( 1.137494231787219867, 2.000000000000000000, 0.4389766833221719344 ) ) ;
#2554 = PLANE ( 'NONE',  #1728 ) ;
#2555 = CARTESIAN_POINT ( 'NONE',  ( 1.271732682161234029, 1.998999999999999888, -0.1180518716167083954 ) ) ;
#2556 = ADVANCED_FACE ( 'NONE', ( #1607 ), #1680, .T. ) ;
#2557 = CARTESIAN_POINT ( 'NONE',  ( 1.899999999999999911, 2.000000000000000000, 2.149999999999999911 ) ) ;
#2558 = CARTESIAN_POINT ( 'NONE',  ( 1.824088457804144969, 1.998999999999999888, -0.6948169194909930013 ) ) ;
#2559 = DIRECTION ( 'NONE',  ( 0.0000000000000000000, 1.000000000000000000, 0.0000000000000000000 ) ) ;
#2560 = DIRECTION ( 'NONE',  ( -1.000000000000000000, 0.0000000000000000000, 0.0000000000000000000 ) ) ;
#2561 = FACE_OUTER_BOUND ( 'NONE', #1244, .T. ) ;
#2562 = CARTESIAN_POINT ( 'NONE',  ( 1.116535948949618051, 2.000000000000000000, -0.9787982800161700858 ) ) ;
#2563 = VERTEX_POINT ( 'NONE', #111 ) ;
#2564 = CARTESIAN_POINT ( 'NONE',  ( 1.604999999999999982, 0.0000000000000000000, -1.625000000000000000 ) ) ;
#2565 = EDGE_LOOP ( 'NONE', ( #887, #223, #293, #101 ) ) ;
#2566 = CARTESIAN_POINT ( 'NONE',  ( 1.592944016905269988, 2.000000000000000000, 0.6801458028426049518 ) ) ;
#2567 = CARTESIAN_POINT ( 'NONE',  ( 0.1433606110643076137, 1.998999999999999888, 0.5192637409925080494 ) ) ;
#2568 = CARTESIAN_POINT ( 'NONE',  ( -0.2006956283057725055, 2.000000000000000000, 0.6263175740633749600 ) ) ;
#2569 = MECHANICAL_DESIGN_GEOMETRIC_PRESENTATION_REPRESENTATION (  '', ( #889 ), #2348 ) ;
#2570 = CARTESIAN_POINT ( 'NONE',  ( 1.399473708798350202, 1.998999999999999888, -0.04715036060231739962 ) ) ;
#2571 = CARTESIAN_POINT ( 'NONE',  ( 0.6606705323241469641, 1.998999999999999888, -0.3195756920783595079 ) ) ;
#2572 = CARTESIAN_POINT ( 'NONE',  ( -1.647270752819369966, 1.998999999999999888, 1.500000000000000000 ) ) ;
#2573 = VECTOR ( 'NONE', #1141, 1000.000000000000000 ) ;
#2574 = EDGE_CURVE ( 'NONE', #1082, #1182, #532, .T. ) ;
#2575 = VECTOR ( 'NONE', #959, 1000.000000000000000 ) ;
#2576 = DIRECTION ( 'NONE',  ( 0.0000000000000000000, 1.000000000000000000, 0.0000000000000000000 ) ) ;
#2577 = CARTESIAN_POINT ( 'NONE',  ( 1.791999731630300019, 2.000000000000000000, 0.7202907632997039844 ) ) ;
#2578 = AXIS2_PLACEMENT_3D ( 'NONE', #2754, #1740, #619 ) ;
#2579 = B_SPLINE_CURVE_WITH_KNOTS ( 'NONE', 3,
 ( #1173, #1817, #1629, #2672, #986, #554, #2458 ),
 .UNSPECIFIED., .F., .F.,
 ( 4, 1, 1, 1, 4 ),
 ( 0.0000000000000000000, 0.2372165186042104745, 0.4825864912431360176, 0.7368469271779309882, 1.000000000000000000 ),
 .UNSPECIFIED. ) ;
#2580 = CARTESIAN_POINT ( 'NONE',  ( 1.592944016905269988, 2.000000000000000000, -0.6275465048497030907 ) ) ;
#2581 = CARTESIAN_POINT ( 'NONE',  ( 1.899999999999999911, 0.0000000000000000000, 2.149999999999999911 ) ) ;
#2582 = AXIS2_PLACEMENT_3D ( 'NONE', #2006, #939, #1791 ) ;
#2583 = ORIENTED_EDGE ( 'NONE', *, *, #1874, .F. ) ;
#2584 = CARTESIAN_POINT ( 'NONE',  ( 0.7354871496469830294, 1.998999999999999888, -0.01750269680276889811 ) ) ;
#2585 = ORIENTED_EDGE ( 'NONE', *, *, #588, .F. ) ;
#2586 = CARTESIAN_POINT ( 'NONE',  ( 1.116535948949618051, 2.000000000000000000, 0.3288940276761374570 ) ) ;
#2587 = CARTESIAN_POINT ( 'NONE',  ( 1.344862199222083943, 1.998999999999999888, -0.7292029753674940107 ) ) ;
#2588 = DIRECTION ( 'NONE',  ( 0.0000000000000000000, 0.0000000000000000000, -1.000000000000000000 ) ) ;
#2589 = B_SPLINE_SURFACE_WITH_KNOTS ( 'NONE', 3, 1, ( 
 ( #25, #1256 ),
 ( #2342, #1288 ),
 ( #872, #1099 ),
 ( #2584, #1711 ) ),
 .UNSPECIFIED., .F., .F., .F.,
 ( 4, 4 ),
 ( 2, 2 ),
 ( 0.09090909090909089774, 0.1818181818181820175 ),
 ( 0.0000000000000000000, 1.000000000000000000 ),
 .UNSPECIFIED. ) ;
#2590 = CARTESIAN_POINT ( 'NONE',  ( -0.8318957038963290529, 1.998999999999999888, -0.4085086306610319906 ) ) ;
#2591 = VERTEX_POINT ( 'NONE', #583 ) ;
#2592 = DIRECTION ( 'NONE',  ( 0.0000000000000000000, 1.000000000000000000, 0.0000000000000000000 ) ) ;
#2593 = CARTESIAN_POINT ( 'NONE',  ( 1.224256708570093943, 1.998999999999999888, -0.2491352656121985087 ) ) ;
#2594 = CARTESIAN_POINT ( 'NONE',  ( 1.783761415491974978, 1.998999999999999888, -0.6979959836438809351 ) ) ;
#2595 = DIRECTION ( 'NONE',  ( 0.0000000000000000000, 0.0000000000000000000, 1.000000000000000000 ) ) ;
#2596 = ADVANCED_FACE ( 'NONE', ( #1220 ), #1388, .F. ) ;
#2597 = DIRECTION ( 'NONE',  ( 1.000000000000000000, 0.0000000000000000000, 0.0000000000000000000 ) ) ;
#2598 = CARTESIAN_POINT ( 'NONE',  ( 1.638943977746429859, 2.000000000000000000, -0.6155842192402389834 ) ) ;
#2599 = EDGE_CURVE ( 'NONE', #2691, #1180, #2692, .T. ) ;
#2600 =( LENGTH_UNIT ( ) NAMED_UNIT ( * ) SI_UNIT ( .MILLI., .METRE. ) );
#2601 = CARTESIAN_POINT ( 'NONE',  ( 1.844598523588410144, 2.000000000000000000, -0.03935391473860560402 ) ) ;
#2602 = ORIENTED_EDGE ( 'NONE', *, *, #874, .T. ) ;
#2603 = CARTESIAN_POINT ( 'NONE',  ( -1.497270752819366058, 2.000000000000000000, -1.500000000000000000 ) ) ;
#2604 = DIRECTION ( 'NONE',  ( 0.0000000000000000000, 0.0000000000000000000, -1.000000000000000000 ) ) ;
#2605 = CARTESIAN_POINT ( 'NONE',  ( -0.8318957038963290529, 2.000000000000000000, -0.4085086306610319906 ) ) ;
#2606 = CARTESIAN_POINT ( 'NONE',  ( -0.1005526361797927926, 1.998999999999999888, -0.3828990810547365231 ) ) ;
#2607 = CARTESIAN_POINT ( 'NONE',  ( 1.465638922642791941, 2.000000000000000000, -0.1260780395457543890 ) ) ;
#2608 = CARTESIAN_POINT ( 'NONE',  ( 1.631480882556955114, 1.998999999999999888, -0.7261283725823900470 ) ) ;
#2609 = LINE ( 'NONE', #297, #2628 ) ;
#2610 = CARTESIAN_POINT ( 'NONE',  ( -1.604999999999999982, -0.1000000000000000056, -1.625000000000000000 ) ) ;
#2611 = EDGE_CURVE ( 'NONE', #2741, #195, #1006, .T. ) ;
#2612 = CARTESIAN_POINT ( 'NONE',  ( 1.214279204130276124, 2.000000000000000000, -0.8098674166746669956 ) ) ;
#2613 = CARTESIAN_POINT ( 'NONE',  ( 0.4579918929540660044, 1.998999999999999888, -0.6426426023145810351 ) ) ;
#2614 = CARTESIAN_POINT ( 'NONE',  ( 1.724662807284685240, 1.998999999999999888, -0.05224561096091889789 ) ) ;
#2615 = EDGE_CURVE ( 'NONE', #7, #1219, #1841, .T. ) ;
#2616 = ORIENTED_EDGE ( 'NONE', *, *, #821, .F. ) ;
#2617 = CARTESIAN_POINT ( 'NONE',  ( 1.161962249413595938, 1.998999999999999888, -0.8489215967274779118 ) ) ;
#2618 = CARTESIAN_POINT ( 'NONE',  ( -0.3656959684632565266, 1.998999999999999888, -0.3464669802673329690 ) ) ;
#2619 = VECTOR ( 'NONE', #1430, 1000.000000000000000 ) ;
#2620 = ORIENTED_EDGE ( 'NONE', *, *, #2574, .F. ) ;
#2621 = CARTESIAN_POINT ( 'NONE',  ( 1.836137204112395116, 2.000000000000000000, -0.5844870910618580329 ) ) ;
#2622 = CARTESIAN_POINT ( 'NONE',  ( 1.667981684308875279, 1.998999999999999888, 0.5911293546215069528 ) ) ;
#2623 = AXIS2_PLACEMENT_3D ( 'NONE', #224, #2178, #2106 ) ;
#2624 = CARTESIAN_POINT ( 'NONE',  ( 1.214279204130276124, 1.998999999999999888, 0.4978248910176399922 ) ) ;
#2625 = VECTOR ( 'NONE', #282, 1000.000000000000000 ) ;
#2626 = FACE_OUTER_BOUND ( 'NONE', #2731, .T. ) ;
#2627 = CARTESIAN_POINT ( 'NONE',  ( 0.7354871496469830294, 2.000000000000000000, -0.01750269680276889811 ) ) ;
#2628 = VECTOR ( 'NONE', #957, 1000.000000000000000 ) ;
#2629 = LINE ( 'NONE', #1572, #2445 ) ;
#2630 = ORIENTED_EDGE ( 'NONE', *, *, #1886, .F. ) ;
#2631 = CARTESIAN_POINT ( 'NONE',  ( 1.194811448530127995, 2.000000000000000000, 0.3858627855998310041 ) ) ;
#2632 = PRESENTATION_STYLE_ASSIGNMENT (( #1372 ) ) ;
#2633 = DIRECTION ( 'NONE',  ( 0.0000000000000000000, 0.0000000000000000000, -1.000000000000000000 ) ) ;
#2634 = EDGE_CURVE ( 'NONE', #1514, #1790, #355, .T. ) ;
#2635 = EDGE_LOOP ( 'NONE', ( #812, #1156, #2644, #787 ) ) ;
#2636 = CARTESIAN_POINT ( 'NONE',  ( 1.818736998913069947, 2.000000000000000000, -0.5850246066235320619 ) ) ;
#2637 = DIRECTION ( 'NONE',  ( 1.000000000000000000, 0.0000000000000000000, 0.0000000000000000000 ) ) ;
#2638 = ORIENTED_EDGE ( 'NONE', *, *, #1995, .T. ) ;
#2639 = PRESENTATION_STYLE_ASSIGNMENT (( #1787 ) ) ;
#2640 =( NAMED_UNIT ( * ) SI_UNIT ( $, .STERADIAN. ) SOLID_ANGLE_UNIT ( ) );
#2641 = CARTESIAN_POINT ( 'NONE',  ( 1.393092125782104063, 2.000000000000000000, -0.1569035558555740006 ) ) ;
#2642 = EDGE_LOOP ( 'NONE', ( #2630, #1620, #625, #638, #1427, #191, #2522, #985 ) ) ;
#2643 = EDGE_CURVE ( 'NONE', #1880, #703, #2579, .T. ) ;
#2644 = ORIENTED_EDGE ( 'NONE', *, *, #790, .T. ) ;
#2645 = CARTESIAN_POINT ( 'NONE',  ( 1.818736998913069947, 1.998999999999999888, -0.5850246066235320619 ) ) ;
#2646 = EDGE_CURVE ( 'NONE', #1806, #1391, #1305, .T. ) ;
#2647 = ORIENTED_EDGE ( 'NONE', *, *, #1124, .T. ) ;
#2648 = CARTESIAN_POINT ( 'NONE',  ( -1.497270752819366058, 2.000000000000000000, -1.500000000000000000 ) ) ;
#2649 = CARTESIAN_POINT ( 'NONE',  ( 0.7354871496469830294, 1.998999999999999888, -0.01750269680276889811 ) ) ;
#2650 = CARTESIAN_POINT ( 'NONE',  ( 1.899999999999999911, 2.000000000000000000, 2.149999999999999911 ) ) ;
#2651 =( LENGTH_UNIT ( ) NAMED_UNIT ( * ) SI_UNIT ( .MILLI., .METRE. ) );
#2652 = ORIENTED_EDGE ( 'NONE', *, *, #225, .T. ) ;
#2653 = SURFACE_SIDE_STYLE ('',( #109 ) ) ;
#2654 = FACE_OUTER_BOUND ( 'NONE', #1710, .T. ) ;
#2655 =( NAMED_UNIT ( * ) PLANE_ANGLE_UNIT ( ) SI_UNIT ( $, .RADIAN. ) );
#2656 = ORIENTED_EDGE ( 'NONE', *, *, #329, .T. ) ;
#2657 = CARTESIAN_POINT ( 'NONE',  ( 1.137494231787219867, 1.998999999999999888, -0.8687156243701360525 ) ) ;
#2658 = FACE_OUTER_BOUND ( 'NONE', #2318, .T. ) ;
#2659 = ORIENTED_EDGE ( 'NONE', *, *, #1160, .T. ) ;
#2660 = STYLED_ITEM ( 'NONE', ( #684 ), #556 ) ;
#2661 = CARTESIAN_POINT ( 'NONE',  ( 1.844598523588410144, 1.998999999999999888, 0.06962044423575329544 ) ) ;
#2662 = EDGE_CURVE ( 'NONE', #1369, #195, #1554, .T. ) ;
#2663 = AXIS2_PLACEMENT_3D ( 'NONE', #1570, #1556, #487 ) ;
#2664 = LINE ( 'NONE', #502, #2265 ) ;
#2665 = SURFACE_STYLE_FILL_AREA ( #130 ) ;
#2666 = VECTOR ( 'NONE', #2588, 1000.000000000000000 ) ;
#2667 = ORIENTED_EDGE ( 'NONE', *, *, #2007, .F. ) ;
#2668 = DIRECTION ( 'NONE',  ( 0.0000000000000000000, 0.0000000000000000000, 1.000000000000000000 ) ) ;
#2669 = STYLED_ITEM ( 'NONE', ( #2114 ), #2390 ) ;
#2670 = CARTESIAN_POINT ( 'NONE',  ( 1.005495959485847912, 1.998999999999999888, 0.3093640339793430338 ) ) ;
#2671 = ORIENTED_EDGE ( 'NONE', *, *, #113, .F. ) ;
#2672 = CARTESIAN_POINT ( 'NONE',  ( 1.724662807284685240, 1.998999999999999888, -0.7060917648070731412 ) ) ;
#2673 = CARTESIAN_POINT ( 'NONE',  ( 1.824088457804144969, 2.000000000000000000, -0.6948169194909930013 ) ) ;
#2674 = VERTEX_POINT ( 'NONE', #2746 ) ;
#2675 = LINE ( 'NONE', #336, #2666 ) ;
#2676 = CARTESIAN_POINT ( 'NONE',  ( 0.4579918929540660044, 1.998999999999999888, -0.6426426023145810351 ) ) ;
#2677 = ADVANCED_FACE ( 'NONE', ( #1713 ), #1696, .T. ) ;
#2678 = EDGE_CURVE ( 'NONE', #1084, #2008, #639, .T. ) ;
#2679 = VERTEX_POINT ( 'NONE', #1515 ) ;
#2680 = VERTEX_POINT ( 'NONE', #2362 ) ;
#2681 = CARTESIAN_POINT ( 'NONE',  ( 1.763933828761194977, 2.000000000000000000, 0.7171248994103359697 ) ) ;
#2682 =( NAMED_UNIT ( * ) PLANE_ANGLE_UNIT ( ) SI_UNIT ( $, .RADIAN. ) );
#2683 = LINE ( 'NONE', #1619, #1423 ) ;
#2684 = ORIENTED_EDGE ( 'NONE', *, *, #991, .T. ) ;
#2685 = CARTESIAN_POINT ( 'NONE',  ( 1.844598523588410144, 1.998999999999999888, 0.6144922391075480217 ) ) ;
#2686 = DIRECTION ( 'NONE',  ( 1.000000000000000000, 0.0000000000000000000, 0.0000000000000000000 ) ) ;
#2687 = EDGE_CURVE ( 'NONE', #169, #1806, #2304, .T. ) ;
#2688 = EDGE_LOOP ( 'NONE', ( #1374, #475, #413, #2498, #401, #1147, #348, #605 ) ) ;
#2689 = CARTESIAN_POINT ( 'NONE',  ( 1.093697081280719852, 1.998999999999999888, -0.9983282737129649531 ) ) ;
#2690 = EDGE_CURVE ( 'NONE', #1271, #1585, #1496, .T. ) ;
#2691 = VERTEX_POINT ( 'NONE', #1894 ) ;
#2692 = LINE ( 'NONE', #2720, #1639 ) ;
#2693 = DIRECTION ( 'NONE',  ( 0.0000000000000000000, 0.0000000000000000000, 1.000000000000000000 ) ) ;
#2694 = CARTESIAN_POINT ( 'NONE',  ( 1.844598523588410144, 2.000000000000000000, -0.6932000685847600208 ) ) ;
#2695 = FACE_OUTER_BOUND ( 'NONE', #737, .T. ) ;
#2696 = DIRECTION ( 'NONE',  ( 2.428612866367529932E-14, 0.0000000000000000000, 1.000000000000000000 ) ) ;
#2697 = CARTESIAN_POINT ( 'NONE',  ( 0.5189398236627310590, 1.998999999999999888, -0.0007644290862337010158 ) ) ;
#2698 = AXIS2_PLACEMENT_3D ( 'NONE', #2320, #819, #386 ) ;
#2699 = STYLED_ITEM ( 'NONE', ( #699 ), #664 ) ;
#2700 = UNCERTAINTY_MEASURE_WITH_UNIT (LENGTH_MEASURE( 1.000000000000000082E-05 ), #463, 'distance_accuracy_value', 'NONE');
#2701 = ORIENTED_EDGE ( 'NONE', *, *, #2662, .T. ) ;
#2702 = VECTOR ( 'NONE', #1016, 1000.000000000000000 ) ;
#2703 = CARTESIAN_POINT ( 'NONE',  ( 1.399473708798350202, 2.000000000000000000, -0.04715036060231739962 ) ) ;
#2704 = VECTOR ( 'NONE', #1947, 1000.000000000000000 ) ;
#2705 = ORIENTED_EDGE ( 'NONE', *, *, #251, .F. ) ;
#2706 = CARTESIAN_POINT ( 'NONE',  ( 1.783761415491974978, 2.000000000000000000, 0.6096963240484268853 ) ) ;
#2707 = EDGE_CURVE ( 'NONE', #1510, #1250, #845, .T. ) ;
#2708 = FACE_OUTER_BOUND ( 'NONE', #423, .T. ) ;
#2709 = AXIS2_PLACEMENT_3D ( 'NONE', #2251, #334, #1186 ) ;
#2710 = STYLED_ITEM ( 'NONE', ( #704 ), #2726 ) ;
#2711 = CARTESIAN_POINT ( 'NONE',  ( 1.836137204112395116, 2.000000000000000000, 0.06935906278429600225 ) ) ;
#2712 = ORIENTED_EDGE ( 'NONE', *, *, #2007, .T. ) ;
#2713 = B_SPLINE_CURVE_WITH_KNOTS ( 'NONE', 3,
 ( #1120, #1071, #1482, #228 ),
 .UNSPECIFIED., .F., .F.,
 ( 4, 4 ),
 ( 0.7272727272727269598, 0.8181818181818180102 ),
 .UNSPECIFIED. ) ;
#2714 = CARTESIAN_POINT ( 'NONE',  ( 1.588695564061294752, 1.998999999999999888, -0.7380808659891551216 ) ) ;
#2715 = CARTESIAN_POINT ( 'NONE',  ( 1.288135590727311985, 2.000000000000000000, 0.4425507463036980060 ) ) ;
#2716 = CARTESIAN_POINT ( 'NONE',  ( -0.7850000000000000311, -0.1000000000000000056, 1.625000000000000000 ) ) ;
#2717 = ORIENTED_EDGE ( 'NONE', *, *, #1523, .T. ) ;
#2718 = DIRECTION ( 'NONE',  ( 0.0000000000000000000, 1.000000000000000000, 0.0000000000000000000 ) ) ;
#2719 = ORIENTED_EDGE ( 'NONE', *, *, #1742, .F. ) ;
#2720 = CARTESIAN_POINT ( 'NONE',  ( -1.647270752819369966, 1.998999999999999888, 1.500000000000000000 ) ) ;
#2721 = LINE ( 'NONE', #1246, #2619 ) ;
#2722 = ADVANCED_FACE ( 'NONE', ( #170 ), #1032, .F. ) ;
#2723 = DIRECTION ( 'NONE',  ( 1.000000000000000000, 0.0000000000000000000, -1.008560160451631851E-16 ) ) ;
#2724 = DIRECTION ( 'NONE',  ( 0.0000000000000000000, 1.000000000000000000, 0.0000000000000000000 ) ) ;
#2725 = LINE ( 'NONE', #2335, #2439 ) ;
#2726 = ADVANCED_FACE ( 'NONE', ( #2732 ), #626, .F. ) ;
#2727 = CARTESIAN_POINT ( 'NONE',  ( 1.334136272213519936, 2.000000000000000000, -0.8402713756671978951 ) ) ;
#2728 = CARTESIAN_POINT ( 'NONE',  ( 1.588695564061294752, 1.998999999999999888, 0.5696114417031530319 ) ) ;
#2729 = LINE ( 'NONE', #328, #2702 ) ;
#2730 = VERTEX_POINT ( 'NONE', #516 ) ;
#2731 = EDGE_LOOP ( 'NONE', ( #958, #522, #1867, #2530 ) ) ;
#2732 = FACE_OUTER_BOUND ( 'NONE', #1136, .T. ) ;
#2733 = CARTESIAN_POINT ( 'NONE',  ( -0.8685181164947519683, 1.998999999999999888, -0.2812083723933140322 ) ) ;
#2734 = CARTESIAN_POINT ( 'NONE',  ( 1.638943977746429859, 2.000000000000000000, 0.03826193460591545414 ) ) ;
#2735 =( NAMED_UNIT ( * ) SI_UNIT ( $, .STERADIAN. ) SOLID_ANGLE_UNIT ( ) );
#2736 = VERTEX_POINT ( 'NONE', #909 ) ;
#2737 = CARTESIAN_POINT ( 'NONE',  ( -1.497270752819366058, 1.998999999999999888, -1.500000000000000000 ) ) ;
#2738 = ADVANCED_FACE ( 'NONE', ( #1162 ), #62, .T. ) ;
#2739 = CARTESIAN_POINT ( 'NONE',  ( 1.393092125782104063, 1.998999999999999888, 0.4969425979905799928 ) ) ;
#2740 = COLOUR_RGB ( '',1.000000000000000000, 1.000000000000000000, 1.000000000000000000 ) ;
#2741 = VERTEX_POINT ( 'NONE', #263 ) ;
#2742 =( NAMED_UNIT ( * ) PLANE_ANGLE_UNIT ( ) SI_UNIT ( $, .RADIAN. ) );
#2743 = VECTOR ( 'NONE', #2576, 1000.000000000000000 ) ;
#2744 = VECTOR ( 'NONE', #85, 1000.000000000000000 ) ;
#2745 = ORIENTED_EDGE ( 'NONE', *, *, #2038, .F. ) ;
#2746 = CARTESIAN_POINT ( 'NONE',  ( 1.114470318460206055, 2.000000000000000000, -0.2355077608924520116 ) ) ;
#2747 =( NAMED_UNIT ( * ) PLANE_ANGLE_UNIT ( ) SI_UNIT ( $, .RADIAN. ) );
#2748 =( LENGTH_UNIT ( ) NAMED_UNIT ( * ) SI_UNIT ( .MILLI., .METRE. ) );
#2749 = MECHANICAL_DESIGN_GEOMETRIC_PRESENTATION_REPRESENTATION (  '', ( #1106 ), #1815 ) ;
#2750 = CARTESIAN_POINT ( 'NONE',  ( 1.122077273403711883, 1.998999999999999888, -0.2286890006446115065 ) ) ;
#2751 = VECTOR ( 'NONE', #990, 1000.000000000000000 ) ;
#2752 = ORIENTED_EDGE ( 'NONE', *, *, #743, .F. ) ;
#2753 = COLOUR_RGB ( '',0.1921568627450980227, 0.2039215686274509776, 0.2039215686274509776 ) ;
#2754 = CARTESIAN_POINT ( 'NONE',  ( 1.899999999999999911, 2.000000000000000000, -1.899999999999999911 ) ) ;
#2755 = CARTESIAN_POINT ( 'NONE',  ( 1.604999999999999982, -0.1000000000000000056, 1.625000000000000000 ) ) ;
#2756 = B_SPLINE_SURFACE_WITH_KNOTS ( 'NONE', 3, 1, ( 
 ( #774, #527 ),
 ( #2236, #1170 ),
 ( #2014, #107 ),
 ( #1612, #1835 ) ),
 .UNSPECIFIED., .F., .F., .F.,
 ( 4, 4 ),
 ( 2, 2 ),
 ( 0.3636363636363635354, 0.4545454545454550299 ),
 ( 0.0000000000000000000, 1.000000000000000000 ),
 .UNSPECIFIED. ) ;
#2757 = UNCERTAINTY_MEASURE_WITH_UNIT (LENGTH_MEASURE( 1.000000000000000082E-05 ), #1915, 'distance_accuracy_value', 'NONE');
#2758 = EDGE_CURVE ( 'NONE', #741, #1907, #848, .T. ) ;
#2759 = ORIENTED_EDGE ( 'NONE', *, *, #333, .F. ) ;
#2760 = CARTESIAN_POINT ( 'NONE',  ( 0.1654665890170579912, 1.998999999999999888, -0.6426426023145790367 ) ) ;
#2761 = EDGE_CURVE ( 'NONE', #354, #2563, #2424, .T. ) ;
#2762 = ORIENTED_EDGE ( 'NONE', *, *, #2690, .F. ) ;
#2763 = SURFACE_STYLE_FILL_AREA ( #2108 ) ;
#2764 = CARTESIAN_POINT ( 'NONE',  ( 1.122077273403711883, 1.998999999999999888, -0.8825351544907659163 ) ) ;
#2765 = CARTESIAN_POINT ( 'NONE',  ( 1.399473708798350202, 1.998999999999999888, 0.6066957932438359347 ) ) ;
#2766 = CARTESIAN_POINT ( 'NONE',  ( -0.7850000000000000311, -0.1000000000000000056, 1.625000000000000000 ) ) ;
#2767 = EDGE_LOOP ( 'NONE', ( #1654, #2483, #305, #2036 ) ) ;
ENDSEC;
END-ISO-10303-21;
