ISO-10303-21;
HEADER;
FILE_DESCRIPTION(('STEP AP242'),'1');
FILE_NAME('398800302.stp','2026-01-07T21:16:39',('TraceParts'),('TraceParts S.A.S.'),'Spatial InterOp 3D',' ',' ');
FILE_SCHEMA(('AP242_MANAGED_MODEL_BASED_3D_ENGINEERING_MIM_LF  {1 0 10303 442 1 1 4}'));
ENDSEC;
DATA;
#1=MECHANICAL_DESIGN_GEOMETRIC_PRESENTATION_REPRESENTATION(' ',(#10,#11,#12,#13,#14,#15,#16,#17,#18,#19,#20,#21,#22,#23,#24,#25,#26,#27,#28,#29,#30,#31,#32,#33,#34,#35,#36,#37,#38,#39,#40,#41,#42,#43,#44,#45,#46,#47,#48,#49,#50,#51,#52,#53,#54,#55,#56,#57,#58,#59,#60,#61,#62,#63,#64,#65,#66,#67,#68,#69,#70,#71,#72,#73,#74,#75,#76,#77,#78,#79,#80,#81,#82,#83,#84,#85,#86,#87,#88,#89,#90,#91,#92,#93,#94,#95,#96,#97,#98,#99,#100,#101,#102,#103,#104,#105,#106,#107,#108),#6);
#2=PRODUCT_DEFINITION_CONTEXT('',#109,'design');
#3=APPLICATION_PROTOCOL_DEFINITION('INTERNATIONAL STANDARD','ap242_managed_model_based_3d_engineering',2014,#109);
#4=PRODUCT_CATEGORY_RELATIONSHIP('NONE','NONE',#110,#111);
#5=SHAPE_DEFINITION_REPRESENTATION(#112,#113);
#6= (GEOMETRIC_REPRESENTATION_CONTEXT(3)GLOBAL_UNCERTAINTY_ASSIGNED_CONTEXT((#116))GLOBAL_UNIT_ASSIGNED_CONTEXT((#118,#119,#120))REPRESENTATION_CONTEXT('NONE','WORKSPACE'));
#10=STYLED_ITEM('',(#122),#123);
#11=STYLED_ITEM('',(#124),#125);
#12=STYLED_ITEM('',(#126),#127);
#13=STYLED_ITEM('',(#128),#129);
#14=STYLED_ITEM('',(#130),#131);
#15=STYLED_ITEM('',(#132),#133);
#16=STYLED_ITEM('',(#134),#135);
#17=STYLED_ITEM('',(#136),#137);
#18=STYLED_ITEM('',(#138),#139);
#19=STYLED_ITEM('',(#140),#141);
#20=STYLED_ITEM('',(#142),#143);
#21=STYLED_ITEM('',(#144),#145);
#22=STYLED_ITEM('',(#146),#147);
#23=STYLED_ITEM('',(#148),#149);
#24=STYLED_ITEM('',(#150),#151);
#25=STYLED_ITEM('',(#152),#153);
#26=STYLED_ITEM('',(#154),#155);
#27=STYLED_ITEM('',(#156),#157);
#28=STYLED_ITEM('',(#158),#159);
#29=STYLED_ITEM('',(#160),#161);
#30=STYLED_ITEM('',(#162),#163);
#31=STYLED_ITEM('',(#164),#165);
#32=STYLED_ITEM('',(#166),#167);
#33=STYLED_ITEM('',(#168),#169);
#34=STYLED_ITEM('',(#170),#171);
#35=STYLED_ITEM('',(#172),#173);
#36=STYLED_ITEM('',(#174),#175);
#37=STYLED_ITEM('',(#176),#177);
#38=STYLED_ITEM('',(#178),#179);
#39=STYLED_ITEM('',(#180),#181);
#40=STYLED_ITEM('',(#182),#183);
#41=STYLED_ITEM('',(#184),#185);
#42=STYLED_ITEM('',(#186),#187);
#43=STYLED_ITEM('',(#188),#189);
#44=STYLED_ITEM('',(#190),#191);
#45=STYLED_ITEM('',(#192),#193);
#46=STYLED_ITEM('',(#194),#195);
#47=STYLED_ITEM('',(#196),#197);
#48=STYLED_ITEM('',(#198),#199);
#49=STYLED_ITEM('',(#200),#201);
#50=STYLED_ITEM('',(#202),#203);
#51=STYLED_ITEM('',(#204),#205);
#52=STYLED_ITEM('',(#206),#207);
#53=STYLED_ITEM('',(#208),#209);
#54=STYLED_ITEM('',(#210),#211);
#55=STYLED_ITEM('',(#212),#213);
#56=STYLED_ITEM('',(#214),#215);
#57=STYLED_ITEM('',(#216),#217);
#58=STYLED_ITEM('',(#218),#219);
#59=STYLED_ITEM('',(#220),#221);
#60=STYLED_ITEM('',(#222),#223);
#61=STYLED_ITEM('',(#224),#225);
#62=STYLED_ITEM('',(#226),#227);
#63=STYLED_ITEM('',(#228),#229);
#64=STYLED_ITEM('',(#230),#231);
#65=STYLED_ITEM('',(#232),#233);
#66=STYLED_ITEM('',(#234),#235);
#67=STYLED_ITEM('',(#236),#237);
#68=STYLED_ITEM('',(#238),#239);
#69=STYLED_ITEM('',(#240),#241);
#70=STYLED_ITEM('',(#242),#243);
#71=STYLED_ITEM('',(#244),#245);
#72=STYLED_ITEM('',(#246),#247);
#73=STYLED_ITEM('',(#248),#249);
#74=STYLED_ITEM('',(#250),#251);
#75=STYLED_ITEM('',(#252),#253);
#76=STYLED_ITEM('',(#254),#255);
#77=STYLED_ITEM('',(#256),#257);
#78=STYLED_ITEM('',(#258),#259);
#79=STYLED_ITEM('',(#260),#261);
#80=STYLED_ITEM('',(#262),#263);
#81=STYLED_ITEM('',(#264),#265);
#82=STYLED_ITEM('',(#266),#267);
#83=STYLED_ITEM('',(#268),#269);
#84=STYLED_ITEM('',(#270),#271);
#85=STYLED_ITEM('',(#272),#273);
#86=STYLED_ITEM('',(#274),#275);
#87=STYLED_ITEM('',(#276),#277);
#88=STYLED_ITEM('',(#278),#279);
#89=STYLED_ITEM('',(#280),#281);
#90=STYLED_ITEM('',(#282),#283);
#91=STYLED_ITEM('',(#284),#285);
#92=STYLED_ITEM('',(#286),#287);
#93=STYLED_ITEM('',(#288),#289);
#94=STYLED_ITEM('',(#290),#291);
#95=STYLED_ITEM('',(#292),#293);
#96=STYLED_ITEM('',(#294),#295);
#97=STYLED_ITEM('',(#296),#297);
#98=STYLED_ITEM('',(#298),#299);
#99=STYLED_ITEM('',(#300),#301);
#100=STYLED_ITEM('',(#302),#303);
#101=STYLED_ITEM('',(#304),#305);
#102=STYLED_ITEM('',(#306),#307);
#103=STYLED_ITEM('',(#308),#309);
#104=STYLED_ITEM('',(#310),#311);
#105=STYLED_ITEM('',(#312),#313);
#106=STYLED_ITEM('',(#314),#315);
#107=STYLED_ITEM('',(#316),#317);
#108=STYLED_ITEM('',(#318),#319);
#109=APPLICATION_CONTEXT('managed model based 3d engineering');
#110=PRODUCT_CATEGORY('part','NONE');
#111=PRODUCT_RELATED_PRODUCT_CATEGORY('detail',' ',(#320));
#112=PRODUCT_DEFINITION_SHAPE('NONE','NONE',#321);
#113=ADVANCED_BREP_SHAPE_REPRESENTATION('1',(#322,#323),#6);
#116=UNCERTAINTY_MEASURE_WITH_UNIT(LENGTH_MEASURE(1.0E-06),#118,'','');
#118= (CONVERSION_BASED_UNIT('MILLIMETRE',#326)LENGTH_UNIT()NAMED_UNIT(#329));
#119= (NAMED_UNIT(#331)PLANE_ANGLE_UNIT()SI_UNIT($,.RADIAN.));
#120= (NAMED_UNIT(#331)SOLID_ANGLE_UNIT()SI_UNIT($,.STERADIAN.));
#122=PRESENTATION_STYLE_ASSIGNMENT((#337));
#123=ADVANCED_FACE('',(#338),#339,.F.);
#124=PRESENTATION_STYLE_ASSIGNMENT((#340));
#125=ADVANCED_FACE('',(#341),#342,.F.);
#126=PRESENTATION_STYLE_ASSIGNMENT((#343));
#127=ADVANCED_FACE('',(#344),#345,.F.);
#128=PRESENTATION_STYLE_ASSIGNMENT((#346));
#129=ADVANCED_FACE('',(#347),#348,.F.);
#130=PRESENTATION_STYLE_ASSIGNMENT((#349));
#131=ADVANCED_FACE('',(#350),#351,.F.);
#132=PRESENTATION_STYLE_ASSIGNMENT((#352));
#133=ADVANCED_FACE('',(#353),#354,.F.);
#134=PRESENTATION_STYLE_ASSIGNMENT((#355));
#135=ADVANCED_FACE('',(#356),#357,.F.);
#136=PRESENTATION_STYLE_ASSIGNMENT((#358));
#137=ADVANCED_FACE('',(#359),#360,.F.);
#138=PRESENTATION_STYLE_ASSIGNMENT((#361));
#139=ADVANCED_FACE('',(#362),#363,.F.);
#140=PRESENTATION_STYLE_ASSIGNMENT((#364));
#141=ADVANCED_FACE('',(#365),#366,.F.);
#142=PRESENTATION_STYLE_ASSIGNMENT((#367));
#143=ADVANCED_FACE('',(#368),#369,.T.);
#144=PRESENTATION_STYLE_ASSIGNMENT((#370));
#145=ADVANCED_FACE('',(#371),#372,.T.);
#146=PRESENTATION_STYLE_ASSIGNMENT((#373));
#147=ADVANCED_FACE('',(#374),#375,.T.);
#148=PRESENTATION_STYLE_ASSIGNMENT((#376));
#149=ADVANCED_FACE('',(#377),#378,.T.);
#150=PRESENTATION_STYLE_ASSIGNMENT((#379));
#151=ADVANCED_FACE('',(#380),#381,.T.);
#152=PRESENTATION_STYLE_ASSIGNMENT((#382));
#153=ADVANCED_FACE('',(#383),#384,.T.);
#154=PRESENTATION_STYLE_ASSIGNMENT((#385));
#155=ADVANCED_FACE('',(#386),#387,.T.);
#156=PRESENTATION_STYLE_ASSIGNMENT((#388));
#157=ADVANCED_FACE('',(#389),#390,.T.);
#158=PRESENTATION_STYLE_ASSIGNMENT((#391));
#159=ADVANCED_FACE('',(#392),#393,.T.);
#160=PRESENTATION_STYLE_ASSIGNMENT((#394));
#161=ADVANCED_FACE('',(#395),#396,.T.);
#162=PRESENTATION_STYLE_ASSIGNMENT((#397));
#163=ADVANCED_FACE('',(#398),#399,.T.);
#164=PRESENTATION_STYLE_ASSIGNMENT((#400));
#165=ADVANCED_FACE('',(#401),#402,.T.);
#166=PRESENTATION_STYLE_ASSIGNMENT((#403));
#167=ADVANCED_FACE('',(#404),#405,.T.);
#168=PRESENTATION_STYLE_ASSIGNMENT((#406));
#169=ADVANCED_FACE('',(#407),#408,.T.);
#170=PRESENTATION_STYLE_ASSIGNMENT((#409));
#171=ADVANCED_FACE('',(#410),#411,.T.);
#172=PRESENTATION_STYLE_ASSIGNMENT((#412));
#173=ADVANCED_FACE('',(#413),#414,.T.);
#174=PRESENTATION_STYLE_ASSIGNMENT((#415));
#175=ADVANCED_FACE('',(#416),#417,.T.);
#176=PRESENTATION_STYLE_ASSIGNMENT((#418));
#177=ADVANCED_FACE('',(#419),#420,.T.);
#178=PRESENTATION_STYLE_ASSIGNMENT((#421));
#179=ADVANCED_FACE('',(#422),#423,.T.);
#180=PRESENTATION_STYLE_ASSIGNMENT((#424));
#181=ADVANCED_FACE('',(#425),#426,.T.);
#182=PRESENTATION_STYLE_ASSIGNMENT((#427));
#183=ADVANCED_FACE('',(#428),#429,.T.);
#184=PRESENTATION_STYLE_ASSIGNMENT((#430));
#185=ADVANCED_FACE('',(#431),#432,.T.);
#186=PRESENTATION_STYLE_ASSIGNMENT((#433));
#187=ADVANCED_FACE('',(#434),#435,.T.);
#188=PRESENTATION_STYLE_ASSIGNMENT((#436));
#189=ADVANCED_FACE('',(#437),#438,.T.);
#190=PRESENTATION_STYLE_ASSIGNMENT((#439));
#191=ADVANCED_FACE('',(#440),#441,.T.);
#192=PRESENTATION_STYLE_ASSIGNMENT((#442));
#193=ADVANCED_FACE('',(#443),#444,.T.);
#194=PRESENTATION_STYLE_ASSIGNMENT((#445));
#195=ADVANCED_FACE('',(#446),#447,.T.);
#196=PRESENTATION_STYLE_ASSIGNMENT((#448));
#197=ADVANCED_FACE('',(#449),#450,.T.);
#198=PRESENTATION_STYLE_ASSIGNMENT((#451));
#199=ADVANCED_FACE('',(#452),#453,.T.);
#200=PRESENTATION_STYLE_ASSIGNMENT((#454));
#201=ADVANCED_FACE('',(#455),#456,.T.);
#202=PRESENTATION_STYLE_ASSIGNMENT((#457));
#203=ADVANCED_FACE('',(#458),#459,.T.);
#204=PRESENTATION_STYLE_ASSIGNMENT((#460));
#205=ADVANCED_FACE('',(#461),#462,.T.);
#206=PRESENTATION_STYLE_ASSIGNMENT((#463));
#207=ADVANCED_FACE('',(#464),#465,.T.);
#208=PRESENTATION_STYLE_ASSIGNMENT((#466));
#209=ADVANCED_FACE('',(#467),#468,.T.);
#210=PRESENTATION_STYLE_ASSIGNMENT((#469));
#211=ADVANCED_FACE('',(#470),#471,.T.);
#212=PRESENTATION_STYLE_ASSIGNMENT((#472));
#213=ADVANCED_FACE('',(#473),#474,.T.);
#214=PRESENTATION_STYLE_ASSIGNMENT((#475));
#215=ADVANCED_FACE('',(#476),#477,.T.);
#216=PRESENTATION_STYLE_ASSIGNMENT((#478));
#217=ADVANCED_FACE('',(#479),#480,.T.);
#218=PRESENTATION_STYLE_ASSIGNMENT((#481));
#219=ADVANCED_FACE('',(#482),#483,.T.);
#220=PRESENTATION_STYLE_ASSIGNMENT((#484));
#221=ADVANCED_FACE('',(#485),#486,.T.);
#222=PRESENTATION_STYLE_ASSIGNMENT((#487));
#223=ADVANCED_FACE('',(#488),#489,.T.);
#224=PRESENTATION_STYLE_ASSIGNMENT((#490));
#225=ADVANCED_FACE('',(#491),#492,.T.);
#226=PRESENTATION_STYLE_ASSIGNMENT((#493));
#227=ADVANCED_FACE('',(#494),#495,.T.);
#228=PRESENTATION_STYLE_ASSIGNMENT((#496));
#229=ADVANCED_FACE('',(#497),#498,.T.);
#230=PRESENTATION_STYLE_ASSIGNMENT((#499));
#231=ADVANCED_FACE('',(#500),#501,.T.);
#232=PRESENTATION_STYLE_ASSIGNMENT((#502));
#233=ADVANCED_FACE('',(#503),#504,.T.);
#234=PRESENTATION_STYLE_ASSIGNMENT((#505));
#235=ADVANCED_FACE('',(#506,#507),#508,.T.);
#236=PRESENTATION_STYLE_ASSIGNMENT((#509));
#237=ADVANCED_FACE('',(#510),#511,.F.);
#238=PRESENTATION_STYLE_ASSIGNMENT((#512));
#239=ADVANCED_FACE('',(#513),#514,.F.);
#240=PRESENTATION_STYLE_ASSIGNMENT((#515));
#241=ADVANCED_FACE('',(#516),#517,.F.);
#242=PRESENTATION_STYLE_ASSIGNMENT((#518));
#243=ADVANCED_FACE('',(#519,#520),#521,.T.);
#244=PRESENTATION_STYLE_ASSIGNMENT((#522));
#245=ADVANCED_FACE('',(#523),#524,.F.);
#246=PRESENTATION_STYLE_ASSIGNMENT((#525));
#247=ADVANCED_FACE('',(#526),#527,.F.);
#248=PRESENTATION_STYLE_ASSIGNMENT((#528));
#249=ADVANCED_FACE('',(#529),#530,.F.);
#250=PRESENTATION_STYLE_ASSIGNMENT((#531));
#251=ADVANCED_FACE('',(#532),#533,.F.);
#252=PRESENTATION_STYLE_ASSIGNMENT((#534));
#253=ADVANCED_FACE('',(#535),#536,.T.);
#254=PRESENTATION_STYLE_ASSIGNMENT((#537));
#255=ADVANCED_FACE('',(#538),#539,.F.);
#256=PRESENTATION_STYLE_ASSIGNMENT((#540));
#257=ADVANCED_FACE('',(#541),#542,.F.);
#258=PRESENTATION_STYLE_ASSIGNMENT((#543));
#259=ADVANCED_FACE('',(#544),#545,.F.);
#260=PRESENTATION_STYLE_ASSIGNMENT((#546));
#261=ADVANCED_FACE('',(#547),#548,.T.);
#262=PRESENTATION_STYLE_ASSIGNMENT((#549));
#263=ADVANCED_FACE('',(#550),#551,.T.);
#264=PRESENTATION_STYLE_ASSIGNMENT((#552));
#265=ADVANCED_FACE('',(#553),#554,.T.);
#266=PRESENTATION_STYLE_ASSIGNMENT((#555));
#267=ADVANCED_FACE('',(#556),#557,.T.);
#268=PRESENTATION_STYLE_ASSIGNMENT((#558));
#269=ADVANCED_FACE('',(#559),#560,.T.);
#270=PRESENTATION_STYLE_ASSIGNMENT((#561));
#271=ADVANCED_FACE('',(#562,#563),#564,.F.);
#272=PRESENTATION_STYLE_ASSIGNMENT((#565));
#273=ADVANCED_FACE('',(#566),#567,.F.);
#274=PRESENTATION_STYLE_ASSIGNMENT((#568));
#275=ADVANCED_FACE('',(#569),#570,.F.);
#276=PRESENTATION_STYLE_ASSIGNMENT((#571));
#277=ADVANCED_FACE('',(#572),#573,.F.);
#278=PRESENTATION_STYLE_ASSIGNMENT((#574));
#279=ADVANCED_FACE('',(#575),#576,.F.);
#280=PRESENTATION_STYLE_ASSIGNMENT((#577));
#281=ADVANCED_FACE('',(#578),#579,.F.);
#282=PRESENTATION_STYLE_ASSIGNMENT((#580));
#283=ADVANCED_FACE('',(#581,#582),#583,.F.);
#284=PRESENTATION_STYLE_ASSIGNMENT((#584));
#285=ADVANCED_FACE('',(#585),#586,.F.);
#286=PRESENTATION_STYLE_ASSIGNMENT((#587));
#287=ADVANCED_FACE('',(#588),#589,.F.);
#288=PRESENTATION_STYLE_ASSIGNMENT((#590));
#289=ADVANCED_FACE('',(#591),#592,.F.);
#290=PRESENTATION_STYLE_ASSIGNMENT((#593));
#291=ADVANCED_FACE('',(#594),#595,.F.);
#292=PRESENTATION_STYLE_ASSIGNMENT((#596));
#293=ADVANCED_FACE('',(#597),#598,.F.);
#294=PRESENTATION_STYLE_ASSIGNMENT((#599));
#295=ADVANCED_FACE('',(#600),#601,.F.);
#296=PRESENTATION_STYLE_ASSIGNMENT((#602));
#297=ADVANCED_FACE('',(#603),#604,.F.);
#298=PRESENTATION_STYLE_ASSIGNMENT((#605));
#299=ADVANCED_FACE('',(#606),#607,.F.);
#300=PRESENTATION_STYLE_ASSIGNMENT((#608));
#301=ADVANCED_FACE('',(#609),#610,.F.);
#302=PRESENTATION_STYLE_ASSIGNMENT((#611));
#303=ADVANCED_FACE('',(#612),#613,.F.);
#304=PRESENTATION_STYLE_ASSIGNMENT((#614));
#305=ADVANCED_FACE('',(#615),#616,.F.);
#306=PRESENTATION_STYLE_ASSIGNMENT((#617));
#307=ADVANCED_FACE('',(#618),#619,.T.);
#308=PRESENTATION_STYLE_ASSIGNMENT((#620));
#309=ADVANCED_FACE('',(#621),#622,.T.);
#310=PRESENTATION_STYLE_ASSIGNMENT((#623));
#311=ADVANCED_FACE('',(#624,#625,#626),#627,.T.);
#312=PRESENTATION_STYLE_ASSIGNMENT((#628));
#313=ADVANCED_FACE('',(#629),#630,.T.);
#314=PRESENTATION_STYLE_ASSIGNMENT((#631));
#315=ADVANCED_FACE('',(#632),#633,.T.);
#316=PRESENTATION_STYLE_ASSIGNMENT((#634));
#317=ADVANCED_FACE('',(#635,#636,#637),#638,.T.);
#318=PRESENTATION_STYLE_ASSIGNMENT((#639));
#319=ADVANCED_FACE('',(#640,#641,#642),#643,.T.);
#320=PRODUCT('1','','PART--DESC',(#644));
#321=PRODUCT_DEFINITION('','NONE',#645,#2);
#322=MANIFOLD_SOLID_BREP('1',#646);
#323=AXIS2_PLACEMENT_3D('',#647,#648,#649);
#326=LENGTH_MEASURE_WITH_UNIT(LENGTH_MEASURE(1.0),#650);
#329=DIMENSIONAL_EXPONENTS(1.0,0.0,0.0,0.0,0.0,0.0,0.0);
#331=DIMENSIONAL_EXPONENTS(0.0,0.0,0.0,0.0,0.0,0.0,0.0);
#337=SURFACE_STYLE_USAGE(.BOTH.,#651);
#338=FACE_OUTER_BOUND('',#652,.T.);
#339=CYLINDRICAL_SURFACE('',#653,1.8);
#340=SURFACE_STYLE_USAGE(.BOTH.,#654);
#341=FACE_OUTER_BOUND('',#655,.T.);
#342=CONICAL_SURFACE('',#656,1.715,0.401870647440456);
#343=SURFACE_STYLE_USAGE(.BOTH.,#657);
#344=FACE_OUTER_BOUND('',#658,.T.);
#345=CYLINDRICAL_SURFACE('',#659,1.63);
#346=SURFACE_STYLE_USAGE(.BOTH.,#660);
#347=FACE_OUTER_BOUND('',#661,.T.);
#348=CONICAL_SURFACE('',#662,1.715,0.401870647440456);
#349=SURFACE_STYLE_USAGE(.BOTH.,#663);
#350=FACE_OUTER_BOUND('',#664,.T.);
#351=CYLINDRICAL_SURFACE('',#665,1.8);
#352=SURFACE_STYLE_USAGE(.BOTH.,#666);
#353=FACE_OUTER_BOUND('',#667,.T.);
#354=CYLINDRICAL_SURFACE('',#668,1.8);
#355=SURFACE_STYLE_USAGE(.BOTH.,#669);
#356=FACE_OUTER_BOUND('',#670,.T.);
#357=CONICAL_SURFACE('',#671,1.715,0.401870647440456);
#358=SURFACE_STYLE_USAGE(.BOTH.,#672);
#359=FACE_OUTER_BOUND('',#673,.T.);
#360=CYLINDRICAL_SURFACE('',#674,1.63);
#361=SURFACE_STYLE_USAGE(.BOTH.,#675);
#362=FACE_OUTER_BOUND('',#676,.T.);
#363=CONICAL_SURFACE('',#677,1.715,0.401870647440456);
#364=SURFACE_STYLE_USAGE(.BOTH.,#678);
#365=FACE_OUTER_BOUND('',#679,.T.);
#366=CYLINDRICAL_SURFACE('',#680,1.8);
#367=SURFACE_STYLE_USAGE(.BOTH.,#681);
#368=FACE_OUTER_BOUND('',#682,.T.);
#369=CONICAL_SURFACE('',#683,1.57978285005188,0.0872664625997163);
#370=SURFACE_STYLE_USAGE(.BOTH.,#684);
#371=FACE_OUTER_BOUND('',#685,.T.);
#372=CONICAL_SURFACE('',#686,1.57978285005188,0.0872664625997163);
#373=SURFACE_STYLE_USAGE(.BOTH.,#687);
#374=FACE_OUTER_BOUND('',#688,.T.);
#375=CONICAL_SURFACE('',#689,1.57978285005188,0.0872664625997163);
#376=SURFACE_STYLE_USAGE(.BOTH.,#690);
#377=FACE_OUTER_BOUND('',#691,.T.);
#378=PLANE('',#692);
#379=SURFACE_STYLE_USAGE(.BOTH.,#693);
#380=FACE_OUTER_BOUND('',#694,.T.);
#381=PLANE('',#695);
#382=SURFACE_STYLE_USAGE(.BOTH.,#696);
#383=FACE_OUTER_BOUND('',#697,.T.);
#384=PLANE('',#698);
#385=SURFACE_STYLE_USAGE(.BOTH.,#699);
#386=FACE_OUTER_BOUND('',#700,.T.);
#387=PLANE('',#701);
#388=SURFACE_STYLE_USAGE(.BOTH.,#702);
#389=FACE_OUTER_BOUND('',#703,.T.);
#390=TOROIDAL_SURFACE('',#704,1.32291376519652,0.2);
#391=SURFACE_STYLE_USAGE(.BOTH.,#705);
#392=FACE_OUTER_BOUND('',#706,.T.);
#393=TOROIDAL_SURFACE('',#707,1.32291376519652,0.2);
#394=SURFACE_STYLE_USAGE(.BOTH.,#708);
#395=FACE_OUTER_BOUND('',#709,.T.);
#396=PLANE('',#710);
#397=SURFACE_STYLE_USAGE(.BOTH.,#711);
#398=FACE_OUTER_BOUND('',#712,.T.);
#399=CONICAL_SURFACE('',#713,1.57978285005188,0.0872664625997163);
#400=SURFACE_STYLE_USAGE(.BOTH.,#714);
#401=FACE_OUTER_BOUND('',#715,.T.);
#402=PLANE('',#716);
#403=SURFACE_STYLE_USAGE(.BOTH.,#717);
#404=FACE_OUTER_BOUND('',#718,.T.);
#405=PLANE('',#719);
#406=SURFACE_STYLE_USAGE(.BOTH.,#720);
#407=FACE_OUTER_BOUND('',#721,.T.);
#408=PLANE('',#722);
#409=SURFACE_STYLE_USAGE(.BOTH.,#723);
#410=FACE_OUTER_BOUND('',#724,.T.);
#411=PLANE('',#725);
#412=SURFACE_STYLE_USAGE(.BOTH.,#726);
#413=FACE_OUTER_BOUND('',#727,.T.);
#414=TOROIDAL_SURFACE('',#728,1.32291376519652,0.2);
#415=SURFACE_STYLE_USAGE(.BOTH.,#729);
#416=FACE_OUTER_BOUND('',#730,.T.);
#417=TOROIDAL_SURFACE('',#731,1.32291376519652,0.2);
#418=SURFACE_STYLE_USAGE(.BOTH.,#732);
#419=FACE_OUTER_BOUND('',#733,.T.);
#420=PLANE('',#734);
#421=SURFACE_STYLE_USAGE(.BOTH.,#735);
#422=FACE_OUTER_BOUND('',#736,.T.);
#423=PLANE('',#737);
#424=SURFACE_STYLE_USAGE(.BOTH.,#738);
#425=FACE_OUTER_BOUND('',#739,.T.);
#426=PLANE('',#740);
#427=SURFACE_STYLE_USAGE(.BOTH.,#741);
#428=FACE_OUTER_BOUND('',#742,.T.);
#429=PLANE('',#743);
#430=SURFACE_STYLE_USAGE(.BOTH.,#744);
#431=FACE_OUTER_BOUND('',#745,.T.);
#432=PLANE('',#746);
#433=SURFACE_STYLE_USAGE(.BOTH.,#747);
#434=FACE_OUTER_BOUND('',#748,.T.);
#435=PLANE('',#749);
#436=SURFACE_STYLE_USAGE(.BOTH.,#750);
#437=FACE_OUTER_BOUND('',#751,.T.);
#438=PLANE('',#752);
#439=SURFACE_STYLE_USAGE(.BOTH.,#753);
#440=FACE_OUTER_BOUND('',#754,.T.);
#441=PLANE('',#755);
#442=SURFACE_STYLE_USAGE(.BOTH.,#756);
#443=FACE_OUTER_BOUND('',#757,.T.);
#444=PLANE('',#758);
#445=SURFACE_STYLE_USAGE(.BOTH.,#759);
#446=FACE_OUTER_BOUND('',#760,.T.);
#447=PLANE('',#761);
#448=SURFACE_STYLE_USAGE(.BOTH.,#762);
#449=FACE_OUTER_BOUND('',#763,.T.);
#450=PLANE('',#764);
#451=SURFACE_STYLE_USAGE(.BOTH.,#765);
#452=FACE_OUTER_BOUND('',#766,.T.);
#453=PLANE('',#767);
#454=SURFACE_STYLE_USAGE(.BOTH.,#768);
#455=FACE_OUTER_BOUND('',#769,.T.);
#456=PLANE('',#770);
#457=SURFACE_STYLE_USAGE(.BOTH.,#771);
#458=FACE_OUTER_BOUND('',#772,.T.);
#459=PLANE('',#773);
#460=SURFACE_STYLE_USAGE(.BOTH.,#774);
#461=FACE_OUTER_BOUND('',#775,.T.);
#462=PLANE('',#776);
#463=SURFACE_STYLE_USAGE(.BOTH.,#777);
#464=FACE_OUTER_BOUND('',#778,.T.);
#465=PLANE('',#779);
#466=SURFACE_STYLE_USAGE(.BOTH.,#780);
#467=FACE_OUTER_BOUND('',#781,.T.);
#468=PLANE('',#782);
#469=SURFACE_STYLE_USAGE(.BOTH.,#783);
#470=FACE_OUTER_BOUND('',#784,.T.);
#471=PLANE('',#785);
#472=SURFACE_STYLE_USAGE(.BOTH.,#786);
#473=FACE_OUTER_BOUND('',#787,.T.);
#474=PLANE('',#788);
#475=SURFACE_STYLE_USAGE(.BOTH.,#789);
#476=FACE_OUTER_BOUND('',#790,.T.);
#477=PLANE('',#791);
#478=SURFACE_STYLE_USAGE(.BOTH.,#792);
#479=FACE_OUTER_BOUND('',#793,.T.);
#480=PLANE('',#794);
#481=SURFACE_STYLE_USAGE(.BOTH.,#795);
#482=FACE_OUTER_BOUND('',#796,.T.);
#483=PLANE('',#797);
#484=SURFACE_STYLE_USAGE(.BOTH.,#798);
#485=FACE_OUTER_BOUND('',#799,.T.);
#486=PLANE('',#800);
#487=SURFACE_STYLE_USAGE(.BOTH.,#801);
#488=FACE_OUTER_BOUND('',#802,.T.);
#489=PLANE('',#803);
#490=SURFACE_STYLE_USAGE(.BOTH.,#804);
#491=FACE_OUTER_BOUND('',#805,.T.);
#492=PLANE('',#806);
#493=SURFACE_STYLE_USAGE(.BOTH.,#807);
#494=FACE_OUTER_BOUND('',#808,.T.);
#495=PLANE('',#809);
#496=SURFACE_STYLE_USAGE(.BOTH.,#810);
#497=FACE_OUTER_BOUND('',#811,.T.);
#498=PLANE('',#812);
#499=SURFACE_STYLE_USAGE(.BOTH.,#813);
#500=FACE_OUTER_BOUND('',#814,.T.);
#501=PLANE('',#815);
#502=SURFACE_STYLE_USAGE(.BOTH.,#816);
#503=FACE_OUTER_BOUND('',#817,.T.);
#504=PLANE('',#818);
#505=SURFACE_STYLE_USAGE(.BOTH.,#819);
#506=FACE_BOUND('',#820,.T.);
#507=FACE_OUTER_BOUND('',#821,.T.);
#508=PLANE('',#822);
#509=SURFACE_STYLE_USAGE(.BOTH.,#823);
#510=FACE_OUTER_BOUND('',#824,.T.);
#511=PLANE('',#825);
#512=SURFACE_STYLE_USAGE(.BOTH.,#826);
#513=FACE_OUTER_BOUND('',#827,.T.);
#514=PLANE('',#828);
#515=SURFACE_STYLE_USAGE(.BOTH.,#829);
#516=FACE_OUTER_BOUND('',#830,.T.);
#517=PLANE('',#831);
#518=SURFACE_STYLE_USAGE(.BOTH.,#832);
#519=FACE_BOUND('',#833,.T.);
#520=FACE_OUTER_BOUND('',#834,.T.);
#521=PLANE('',#835);
#522=SURFACE_STYLE_USAGE(.BOTH.,#836);
#523=FACE_OUTER_BOUND('',#837,.T.);
#524=PLANE('',#838);
#525=SURFACE_STYLE_USAGE(.BOTH.,#839);
#526=FACE_OUTER_BOUND('',#840,.T.);
#527=PLANE('',#841);
#528=SURFACE_STYLE_USAGE(.BOTH.,#842);
#529=FACE_OUTER_BOUND('',#843,.T.);
#530=PLANE('',#844);
#531=SURFACE_STYLE_USAGE(.BOTH.,#845);
#532=FACE_OUTER_BOUND('',#846,.T.);
#533=PLANE('',#847);
#534=SURFACE_STYLE_USAGE(.BOTH.,#848);
#535=FACE_OUTER_BOUND('',#849,.T.);
#536=PLANE('',#850);
#537=SURFACE_STYLE_USAGE(.BOTH.,#851);
#538=FACE_OUTER_BOUND('',#852,.T.);
#539=PLANE('',#853);
#540=SURFACE_STYLE_USAGE(.BOTH.,#854);
#541=FACE_OUTER_BOUND('',#855,.T.);
#542=PLANE('',#856);
#543=SURFACE_STYLE_USAGE(.BOTH.,#857);
#544=FACE_OUTER_BOUND('',#858,.T.);
#545=PLANE('',#859);
#546=SURFACE_STYLE_USAGE(.BOTH.,#860);
#547=FACE_OUTER_BOUND('',#861,.T.);
#548=PLANE('',#862);
#549=SURFACE_STYLE_USAGE(.BOTH.,#863);
#550=FACE_OUTER_BOUND('',#864,.T.);
#551=PLANE('',#865);
#552=SURFACE_STYLE_USAGE(.BOTH.,#866);
#553=FACE_OUTER_BOUND('',#867,.T.);
#554=PLANE('',#868);
#555=SURFACE_STYLE_USAGE(.BOTH.,#869);
#556=FACE_OUTER_BOUND('',#870,.T.);
#557=PLANE('',#871);
#558=SURFACE_STYLE_USAGE(.BOTH.,#872);
#559=FACE_OUTER_BOUND('',#873,.T.);
#560=PLANE('',#874);
#561=SURFACE_STYLE_USAGE(.BOTH.,#875);
#562=FACE_BOUND('',#876,.T.);
#563=FACE_OUTER_BOUND('',#877,.T.);
#564=PLANE('',#878);
#565=SURFACE_STYLE_USAGE(.BOTH.,#879);
#566=FACE_OUTER_BOUND('',#880,.T.);
#567=CYLINDRICAL_SURFACE('',#881,1.8);
#568=SURFACE_STYLE_USAGE(.BOTH.,#882);
#569=FACE_OUTER_BOUND('',#883,.T.);
#570=CONICAL_SURFACE('',#884,1.715,0.401870647440456);
#571=SURFACE_STYLE_USAGE(.BOTH.,#885);
#572=FACE_OUTER_BOUND('',#886,.T.);
#573=CYLINDRICAL_SURFACE('',#887,1.63);
#574=SURFACE_STYLE_USAGE(.BOTH.,#888);
#575=FACE_OUTER_BOUND('',#889,.T.);
#576=CONICAL_SURFACE('',#890,1.715,0.401870647440456);
#577=SURFACE_STYLE_USAGE(.BOTH.,#891);
#578=FACE_OUTER_BOUND('',#892,.T.);
#579=CYLINDRICAL_SURFACE('',#893,1.8);
#580=SURFACE_STYLE_USAGE(.BOTH.,#894);
#581=FACE_BOUND('',#895,.T.);
#582=FACE_OUTER_BOUND('',#896,.T.);
#583=PLANE('',#897);
#584=SURFACE_STYLE_USAGE(.BOTH.,#898);
#585=FACE_OUTER_BOUND('',#899,.T.);
#586=CYLINDRICAL_SURFACE('',#900,1.8);
#587=SURFACE_STYLE_USAGE(.BOTH.,#901);
#588=FACE_OUTER_BOUND('',#902,.T.);
#589=CONICAL_SURFACE('',#903,1.715,0.401870647440456);
#590=SURFACE_STYLE_USAGE(.BOTH.,#904);
#591=FACE_OUTER_BOUND('',#905,.T.);
#592=CYLINDRICAL_SURFACE('',#906,1.63);
#593=SURFACE_STYLE_USAGE(.BOTH.,#907);
#594=FACE_OUTER_BOUND('',#908,.T.);
#595=CONICAL_SURFACE('',#909,1.715,0.401870647440456);
#596=SURFACE_STYLE_USAGE(.BOTH.,#910);
#597=FACE_OUTER_BOUND('',#911,.T.);
#598=CYLINDRICAL_SURFACE('',#912,1.8);
#599=SURFACE_STYLE_USAGE(.BOTH.,#913);
#600=FACE_OUTER_BOUND('',#914,.T.);
#601=PLANE('',#915);
#602=SURFACE_STYLE_USAGE(.BOTH.,#916);
#603=FACE_OUTER_BOUND('',#917,.T.);
#604=PLANE('',#918);
#605=SURFACE_STYLE_USAGE(.BOTH.,#919);
#606=FACE_OUTER_BOUND('',#920,.T.);
#607=PLANE('',#921);
#608=SURFACE_STYLE_USAGE(.BOTH.,#922);
#609=FACE_OUTER_BOUND('',#923,.T.);
#610=PLANE('',#924);
#611=SURFACE_STYLE_USAGE(.BOTH.,#925);
#612=FACE_OUTER_BOUND('',#926,.T.);
#613=PLANE('',#927);
#614=SURFACE_STYLE_USAGE(.BOTH.,#928);
#615=FACE_OUTER_BOUND('',#929,.T.);
#616=PLANE('',#930);
#617=SURFACE_STYLE_USAGE(.BOTH.,#931);
#618=FACE_OUTER_BOUND('',#932,.T.);
#619=PLANE('',#933);
#620=SURFACE_STYLE_USAGE(.BOTH.,#934);
#621=FACE_OUTER_BOUND('',#935,.T.);
#622=PLANE('',#936);
#623=SURFACE_STYLE_USAGE(.BOTH.,#937);
#624=FACE_BOUND('',#938,.T.);
#625=FACE_BOUND('',#939,.T.);
#626=FACE_OUTER_BOUND('',#940,.T.);
#627=PLANE('',#941);
#628=SURFACE_STYLE_USAGE(.BOTH.,#942);
#629=FACE_OUTER_BOUND('',#943,.T.);
#630=PLANE('',#944);
#631=SURFACE_STYLE_USAGE(.BOTH.,#945);
#632=FACE_OUTER_BOUND('',#946,.T.);
#633=PLANE('',#947);
#634=SURFACE_STYLE_USAGE(.BOTH.,#948);
#635=FACE_BOUND('',#949,.T.);
#636=FACE_BOUND('',#950,.T.);
#637=FACE_OUTER_BOUND('',#951,.T.);
#638=PLANE('',#952);
#639=SURFACE_STYLE_USAGE(.BOTH.,#953);
#640=FACE_BOUND('',#954,.T.);
#641=FACE_BOUND('',#955,.T.);
#642=FACE_OUTER_BOUND('',#956,.T.);
#643=PLANE('',#957);
#644=PRODUCT_CONTEXT('',#109,'mechanical');
#645=PRODUCT_DEFINITION_FORMATION_WITH_SPECIFIED_SOURCE(' ','NONE',#320,.NOT_KNOWN.);
#646=CLOSED_SHELL('',(#123,#125,#127,#129,#131,#133,#135,#137,#139,#141,#143,#145,#147,#149,#151,#153,#155,#157,#159,#161,#163,#165,#167,#169,#171,#173,#175,#177,#179,#181,#183,#185,#187,#189,#191,#193,#195,#197,#199,#201,#203,#205,#207,#209,#211,#213,#215,#217,#219,#221,#223,#225,#227,#229,#231,#233,#235,#237,#239,#241,#243,#245,#247,#249,#251,#253,#255,#257,#259,#261,#263,#265,#267,#269,#271,#273,#275,#277,#279,#281,#283,#285,#287,#289,#291,#293,#295,#297,#299,#301,#303,#305,#307,#309,#311,#313,#315,#317,#319));
#647=CARTESIAN_POINT('',(0.0,0.0,0.0));
#648=DIRECTION('',(0.0,0.0,1.0));
#649=DIRECTION('',(1.0,0.0,0.0));
#650= (NAMED_UNIT(#329)LENGTH_UNIT()SI_UNIT(.MILLI.,.METRE.));
#651=SURFACE_SIDE_STYLE('',(#959));
#652=EDGE_LOOP('',(#960,#961,#962,#963));
#653=AXIS2_PLACEMENT_3D('',#964,#965,#966);
#654=SURFACE_SIDE_STYLE('',(#967));
#655=EDGE_LOOP('',(#968,#969,#970,#971));
#656=AXIS2_PLACEMENT_3D('',#972,#973,#974);
#657=SURFACE_SIDE_STYLE('',(#975));
#658=EDGE_LOOP('',(#976,#977,#978,#979));
#659=AXIS2_PLACEMENT_3D('',#980,#981,#982);
#660=SURFACE_SIDE_STYLE('',(#983));
#661=EDGE_LOOP('',(#984,#985,#986,#987));
#662=AXIS2_PLACEMENT_3D('',#988,#989,#990);
#663=SURFACE_SIDE_STYLE('',(#991));
#664=EDGE_LOOP('',(#992,#993,#994,#995));
#665=AXIS2_PLACEMENT_3D('',#996,#997,#998);
#666=SURFACE_SIDE_STYLE('',(#999));
#667=EDGE_LOOP('',(#1000,#1001,#1002,#1003));
#668=AXIS2_PLACEMENT_3D('',#1004,#1005,#1006);
#669=SURFACE_SIDE_STYLE('',(#1007));
#670=EDGE_LOOP('',(#1008,#1009,#1010,#1011));
#671=AXIS2_PLACEMENT_3D('',#1012,#1013,#1014);
#672=SURFACE_SIDE_STYLE('',(#1015));
#673=EDGE_LOOP('',(#1016,#1017,#1018,#1019));
#674=AXIS2_PLACEMENT_3D('',#1020,#1021,#1022);
#675=SURFACE_SIDE_STYLE('',(#1023));
#676=EDGE_LOOP('',(#1024,#1025,#1026,#1027));
#677=AXIS2_PLACEMENT_3D('',#1028,#1029,#1030);
#678=SURFACE_SIDE_STYLE('',(#1031));
#679=EDGE_LOOP('',(#1032,#1033,#1034,#1035));
#680=AXIS2_PLACEMENT_3D('',#1036,#1037,#1038);
#681=SURFACE_SIDE_STYLE('',(#1039));
#682=EDGE_LOOP('',(#1040,#1041,#1042,#1043,#1044,#1045,#1046,#1047));
#683=AXIS2_PLACEMENT_3D('',#1048,#1049,#1050);
#684=SURFACE_SIDE_STYLE('',(#1051));
#685=EDGE_LOOP('',(#1052,#1053,#1054,#1055,#1056,#1057,#1058,#1059));
#686=AXIS2_PLACEMENT_3D('',#1060,#1061,#1062);
#687=SURFACE_SIDE_STYLE('',(#1063));
#688=EDGE_LOOP('',(#1064,#1065,#1066,#1067,#1068,#1069,#1070,#1071));
#689=AXIS2_PLACEMENT_3D('',#1072,#1073,#1074);
#690=SURFACE_SIDE_STYLE('',(#1075));
#691=EDGE_LOOP('',(#1076,#1077,#1078,#1079,#1080,#1081));
#692=AXIS2_PLACEMENT_3D('',#1082,#1083,#1084);
#693=SURFACE_SIDE_STYLE('',(#1085));
#694=EDGE_LOOP('',(#1086,#1087,#1088,#1089));
#695=AXIS2_PLACEMENT_3D('',#1090,#1091,#1092);
#696=SURFACE_SIDE_STYLE('',(#1093));
#697=EDGE_LOOP('',(#1094,#1095,#1096,#1097,#1098,#1099));
#698=AXIS2_PLACEMENT_3D('',#1100,#1101,#1102);
#699=SURFACE_SIDE_STYLE('',(#1103));
#700=EDGE_LOOP('',(#1104,#1105));
#701=AXIS2_PLACEMENT_3D('',#1106,#1107,#1108);
#702=SURFACE_SIDE_STYLE('',(#1109));
#703=EDGE_LOOP('',(#1110,#1111,#1112,#1113,#1114));
#704=AXIS2_PLACEMENT_3D('',#1115,#1116,#1117);
#705=SURFACE_SIDE_STYLE('',(#1118));
#706=EDGE_LOOP('',(#1119,#1120,#1121,#1122,#1123));
#707=AXIS2_PLACEMENT_3D('',#1124,#1125,#1126);
#708=SURFACE_SIDE_STYLE('',(#1127));
#709=EDGE_LOOP('',(#1128,#1129));
#710=AXIS2_PLACEMENT_3D('',#1130,#1131,#1132);
#711=SURFACE_SIDE_STYLE('',(#1133));
#712=EDGE_LOOP('',(#1134,#1135,#1136,#1137,#1138,#1139,#1140,#1141));
#713=AXIS2_PLACEMENT_3D('',#1142,#1143,#1144);
#714=SURFACE_SIDE_STYLE('',(#1145));
#715=EDGE_LOOP('',(#1146,#1147,#1148,#1149,#1150,#1151));
#716=AXIS2_PLACEMENT_3D('',#1152,#1153,#1154);
#717=SURFACE_SIDE_STYLE('',(#1155));
#718=EDGE_LOOP('',(#1156,#1157,#1158,#1159));
#719=AXIS2_PLACEMENT_3D('',#1160,#1161,#1162);
#720=SURFACE_SIDE_STYLE('',(#1163));
#721=EDGE_LOOP('',(#1164,#1165,#1166,#1167,#1168,#1169));
#722=AXIS2_PLACEMENT_3D('',#1170,#1171,#1172);
#723=SURFACE_SIDE_STYLE('',(#1173));
#724=EDGE_LOOP('',(#1174,#1175));
#725=AXIS2_PLACEMENT_3D('',#1176,#1177,#1178);
#726=SURFACE_SIDE_STYLE('',(#1179));
#727=EDGE_LOOP('',(#1180,#1181,#1182,#1183,#1184));
#728=AXIS2_PLACEMENT_3D('',#1185,#1186,#1187);
#729=SURFACE_SIDE_STYLE('',(#1188));
#730=EDGE_LOOP('',(#1189,#1190,#1191,#1192,#1193));
#731=AXIS2_PLACEMENT_3D('',#1194,#1195,#1196);
#732=SURFACE_SIDE_STYLE('',(#1197));
#733=EDGE_LOOP('',(#1198,#1199));
#734=AXIS2_PLACEMENT_3D('',#1200,#1201,#1202);
#735=SURFACE_SIDE_STYLE('',(#1203));
#736=EDGE_LOOP('',(#1204,#1205,#1206,#1207));
#737=AXIS2_PLACEMENT_3D('',#1208,#1209,#1210);
#738=SURFACE_SIDE_STYLE('',(#1211));
#739=EDGE_LOOP('',(#1212,#1213,#1214,#1215,#1216,#1217));
#740=AXIS2_PLACEMENT_3D('',#1218,#1219,#1220);
#741=SURFACE_SIDE_STYLE('',(#1221));
#742=EDGE_LOOP('',(#1222,#1223,#1224,#1225));
#743=AXIS2_PLACEMENT_3D('',#1226,#1227,#1228);
#744=SURFACE_SIDE_STYLE('',(#1229));
#745=EDGE_LOOP('',(#1230,#1231,#1232,#1233));
#746=AXIS2_PLACEMENT_3D('',#1234,#1235,#1236);
#747=SURFACE_SIDE_STYLE('',(#1237));
#748=EDGE_LOOP('',(#1238,#1239,#1240,#1241,#1242,#1243));
#749=AXIS2_PLACEMENT_3D('',#1244,#1245,#1246);
#750=SURFACE_SIDE_STYLE('',(#1247));
#751=EDGE_LOOP('',(#1248,#1249,#1250,#1251,#1252,#1253));
#752=AXIS2_PLACEMENT_3D('',#1254,#1255,#1256);
#753=SURFACE_SIDE_STYLE('',(#1257));
#754=EDGE_LOOP('',(#1258,#1259,#1260,#1261));
#755=AXIS2_PLACEMENT_3D('',#1262,#1263,#1264);
#756=SURFACE_SIDE_STYLE('',(#1265));
#757=EDGE_LOOP('',(#1266,#1267,#1268,#1269,#1270,#1271));
#758=AXIS2_PLACEMENT_3D('',#1272,#1273,#1274);
#759=SURFACE_SIDE_STYLE('',(#1275));
#760=EDGE_LOOP('',(#1276,#1277,#1278,#1279));
#761=AXIS2_PLACEMENT_3D('',#1280,#1281,#1282);
#762=SURFACE_SIDE_STYLE('',(#1283));
#763=EDGE_LOOP('',(#1284,#1285,#1286,#1287));
#764=AXIS2_PLACEMENT_3D('',#1288,#1289,#1290);
#765=SURFACE_SIDE_STYLE('',(#1291));
#766=EDGE_LOOP('',(#1292,#1293,#1294,#1295,#1296,#1297));
#767=AXIS2_PLACEMENT_3D('',#1298,#1299,#1300);
#768=SURFACE_SIDE_STYLE('',(#1301));
#769=EDGE_LOOP('',(#1302,#1303,#1304,#1305));
#770=AXIS2_PLACEMENT_3D('',#1306,#1307,#1308);
#771=SURFACE_SIDE_STYLE('',(#1309));
#772=EDGE_LOOP('',(#1310,#1311,#1312,#1313));
#773=AXIS2_PLACEMENT_3D('',#1314,#1315,#1316);
#774=SURFACE_SIDE_STYLE('',(#1317));
#775=EDGE_LOOP('',(#1318,#1319,#1320,#1321,#1322,#1323));
#776=AXIS2_PLACEMENT_3D('',#1324,#1325,#1326);
#777=SURFACE_SIDE_STYLE('',(#1327));
#778=EDGE_LOOP('',(#1328,#1329,#1330,#1331,#1332,#1333));
#779=AXIS2_PLACEMENT_3D('',#1334,#1335,#1336);
#780=SURFACE_SIDE_STYLE('',(#1337));
#781=EDGE_LOOP('',(#1338,#1339,#1340,#1341));
#782=AXIS2_PLACEMENT_3D('',#1342,#1343,#1344);
#783=SURFACE_SIDE_STYLE('',(#1345));
#784=EDGE_LOOP('',(#1346,#1347,#1348,#1349,#1350,#1351));
#785=AXIS2_PLACEMENT_3D('',#1352,#1353,#1354);
#786=SURFACE_SIDE_STYLE('',(#1355));
#787=EDGE_LOOP('',(#1356,#1357,#1358,#1359));
#788=AXIS2_PLACEMENT_3D('',#1360,#1361,#1362);
#789=SURFACE_SIDE_STYLE('',(#1363));
#790=EDGE_LOOP('',(#1364,#1365,#1366,#1367));
#791=AXIS2_PLACEMENT_3D('',#1368,#1369,#1370);
#792=SURFACE_SIDE_STYLE('',(#1371));
#793=EDGE_LOOP('',(#1372,#1373,#1374,#1375));
#794=AXIS2_PLACEMENT_3D('',#1376,#1377,#1378);
#795=SURFACE_SIDE_STYLE('',(#1379));
#796=EDGE_LOOP('',(#1380,#1381,#1382,#1383));
#797=AXIS2_PLACEMENT_3D('',#1384,#1385,#1386);
#798=SURFACE_SIDE_STYLE('',(#1387));
#799=EDGE_LOOP('',(#1388,#1389,#1390,#1391));
#800=AXIS2_PLACEMENT_3D('',#1392,#1393,#1394);
#801=SURFACE_SIDE_STYLE('',(#1395));
#802=EDGE_LOOP('',(#1396,#1397,#1398,#1399));
#803=AXIS2_PLACEMENT_3D('',#1400,#1401,#1402);
#804=SURFACE_SIDE_STYLE('',(#1403));
#805=EDGE_LOOP('',(#1404,#1405,#1406,#1407));
#806=AXIS2_PLACEMENT_3D('',#1408,#1409,#1410);
#807=SURFACE_SIDE_STYLE('',(#1411));
#808=EDGE_LOOP('',(#1412,#1413,#1414,#1415));
#809=AXIS2_PLACEMENT_3D('',#1416,#1417,#1418);
#810=SURFACE_SIDE_STYLE('',(#1419));
#811=EDGE_LOOP('',(#1420,#1421,#1422,#1423));
#812=AXIS2_PLACEMENT_3D('',#1424,#1425,#1426);
#813=SURFACE_SIDE_STYLE('',(#1427));
#814=EDGE_LOOP('',(#1428,#1429,#1430,#1431));
#815=AXIS2_PLACEMENT_3D('',#1432,#1433,#1434);
#816=SURFACE_SIDE_STYLE('',(#1435));
#817=EDGE_LOOP('',(#1436,#1437,#1438,#1439));
#818=AXIS2_PLACEMENT_3D('',#1440,#1441,#1442);
#819=SURFACE_SIDE_STYLE('',(#1443));
#820=EDGE_LOOP('',(#1444,#1445,#1446,#1447));
#821=EDGE_LOOP('',(#1448,#1449,#1450,#1451));
#822=AXIS2_PLACEMENT_3D('',#1452,#1453,#1454);
#823=SURFACE_SIDE_STYLE('',(#1455));
#824=EDGE_LOOP('',(#1456,#1457,#1458,#1459));
#825=AXIS2_PLACEMENT_3D('',#1460,#1461,#1462);
#826=SURFACE_SIDE_STYLE('',(#1463));
#827=EDGE_LOOP('',(#1464,#1465,#1466,#1467));
#828=AXIS2_PLACEMENT_3D('',#1468,#1469,#1470);
#829=SURFACE_SIDE_STYLE('',(#1471));
#830=EDGE_LOOP('',(#1472,#1473,#1474,#1475,#1476,#1477));
#831=AXIS2_PLACEMENT_3D('',#1478,#1479,#1480);
#832=SURFACE_SIDE_STYLE('',(#1481));
#833=EDGE_LOOP('',(#1482,#1483,#1484,#1485));
#834=EDGE_LOOP('',(#1486,#1487,#1488,#1489));
#835=AXIS2_PLACEMENT_3D('',#1490,#1491,#1492);
#836=SURFACE_SIDE_STYLE('',(#1493));
#837=EDGE_LOOP('',(#1494,#1495,#1496,#1497));
#838=AXIS2_PLACEMENT_3D('',#1498,#1499,#1500);
#839=SURFACE_SIDE_STYLE('',(#1501));
#840=EDGE_LOOP('',(#1502,#1503,#1504,#1505));
#841=AXIS2_PLACEMENT_3D('',#1506,#1507,#1508);
#842=SURFACE_SIDE_STYLE('',(#1509));
#843=EDGE_LOOP('',(#1510,#1511,#1512,#1513,#1514,#1515));
#844=AXIS2_PLACEMENT_3D('',#1516,#1517,#1518);
#845=SURFACE_SIDE_STYLE('',(#1519));
#846=EDGE_LOOP('',(#1520,#1521,#1522,#1523));
#847=AXIS2_PLACEMENT_3D('',#1524,#1525,#1526);
#848=SURFACE_SIDE_STYLE('',(#1527));
#849=EDGE_LOOP('',(#1528,#1529,#1530,#1531));
#850=AXIS2_PLACEMENT_3D('',#1532,#1533,#1534);
#851=SURFACE_SIDE_STYLE('',(#1535));
#852=EDGE_LOOP('',(#1536,#1537,#1538,#1539));
#853=AXIS2_PLACEMENT_3D('',#1540,#1541,#1542);
#854=SURFACE_SIDE_STYLE('',(#1543));
#855=EDGE_LOOP('',(#1544,#1545,#1546,#1547));
#856=AXIS2_PLACEMENT_3D('',#1548,#1549,#1550);
#857=SURFACE_SIDE_STYLE('',(#1551));
#858=EDGE_LOOP('',(#1552,#1553,#1554,#1555,#1556,#1557,#1558,#1559,#1560,#1561,#1562));
#859=AXIS2_PLACEMENT_3D('',#1563,#1564,#1565);
#860=SURFACE_SIDE_STYLE('',(#1566));
#861=EDGE_LOOP('',(#1567,#1568,#1569,#1570));
#862=AXIS2_PLACEMENT_3D('',#1571,#1572,#1573);
#863=SURFACE_SIDE_STYLE('',(#1574));
#864=EDGE_LOOP('',(#1575,#1576,#1577,#1578));
#865=AXIS2_PLACEMENT_3D('',#1579,#1580,#1581);
#866=SURFACE_SIDE_STYLE('',(#1582));
#867=EDGE_LOOP('',(#1583,#1584,#1585,#1586));
#868=AXIS2_PLACEMENT_3D('',#1587,#1588,#1589);
#869=SURFACE_SIDE_STYLE('',(#1590));
#870=EDGE_LOOP('',(#1591,#1592,#1593,#1594));
#871=AXIS2_PLACEMENT_3D('',#1595,#1596,#1597);
#872=SURFACE_SIDE_STYLE('',(#1598));
#873=EDGE_LOOP('',(#1599,#1600,#1601,#1602,#1603,#1604,#1605,#1606,#1607,#1608,#1609));
#874=AXIS2_PLACEMENT_3D('',#1610,#1611,#1612);
#875=SURFACE_SIDE_STYLE('',(#1613));
#876=EDGE_LOOP('',(#1614,#1615));
#877=EDGE_LOOP('',(#1616,#1617));
#878=AXIS2_PLACEMENT_3D('',#1618,#1619,#1620);
#879=SURFACE_SIDE_STYLE('',(#1621));
#880=EDGE_LOOP('',(#1622,#1623,#1624,#1625));
#881=AXIS2_PLACEMENT_3D('',#1626,#1627,#1628);
#882=SURFACE_SIDE_STYLE('',(#1629));
#883=EDGE_LOOP('',(#1630,#1631,#1632,#1633));
#884=AXIS2_PLACEMENT_3D('',#1634,#1635,#1636);
#885=SURFACE_SIDE_STYLE('',(#1637));
#886=EDGE_LOOP('',(#1638,#1639,#1640,#1641));
#887=AXIS2_PLACEMENT_3D('',#1642,#1643,#1644);
#888=SURFACE_SIDE_STYLE('',(#1645));
#889=EDGE_LOOP('',(#1646,#1647,#1648,#1649));
#890=AXIS2_PLACEMENT_3D('',#1650,#1651,#1652);
#891=SURFACE_SIDE_STYLE('',(#1653));
#892=EDGE_LOOP('',(#1654,#1655,#1656,#1657));
#893=AXIS2_PLACEMENT_3D('',#1658,#1659,#1660);
#894=SURFACE_SIDE_STYLE('',(#1661));
#895=EDGE_LOOP('',(#1662,#1663));
#896=EDGE_LOOP('',(#1664,#1665));
#897=AXIS2_PLACEMENT_3D('',#1666,#1667,#1668);
#898=SURFACE_SIDE_STYLE('',(#1669));
#899=EDGE_LOOP('',(#1670,#1671,#1672,#1673));
#900=AXIS2_PLACEMENT_3D('',#1674,#1675,#1676);
#901=SURFACE_SIDE_STYLE('',(#1677));
#902=EDGE_LOOP('',(#1678,#1679,#1680,#1681));
#903=AXIS2_PLACEMENT_3D('',#1682,#1683,#1684);
#904=SURFACE_SIDE_STYLE('',(#1685));
#905=EDGE_LOOP('',(#1686,#1687,#1688,#1689));
#906=AXIS2_PLACEMENT_3D('',#1690,#1691,#1692);
#907=SURFACE_SIDE_STYLE('',(#1693));
#908=EDGE_LOOP('',(#1694,#1695,#1696,#1697));
#909=AXIS2_PLACEMENT_3D('',#1698,#1699,#1700);
#910=SURFACE_SIDE_STYLE('',(#1701));
#911=EDGE_LOOP('',(#1702,#1703,#1704,#1705));
#912=AXIS2_PLACEMENT_3D('',#1706,#1707,#1708);
#913=SURFACE_SIDE_STYLE('',(#1709));
#914=EDGE_LOOP('',(#1710,#1711,#1712,#1713,#1714,#1715));
#915=AXIS2_PLACEMENT_3D('',#1716,#1717,#1718);
#916=SURFACE_SIDE_STYLE('',(#1719));
#917=EDGE_LOOP('',(#1720,#1721,#1722,#1723));
#918=AXIS2_PLACEMENT_3D('',#1724,#1725,#1726);
#919=SURFACE_SIDE_STYLE('',(#1727));
#920=EDGE_LOOP('',(#1728,#1729,#1730,#1731));
#921=AXIS2_PLACEMENT_3D('',#1732,#1733,#1734);
#922=SURFACE_SIDE_STYLE('',(#1735));
#923=EDGE_LOOP('',(#1736,#1737,#1738,#1739,#1740,#1741));
#924=AXIS2_PLACEMENT_3D('',#1742,#1743,#1744);
#925=SURFACE_SIDE_STYLE('',(#1745));
#926=EDGE_LOOP('',(#1746,#1747,#1748,#1749));
#927=AXIS2_PLACEMENT_3D('',#1750,#1751,#1752);
#928=SURFACE_SIDE_STYLE('',(#1753));
#929=EDGE_LOOP('',(#1754,#1755,#1756,#1757));
#930=AXIS2_PLACEMENT_3D('',#1758,#1759,#1760);
#931=SURFACE_SIDE_STYLE('',(#1761));
#932=EDGE_LOOP('',(#1762,#1763,#1764,#1765));
#933=AXIS2_PLACEMENT_3D('',#1766,#1767,#1768);
#934=SURFACE_SIDE_STYLE('',(#1769));
#935=EDGE_LOOP('',(#1770,#1771,#1772,#1773));
#936=AXIS2_PLACEMENT_3D('',#1774,#1775,#1776);
#937=SURFACE_SIDE_STYLE('',(#1777));
#938=EDGE_LOOP('',(#1778,#1779));
#939=EDGE_LOOP('',(#1780,#1781));
#940=EDGE_LOOP('',(#1782,#1783,#1784,#1785));
#941=AXIS2_PLACEMENT_3D('',#1786,#1787,#1788);
#942=SURFACE_SIDE_STYLE('',(#1789));
#943=EDGE_LOOP('',(#1790,#1791,#1792,#1793));
#944=AXIS2_PLACEMENT_3D('',#1794,#1795,#1796);
#945=SURFACE_SIDE_STYLE('',(#1797));
#946=EDGE_LOOP('',(#1798,#1799,#1800,#1801));
#947=AXIS2_PLACEMENT_3D('',#1802,#1803,#1804);
#948=SURFACE_SIDE_STYLE('',(#1805));
#949=EDGE_LOOP('',(#1806,#1807,#1808,#1809));
#950=EDGE_LOOP('',(#1810,#1811,#1812,#1813));
#951=EDGE_LOOP('',(#1814,#1815,#1816,#1817));
#952=AXIS2_PLACEMENT_3D('',#1818,#1819,#1820);
#953=SURFACE_SIDE_STYLE('',(#1821));
#954=EDGE_LOOP('',(#1822,#1823,#1824,#1825));
#955=EDGE_LOOP('',(#1826,#1827,#1828,#1829));
#956=EDGE_LOOP('',(#1830,#1831,#1832,#1833,#1834,#1835,#1836,#1837,#1838,#1839,#1840,#1841));
#957=AXIS2_PLACEMENT_3D('',#1842,#1843,#1844);
#959=SURFACE_STYLE_FILL_AREA(#1845);
#960=ORIENTED_EDGE('',*,*,#1846,.F.);
#961=ORIENTED_EDGE('',*,*,#1847,.F.);
#962=ORIENTED_EDGE('',*,*,#1848,.F.);
#963=ORIENTED_EDGE('',*,*,#1849,.F.);
#964=CARTESIAN_POINT('',(5.08,10.306,0.0));
#965=DIRECTION('',(-0.0,1.0,0.0));
#966=DIRECTION('',(1.0,0.0,0.0));
#967=SURFACE_STYLE_FILL_AREA(#1850);
#968=ORIENTED_EDGE('',*,*,#1851,.F.);
#969=ORIENTED_EDGE('',*,*,#1849,.T.);
#970=ORIENTED_EDGE('',*,*,#1852,.F.);
#971=ORIENTED_EDGE('',*,*,#1853,.F.);
#972=CARTESIAN_POINT('',(5.08,9.506,0.0));
#973=DIRECTION('',(-0.0,1.0,-0.0));
#974=DIRECTION('',(1.0,0.0,0.0));
#975=SURFACE_STYLE_FILL_AREA(#1854);
#976=ORIENTED_EDGE('',*,*,#1855,.F.);
#977=ORIENTED_EDGE('',*,*,#1853,.T.);
#978=ORIENTED_EDGE('',*,*,#1856,.F.);
#979=ORIENTED_EDGE('',*,*,#1857,.F.);
#980=CARTESIAN_POINT('',(5.08,9.106,0.0));
#981=DIRECTION('',(-0.0,1.0,0.0));
#982=DIRECTION('',(1.0,0.0,0.0));
#983=SURFACE_STYLE_FILL_AREA(#1858);
#984=ORIENTED_EDGE('',*,*,#1859,.F.);
#985=ORIENTED_EDGE('',*,*,#1857,.T.);
#986=ORIENTED_EDGE('',*,*,#1860,.F.);
#987=ORIENTED_EDGE('',*,*,#1861,.F.);
#988=CARTESIAN_POINT('',(5.08,8.706,0.0));
#989=DIRECTION('',(0.0,-1.0,-0.0));
#990=DIRECTION('',(1.0,0.0,0.0));
#991=SURFACE_STYLE_FILL_AREA(#1862);
#992=ORIENTED_EDGE('',*,*,#1863,.F.);
#993=ORIENTED_EDGE('',*,*,#1861,.T.);
#994=ORIENTED_EDGE('',*,*,#1864,.F.);
#995=ORIENTED_EDGE('',*,*,#1865,.F.);
#996=CARTESIAN_POINT('',(5.08,7.856,0.0));
#997=DIRECTION('',(-0.0,1.0,0.0));
#998=DIRECTION('',(1.0,0.0,0.0));
#999=SURFACE_STYLE_FILL_AREA(#1866);
#1000=ORIENTED_EDGE('',*,*,#1867,.F.);
#1001=ORIENTED_EDGE('',*,*,#1868,.F.);
#1002=ORIENTED_EDGE('',*,*,#1869,.F.);
#1003=ORIENTED_EDGE('',*,*,#1870,.F.);
#1004=CARTESIAN_POINT('',(0.0,10.306,0.0));
#1005=DIRECTION('',(-0.0,1.0,0.0));
#1006=DIRECTION('',(1.0,0.0,0.0));
#1007=SURFACE_STYLE_FILL_AREA(#1871);
#1008=ORIENTED_EDGE('',*,*,#1872,.F.);
#1009=ORIENTED_EDGE('',*,*,#1870,.T.);
#1010=ORIENTED_EDGE('',*,*,#1873,.F.);
#1011=ORIENTED_EDGE('',*,*,#1874,.F.);
#1012=CARTESIAN_POINT('',(0.0,9.506,0.0));
#1013=DIRECTION('',(-0.0,1.0,-0.0));
#1014=DIRECTION('',(1.0,0.0,0.0));
#1015=SURFACE_STYLE_FILL_AREA(#1875);
#1016=ORIENTED_EDGE('',*,*,#1876,.F.);
#1017=ORIENTED_EDGE('',*,*,#1874,.T.);
#1018=ORIENTED_EDGE('',*,*,#1877,.F.);
#1019=ORIENTED_EDGE('',*,*,#1878,.F.);
#1020=CARTESIAN_POINT('',(0.0,9.106,0.0));
#1021=DIRECTION('',(-0.0,1.0,0.0));
#1022=DIRECTION('',(1.0,0.0,0.0));
#1023=SURFACE_STYLE_FILL_AREA(#1879);
#1024=ORIENTED_EDGE('',*,*,#1880,.F.);
#1025=ORIENTED_EDGE('',*,*,#1878,.T.);
#1026=ORIENTED_EDGE('',*,*,#1881,.F.);
#1027=ORIENTED_EDGE('',*,*,#1882,.F.);
#1028=CARTESIAN_POINT('',(0.0,8.706,0.0));
#1029=DIRECTION('',(0.0,-1.0,-0.0));
#1030=DIRECTION('',(1.0,0.0,0.0));
#1031=SURFACE_STYLE_FILL_AREA(#1883);
#1032=ORIENTED_EDGE('',*,*,#1884,.F.);
#1033=ORIENTED_EDGE('',*,*,#1882,.T.);
#1034=ORIENTED_EDGE('',*,*,#1885,.F.);
#1035=ORIENTED_EDGE('',*,*,#1886,.F.);
#1036=CARTESIAN_POINT('',(0.0,7.856,0.0));
#1037=DIRECTION('',(-0.0,1.0,0.0));
#1038=DIRECTION('',(1.0,0.0,0.0));
#1039=SURFACE_STYLE_FILL_AREA(#1887);
#1040=ORIENTED_EDGE('',*,*,#1888,.F.);
#1041=ORIENTED_EDGE('',*,*,#1889,.F.);
#1042=ORIENTED_EDGE('',*,*,#1890,.F.);
#1043=ORIENTED_EDGE('',*,*,#1891,.F.);
#1044=ORIENTED_EDGE('',*,*,#1892,.T.);
#1045=ORIENTED_EDGE('',*,*,#1893,.T.);
#1046=ORIENTED_EDGE('',*,*,#1894,.T.);
#1047=ORIENTED_EDGE('',*,*,#1895,.F.);
#1048=CARTESIAN_POINT('',(5.08,7.79471557427477,0.0));
#1049=DIRECTION('',(-0.0,-1.0,-0.0));
#1050=DIRECTION('',(6.12323399573676E-17,0.0,-1.0));
#1051=SURFACE_STYLE_FILL_AREA(#1896);
#1052=ORIENTED_EDGE('',*,*,#1897,.F.);
#1053=ORIENTED_EDGE('',*,*,#1898,.F.);
#1054=ORIENTED_EDGE('',*,*,#1899,.F.);
#1055=ORIENTED_EDGE('',*,*,#1900,.F.);
#1056=ORIENTED_EDGE('',*,*,#1901,.T.);
#1057=ORIENTED_EDGE('',*,*,#1902,.T.);
#1058=ORIENTED_EDGE('',*,*,#1903,.T.);
#1059=ORIENTED_EDGE('',*,*,#1904,.F.);
#1060=CARTESIAN_POINT('',(0.0,7.79471557427477,0.0));
#1061=DIRECTION('',(-0.0,-1.0,-0.0));
#1062=DIRECTION('',(6.12323399573676E-17,0.0,-1.0));
#1063=SURFACE_STYLE_FILL_AREA(#1905);
#1064=ORIENTED_EDGE('',*,*,#1897,.T.);
#1065=ORIENTED_EDGE('',*,*,#1906,.F.);
#1066=ORIENTED_EDGE('',*,*,#1907,.T.);
#1067=ORIENTED_EDGE('',*,*,#1908,.T.);
#1068=ORIENTED_EDGE('',*,*,#1909,.T.);
#1069=ORIENTED_EDGE('',*,*,#1910,.F.);
#1070=ORIENTED_EDGE('',*,*,#1899,.T.);
#1071=ORIENTED_EDGE('',*,*,#1911,.F.);
#1072=CARTESIAN_POINT('',(0.0,7.79471557427477,0.0));
#1073=DIRECTION('',(-0.0,-1.0,-0.0));
#1074=DIRECTION('',(6.12323399573676E-17,0.0,-1.0));
#1075=SURFACE_STYLE_FILL_AREA(#1912);
#1076=ORIENTED_EDGE('',*,*,#1903,.F.);
#1077=ORIENTED_EDGE('',*,*,#1913,.F.);
#1078=ORIENTED_EDGE('',*,*,#1907,.F.);
#1079=ORIENTED_EDGE('',*,*,#1914,.F.);
#1080=ORIENTED_EDGE('',*,*,#1915,.F.);
#1081=ORIENTED_EDGE('',*,*,#1916,.F.);
#1082=CARTESIAN_POINT('',(0.0,8.636,-0.3));
#1083=DIRECTION('',(-6.12323399573676E-17,0.0,1.0));
#1084=DIRECTION('',(1.0,0.0,6.12323399573676E-17));
#1085=SURFACE_STYLE_FILL_AREA(#1917);
#1086=ORIENTED_EDGE('',*,*,#1902,.F.);
#1087=ORIENTED_EDGE('',*,*,#1918,.F.);
#1088=ORIENTED_EDGE('',*,*,#1908,.F.);
#1089=ORIENTED_EDGE('',*,*,#1913,.T.);
#1090=CARTESIAN_POINT('',(0.0,8.136,0.0));
#1091=DIRECTION('',(-0.0,1.0,0.0));
#1092=DIRECTION('',(1.0,0.0,6.12323399573676E-17));
#1093=SURFACE_STYLE_FILL_AREA(#1919);
#1094=ORIENTED_EDGE('',*,*,#1901,.F.);
#1095=ORIENTED_EDGE('',*,*,#1920,.F.);
#1096=ORIENTED_EDGE('',*,*,#1921,.F.);
#1097=ORIENTED_EDGE('',*,*,#1922,.F.);
#1098=ORIENTED_EDGE('',*,*,#1909,.F.);
#1099=ORIENTED_EDGE('',*,*,#1918,.T.);
#1100=CARTESIAN_POINT('',(0.0,8.636,0.3));
#1101=DIRECTION('',(6.12323399573676E-17,0.0,-1.0));
#1102=DIRECTION('',(-1.0,0.0,-6.12323399573676E-17));
#1103=SURFACE_STYLE_FILL_AREA(#1923);
#1104=ORIENTED_EDGE('',*,*,#1915,.T.);
#1105=ORIENTED_EDGE('',*,*,#1924,.T.);
#1106=CARTESIAN_POINT('',(0.0,8.636,-0.661456882598258));
#1107=DIRECTION('',(-3.46867270838444E-32,1.0,5.66477242385228E-16));
#1108=DIRECTION('',(6.12323399573676E-17,5.66477242385228E-16,-1.0));
#1109=SURFACE_STYLE_FILL_AREA(#1925);
#1110=ORIENTED_EDGE('',*,*,#1916,.T.);
#1111=ORIENTED_EDGE('',*,*,#1924,.F.);
#1112=ORIENTED_EDGE('',*,*,#1914,.T.);
#1113=ORIENTED_EDGE('',*,*,#1906,.T.);
#1114=ORIENTED_EDGE('',*,*,#1904,.T.);
#1115=CARTESIAN_POINT('',(0.0,8.436,0.0));
#1116=DIRECTION('',(-0.0,1.0,0.0));
#1117=DIRECTION('',(1.0,0.0,6.12323399573676E-17));
#1118=SURFACE_STYLE_FILL_AREA(#1926);
#1119=ORIENTED_EDGE('',*,*,#1920,.T.);
#1120=ORIENTED_EDGE('',*,*,#1900,.T.);
#1121=ORIENTED_EDGE('',*,*,#1910,.T.);
#1122=ORIENTED_EDGE('',*,*,#1922,.T.);
#1123=ORIENTED_EDGE('',*,*,#1927,.F.);
#1124=CARTESIAN_POINT('',(0.0,8.436,0.0));
#1125=DIRECTION('',(-0.0,1.0,0.0));
#1126=DIRECTION('',(1.0,0.0,6.12323399573676E-17));
#1127=SURFACE_STYLE_FILL_AREA(#1928);
#1128=ORIENTED_EDGE('',*,*,#1921,.T.);
#1129=ORIENTED_EDGE('',*,*,#1927,.T.);
#1130=CARTESIAN_POINT('',(0.0,8.636,-0.661456882598258));
#1131=DIRECTION('',(-3.46867270838444E-32,1.0,5.66477242385228E-16));
#1132=DIRECTION('',(6.12323399573676E-17,5.66477242385228E-16,-1.0));
#1133=SURFACE_STYLE_FILL_AREA(#1929);
#1134=ORIENTED_EDGE('',*,*,#1888,.T.);
#1135=ORIENTED_EDGE('',*,*,#1930,.F.);
#1136=ORIENTED_EDGE('',*,*,#1931,.T.);
#1137=ORIENTED_EDGE('',*,*,#1932,.T.);
#1138=ORIENTED_EDGE('',*,*,#1933,.T.);
#1139=ORIENTED_EDGE('',*,*,#1934,.F.);
#1140=ORIENTED_EDGE('',*,*,#1890,.T.);
#1141=ORIENTED_EDGE('',*,*,#1935,.F.);
#1142=CARTESIAN_POINT('',(5.08,7.79471557427477,0.0));
#1143=DIRECTION('',(-0.0,-1.0,-0.0));
#1144=DIRECTION('',(6.12323399573676E-17,0.0,-1.0));
#1145=SURFACE_STYLE_FILL_AREA(#1936);
#1146=ORIENTED_EDGE('',*,*,#1894,.F.);
#1147=ORIENTED_EDGE('',*,*,#1937,.F.);
#1148=ORIENTED_EDGE('',*,*,#1931,.F.);
#1149=ORIENTED_EDGE('',*,*,#1938,.F.);
#1150=ORIENTED_EDGE('',*,*,#1939,.F.);
#1151=ORIENTED_EDGE('',*,*,#1940,.F.);
#1152=CARTESIAN_POINT('',(5.08,8.636,-0.3));
#1153=DIRECTION('',(-6.12323399573676E-17,0.0,1.0));
#1154=DIRECTION('',(1.0,0.0,6.12323399573676E-17));
#1155=SURFACE_STYLE_FILL_AREA(#1941);
#1156=ORIENTED_EDGE('',*,*,#1893,.F.);
#1157=ORIENTED_EDGE('',*,*,#1942,.F.);
#1158=ORIENTED_EDGE('',*,*,#1932,.F.);
#1159=ORIENTED_EDGE('',*,*,#1937,.T.);
#1160=CARTESIAN_POINT('',(5.08,8.136,0.0));
#1161=DIRECTION('',(-0.0,1.0,0.0));
#1162=DIRECTION('',(1.0,0.0,6.12323399573676E-17));
#1163=SURFACE_STYLE_FILL_AREA(#1943);
#1164=ORIENTED_EDGE('',*,*,#1892,.F.);
#1165=ORIENTED_EDGE('',*,*,#1944,.F.);
#1166=ORIENTED_EDGE('',*,*,#1945,.F.);
#1167=ORIENTED_EDGE('',*,*,#1946,.F.);
#1168=ORIENTED_EDGE('',*,*,#1933,.F.);
#1169=ORIENTED_EDGE('',*,*,#1942,.T.);
#1170=CARTESIAN_POINT('',(5.08,8.636,0.3));
#1171=DIRECTION('',(6.12323399573676E-17,0.0,-1.0));
#1172=DIRECTION('',(-1.0,0.0,-6.12323399573676E-17));
#1173=SURFACE_STYLE_FILL_AREA(#1947);
#1174=ORIENTED_EDGE('',*,*,#1939,.T.);
#1175=ORIENTED_EDGE('',*,*,#1948,.T.);
#1176=CARTESIAN_POINT('',(5.08,8.636,-0.661456882598258));
#1177=DIRECTION('',(-3.46867270838444E-32,1.0,5.66477242385228E-16));
#1178=DIRECTION('',(6.12323399573676E-17,5.66477242385228E-16,-1.0));
#1179=SURFACE_STYLE_FILL_AREA(#1949);
#1180=ORIENTED_EDGE('',*,*,#1940,.T.);
#1181=ORIENTED_EDGE('',*,*,#1948,.F.);
#1182=ORIENTED_EDGE('',*,*,#1938,.T.);
#1183=ORIENTED_EDGE('',*,*,#1930,.T.);
#1184=ORIENTED_EDGE('',*,*,#1895,.T.);
#1185=CARTESIAN_POINT('',(5.08,8.436,0.0));
#1186=DIRECTION('',(-0.0,1.0,0.0));
#1187=DIRECTION('',(1.0,0.0,6.12323399573676E-17));
#1188=SURFACE_STYLE_FILL_AREA(#1950);
#1189=ORIENTED_EDGE('',*,*,#1944,.T.);
#1190=ORIENTED_EDGE('',*,*,#1891,.T.);
#1191=ORIENTED_EDGE('',*,*,#1934,.T.);
#1192=ORIENTED_EDGE('',*,*,#1946,.T.);
#1193=ORIENTED_EDGE('',*,*,#1951,.F.);
#1194=CARTESIAN_POINT('',(5.08,8.436,0.0));
#1195=DIRECTION('',(-0.0,1.0,0.0));
#1196=DIRECTION('',(1.0,0.0,6.12323399573676E-17));
#1197=SURFACE_STYLE_FILL_AREA(#1952);
#1198=ORIENTED_EDGE('',*,*,#1945,.T.);
#1199=ORIENTED_EDGE('',*,*,#1951,.T.);
#1200=CARTESIAN_POINT('',(5.08,8.636,-0.661456882598258));
#1201=DIRECTION('',(-3.46867270838444E-32,1.0,5.66477242385228E-16));
#1202=DIRECTION('',(6.12323399573676E-17,5.66477242385228E-16,-1.0));
#1203=SURFACE_STYLE_FILL_AREA(#1953);
#1204=ORIENTED_EDGE('',*,*,#1954,.F.);
#1205=ORIENTED_EDGE('',*,*,#1955,.F.);
#1206=ORIENTED_EDGE('',*,*,#1956,.T.);
#1207=ORIENTED_EDGE('',*,*,#1957,.F.);
#1208=CARTESIAN_POINT('',(-0.444499999999999,-1.1877,-0.5));
#1209=DIRECTION('',(-1.0,1.64966274089919E-17,0.0));
#1210=DIRECTION('',(-1.64966274089919E-17,-1.0,-0.0));
#1211=SURFACE_STYLE_FILL_AREA(#1958);
#1212=ORIENTED_EDGE('',*,*,#1959,.F.);
#1213=ORIENTED_EDGE('',*,*,#1960,.T.);
#1214=ORIENTED_EDGE('',*,*,#1961,.T.);
#1215=ORIENTED_EDGE('',*,*,#1962,.F.);
#1216=ORIENTED_EDGE('',*,*,#1963,.T.);
#1217=ORIENTED_EDGE('',*,*,#1955,.T.);
#1218=CARTESIAN_POINT('',(-0.500000000000001,-0.950200000000001,-0.254));
#1219=DIRECTION('',(6.12323399573676E-17,0.0,-1.0));
#1220=DIRECTION('',(0.0,1.0,0.0));
#1221=SURFACE_STYLE_FILL_AREA(#1964);
#1222=ORIENTED_EDGE('',*,*,#1965,.T.);
#1223=ORIENTED_EDGE('',*,*,#1966,.T.);
#1224=ORIENTED_EDGE('',*,*,#1967,.T.);
#1225=ORIENTED_EDGE('',*,*,#1968,.F.);
#1226=CARTESIAN_POINT('',(-0.500000000000001,-3.2127,0.127));
#1227=DIRECTION('',(-5.6852800378778E-17,-0.371390676354104,0.928476690885259));
#1228=DIRECTION('',(2.27411201515112E-17,-0.928476690885259,-0.371390676354104));
#1229=SURFACE_STYLE_FILL_AREA(#1969);
#1230=ORIENTED_EDGE('',*,*,#1970,.T.);
#1231=ORIENTED_EDGE('',*,*,#1971,.T.);
#1232=ORIENTED_EDGE('',*,*,#1972,.T.);
#1233=ORIENTED_EDGE('',*,*,#1962,.T.);
#1234=CARTESIAN_POINT('',(-0.500000000000001,-3.2127,-0.127));
#1235=DIRECTION('',(5.6852800378778E-17,-0.371390676354104,-0.928476690885259));
#1236=DIRECTION('',(2.27411201515112E-17,0.928476690885259,-0.371390676354104));
#1237=SURFACE_STYLE_FILL_AREA(#1973);
#1238=ORIENTED_EDGE('',*,*,#1974,.F.);
#1239=ORIENTED_EDGE('',*,*,#1957,.T.);
#1240=ORIENTED_EDGE('',*,*,#1975,.T.);
#1241=ORIENTED_EDGE('',*,*,#1968,.T.);
#1242=ORIENTED_EDGE('',*,*,#1976,.T.);
#1243=ORIENTED_EDGE('',*,*,#1977,.T.);
#1244=CARTESIAN_POINT('',(-0.500000000000001,-0.950200000000001,0.254));
#1245=DIRECTION('',(-6.12323399573676E-17,0.0,1.0));
#1246=DIRECTION('',(0.0,-1.0,0.0));
#1247=SURFACE_STYLE_FILL_AREA(#1978);
#1248=ORIENTED_EDGE('',*,*,#1976,.F.);
#1249=ORIENTED_EDGE('',*,*,#1967,.F.);
#1250=ORIENTED_EDGE('',*,*,#1979,.F.);
#1251=ORIENTED_EDGE('',*,*,#1970,.F.);
#1252=ORIENTED_EDGE('',*,*,#1961,.F.);
#1253=ORIENTED_EDGE('',*,*,#1980,.T.);
#1254=CARTESIAN_POINT('',(0.3175,-3.1877,-0.5));
#1255=DIRECTION('',(0.928476690885259,-0.371390676354104,0.0));
#1256=DIRECTION('',(0.371390676354104,0.928476690885259,0.0));
#1257=SURFACE_STYLE_FILL_AREA(#1981);
#1258=ORIENTED_EDGE('',*,*,#1982,.F.);
#1259=ORIENTED_EDGE('',*,*,#1977,.F.);
#1260=ORIENTED_EDGE('',*,*,#1980,.F.);
#1261=ORIENTED_EDGE('',*,*,#1960,.F.);
#1262=CARTESIAN_POINT('',(0.444500000000001,-1.1877,-0.5));
#1263=DIRECTION('',(1.0,-1.64966274089919E-17,0.0));
#1264=DIRECTION('',(1.64966274089919E-17,1.0,0.0));
#1265=SURFACE_STYLE_FILL_AREA(#1983);
#1266=ORIENTED_EDGE('',*,*,#1975,.F.);
#1267=ORIENTED_EDGE('',*,*,#1956,.F.);
#1268=ORIENTED_EDGE('',*,*,#1963,.F.);
#1269=ORIENTED_EDGE('',*,*,#1972,.F.);
#1270=ORIENTED_EDGE('',*,*,#1984,.T.);
#1271=ORIENTED_EDGE('',*,*,#1965,.F.);
#1272=CARTESIAN_POINT('',(-0.3175,-3.1877,-0.5));
#1273=DIRECTION('',(-0.928476690885259,-0.371390676354104,0.0));
#1274=DIRECTION('',(0.371390676354104,-0.928476690885259,0.0));
#1275=SURFACE_STYLE_FILL_AREA(#1985);
#1276=ORIENTED_EDGE('',*,*,#1966,.F.);
#1277=ORIENTED_EDGE('',*,*,#1984,.F.);
#1278=ORIENTED_EDGE('',*,*,#1971,.F.);
#1279=ORIENTED_EDGE('',*,*,#1979,.T.);
#1280=CARTESIAN_POINT('',(0.0,-3.5052,-0.5));
#1281=DIRECTION('',(-2.91397119324188E-16,-1.0,0.0));
#1282=DIRECTION('',(1.0,-2.91397119324188E-16,0.0));
#1283=SURFACE_STYLE_FILL_AREA(#1986);
#1284=ORIENTED_EDGE('',*,*,#1987,.F.);
#1285=ORIENTED_EDGE('',*,*,#1988,.F.);
#1286=ORIENTED_EDGE('',*,*,#1989,.T.);
#1287=ORIENTED_EDGE('',*,*,#1990,.F.);
#1288=CARTESIAN_POINT('',(4.6355,-1.1877,-0.5));
#1289=DIRECTION('',(-1.0,1.64966274089919E-17,0.0));
#1290=DIRECTION('',(-1.64966274089919E-17,-1.0,-0.0));
#1291=SURFACE_STYLE_FILL_AREA(#1991);
#1292=ORIENTED_EDGE('',*,*,#1992,.F.);
#1293=ORIENTED_EDGE('',*,*,#1993,.T.);
#1294=ORIENTED_EDGE('',*,*,#1994,.T.);
#1295=ORIENTED_EDGE('',*,*,#1995,.F.);
#1296=ORIENTED_EDGE('',*,*,#1996,.T.);
#1297=ORIENTED_EDGE('',*,*,#1988,.T.);
#1298=CARTESIAN_POINT('',(4.58,-0.950200000000001,-0.254));
#1299=DIRECTION('',(6.12323399573676E-17,0.0,-1.0));
#1300=DIRECTION('',(0.0,1.0,0.0));
#1301=SURFACE_STYLE_FILL_AREA(#1997);
#1302=ORIENTED_EDGE('',*,*,#1998,.T.);
#1303=ORIENTED_EDGE('',*,*,#1999,.T.);
#1304=ORIENTED_EDGE('',*,*,#2000,.T.);
#1305=ORIENTED_EDGE('',*,*,#2001,.F.);
#1306=CARTESIAN_POINT('',(4.58,-3.2127,0.127));
#1307=DIRECTION('',(-5.6852800378778E-17,-0.371390676354104,0.928476690885259));
#1308=DIRECTION('',(2.27411201515112E-17,-0.928476690885259,-0.371390676354104));
#1309=SURFACE_STYLE_FILL_AREA(#2002);
#1310=ORIENTED_EDGE('',*,*,#2003,.T.);
#1311=ORIENTED_EDGE('',*,*,#2004,.T.);
#1312=ORIENTED_EDGE('',*,*,#2005,.T.);
#1313=ORIENTED_EDGE('',*,*,#1995,.T.);
#1314=CARTESIAN_POINT('',(4.58,-3.2127,-0.127));
#1315=DIRECTION('',(5.6852800378778E-17,-0.371390676354104,-0.928476690885259));
#1316=DIRECTION('',(2.27411201515112E-17,0.928476690885259,-0.371390676354104));
#1317=SURFACE_STYLE_FILL_AREA(#2006);
#1318=ORIENTED_EDGE('',*,*,#2007,.F.);
#1319=ORIENTED_EDGE('',*,*,#1990,.T.);
#1320=ORIENTED_EDGE('',*,*,#2008,.T.);
#1321=ORIENTED_EDGE('',*,*,#2001,.T.);
#1322=ORIENTED_EDGE('',*,*,#2009,.T.);
#1323=ORIENTED_EDGE('',*,*,#2010,.T.);
#1324=CARTESIAN_POINT('',(4.58,-0.950200000000001,0.254));
#1325=DIRECTION('',(-6.12323399573676E-17,0.0,1.0));
#1326=DIRECTION('',(0.0,-1.0,0.0));
#1327=SURFACE_STYLE_FILL_AREA(#2011);
#1328=ORIENTED_EDGE('',*,*,#2009,.F.);
#1329=ORIENTED_EDGE('',*,*,#2000,.F.);
#1330=ORIENTED_EDGE('',*,*,#2012,.F.);
#1331=ORIENTED_EDGE('',*,*,#2003,.F.);
#1332=ORIENTED_EDGE('',*,*,#1994,.F.);
#1333=ORIENTED_EDGE('',*,*,#2013,.T.);
#1334=CARTESIAN_POINT('',(5.3975,-3.1877,-0.5));
#1335=DIRECTION('',(0.928476690885259,-0.371390676354104,0.0));
#1336=DIRECTION('',(0.371390676354104,0.928476690885259,0.0));
#1337=SURFACE_STYLE_FILL_AREA(#2014);
#1338=ORIENTED_EDGE('',*,*,#2015,.F.);
#1339=ORIENTED_EDGE('',*,*,#2010,.F.);
#1340=ORIENTED_EDGE('',*,*,#2013,.F.);
#1341=ORIENTED_EDGE('',*,*,#1993,.F.);
#1342=CARTESIAN_POINT('',(5.5245,-1.1877,-0.5));
#1343=DIRECTION('',(1.0,-1.64966274089919E-17,0.0));
#1344=DIRECTION('',(1.64966274089919E-17,1.0,0.0));
#1345=SURFACE_STYLE_FILL_AREA(#2016);
#1346=ORIENTED_EDGE('',*,*,#2008,.F.);
#1347=ORIENTED_EDGE('',*,*,#1989,.F.);
#1348=ORIENTED_EDGE('',*,*,#1996,.F.);
#1349=ORIENTED_EDGE('',*,*,#2005,.F.);
#1350=ORIENTED_EDGE('',*,*,#2017,.T.);
#1351=ORIENTED_EDGE('',*,*,#1998,.F.);
#1352=CARTESIAN_POINT('',(4.7625,-3.1877,-0.5));
#1353=DIRECTION('',(-0.928476690885259,-0.371390676354104,0.0));
#1354=DIRECTION('',(0.371390676354104,-0.928476690885259,0.0));
#1355=SURFACE_STYLE_FILL_AREA(#2018);
#1356=ORIENTED_EDGE('',*,*,#1999,.F.);
#1357=ORIENTED_EDGE('',*,*,#2017,.F.);
#1358=ORIENTED_EDGE('',*,*,#2004,.F.);
#1359=ORIENTED_EDGE('',*,*,#2012,.T.);
#1360=CARTESIAN_POINT('',(5.08,-3.5052,-0.5));
#1361=DIRECTION('',(-2.91397119324188E-16,-1.0,0.0));
#1362=DIRECTION('',(1.0,-2.91397119324188E-16,0.0));
#1363=SURFACE_STYLE_FILL_AREA(#2019);
#1364=ORIENTED_EDGE('',*,*,#2020,.F.);
#1365=ORIENTED_EDGE('',*,*,#2021,.T.);
#1366=ORIENTED_EDGE('',*,*,#2022,.T.);
#1367=ORIENTED_EDGE('',*,*,#2023,.F.);
#1368=CARTESIAN_POINT('',(0.0,4.2406,2.752));
#1369=DIRECTION('',(0.0,-1.0,0.0));
#1370=DIRECTION('',(0.0,0.0,-1.0));
#1371=SURFACE_STYLE_FILL_AREA(#2024);
#1372=ORIENTED_EDGE('',*,*,#2025,.F.);
#1373=ORIENTED_EDGE('',*,*,#2023,.T.);
#1374=ORIENTED_EDGE('',*,*,#2026,.T.);
#1375=ORIENTED_EDGE('',*,*,#2027,.F.);
#1376=CARTESIAN_POINT('',(1.4,2.9331,2.752));
#1377=DIRECTION('',(-1.0,0.0,0.0));
#1378=DIRECTION('',(0.0,0.0,1.0));
#1379=SURFACE_STYLE_FILL_AREA(#2028);
#1380=ORIENTED_EDGE('',*,*,#2026,.F.);
#1381=ORIENTED_EDGE('',*,*,#2022,.F.);
#1382=ORIENTED_EDGE('',*,*,#2029,.F.);
#1383=ORIENTED_EDGE('',*,*,#2030,.F.);
#1384=CARTESIAN_POINT('',(0.0,2.9331,1.752));
#1385=DIRECTION('',(0.0,0.0,1.0));
#1386=DIRECTION('',(1.0,0.0,0.0));
#1387=SURFACE_STYLE_FILL_AREA(#2031);
#1388=ORIENTED_EDGE('',*,*,#2032,.F.);
#1389=ORIENTED_EDGE('',*,*,#2027,.T.);
#1390=ORIENTED_EDGE('',*,*,#2030,.T.);
#1391=ORIENTED_EDGE('',*,*,#2033,.F.);
#1392=CARTESIAN_POINT('',(0.0,1.6256,2.752));
#1393=DIRECTION('',(0.0,1.0,0.0));
#1394=DIRECTION('',(0.0,0.0,1.0));
#1395=SURFACE_STYLE_FILL_AREA(#2034);
#1396=ORIENTED_EDGE('',*,*,#2035,.F.);
#1397=ORIENTED_EDGE('',*,*,#2033,.T.);
#1398=ORIENTED_EDGE('',*,*,#2029,.T.);
#1399=ORIENTED_EDGE('',*,*,#2021,.F.);
#1400=CARTESIAN_POINT('',(-1.4,2.9331,2.752));
#1401=DIRECTION('',(1.0,0.0,0.0));
#1402=DIRECTION('',(0.0,0.0,-1.0));
#1403=SURFACE_STYLE_FILL_AREA(#2036);
#1404=ORIENTED_EDGE('',*,*,#2037,.F.);
#1405=ORIENTED_EDGE('',*,*,#2038,.T.);
#1406=ORIENTED_EDGE('',*,*,#2039,.T.);
#1407=ORIENTED_EDGE('',*,*,#2040,.F.);
#1408=CARTESIAN_POINT('',(5.08,4.2406,2.752));
#1409=DIRECTION('',(0.0,-1.0,0.0));
#1410=DIRECTION('',(0.0,0.0,-1.0));
#1411=SURFACE_STYLE_FILL_AREA(#2041);
#1412=ORIENTED_EDGE('',*,*,#2042,.F.);
#1413=ORIENTED_EDGE('',*,*,#2040,.T.);
#1414=ORIENTED_EDGE('',*,*,#2043,.T.);
#1415=ORIENTED_EDGE('',*,*,#2044,.F.);
#1416=CARTESIAN_POINT('',(6.48,2.9331,2.752));
#1417=DIRECTION('',(-1.0,0.0,0.0));
#1418=DIRECTION('',(0.0,0.0,1.0));
#1419=SURFACE_STYLE_FILL_AREA(#2045);
#1420=ORIENTED_EDGE('',*,*,#2043,.F.);
#1421=ORIENTED_EDGE('',*,*,#2039,.F.);
#1422=ORIENTED_EDGE('',*,*,#2046,.F.);
#1423=ORIENTED_EDGE('',*,*,#2047,.F.);
#1424=CARTESIAN_POINT('',(5.08,2.9331,1.752));
#1425=DIRECTION('',(0.0,0.0,1.0));
#1426=DIRECTION('',(1.0,0.0,0.0));
#1427=SURFACE_STYLE_FILL_AREA(#2048);
#1428=ORIENTED_EDGE('',*,*,#2049,.F.);
#1429=ORIENTED_EDGE('',*,*,#2044,.T.);
#1430=ORIENTED_EDGE('',*,*,#2047,.T.);
#1431=ORIENTED_EDGE('',*,*,#2050,.F.);
#1432=CARTESIAN_POINT('',(5.08,1.6256,2.752));
#1433=DIRECTION('',(0.0,1.0,0.0));
#1434=DIRECTION('',(0.0,0.0,1.0));
#1435=SURFACE_STYLE_FILL_AREA(#2051);
#1436=ORIENTED_EDGE('',*,*,#2052,.F.);
#1437=ORIENTED_EDGE('',*,*,#2050,.T.);
#1438=ORIENTED_EDGE('',*,*,#2046,.T.);
#1439=ORIENTED_EDGE('',*,*,#2038,.F.);
#1440=CARTESIAN_POINT('',(3.68,2.9331,2.752));
#1441=DIRECTION('',(1.0,0.0,0.0));
#1442=DIRECTION('',(0.0,0.0,-1.0));
#1443=SURFACE_STYLE_FILL_AREA(#2053);
#1444=ORIENTED_EDGE('',*,*,#2032,.T.);
#1445=ORIENTED_EDGE('',*,*,#2035,.T.);
#1446=ORIENTED_EDGE('',*,*,#2020,.T.);
#1447=ORIENTED_EDGE('',*,*,#2025,.T.);
#1448=ORIENTED_EDGE('',*,*,#2054,.F.);
#1449=ORIENTED_EDGE('',*,*,#2055,.F.);
#1450=ORIENTED_EDGE('',*,*,#2056,.F.);
#1451=ORIENTED_EDGE('',*,*,#2057,.T.);
#1452=CARTESIAN_POINT('',(0.0,2.9456,2.682));
#1453=DIRECTION('',(0.0,0.0,1.0));
#1454=DIRECTION('',(1.0,0.0,0.0));
#1455=SURFACE_STYLE_FILL_AREA(#2058);
#1456=ORIENTED_EDGE('',*,*,#2059,.F.);
#1457=ORIENTED_EDGE('',*,*,#2057,.F.);
#1458=ORIENTED_EDGE('',*,*,#2060,.F.);
#1459=ORIENTED_EDGE('',*,*,#2061,.F.);
#1460=CARTESIAN_POINT('',(0.0,1.5256,1.682));
#1461=DIRECTION('',(0.0,1.0,0.0));
#1462=DIRECTION('',(0.0,0.0,1.0));
#1463=SURFACE_STYLE_FILL_AREA(#2062);
#1464=ORIENTED_EDGE('',*,*,#2061,.T.);
#1465=ORIENTED_EDGE('',*,*,#2063,.T.);
#1466=ORIENTED_EDGE('',*,*,#2064,.F.);
#1467=ORIENTED_EDGE('',*,*,#2065,.T.);
#1468=CARTESIAN_POINT('',(2.54,1.03284219804191,3.31));
#1469=DIRECTION('',(-3.77198571640273E-17,-0.787736755836546,-0.616012015714072));
#1470=DIRECTION('',(4.82349648302973E-17,-0.616012015714072,0.787736755836546));
#1471=SURFACE_STYLE_FILL_AREA(#2066);
#1472=ORIENTED_EDGE('',*,*,#2060,.T.);
#1473=ORIENTED_EDGE('',*,*,#2056,.T.);
#1474=ORIENTED_EDGE('',*,*,#2067,.F.);
#1475=ORIENTED_EDGE('',*,*,#2068,.F.);
#1476=ORIENTED_EDGE('',*,*,#2069,.F.);
#1477=ORIENTED_EDGE('',*,*,#2063,.F.);
#1478=CARTESIAN_POINT('',(-1.69108794928709,12.0,3.36));
#1479=DIRECTION('',(-0.939692620785909,5.75395780113925E-17,-0.342020143325668));
#1480=DIRECTION('',(0.342020143325668,-2.09426936883849E-17,-0.939692620785909));
#1481=SURFACE_STYLE_FILL_AREA(#2070);
#1482=ORIENTED_EDGE('',*,*,#2049,.T.);
#1483=ORIENTED_EDGE('',*,*,#2052,.T.);
#1484=ORIENTED_EDGE('',*,*,#2037,.T.);
#1485=ORIENTED_EDGE('',*,*,#2042,.T.);
#1486=ORIENTED_EDGE('',*,*,#2071,.F.);
#1487=ORIENTED_EDGE('',*,*,#2072,.F.);
#1488=ORIENTED_EDGE('',*,*,#2073,.F.);
#1489=ORIENTED_EDGE('',*,*,#2074,.T.);
#1490=CARTESIAN_POINT('',(5.08,2.9456,2.682));
#1491=DIRECTION('',(0.0,0.0,1.0));
#1492=DIRECTION('',(1.0,0.0,0.0));
#1493=SURFACE_STYLE_FILL_AREA(#2075);
#1494=ORIENTED_EDGE('',*,*,#2076,.F.);
#1495=ORIENTED_EDGE('',*,*,#2074,.F.);
#1496=ORIENTED_EDGE('',*,*,#2077,.F.);
#1497=ORIENTED_EDGE('',*,*,#2078,.F.);
#1498=CARTESIAN_POINT('',(5.08,1.5256,1.682));
#1499=DIRECTION('',(0.0,1.0,0.0));
#1500=DIRECTION('',(0.0,0.0,1.0));
#1501=SURFACE_STYLE_FILL_AREA(#2079);
#1502=ORIENTED_EDGE('',*,*,#2078,.T.);
#1503=ORIENTED_EDGE('',*,*,#2080,.T.);
#1504=ORIENTED_EDGE('',*,*,#2081,.F.);
#1505=ORIENTED_EDGE('',*,*,#2082,.T.);
#1506=CARTESIAN_POINT('',(7.62,1.03284219804191,3.31));
#1507=DIRECTION('',(-3.77198571640273E-17,-0.787736755836546,-0.616012015714072));
#1508=DIRECTION('',(4.82349648302973E-17,-0.616012015714072,0.787736755836546));
#1509=SURFACE_STYLE_FILL_AREA(#2083);
#1510=ORIENTED_EDGE('',*,*,#2077,.T.);
#1511=ORIENTED_EDGE('',*,*,#2073,.T.);
#1512=ORIENTED_EDGE('',*,*,#2084,.F.);
#1513=ORIENTED_EDGE('',*,*,#2085,.F.);
#1514=ORIENTED_EDGE('',*,*,#2086,.F.);
#1515=ORIENTED_EDGE('',*,*,#2080,.F.);
#1516=CARTESIAN_POINT('',(3.38891205071291,12.0,3.36));
#1517=DIRECTION('',(-0.939692620785909,5.75395780113925E-17,-0.342020143325668));
#1518=DIRECTION('',(0.342020143325668,-2.09426936883849E-17,-0.939692620785909));
#1519=SURFACE_STYLE_FILL_AREA(#2087);
#1520=ORIENTED_EDGE('',*,*,#2088,.F.);
#1521=ORIENTED_EDGE('',*,*,#2089,.F.);
#1522=ORIENTED_EDGE('',*,*,#2090,.T.);
#1523=ORIENTED_EDGE('',*,*,#2091,.F.);
#1524=CARTESIAN_POINT('',(7.3052,5.5,2.78376552));
#1525=DIRECTION('',(0.500032300065498,-5.30276199987443E-17,0.866006754529783));
#1526=DIRECTION('',(-0.866006754529783,-3.0618147787275E-17,0.500032300065498));
#1527=SURFACE_STYLE_FILL_AREA(#2092);
#1528=ORIENTED_EDGE('',*,*,#2093,.F.);
#1529=ORIENTED_EDGE('',*,*,#2090,.F.);
#1530=ORIENTED_EDGE('',*,*,#2094,.T.);
#1531=ORIENTED_EDGE('',*,*,#2095,.T.);
#1532=CARTESIAN_POINT('',(7.45223144694531,5.5,2.282));
#1533=DIRECTION('',(7.49879891330929E-33,-1.0,-6.12323399573676E-17));
#1534=DIRECTION('',(-1.0,0.0,-1.22464679914735E-16));
#1535=SURFACE_STYLE_FILL_AREA(#2096);
#1536=ORIENTED_EDGE('',*,*,#2097,.F.);
#1537=ORIENTED_EDGE('',*,*,#2098,.F.);
#1538=ORIENTED_EDGE('',*,*,#2094,.F.);
#1539=ORIENTED_EDGE('',*,*,#2089,.T.);
#1540=CARTESIAN_POINT('',(6.9904,5.5,2.282));
#1541=DIRECTION('',(-1.0,4.9728212541997E-33,-2.03677014077728E-16));
#1542=DIRECTION('',(2.03677014077728E-16,6.12323399573676E-17,-1.0));
#1543=SURFACE_STYLE_FILL_AREA(#2099);
#1544=ORIENTED_EDGE('',*,*,#2100,.F.);
#1545=ORIENTED_EDGE('',*,*,#2101,.F.);
#1546=ORIENTED_EDGE('',*,*,#2095,.F.);
#1547=ORIENTED_EDGE('',*,*,#2098,.T.);
#1548=CARTESIAN_POINT('',(7.3052,5.5,1.78023448));
#1549=DIRECTION('',(0.500032300065498,5.30276199987443E-17,-0.866006754529783));
#1550=DIRECTION('',(0.866006754529783,-3.0618147787275E-17,0.500032300065498));
#1551=SURFACE_STYLE_FILL_AREA(#2102);
#1552=ORIENTED_EDGE('',*,*,#2091,.T.);
#1553=ORIENTED_EDGE('',*,*,#2093,.T.);
#1554=ORIENTED_EDGE('',*,*,#2101,.T.);
#1555=ORIENTED_EDGE('',*,*,#2103,.F.);
#1556=ORIENTED_EDGE('',*,*,#2104,.F.);
#1557=ORIENTED_EDGE('',*,*,#2105,.F.);
#1558=ORIENTED_EDGE('',*,*,#2106,.F.);
#1559=ORIENTED_EDGE('',*,*,#2107,.F.);
#1560=ORIENTED_EDGE('',*,*,#2108,.F.);
#1561=ORIENTED_EDGE('',*,*,#2109,.F.);
#1562=ORIENTED_EDGE('',*,*,#2110,.F.);
#1563=CARTESIAN_POINT('',(7.62,4.48319852531075,-0.100375016641924));
#1564=DIRECTION('',(-1.0,0.0,6.12323399573676E-17));
#1565=DIRECTION('',(6.12323399573676E-17,0.0,1.0));
#1566=SURFACE_STYLE_FILL_AREA(#2111);
#1567=ORIENTED_EDGE('',*,*,#2112,.F.);
#1568=ORIENTED_EDGE('',*,*,#2113,.F.);
#1569=ORIENTED_EDGE('',*,*,#2114,.T.);
#1570=ORIENTED_EDGE('',*,*,#2115,.T.);
#1571=CARTESIAN_POINT('',(-2.58501475580187,-1.9961223575859E-17,1.95600848));
#1572=DIRECTION('',(0.500032300065498,-5.30276199987443E-17,-0.866006754529783));
#1573=DIRECTION('',(-0.866006754529783,-3.0618147787275E-17,-0.500032300065498));
#1574=SURFACE_STYLE_FILL_AREA(#2116);
#1575=ORIENTED_EDGE('',*,*,#2117,.F.);
#1576=ORIENTED_EDGE('',*,*,#2118,.T.);
#1577=ORIENTED_EDGE('',*,*,#2119,.F.);
#1578=ORIENTED_EDGE('',*,*,#2120,.T.);
#1579=CARTESIAN_POINT('',(-2.58501475580187,1.9961223575859E-17,2.60799152));
#1580=DIRECTION('',(0.500032300065498,5.30276199987443E-17,0.866006754529783));
#1581=DIRECTION('',(0.866006754529783,-3.0618147787275E-17,-0.500032300065497));
#1582=SURFACE_STYLE_FILL_AREA(#2121);
#1583=ORIENTED_EDGE('',*,*,#2122,.T.);
#1584=ORIENTED_EDGE('',*,*,#2114,.F.);
#1585=ORIENTED_EDGE('',*,*,#2123,.T.);
#1586=ORIENTED_EDGE('',*,*,#2119,.T.);
#1587=CARTESIAN_POINT('',(-3.1496,0.0,2.282));
#1588=DIRECTION('',(-1.0,0.0,-1.22464679914735E-16));
#1589=DIRECTION('',(-1.22464679914735E-16,6.12323399573676E-17,1.0));
#1590=SURFACE_STYLE_FILL_AREA(#2124);
#1591=ORIENTED_EDGE('',*,*,#2125,.F.);
#1592=ORIENTED_EDGE('',*,*,#2115,.F.);
#1593=ORIENTED_EDGE('',*,*,#2122,.F.);
#1594=ORIENTED_EDGE('',*,*,#2118,.F.);
#1595=CARTESIAN_POINT('',(-2.773217941978,5.5,2.282));
#1596=DIRECTION('',(7.49879891330929E-33,1.0,-6.12323399573676E-17));
#1597=DIRECTION('',(-1.0,0.0,-1.22464679914735E-16));
#1598=SURFACE_STYLE_FILL_AREA(#2126);
#1599=ORIENTED_EDGE('',*,*,#2112,.T.);
#1600=ORIENTED_EDGE('',*,*,#2125,.T.);
#1601=ORIENTED_EDGE('',*,*,#2117,.T.);
#1602=ORIENTED_EDGE('',*,*,#2127,.F.);
#1603=ORIENTED_EDGE('',*,*,#2128,.F.);
#1604=ORIENTED_EDGE('',*,*,#2129,.F.);
#1605=ORIENTED_EDGE('',*,*,#2130,.F.);
#1606=ORIENTED_EDGE('',*,*,#2131,.F.);
#1607=ORIENTED_EDGE('',*,*,#2132,.F.);
#1608=ORIENTED_EDGE('',*,*,#2133,.F.);
#1609=ORIENTED_EDGE('',*,*,#2134,.F.);
#1610=CARTESIAN_POINT('',(-2.54,4.48319852531075,-0.100375016641923));
#1611=DIRECTION('',(-1.0,0.0,6.12323399573676E-17));
#1612=DIRECTION('',(6.12323399573676E-17,0.0,1.0));
#1613=SURFACE_STYLE_FILL_AREA(#2135);
#1614=ORIENTED_EDGE('',*,*,#1898,.T.);
#1615=ORIENTED_EDGE('',*,*,#1911,.T.);
#1616=ORIENTED_EDGE('',*,*,#1886,.T.);
#1617=ORIENTED_EDGE('',*,*,#2136,.T.);
#1618=CARTESIAN_POINT('',(0.899999999999999,7.206,0.0));
#1619=DIRECTION('',(-0.0,-1.0,-0.0));
#1620=DIRECTION('',(-1.0,0.0,0.0));
#1621=SURFACE_STYLE_FILL_AREA(#2137);
#1622=ORIENTED_EDGE('',*,*,#1884,.T.);
#1623=ORIENTED_EDGE('',*,*,#2136,.F.);
#1624=ORIENTED_EDGE('',*,*,#1885,.T.);
#1625=ORIENTED_EDGE('',*,*,#2138,.T.);
#1626=CARTESIAN_POINT('',(0.0,7.856,0.0));
#1627=DIRECTION('',(-0.0,1.0,0.0));
#1628=DIRECTION('',(1.0,0.0,0.0));
#1629=SURFACE_STYLE_FILL_AREA(#2139);
#1630=ORIENTED_EDGE('',*,*,#1880,.T.);
#1631=ORIENTED_EDGE('',*,*,#2138,.F.);
#1632=ORIENTED_EDGE('',*,*,#1881,.T.);
#1633=ORIENTED_EDGE('',*,*,#2140,.T.);
#1634=CARTESIAN_POINT('',(0.0,8.706,0.0));
#1635=DIRECTION('',(0.0,-1.0,-0.0));
#1636=DIRECTION('',(1.0,0.0,0.0));
#1637=SURFACE_STYLE_FILL_AREA(#2141);
#1638=ORIENTED_EDGE('',*,*,#1876,.T.);
#1639=ORIENTED_EDGE('',*,*,#2140,.F.);
#1640=ORIENTED_EDGE('',*,*,#1877,.T.);
#1641=ORIENTED_EDGE('',*,*,#2142,.T.);
#1642=CARTESIAN_POINT('',(0.0,9.106,0.0));
#1643=DIRECTION('',(-0.0,1.0,0.0));
#1644=DIRECTION('',(1.0,0.0,0.0));
#1645=SURFACE_STYLE_FILL_AREA(#2143);
#1646=ORIENTED_EDGE('',*,*,#1872,.T.);
#1647=ORIENTED_EDGE('',*,*,#2142,.F.);
#1648=ORIENTED_EDGE('',*,*,#1873,.T.);
#1649=ORIENTED_EDGE('',*,*,#2144,.T.);
#1650=CARTESIAN_POINT('',(0.0,9.506,0.0));
#1651=DIRECTION('',(-0.0,1.0,-0.0));
#1652=DIRECTION('',(1.0,0.0,0.0));
#1653=SURFACE_STYLE_FILL_AREA(#2145);
#1654=ORIENTED_EDGE('',*,*,#1867,.T.);
#1655=ORIENTED_EDGE('',*,*,#2144,.F.);
#1656=ORIENTED_EDGE('',*,*,#1869,.T.);
#1657=ORIENTED_EDGE('',*,*,#2146,.F.);
#1658=CARTESIAN_POINT('',(0.0,10.306,0.0));
#1659=DIRECTION('',(-0.0,1.0,0.0));
#1660=DIRECTION('',(1.0,0.0,0.0));
#1661=SURFACE_STYLE_FILL_AREA(#2147);
#1662=ORIENTED_EDGE('',*,*,#1889,.T.);
#1663=ORIENTED_EDGE('',*,*,#1935,.T.);
#1664=ORIENTED_EDGE('',*,*,#1865,.T.);
#1665=ORIENTED_EDGE('',*,*,#2148,.T.);
#1666=CARTESIAN_POINT('',(5.98,7.206,0.0));
#1667=DIRECTION('',(-0.0,-1.0,-0.0));
#1668=DIRECTION('',(-1.0,0.0,0.0));
#1669=SURFACE_STYLE_FILL_AREA(#2149);
#1670=ORIENTED_EDGE('',*,*,#1863,.T.);
#1671=ORIENTED_EDGE('',*,*,#2148,.F.);
#1672=ORIENTED_EDGE('',*,*,#1864,.T.);
#1673=ORIENTED_EDGE('',*,*,#2150,.T.);
#1674=CARTESIAN_POINT('',(5.08,7.856,0.0));
#1675=DIRECTION('',(-0.0,1.0,0.0));
#1676=DIRECTION('',(1.0,0.0,0.0));
#1677=SURFACE_STYLE_FILL_AREA(#2151);
#1678=ORIENTED_EDGE('',*,*,#1859,.T.);
#1679=ORIENTED_EDGE('',*,*,#2150,.F.);
#1680=ORIENTED_EDGE('',*,*,#1860,.T.);
#1681=ORIENTED_EDGE('',*,*,#2152,.T.);
#1682=CARTESIAN_POINT('',(5.08,8.706,0.0));
#1683=DIRECTION('',(0.0,-1.0,-0.0));
#1684=DIRECTION('',(1.0,0.0,0.0));
#1685=SURFACE_STYLE_FILL_AREA(#2153);
#1686=ORIENTED_EDGE('',*,*,#1855,.T.);
#1687=ORIENTED_EDGE('',*,*,#2152,.F.);
#1688=ORIENTED_EDGE('',*,*,#1856,.T.);
#1689=ORIENTED_EDGE('',*,*,#2154,.T.);
#1690=CARTESIAN_POINT('',(5.08,9.106,0.0));
#1691=DIRECTION('',(-0.0,1.0,0.0));
#1692=DIRECTION('',(1.0,0.0,0.0));
#1693=SURFACE_STYLE_FILL_AREA(#2155);
#1694=ORIENTED_EDGE('',*,*,#1851,.T.);
#1695=ORIENTED_EDGE('',*,*,#2154,.F.);
#1696=ORIENTED_EDGE('',*,*,#1852,.T.);
#1697=ORIENTED_EDGE('',*,*,#2156,.T.);
#1698=CARTESIAN_POINT('',(5.08,9.506,0.0));
#1699=DIRECTION('',(-0.0,1.0,-0.0));
#1700=DIRECTION('',(1.0,0.0,0.0));
#1701=SURFACE_STYLE_FILL_AREA(#2157);
#1702=ORIENTED_EDGE('',*,*,#1846,.T.);
#1703=ORIENTED_EDGE('',*,*,#2156,.F.);
#1704=ORIENTED_EDGE('',*,*,#1848,.T.);
#1705=ORIENTED_EDGE('',*,*,#2158,.F.);
#1706=CARTESIAN_POINT('',(5.08,10.306,0.0));
#1707=DIRECTION('',(-0.0,1.0,0.0));
#1708=DIRECTION('',(1.0,0.0,0.0));
#1709=SURFACE_STYLE_FILL_AREA(#2159);
#1710=ORIENTED_EDGE('',*,*,#2059,.T.);
#1711=ORIENTED_EDGE('',*,*,#2065,.F.);
#1712=ORIENTED_EDGE('',*,*,#2160,.F.);
#1713=ORIENTED_EDGE('',*,*,#2161,.F.);
#1714=ORIENTED_EDGE('',*,*,#2162,.F.);
#1715=ORIENTED_EDGE('',*,*,#2054,.T.);
#1716=CARTESIAN_POINT('',(1.69108794928713,12.0,3.35999999999999));
#1717=DIRECTION('',(0.939692620785903,-5.75395780113922E-17,-0.342020143325684));
#1718=DIRECTION('',(0.342020143325684,-2.09426936883859E-17,0.939692620785903));
#1719=SURFACE_STYLE_FILL_AREA(#2163);
#1720=ORIENTED_EDGE('',*,*,#2164,.F.);
#1721=ORIENTED_EDGE('',*,*,#2068,.T.);
#1722=ORIENTED_EDGE('',*,*,#2165,.F.);
#1723=ORIENTED_EDGE('',*,*,#2161,.T.);
#1724=CARTESIAN_POINT('',(2.54,5.46358724704515,3.79980650831892));
#1725=DIRECTION('',(0.0,1.0,0.0));
#1726=DIRECTION('',(-6.12323399573676E-17,0.0,-1.0));
#1727=SURFACE_STYLE_FILL_AREA(#2166);
#1728=ORIENTED_EDGE('',*,*,#2055,.T.);
#1729=ORIENTED_EDGE('',*,*,#2162,.T.);
#1730=ORIENTED_EDGE('',*,*,#2165,.T.);
#1731=ORIENTED_EDGE('',*,*,#2067,.T.);
#1732=CARTESIAN_POINT('',(2.54,4.81459362352258,3.04180650831892));
#1733=DIRECTION('',(-4.88749894034869E-17,0.60240690591187,-0.798189150333233));
#1734=DIRECTION('',(-3.68867844554616E-17,-0.798189150333233,-0.60240690591187));
#1735=SURFACE_STYLE_FILL_AREA(#2167);
#1736=ORIENTED_EDGE('',*,*,#2076,.T.);
#1737=ORIENTED_EDGE('',*,*,#2082,.F.);
#1738=ORIENTED_EDGE('',*,*,#2168,.F.);
#1739=ORIENTED_EDGE('',*,*,#2169,.F.);
#1740=ORIENTED_EDGE('',*,*,#2170,.F.);
#1741=ORIENTED_EDGE('',*,*,#2071,.T.);
#1742=CARTESIAN_POINT('',(6.77108794928713,12.0,3.35999999999999));
#1743=DIRECTION('',(0.939692620785903,-5.75395780113922E-17,-0.342020143325684));
#1744=DIRECTION('',(0.342020143325684,-2.09426936883859E-17,0.939692620785903));
#1745=SURFACE_STYLE_FILL_AREA(#2171);
#1746=ORIENTED_EDGE('',*,*,#2172,.F.);
#1747=ORIENTED_EDGE('',*,*,#2085,.T.);
#1748=ORIENTED_EDGE('',*,*,#2173,.F.);
#1749=ORIENTED_EDGE('',*,*,#2169,.T.);
#1750=CARTESIAN_POINT('',(7.62,5.46358724704515,3.79980650831892));
#1751=DIRECTION('',(0.0,1.0,0.0));
#1752=DIRECTION('',(-6.12323399573676E-17,0.0,-1.0));
#1753=SURFACE_STYLE_FILL_AREA(#2174);
#1754=ORIENTED_EDGE('',*,*,#2072,.T.);
#1755=ORIENTED_EDGE('',*,*,#2170,.T.);
#1756=ORIENTED_EDGE('',*,*,#2173,.T.);
#1757=ORIENTED_EDGE('',*,*,#2084,.T.);
#1758=CARTESIAN_POINT('',(7.62,4.81459362352258,3.04180650831892));
#1759=DIRECTION('',(-4.88749894034869E-17,0.60240690591187,-0.798189150333233));
#1760=DIRECTION('',(-3.68867844554616E-17,-0.798189150333233,-0.60240690591187));
#1761=SURFACE_STYLE_FILL_AREA(#2175);
#1762=ORIENTED_EDGE('',*,*,#2133,.T.);
#1763=ORIENTED_EDGE('',*,*,#2176,.F.);
#1764=ORIENTED_EDGE('',*,*,#2104,.T.);
#1765=ORIENTED_EDGE('',*,*,#2177,.T.);
#1766=CARTESIAN_POINT('',(7.62,1.397,-4.318));
#1767=DIRECTION('',(-6.12323399573676E-17,-0.0,-1.0));
#1768=DIRECTION('',(0.0,-1.0,0.0));
#1769=SURFACE_STYLE_FILL_AREA(#2178);
#1770=ORIENTED_EDGE('',*,*,#2132,.T.);
#1771=ORIENTED_EDGE('',*,*,#2179,.F.);
#1772=ORIENTED_EDGE('',*,*,#2105,.T.);
#1773=ORIENTED_EDGE('',*,*,#2176,.T.);
#1774=CARTESIAN_POINT('',(7.62,6.34999999999997,-3.3654999999999));
#1775=DIRECTION('',(-5.91472594708031E-17,0.25873608522411,-0.965948051503238));
#1776=DIRECTION('',(-1.58430159296812E-17,-0.965948051503238,-0.25873608522411));
#1777=SURFACE_STYLE_FILL_AREA(#2180);
#1778=ORIENTED_EDGE('',*,*,#1868,.T.);
#1779=ORIENTED_EDGE('',*,*,#2146,.T.);
#1780=ORIENTED_EDGE('',*,*,#1847,.T.);
#1781=ORIENTED_EDGE('',*,*,#2158,.T.);
#1782=ORIENTED_EDGE('',*,*,#2131,.T.);
#1783=ORIENTED_EDGE('',*,*,#2181,.F.);
#1784=ORIENTED_EDGE('',*,*,#2106,.T.);
#1785=ORIENTED_EDGE('',*,*,#2179,.T.);
#1786=CARTESIAN_POINT('',(7.62,9.906,-0.0732692307690881));
#1787=DIRECTION('',(0.0,1.0,0.0));
#1788=DIRECTION('',(-6.12323399573676E-17,0.0,-1.0));
#1789=SURFACE_STYLE_FILL_AREA(#2182);
#1790=ORIENTED_EDGE('',*,*,#2130,.T.);
#1791=ORIENTED_EDGE('',*,*,#2183,.F.);
#1792=ORIENTED_EDGE('',*,*,#2107,.T.);
#1793=ORIENTED_EDGE('',*,*,#2181,.T.);
#1794=CARTESIAN_POINT('',(7.62,7.874,2.6572307692308));
#1795=DIRECTION('',(6.01305526018459E-17,0.18884739365011,0.98200644698065));
#1796=DIRECTION('',(-1.15635678080463E-17,0.98200644698065,-0.18884739365011));
#1797=SURFACE_STYLE_FILL_AREA(#2184);
#1798=ORIENTED_EDGE('',*,*,#2129,.T.);
#1799=ORIENTED_EDGE('',*,*,#2185,.F.);
#1800=ORIENTED_EDGE('',*,*,#2108,.T.);
#1801=ORIENTED_EDGE('',*,*,#2183,.T.);
#1802=CARTESIAN_POINT('',(7.62,5.842,3.429));
#1803=DIRECTION('',(0.0,1.0,0.0));
#1804=DIRECTION('',(-6.12323399573676E-17,0.0,-1.0));
#1805=SURFACE_STYLE_FILL_AREA(#2186);
#1806=ORIENTED_EDGE('',*,*,#2069,.T.);
#1807=ORIENTED_EDGE('',*,*,#2164,.T.);
#1808=ORIENTED_EDGE('',*,*,#2160,.T.);
#1809=ORIENTED_EDGE('',*,*,#2064,.T.);
#1810=ORIENTED_EDGE('',*,*,#2086,.T.);
#1811=ORIENTED_EDGE('',*,*,#2172,.T.);
#1812=ORIENTED_EDGE('',*,*,#2168,.T.);
#1813=ORIENTED_EDGE('',*,*,#2081,.T.);
#1814=ORIENTED_EDGE('',*,*,#2128,.T.);
#1815=ORIENTED_EDGE('',*,*,#2187,.F.);
#1816=ORIENTED_EDGE('',*,*,#2109,.T.);
#1817=ORIENTED_EDGE('',*,*,#2185,.T.);
#1818=CARTESIAN_POINT('',(7.62,2.921,3.81));
#1819=DIRECTION('',(6.12323399573676E-17,-0.0,1.0));
#1820=DIRECTION('',(0.0,1.0,0.0));
#1821=SURFACE_STYLE_FILL_AREA(#2188);
#1822=ORIENTED_EDGE('',*,*,#1959,.T.);
#1823=ORIENTED_EDGE('',*,*,#1954,.T.);
#1824=ORIENTED_EDGE('',*,*,#1974,.T.);
#1825=ORIENTED_EDGE('',*,*,#1982,.T.);
#1826=ORIENTED_EDGE('',*,*,#1992,.T.);
#1827=ORIENTED_EDGE('',*,*,#1987,.T.);
#1828=ORIENTED_EDGE('',*,*,#2007,.T.);
#1829=ORIENTED_EDGE('',*,*,#2015,.T.);
#1830=ORIENTED_EDGE('',*,*,#2088,.T.);
#1831=ORIENTED_EDGE('',*,*,#2110,.T.);
#1832=ORIENTED_EDGE('',*,*,#2187,.T.);
#1833=ORIENTED_EDGE('',*,*,#2127,.T.);
#1834=ORIENTED_EDGE('',*,*,#2120,.F.);
#1835=ORIENTED_EDGE('',*,*,#2123,.F.);
#1836=ORIENTED_EDGE('',*,*,#2113,.T.);
#1837=ORIENTED_EDGE('',*,*,#2134,.T.);
#1838=ORIENTED_EDGE('',*,*,#2177,.F.);
#1839=ORIENTED_EDGE('',*,*,#2103,.T.);
#1840=ORIENTED_EDGE('',*,*,#2100,.T.);
#1841=ORIENTED_EDGE('',*,*,#2097,.T.);
#1842=CARTESIAN_POINT('',(7.62,0.0,-0.254));
#1843=DIRECTION('',(0.0,-1.0,0.0));
#1844=DIRECTION('',(6.12323399573676E-17,0.0,1.0));
#1845=FILL_AREA_STYLE('',(#2189));
#1846=EDGE_CURVE('',#2190,#2191,#2192,.T.);
#1847=EDGE_CURVE('',#2193,#2190,#2194,.T.);
#1848=EDGE_CURVE('',#2195,#2193,#2196,.T.);
#1849=EDGE_CURVE('',#2191,#2195,#2197,.T.);
#1850=FILL_AREA_STYLE('',(#2198));
#1851=EDGE_CURVE('',#2191,#2199,#2200,.T.);
#1852=EDGE_CURVE('',#2201,#2195,#2202,.T.);
#1853=EDGE_CURVE('',#2199,#2201,#2203,.T.);
#1854=FILL_AREA_STYLE('',(#2204));
#1855=EDGE_CURVE('',#2199,#2205,#2206,.T.);
#1856=EDGE_CURVE('',#2207,#2201,#2208,.T.);
#1857=EDGE_CURVE('',#2205,#2207,#2209,.T.);
#1858=FILL_AREA_STYLE('',(#2210));
#1859=EDGE_CURVE('',#2205,#2211,#2212,.T.);
#1860=EDGE_CURVE('',#2213,#2207,#2214,.T.);
#1861=EDGE_CURVE('',#2211,#2213,#2215,.T.);
#1862=FILL_AREA_STYLE('',(#2216));
#1863=EDGE_CURVE('',#2211,#2217,#2218,.T.);
#1864=EDGE_CURVE('',#2219,#2213,#2220,.T.);
#1865=EDGE_CURVE('',#2217,#2219,#2221,.T.);
#1866=FILL_AREA_STYLE('',(#2222));
#1867=EDGE_CURVE('',#2223,#2224,#2225,.T.);
#1868=EDGE_CURVE('',#2226,#2223,#2227,.T.);
#1869=EDGE_CURVE('',#2228,#2226,#2229,.T.);
#1870=EDGE_CURVE('',#2224,#2228,#2230,.T.);
#1871=FILL_AREA_STYLE('',(#2231));
#1872=EDGE_CURVE('',#2224,#2232,#2233,.T.);
#1873=EDGE_CURVE('',#2234,#2228,#2235,.T.);
#1874=EDGE_CURVE('',#2232,#2234,#2236,.T.);
#1875=FILL_AREA_STYLE('',(#2237));
#1876=EDGE_CURVE('',#2232,#2238,#2239,.T.);
#1877=EDGE_CURVE('',#2240,#2234,#2241,.T.);
#1878=EDGE_CURVE('',#2238,#2240,#2242,.T.);
#1879=FILL_AREA_STYLE('',(#2243));
#1880=EDGE_CURVE('',#2238,#2244,#2245,.T.);
#1881=EDGE_CURVE('',#2246,#2240,#2247,.T.);
#1882=EDGE_CURVE('',#2244,#2246,#2248,.T.);
#1883=FILL_AREA_STYLE('',(#2249));
#1884=EDGE_CURVE('',#2244,#2250,#2251,.T.);
#1885=EDGE_CURVE('',#2252,#2246,#2253,.T.);
#1886=EDGE_CURVE('',#2250,#2252,#2254,.T.);
#1887=FILL_AREA_STYLE('',(#2255));
#1888=EDGE_CURVE('',#2256,#2257,#2258,.T.);
#1889=EDGE_CURVE('',#2259,#2256,#2260,.T.);
#1890=EDGE_CURVE('',#2261,#2259,#2262,.T.);
#1891=EDGE_CURVE('',#2263,#2261,#2264,.T.);
#1892=EDGE_CURVE('',#2263,#2265,#2266,.T.);
#1893=EDGE_CURVE('',#2265,#2267,#2268,.T.);
#1894=EDGE_CURVE('',#2267,#2269,#2270,.T.);
#1895=EDGE_CURVE('',#2257,#2269,#2271,.T.);
#1896=FILL_AREA_STYLE('',(#2272));
#1897=EDGE_CURVE('',#2273,#2274,#2275,.T.);
#1898=EDGE_CURVE('',#2276,#2273,#2277,.T.);
#1899=EDGE_CURVE('',#2278,#2276,#2279,.T.);
#1900=EDGE_CURVE('',#2280,#2278,#2281,.T.);
#1901=EDGE_CURVE('',#2280,#2282,#2283,.T.);
#1902=EDGE_CURVE('',#2282,#2284,#2285,.T.);
#1903=EDGE_CURVE('',#2284,#2286,#2287,.T.);
#1904=EDGE_CURVE('',#2274,#2286,#2288,.T.);
#1905=FILL_AREA_STYLE('',(#2289));
#1906=EDGE_CURVE('',#2290,#2274,#2291,.T.);
#1907=EDGE_CURVE('',#2290,#2292,#2293,.T.);
#1908=EDGE_CURVE('',#2292,#2294,#2295,.T.);
#1909=EDGE_CURVE('',#2294,#2296,#2297,.T.);
#1910=EDGE_CURVE('',#2278,#2296,#2298,.T.);
#1911=EDGE_CURVE('',#2273,#2276,#2299,.T.);
#1912=FILL_AREA_STYLE('',(#2300));
#1913=EDGE_CURVE('',#2292,#2284,#2301,.T.);
#1914=EDGE_CURVE('',#2302,#2290,#2303,.T.);
#1915=EDGE_CURVE('',#2304,#2302,#2305,.T.);
#1916=EDGE_CURVE('',#2286,#2304,#2306,.T.);
#1917=FILL_AREA_STYLE('',(#2307));
#1918=EDGE_CURVE('',#2294,#2282,#2308,.T.);
#1919=FILL_AREA_STYLE('',(#2309));
#1920=EDGE_CURVE('',#2310,#2280,#2311,.T.);
#1921=EDGE_CURVE('',#2312,#2310,#2313,.T.);
#1922=EDGE_CURVE('',#2296,#2312,#2314,.T.);
#1923=FILL_AREA_STYLE('',(#2315));
#1924=EDGE_CURVE('',#2302,#2304,#2316,.T.);
#1925=FILL_AREA_STYLE('',(#2317));
#1926=FILL_AREA_STYLE('',(#2318));
#1927=EDGE_CURVE('',#2310,#2312,#2319,.T.);
#1928=FILL_AREA_STYLE('',(#2320));
#1929=FILL_AREA_STYLE('',(#2321));
#1930=EDGE_CURVE('',#2322,#2257,#2323,.T.);
#1931=EDGE_CURVE('',#2322,#2324,#2325,.T.);
#1932=EDGE_CURVE('',#2324,#2326,#2327,.T.);
#1933=EDGE_CURVE('',#2326,#2328,#2329,.T.);
#1934=EDGE_CURVE('',#2261,#2328,#2330,.T.);
#1935=EDGE_CURVE('',#2256,#2259,#2331,.T.);
#1936=FILL_AREA_STYLE('',(#2332));
#1937=EDGE_CURVE('',#2324,#2267,#2333,.T.);
#1938=EDGE_CURVE('',#2334,#2322,#2335,.T.);
#1939=EDGE_CURVE('',#2336,#2334,#2337,.T.);
#1940=EDGE_CURVE('',#2269,#2336,#2338,.T.);
#1941=FILL_AREA_STYLE('',(#2339));
#1942=EDGE_CURVE('',#2326,#2265,#2340,.T.);
#1943=FILL_AREA_STYLE('',(#2341));
#1944=EDGE_CURVE('',#2342,#2263,#2343,.T.);
#1945=EDGE_CURVE('',#2344,#2342,#2345,.T.);
#1946=EDGE_CURVE('',#2328,#2344,#2346,.T.);
#1947=FILL_AREA_STYLE('',(#2347));
#1948=EDGE_CURVE('',#2334,#2336,#2348,.T.);
#1949=FILL_AREA_STYLE('',(#2349));
#1950=FILL_AREA_STYLE('',(#2350));
#1951=EDGE_CURVE('',#2342,#2344,#2351,.T.);
#1952=FILL_AREA_STYLE('',(#2352));
#1953=FILL_AREA_STYLE('',(#2353));
#1954=EDGE_CURVE('',#2354,#2355,#2356,.T.);
#1955=EDGE_CURVE('',#2357,#2354,#2358,.T.);
#1956=EDGE_CURVE('',#2357,#2359,#2360,.T.);
#1957=EDGE_CURVE('',#2355,#2359,#2361,.T.);
#1958=FILL_AREA_STYLE('',(#2362));
#1959=EDGE_CURVE('',#2363,#2354,#2364,.T.);
#1960=EDGE_CURVE('',#2363,#2365,#2366,.T.);
#1961=EDGE_CURVE('',#2365,#2367,#2368,.T.);
#1962=EDGE_CURVE('',#2369,#2367,#2370,.T.);
#1963=EDGE_CURVE('',#2369,#2357,#2371,.T.);
#1964=FILL_AREA_STYLE('',(#2372));
#1965=EDGE_CURVE('',#2373,#2374,#2375,.T.);
#1966=EDGE_CURVE('',#2374,#2376,#2377,.T.);
#1967=EDGE_CURVE('',#2376,#2378,#2379,.T.);
#1968=EDGE_CURVE('',#2373,#2378,#2380,.T.);
#1969=FILL_AREA_STYLE('',(#2381));
#1970=EDGE_CURVE('',#2367,#2382,#2383,.T.);
#1971=EDGE_CURVE('',#2382,#2384,#2385,.T.);
#1972=EDGE_CURVE('',#2384,#2369,#2386,.T.);
#1973=FILL_AREA_STYLE('',(#2387));
#1974=EDGE_CURVE('',#2355,#2388,#2389,.T.);
#1975=EDGE_CURVE('',#2359,#2373,#2390,.T.);
#1976=EDGE_CURVE('',#2378,#2391,#2392,.T.);
#1977=EDGE_CURVE('',#2391,#2388,#2393,.T.);
#1978=FILL_AREA_STYLE('',(#2394));
#1979=EDGE_CURVE('',#2382,#2376,#2395,.T.);
#1980=EDGE_CURVE('',#2365,#2391,#2396,.T.);
#1981=FILL_AREA_STYLE('',(#2397));
#1982=EDGE_CURVE('',#2388,#2363,#2398,.T.);
#1983=FILL_AREA_STYLE('',(#2399));
#1984=EDGE_CURVE('',#2384,#2374,#2400,.T.);
#1985=FILL_AREA_STYLE('',(#2401));
#1986=FILL_AREA_STYLE('',(#2402));
#1987=EDGE_CURVE('',#2403,#2404,#2405,.T.);
#1988=EDGE_CURVE('',#2406,#2403,#2407,.T.);
#1989=EDGE_CURVE('',#2406,#2408,#2409,.T.);
#1990=EDGE_CURVE('',#2404,#2408,#2410,.T.);
#1991=FILL_AREA_STYLE('',(#2411));
#1992=EDGE_CURVE('',#2412,#2403,#2413,.T.);
#1993=EDGE_CURVE('',#2412,#2414,#2415,.T.);
#1994=EDGE_CURVE('',#2414,#2416,#2417,.T.);
#1995=EDGE_CURVE('',#2418,#2416,#2419,.T.);
#1996=EDGE_CURVE('',#2418,#2406,#2420,.T.);
#1997=FILL_AREA_STYLE('',(#2421));
#1998=EDGE_CURVE('',#2422,#2423,#2424,.T.);
#1999=EDGE_CURVE('',#2423,#2425,#2426,.T.);
#2000=EDGE_CURVE('',#2425,#2427,#2428,.T.);
#2001=EDGE_CURVE('',#2422,#2427,#2429,.T.);
#2002=FILL_AREA_STYLE('',(#2430));
#2003=EDGE_CURVE('',#2416,#2431,#2432,.T.);
#2004=EDGE_CURVE('',#2431,#2433,#2434,.T.);
#2005=EDGE_CURVE('',#2433,#2418,#2435,.T.);
#2006=FILL_AREA_STYLE('',(#2436));
#2007=EDGE_CURVE('',#2404,#2437,#2438,.T.);
#2008=EDGE_CURVE('',#2408,#2422,#2439,.T.);
#2009=EDGE_CURVE('',#2427,#2440,#2441,.T.);
#2010=EDGE_CURVE('',#2440,#2437,#2442,.T.);
#2011=FILL_AREA_STYLE('',(#2443));
#2012=EDGE_CURVE('',#2431,#2425,#2444,.T.);
#2013=EDGE_CURVE('',#2414,#2440,#2445,.T.);
#2014=FILL_AREA_STYLE('',(#2446));
#2015=EDGE_CURVE('',#2437,#2412,#2447,.T.);
#2016=FILL_AREA_STYLE('',(#2448));
#2017=EDGE_CURVE('',#2433,#2423,#2449,.T.);
#2018=FILL_AREA_STYLE('',(#2450));
#2019=FILL_AREA_STYLE('',(#2451));
#2020=EDGE_CURVE('',#2452,#2453,#2454,.T.);
#2021=EDGE_CURVE('',#2452,#2455,#2456,.T.);
#2022=EDGE_CURVE('',#2455,#2457,#2458,.T.);
#2023=EDGE_CURVE('',#2453,#2457,#2459,.T.);
#2024=FILL_AREA_STYLE('',(#2460));
#2025=EDGE_CURVE('',#2453,#2461,#2462,.T.);
#2026=EDGE_CURVE('',#2457,#2463,#2464,.T.);
#2027=EDGE_CURVE('',#2461,#2463,#2465,.T.);
#2028=FILL_AREA_STYLE('',(#2466));
#2029=EDGE_CURVE('',#2467,#2455,#2468,.T.);
#2030=EDGE_CURVE('',#2463,#2467,#2469,.T.);
#2031=FILL_AREA_STYLE('',(#2470));
#2032=EDGE_CURVE('',#2461,#2471,#2472,.T.);
#2033=EDGE_CURVE('',#2471,#2467,#2473,.T.);
#2034=FILL_AREA_STYLE('',(#2474));
#2035=EDGE_CURVE('',#2471,#2452,#2475,.T.);
#2036=FILL_AREA_STYLE('',(#2476));
#2037=EDGE_CURVE('',#2477,#2478,#2479,.T.);
#2038=EDGE_CURVE('',#2477,#2480,#2481,.T.);
#2039=EDGE_CURVE('',#2480,#2482,#2483,.T.);
#2040=EDGE_CURVE('',#2478,#2482,#2484,.T.);
#2041=FILL_AREA_STYLE('',(#2485));
#2042=EDGE_CURVE('',#2478,#2486,#2487,.T.);
#2043=EDGE_CURVE('',#2482,#2488,#2489,.T.);
#2044=EDGE_CURVE('',#2486,#2488,#2490,.T.);
#2045=FILL_AREA_STYLE('',(#2491));
#2046=EDGE_CURVE('',#2492,#2480,#2493,.T.);
#2047=EDGE_CURVE('',#2488,#2492,#2494,.T.);
#2048=FILL_AREA_STYLE('',(#2495));
#2049=EDGE_CURVE('',#2486,#2496,#2497,.T.);
#2050=EDGE_CURVE('',#2496,#2492,#2498,.T.);
#2051=FILL_AREA_STYLE('',(#2499));
#2052=EDGE_CURVE('',#2496,#2477,#2500,.T.);
#2053=FILL_AREA_STYLE('',(#2501));
#2054=EDGE_CURVE('',#2502,#2503,#2504,.T.);
#2055=EDGE_CURVE('',#2505,#2502,#2506,.T.);
#2056=EDGE_CURVE('',#2507,#2505,#2508,.T.);
#2057=EDGE_CURVE('',#2507,#2503,#2509,.T.);
#2058=FILL_AREA_STYLE('',(#2510));
#2059=EDGE_CURVE('',#2503,#2511,#2512,.T.);
#2060=EDGE_CURVE('',#2513,#2507,#2514,.T.);
#2061=EDGE_CURVE('',#2511,#2513,#2515,.T.);
#2062=FILL_AREA_STYLE('',(#2516));
#2063=EDGE_CURVE('',#2513,#2517,#2518,.T.);
#2064=EDGE_CURVE('',#2519,#2517,#2520,.T.);
#2065=EDGE_CURVE('',#2519,#2511,#2521,.T.);
#2066=FILL_AREA_STYLE('',(#2522));
#2067=EDGE_CURVE('',#2523,#2505,#2524,.T.);
#2068=EDGE_CURVE('',#2525,#2523,#2526,.T.);
#2069=EDGE_CURVE('',#2517,#2525,#2527,.T.);
#2070=FILL_AREA_STYLE('',(#2528));
#2071=EDGE_CURVE('',#2529,#2530,#2531,.T.);
#2072=EDGE_CURVE('',#2532,#2529,#2533,.T.);
#2073=EDGE_CURVE('',#2534,#2532,#2535,.T.);
#2074=EDGE_CURVE('',#2534,#2530,#2536,.T.);
#2075=FILL_AREA_STYLE('',(#2537));
#2076=EDGE_CURVE('',#2530,#2538,#2539,.T.);
#2077=EDGE_CURVE('',#2540,#2534,#2541,.T.);
#2078=EDGE_CURVE('',#2538,#2540,#2542,.T.);
#2079=FILL_AREA_STYLE('',(#2543));
#2080=EDGE_CURVE('',#2540,#2544,#2545,.T.);
#2081=EDGE_CURVE('',#2546,#2544,#2547,.T.);
#2082=EDGE_CURVE('',#2546,#2538,#2548,.T.);
#2083=FILL_AREA_STYLE('',(#2549));
#2084=EDGE_CURVE('',#2550,#2532,#2551,.T.);
#2085=EDGE_CURVE('',#2552,#2550,#2553,.T.);
#2086=EDGE_CURVE('',#2544,#2552,#2554,.T.);
#2087=FILL_AREA_STYLE('',(#2555));
#2088=EDGE_CURVE('',#2556,#2557,#2558,.T.);
#2089=EDGE_CURVE('',#2559,#2556,#2560,.T.);
#2090=EDGE_CURVE('',#2559,#2561,#2562,.T.);
#2091=EDGE_CURVE('',#2557,#2561,#2563,.T.);
#2092=FILL_AREA_STYLE('',(#2564));
#2093=EDGE_CURVE('',#2561,#2565,#2566,.T.);
#2094=EDGE_CURVE('',#2559,#2567,#2568,.T.);
#2095=EDGE_CURVE('',#2567,#2565,#2569,.T.);
#2096=FILL_AREA_STYLE('',(#2570));
#2097=EDGE_CURVE('',#2571,#2556,#2572,.T.);
#2098=EDGE_CURVE('',#2567,#2571,#2573,.T.);
#2099=FILL_AREA_STYLE('',(#2574));
#2100=EDGE_CURVE('',#2575,#2571,#2576,.T.);
#2101=EDGE_CURVE('',#2565,#2575,#2577,.T.);
#2102=FILL_AREA_STYLE('',(#2578));
#2103=EDGE_CURVE('',#2579,#2575,#2580,.T.);
#2104=EDGE_CURVE('',#2581,#2579,#2582,.T.);
#2105=EDGE_CURVE('',#2583,#2581,#2584,.T.);
#2106=EDGE_CURVE('',#2585,#2583,#2586,.T.);
#2107=EDGE_CURVE('',#2587,#2585,#2588,.T.);
#2108=EDGE_CURVE('',#2589,#2587,#2590,.T.);
#2109=EDGE_CURVE('',#2591,#2589,#2592,.T.);
#2110=EDGE_CURVE('',#2557,#2591,#2593,.T.);
#2111=FILL_AREA_STYLE('',(#2594));
#2112=EDGE_CURVE('',#2595,#2596,#2597,.T.);
#2113=EDGE_CURVE('',#2598,#2595,#2599,.T.);
#2114=EDGE_CURVE('',#2598,#2600,#2601,.T.);
#2115=EDGE_CURVE('',#2600,#2596,#2602,.T.);
#2116=FILL_AREA_STYLE('',(#2603));
#2117=EDGE_CURVE('',#2604,#2605,#2606,.T.);
#2118=EDGE_CURVE('',#2604,#2607,#2608,.T.);
#2119=EDGE_CURVE('',#2609,#2607,#2610,.T.);
#2120=EDGE_CURVE('',#2609,#2605,#2611,.T.);
#2121=FILL_AREA_STYLE('',(#2612));
#2122=EDGE_CURVE('',#2607,#2600,#2613,.T.);
#2123=EDGE_CURVE('',#2598,#2609,#2614,.T.);
#2124=FILL_AREA_STYLE('',(#2615));
#2125=EDGE_CURVE('',#2596,#2604,#2616,.T.);
#2126=FILL_AREA_STYLE('',(#2617));
#2127=EDGE_CURVE('',#2618,#2605,#2619,.T.);
#2128=EDGE_CURVE('',#2620,#2618,#2621,.T.);
#2129=EDGE_CURVE('',#2622,#2620,#2623,.T.);
#2130=EDGE_CURVE('',#2624,#2622,#2625,.T.);
#2131=EDGE_CURVE('',#2626,#2624,#2627,.T.);
#2132=EDGE_CURVE('',#2628,#2626,#2629,.T.);
#2133=EDGE_CURVE('',#2630,#2628,#2631,.T.);
#2134=EDGE_CURVE('',#2595,#2630,#2632,.T.);
#2135=FILL_AREA_STYLE('',(#2633));
#2136=EDGE_CURVE('',#2252,#2250,#2634,.T.);
#2137=FILL_AREA_STYLE('',(#2635));
#2138=EDGE_CURVE('',#2246,#2244,#2636,.T.);
#2139=FILL_AREA_STYLE('',(#2637));
#2140=EDGE_CURVE('',#2240,#2238,#2638,.T.);
#2141=FILL_AREA_STYLE('',(#2639));
#2142=EDGE_CURVE('',#2234,#2232,#2640,.T.);
#2143=FILL_AREA_STYLE('',(#2641));
#2144=EDGE_CURVE('',#2228,#2224,#2642,.T.);
#2145=FILL_AREA_STYLE('',(#2643));
#2146=EDGE_CURVE('',#2223,#2226,#2644,.T.);
#2147=FILL_AREA_STYLE('',(#2645));
#2148=EDGE_CURVE('',#2219,#2217,#2646,.T.);
#2149=FILL_AREA_STYLE('',(#2647));
#2150=EDGE_CURVE('',#2213,#2211,#2648,.T.);
#2151=FILL_AREA_STYLE('',(#2649));
#2152=EDGE_CURVE('',#2207,#2205,#2650,.T.);
#2153=FILL_AREA_STYLE('',(#2651));
#2154=EDGE_CURVE('',#2201,#2199,#2652,.T.);
#2155=FILL_AREA_STYLE('',(#2653));
#2156=EDGE_CURVE('',#2195,#2191,#2654,.T.);
#2157=FILL_AREA_STYLE('',(#2655));
#2158=EDGE_CURVE('',#2190,#2193,#2656,.T.);
#2159=FILL_AREA_STYLE('',(#2657));
#2160=EDGE_CURVE('',#2658,#2519,#2659,.T.);
#2161=EDGE_CURVE('',#2660,#2658,#2661,.T.);
#2162=EDGE_CURVE('',#2502,#2660,#2662,.T.);
#2163=FILL_AREA_STYLE('',(#2663));
#2164=EDGE_CURVE('',#2525,#2658,#2664,.T.);
#2165=EDGE_CURVE('',#2660,#2523,#2665,.T.);
#2166=FILL_AREA_STYLE('',(#2666));
#2167=FILL_AREA_STYLE('',(#2667));
#2168=EDGE_CURVE('',#2668,#2546,#2669,.T.);
#2169=EDGE_CURVE('',#2670,#2668,#2671,.T.);
#2170=EDGE_CURVE('',#2529,#2670,#2672,.T.);
#2171=FILL_AREA_STYLE('',(#2673));
#2172=EDGE_CURVE('',#2552,#2668,#2674,.T.);
#2173=EDGE_CURVE('',#2670,#2550,#2675,.T.);
#2174=FILL_AREA_STYLE('',(#2676));
#2175=FILL_AREA_STYLE('',(#2677));
#2176=EDGE_CURVE('',#2581,#2628,#2678,.T.);
#2177=EDGE_CURVE('',#2579,#2630,#2679,.T.);
#2178=FILL_AREA_STYLE('',(#2680));
#2179=EDGE_CURVE('',#2583,#2626,#2681,.T.);
#2180=FILL_AREA_STYLE('',(#2682));
#2181=EDGE_CURVE('',#2585,#2624,#2683,.T.);
#2182=FILL_AREA_STYLE('',(#2684));
#2183=EDGE_CURVE('',#2587,#2622,#2685,.T.);
#2184=FILL_AREA_STYLE('',(#2686));
#2185=EDGE_CURVE('',#2589,#2620,#2687,.T.);
#2186=FILL_AREA_STYLE('',(#2688));
#2187=EDGE_CURVE('',#2591,#2618,#2689,.T.);
#2188=FILL_AREA_STYLE('',(#2690));
#2189=FILL_AREA_STYLE_COLOUR('',#2691);
#2190=VERTEX_POINT('',#2692);
#2191=VERTEX_POINT('',#2693);
#2192=LINE('',#2694,#2695);
#2193=VERTEX_POINT('',#2696);
#2194=CIRCLE('',#2697,1.8);
#2195=VERTEX_POINT('',#2698);
#2196=LINE('',#2699,#2700);
#2197=CIRCLE('',#2701,1.8);
#2198=FILL_AREA_STYLE_COLOUR('',#2702);
#2199=VERTEX_POINT('',#2703);
#2200=LINE('',#2704,#2705);
#2201=VERTEX_POINT('',#2706);
#2202=LINE('',#2707,#2708);
#2203=CIRCLE('',#2709,1.63);
#2204=FILL_AREA_STYLE_COLOUR('',#2710);
#2205=VERTEX_POINT('',#2711);
#2206=LINE('',#2712,#2713);
#2207=VERTEX_POINT('',#2714);
#2208=LINE('',#2715,#2716);
#2209=CIRCLE('',#2717,1.63);
#2210=FILL_AREA_STYLE_COLOUR('',#2718);
#2211=VERTEX_POINT('',#2719);
#2212=LINE('',#2720,#2721);
#2213=VERTEX_POINT('',#2722);
#2214=LINE('',#2723,#2724);
#2215=CIRCLE('',#2725,1.8);
#2216=FILL_AREA_STYLE_COLOUR('',#2726);
#2217=VERTEX_POINT('',#2727);
#2218=LINE('',#2728,#2729);
#2219=VERTEX_POINT('',#2730);
#2220=LINE('',#2731,#2732);
#2221=CIRCLE('',#2733,1.8);
#2222=FILL_AREA_STYLE_COLOUR('',#2734);
#2223=VERTEX_POINT('',#2735);
#2224=VERTEX_POINT('',#2736);
#2225=LINE('',#2737,#2738);
#2226=VERTEX_POINT('',#2739);
#2227=CIRCLE('',#2740,1.8);
#2228=VERTEX_POINT('',#2741);
#2229=LINE('',#2742,#2743);
#2230=CIRCLE('',#2744,1.8);
#2231=FILL_AREA_STYLE_COLOUR('',#2745);
#2232=VERTEX_POINT('',#2746);
#2233=LINE('',#2747,#2748);
#2234=VERTEX_POINT('',#2749);
#2235=LINE('',#2750,#2751);
#2236=CIRCLE('',#2752,1.63);
#2237=FILL_AREA_STYLE_COLOUR('',#2753);
#2238=VERTEX_POINT('',#2754);
#2239=LINE('',#2755,#2756);
#2240=VERTEX_POINT('',#2757);
#2241=LINE('',#2758,#2759);
#2242=CIRCLE('',#2760,1.63);
#2243=FILL_AREA_STYLE_COLOUR('',#2761);
#2244=VERTEX_POINT('',#2762);
#2245=LINE('',#2763,#2764);
#2246=VERTEX_POINT('',#2765);
#2247=LINE('',#2766,#2767);
#2248=CIRCLE('',#2768,1.8);
#2249=FILL_AREA_STYLE_COLOUR('',#2769);
#2250=VERTEX_POINT('',#2770);
#2251=LINE('',#2771,#2772);
#2252=VERTEX_POINT('',#2773);
#2253=LINE('',#2774,#2775);
#2254=CIRCLE('',#2776,1.8);
#2255=FILL_AREA_STYLE_COLOUR('',#2777);
#2256=VERTEX_POINT('',#2778);
#2257=VERTEX_POINT('',#2779);
#2258=LINE('',#2780,#2781);
#2259=VERTEX_POINT('',#2782);
#2260=CIRCLE('',#2783,1.63128878884207);
#2261=VERTEX_POINT('',#2784);
#2262=LINE('',#2785,#2786);
#2263=VERTEX_POINT('',#2787);
#2264=CIRCLE('',#2788,1.52215270481486);
#2265=VERTEX_POINT('',#2789);
#2266=(B_SPLINE_CURVE(2,(#2791,#2792,#2793),.UNSPECIFIED.,.F.,.F.)B_SPLINE_CURVE_WITH_KNOTS((3,3),(0.0,0.318691679639737),.UNSPECIFIED.)RATIONAL_B_SPLINE_CURVE((1.0,1.00004248464387,1.0))BOUNDED_CURVE()REPRESENTATION_ITEM('')GEOMETRIC_REPRESENTATION_ITEM()CURVE());
#2267=VERTEX_POINT('',#2800);
#2268=CIRCLE('',#2801,1.54992433176296);
#2269=VERTEX_POINT('',#2802);
#2270=(B_SPLINE_CURVE(2,(#2804,#2805,#2806),.UNSPECIFIED.,.F.,.F.)B_SPLINE_CURVE_WITH_KNOTS((3,3),(0.0,0.318691679639737),.UNSPECIFIED.)RATIONAL_B_SPLINE_CURVE((1.0,1.00004248464387,1.0))BOUNDED_CURVE()REPRESENTATION_ITEM('')GEOMETRIC_REPRESENTATION_ITEM()CURVE());
#2271=CIRCLE('',#2813,1.52215270481486);
#2272=FILL_AREA_STYLE_COLOUR('',#2814);
#2273=VERTEX_POINT('',#2815);
#2274=VERTEX_POINT('',#2816);
#2275=LINE('',#2817,#2818);
#2276=VERTEX_POINT('',#2819);
#2277=CIRCLE('',#2820,1.63128878884207);
#2278=VERTEX_POINT('',#2821);
#2279=LINE('',#2822,#2823);
#2280=VERTEX_POINT('',#2824);
#2281=CIRCLE('',#2825,1.52215270481486);
#2282=VERTEX_POINT('',#2826);
#2283=(B_SPLINE_CURVE(2,(#2828,#2829,#2830),.UNSPECIFIED.,.F.,.F.)B_SPLINE_CURVE_WITH_KNOTS((3,3),(0.0,0.318691679639737),.UNSPECIFIED.)RATIONAL_B_SPLINE_CURVE((1.0,1.00004248464387,1.0))BOUNDED_CURVE()REPRESENTATION_ITEM('')GEOMETRIC_REPRESENTATION_ITEM()CURVE());
#2284=VERTEX_POINT('',#2837);
#2285=CIRCLE('',#2838,1.54992433176296);
#2286=VERTEX_POINT('',#2839);
#2287=(B_SPLINE_CURVE(2,(#2841,#2842,#2843),.UNSPECIFIED.,.F.,.F.)B_SPLINE_CURVE_WITH_KNOTS((3,3),(0.0,0.318691679639737),.UNSPECIFIED.)RATIONAL_B_SPLINE_CURVE((1.0,1.00004248464387,1.0))BOUNDED_CURVE()REPRESENTATION_ITEM('')GEOMETRIC_REPRESENTATION_ITEM()CURVE());
#2288=CIRCLE('',#2850,1.52215270481486);
#2289=FILL_AREA_STYLE_COLOUR('',#2851);
#2290=VERTEX_POINT('',#2852);
#2291=CIRCLE('',#2853,1.52215270481486);
#2292=VERTEX_POINT('',#2854);
#2293=(B_SPLINE_CURVE(2,(#2856,#2857,#2858),.UNSPECIFIED.,.F.,.F.)B_SPLINE_CURVE_WITH_KNOTS((3,3),(0.0,0.318691679639737),.UNSPECIFIED.)RATIONAL_B_SPLINE_CURVE((1.0,1.00004248464387,1.0))BOUNDED_CURVE()REPRESENTATION_ITEM('')GEOMETRIC_REPRESENTATION_ITEM()CURVE());
#2294=VERTEX_POINT('',#2865);
#2295=CIRCLE('',#2866,1.54992433176296);
#2296=VERTEX_POINT('',#2867);
#2297=(B_SPLINE_CURVE(2,(#2869,#2870,#2871),.UNSPECIFIED.,.F.,.F.)B_SPLINE_CURVE_WITH_KNOTS((3,3),(0.0,0.318691679639737),.UNSPECIFIED.)RATIONAL_B_SPLINE_CURVE((1.0,1.00004248464387,1.0))BOUNDED_CURVE()REPRESENTATION_ITEM('')GEOMETRIC_REPRESENTATION_ITEM()CURVE());
#2298=CIRCLE('',#2878,1.52215270481486);
#2299=CIRCLE('',#2879,1.63128878884207);
#2300=FILL_AREA_STYLE_COLOUR('',#2880);
#2301=LINE('',#2881,#2882);
#2302=VERTEX_POINT('',#2883);
#2303=B_SPLINE_CURVE_WITH_KNOTS('',3,(#2884,#2885,#2886,#2887,#2888,#2889,#2890,#2891,#2892,#2893,#2894,#2895,#2896,#2897,#2898,#2899,#2900,#2901),.UNSPECIFIED.,.F.,.F.,(4,2,2,2,2,2,2,2,4),(0.600489294048947,0.673745120778973,0.748394395017811,0.824452150616918,0.901280103026135,0.977806959861683,1.0531564489783,1.1274429659894,1.2009785880979),.UNSPECIFIED.);
#2304=VERTEX_POINT('',#2902);
#2305=LINE('',#2903,#2904);
#2306=B_SPLINE_CURVE_WITH_KNOTS('',3,(#2905,#2906,#2907,#2908,#2909,#2910,#2911,#2912,#2913,#2914,#2915,#2916,#2917,#2918,#2919,#2920,#2921,#2922),.UNSPECIFIED.,.F.,.F.,(4,2,2,2,2,2,2,2,4),(0.0,0.0735356221084948,0.147822139119596,0.223171628236212,0.29969848507176,0.376526437480977,0.452584193080084,0.527233467318922,0.600489294048948),.UNSPECIFIED.);
#2307=FILL_AREA_STYLE_COLOUR('',#2923);
#2308=LINE('',#2924,#2925);
#2309=FILL_AREA_STYLE_COLOUR('',#2926);
#2310=VERTEX_POINT('',#2927);
#2311=B_SPLINE_CURVE_WITH_KNOTS('',3,(#2928,#2929,#2930,#2931,#2932,#2933,#2934,#2935,#2936,#2937,#2938,#2939,#2940,#2941,#2942,#2943,#2944,#2945),.UNSPECIFIED.,.F.,.F.,(4,2,2,2,2,2,2,2,4),(0.600489294048947,0.673745120778973,0.748394395017811,0.824452150616918,0.901280103026135,0.977806959861683,1.0531564489783,1.1274429659894,1.2009785880979),.UNSPECIFIED.);
#2312=VERTEX_POINT('',#2946);
#2313=LINE('',#2947,#2948);
#2314=B_SPLINE_CURVE_WITH_KNOTS('',3,(#2949,#2950,#2951,#2952,#2953,#2954,#2955,#2956,#2957,#2958,#2959,#2960,#2961,#2962,#2963,#2964,#2965,#2966),.UNSPECIFIED.,.F.,.F.,(4,2,2,2,2,2,2,2,4),(0.0,0.0735356221084948,0.147822139119596,0.223171628236212,0.29969848507176,0.376526437480977,0.452584193080084,0.527233467318922,0.600489294048948),.UNSPECIFIED.);
#2315=FILL_AREA_STYLE_COLOUR('',#2967);
#2316=CIRCLE('',#2968,1.32291376519652);
#2317=FILL_AREA_STYLE_COLOUR('',#2969);
#2318=FILL_AREA_STYLE_COLOUR('',#2970);
#2319=CIRCLE('',#2971,1.32291376519652);
#2320=FILL_AREA_STYLE_COLOUR('',#2972);
#2321=FILL_AREA_STYLE_COLOUR('',#2973);
#2322=VERTEX_POINT('',#2974);
#2323=CIRCLE('',#2975,1.52215270481486);
#2324=VERTEX_POINT('',#2976);
#2325=(B_SPLINE_CURVE(2,(#2978,#2979,#2980),.UNSPECIFIED.,.F.,.F.)B_SPLINE_CURVE_WITH_KNOTS((3,3),(0.0,0.318691679639737),.UNSPECIFIED.)RATIONAL_B_SPLINE_CURVE((1.0,1.00004248464387,1.0))BOUNDED_CURVE()REPRESENTATION_ITEM('')GEOMETRIC_REPRESENTATION_ITEM()CURVE());
#2326=VERTEX_POINT('',#2987);
#2327=CIRCLE('',#2988,1.54992433176296);
#2328=VERTEX_POINT('',#2989);
#2329=(B_SPLINE_CURVE(2,(#2991,#2992,#2993),.UNSPECIFIED.,.F.,.F.)B_SPLINE_CURVE_WITH_KNOTS((3,3),(0.0,0.318691679639737),.UNSPECIFIED.)RATIONAL_B_SPLINE_CURVE((1.0,1.00004248464387,1.0))BOUNDED_CURVE()REPRESENTATION_ITEM('')GEOMETRIC_REPRESENTATION_ITEM()CURVE());
#2330=CIRCLE('',#3000,1.52215270481486);
#2331=CIRCLE('',#3001,1.63128878884207);
#2332=FILL_AREA_STYLE_COLOUR('',#3002);
#2333=LINE('',#3003,#3004);
#2334=VERTEX_POINT('',#3005);
#2335=B_SPLINE_CURVE_WITH_KNOTS('',3,(#3006,#3007,#3008,#3009,#3010,#3011,#3012,#3013,#3014,#3015,#3016,#3017,#3018,#3019,#3020,#3021,#3022,#3023),.UNSPECIFIED.,.F.,.F.,(4,2,2,2,2,2,2,2,4),(0.600489294048947,0.673745120778973,0.748394395017811,0.824452150616918,0.901280103026135,0.977806959861683,1.0531564489783,1.1274429659894,1.2009785880979),.UNSPECIFIED.);
#2336=VERTEX_POINT('',#3024);
#2337=LINE('',#3025,#3026);
#2338=B_SPLINE_CURVE_WITH_KNOTS('',3,(#3027,#3028,#3029,#3030,#3031,#3032,#3033,#3034,#3035,#3036,#3037,#3038,#3039,#3040,#3041,#3042,#3043,#3044),.UNSPECIFIED.,.F.,.F.,(4,2,2,2,2,2,2,2,4),(0.0,0.0735356221084948,0.147822139119596,0.223171628236212,0.29969848507176,0.376526437480977,0.452584193080084,0.527233467318922,0.600489294048948),.UNSPECIFIED.);
#2339=FILL_AREA_STYLE_COLOUR('',#3045);
#2340=LINE('',#3046,#3047);
#2341=FILL_AREA_STYLE_COLOUR('',#3048);
#2342=VERTEX_POINT('',#3049);
#2343=B_SPLINE_CURVE_WITH_KNOTS('',3,(#3050,#3051,#3052,#3053,#3054,#3055,#3056,#3057,#3058,#3059,#3060,#3061,#3062,#3063,#3064,#3065,#3066,#3067),.UNSPECIFIED.,.F.,.F.,(4,2,2,2,2,2,2,2,4),(0.600489294048947,0.673745120778973,0.748394395017811,0.824452150616918,0.901280103026135,0.977806959861683,1.0531564489783,1.1274429659894,1.2009785880979),.UNSPECIFIED.);
#2344=VERTEX_POINT('',#3068);
#2345=LINE('',#3069,#3070);
#2346=B_SPLINE_CURVE_WITH_KNOTS('',3,(#3071,#3072,#3073,#3074,#3075,#3076,#3077,#3078,#3079,#3080,#3081,#3082,#3083,#3084,#3085,#3086,#3087,#3088),.UNSPECIFIED.,.F.,.F.,(4,2,2,2,2,2,2,2,4),(0.0,0.0735356221084948,0.147822139119596,0.223171628236212,0.29969848507176,0.376526437480977,0.452584193080084,0.527233467318922,0.600489294048948),.UNSPECIFIED.);
#2347=FILL_AREA_STYLE_COLOUR('',#3089);
#2348=CIRCLE('',#3090,1.32291376519652);
#2349=FILL_AREA_STYLE_COLOUR('',#3091);
#2350=FILL_AREA_STYLE_COLOUR('',#3092);
#2351=CIRCLE('',#3093,1.32291376519652);
#2352=FILL_AREA_STYLE_COLOUR('',#3094);
#2353=FILL_AREA_STYLE_COLOUR('',#3095);
#2354=VERTEX_POINT('',#3096);
#2355=VERTEX_POINT('',#3097);
#2356=LINE('',#3098,#3099);
#2357=VERTEX_POINT('',#3100);
#2358=LINE('',#3101,#3102);
#2359=VERTEX_POINT('',#3103);
#2360=LINE('',#3104,#3105);
#2361=LINE('',#3106,#3107);
#2362=FILL_AREA_STYLE_COLOUR('',#3108);
#2363=VERTEX_POINT('',#3109);
#2364=LINE('',#3110,#3111);
#2365=VERTEX_POINT('',#3112);
#2366=LINE('',#3113,#3114);
#2367=VERTEX_POINT('',#3115);
#2368=LINE('',#3116,#3117);
#2369=VERTEX_POINT('',#3118);
#2370=LINE('',#3119,#3120);
#2371=LINE('',#3121,#3122);
#2372=FILL_AREA_STYLE_COLOUR('',#3123);
#2373=VERTEX_POINT('',#3124);
#2374=VERTEX_POINT('',#3125);
#2375=LINE('',#3126,#3127);
#2376=VERTEX_POINT('',#3128);
#2377=LINE('',#3129,#3130);
#2378=VERTEX_POINT('',#3131);
#2379=LINE('',#3132,#3133);
#2380=LINE('',#3134,#3135);
#2381=FILL_AREA_STYLE_COLOUR('',#3136);
#2382=VERTEX_POINT('',#3137);
#2383=LINE('',#3138,#3139);
#2384=VERTEX_POINT('',#3140);
#2385=LINE('',#3141,#3142);
#2386=LINE('',#3143,#3144);
#2387=FILL_AREA_STYLE_COLOUR('',#3145);
#2388=VERTEX_POINT('',#3146);
#2389=LINE('',#3147,#3148);
#2390=LINE('',#3149,#3150);
#2391=VERTEX_POINT('',#3151);
#2392=LINE('',#3152,#3153);
#2393=LINE('',#3154,#3155);
#2394=FILL_AREA_STYLE_COLOUR('',#3156);
#2395=LINE('',#3157,#3158);
#2396=LINE('',#3159,#3160);
#2397=FILL_AREA_STYLE_COLOUR('',#3161);
#2398=LINE('',#3162,#3163);
#2399=FILL_AREA_STYLE_COLOUR('',#3164);
#2400=LINE('',#3165,#3166);
#2401=FILL_AREA_STYLE_COLOUR('',#3167);
#2402=FILL_AREA_STYLE_COLOUR('',#3168);
#2403=VERTEX_POINT('',#3169);
#2404=VERTEX_POINT('',#3170);
#2405=LINE('',#3171,#3172);
#2406=VERTEX_POINT('',#3173);
#2407=LINE('',#3174,#3175);
#2408=VERTEX_POINT('',#3176);
#2409=LINE('',#3177,#3178);
#2410=LINE('',#3179,#3180);
#2411=FILL_AREA_STYLE_COLOUR('',#3181);
#2412=VERTEX_POINT('',#3182);
#2413=LINE('',#3183,#3184);
#2414=VERTEX_POINT('',#3185);
#2415=LINE('',#3186,#3187);
#2416=VERTEX_POINT('',#3188);
#2417=LINE('',#3189,#3190);
#2418=VERTEX_POINT('',#3191);
#2419=LINE('',#3192,#3193);
#2420=LINE('',#3194,#3195);
#2421=FILL_AREA_STYLE_COLOUR('',#3196);
#2422=VERTEX_POINT('',#3197);
#2423=VERTEX_POINT('',#3198);
#2424=LINE('',#3199,#3200);
#2425=VERTEX_POINT('',#3201);
#2426=LINE('',#3202,#3203);
#2427=VERTEX_POINT('',#3204);
#2428=LINE('',#3205,#3206);
#2429=LINE('',#3207,#3208);
#2430=FILL_AREA_STYLE_COLOUR('',#3209);
#2431=VERTEX_POINT('',#3210);
#2432=LINE('',#3211,#3212);
#2433=VERTEX_POINT('',#3213);
#2434=LINE('',#3214,#3215);
#2435=LINE('',#3216,#3217);
#2436=FILL_AREA_STYLE_COLOUR('',#3218);
#2437=VERTEX_POINT('',#3219);
#2438=LINE('',#3220,#3221);
#2439=LINE('',#3222,#3223);
#2440=VERTEX_POINT('',#3224);
#2441=LINE('',#3225,#3226);
#2442=LINE('',#3227,#3228);
#2443=FILL_AREA_STYLE_COLOUR('',#3229);
#2444=LINE('',#3230,#3231);
#2445=LINE('',#3232,#3233);
#2446=FILL_AREA_STYLE_COLOUR('',#3234);
#2447=LINE('',#3235,#3236);
#2448=FILL_AREA_STYLE_COLOUR('',#3237);
#2449=LINE('',#3238,#3239);
#2450=FILL_AREA_STYLE_COLOUR('',#3240);
#2451=FILL_AREA_STYLE_COLOUR('',#3241);
#2452=VERTEX_POINT('',#3242);
#2453=VERTEX_POINT('',#3243);
#2454=LINE('',#3244,#3245);
#2455=VERTEX_POINT('',#3246);
#2456=LINE('',#3247,#3248);
#2457=VERTEX_POINT('',#3249);
#2458=LINE('',#3250,#3251);
#2459=LINE('',#3252,#3253);
#2460=FILL_AREA_STYLE_COLOUR('',#3254);
#2461=VERTEX_POINT('',#3255);
#2462=LINE('',#3256,#3257);
#2463=VERTEX_POINT('',#3258);
#2464=LINE('',#3259,#3260);
#2465=LINE('',#3261,#3262);
#2466=FILL_AREA_STYLE_COLOUR('',#3263);
#2467=VERTEX_POINT('',#3264);
#2468=LINE('',#3265,#3266);
#2469=LINE('',#3267,#3268);
#2470=FILL_AREA_STYLE_COLOUR('',#3269);
#2471=VERTEX_POINT('',#3270);
#2472=LINE('',#3271,#3272);
#2473=LINE('',#3273,#3274);
#2474=FILL_AREA_STYLE_COLOUR('',#3275);
#2475=LINE('',#3276,#3277);
#2476=FILL_AREA_STYLE_COLOUR('',#3278);
#2477=VERTEX_POINT('',#3279);
#2478=VERTEX_POINT('',#3280);
#2479=LINE('',#3281,#3282);
#2480=VERTEX_POINT('',#3283);
#2481=LINE('',#3284,#3285);
#2482=VERTEX_POINT('',#3286);
#2483=LINE('',#3287,#3288);
#2484=LINE('',#3289,#3290);
#2485=FILL_AREA_STYLE_COLOUR('',#3291);
#2486=VERTEX_POINT('',#3292);
#2487=LINE('',#3293,#3294);
#2488=VERTEX_POINT('',#3295);
#2489=LINE('',#3296,#3297);
#2490=LINE('',#3298,#3299);
#2491=FILL_AREA_STYLE_COLOUR('',#3300);
#2492=VERTEX_POINT('',#3301);
#2493=LINE('',#3302,#3303);
#2494=LINE('',#3304,#3305);
#2495=FILL_AREA_STYLE_COLOUR('',#3306);
#2496=VERTEX_POINT('',#3307);
#2497=LINE('',#3308,#3309);
#2498=LINE('',#3310,#3311);
#2499=FILL_AREA_STYLE_COLOUR('',#3312);
#2500=LINE('',#3313,#3314);
#2501=FILL_AREA_STYLE_COLOUR('',#3315);
#2502=VERTEX_POINT('',#3316);
#2503=VERTEX_POINT('',#3317);
#2504=LINE('',#3318,#3319);
#2505=VERTEX_POINT('',#3320);
#2506=LINE('',#3321,#3322);
#2507=VERTEX_POINT('',#3323);
#2508=LINE('',#3324,#3325);
#2509=LINE('',#3326,#3327);
#2510=FILL_AREA_STYLE_COLOUR('',#3328);
#2511=VERTEX_POINT('',#3329);
#2512=LINE('',#3330,#3331);
#2513=VERTEX_POINT('',#3332);
#2514=LINE('',#3333,#3334);
#2515=LINE('',#3335,#3336);
#2516=FILL_AREA_STYLE_COLOUR('',#3337);
#2517=VERTEX_POINT('',#3338);
#2518=LINE('',#3339,#3340);
#2519=VERTEX_POINT('',#3341);
#2520=LINE('',#3342,#3343);
#2521=LINE('',#3344,#3345);
#2522=FILL_AREA_STYLE_COLOUR('',#3346);
#2523=VERTEX_POINT('',#3347);
#2524=LINE('',#3348,#3349);
#2525=VERTEX_POINT('',#3350);
#2526=LINE('',#3351,#3352);
#2527=LINE('',#3353,#3354);
#2528=FILL_AREA_STYLE_COLOUR('',#3355);
#2529=VERTEX_POINT('',#3356);
#2530=VERTEX_POINT('',#3357);
#2531=LINE('',#3358,#3359);
#2532=VERTEX_POINT('',#3360);
#2533=LINE('',#3361,#3362);
#2534=VERTEX_POINT('',#3363);
#2535=LINE('',#3364,#3365);
#2536=LINE('',#3366,#3367);
#2537=FILL_AREA_STYLE_COLOUR('',#3368);
#2538=VERTEX_POINT('',#3369);
#2539=LINE('',#3370,#3371);
#2540=VERTEX_POINT('',#3372);
#2541=LINE('',#3373,#3374);
#2542=LINE('',#3375,#3376);
#2543=FILL_AREA_STYLE_COLOUR('',#3377);
#2544=VERTEX_POINT('',#3378);
#2545=LINE('',#3379,#3380);
#2546=VERTEX_POINT('',#3381);
#2547=LINE('',#3382,#3383);
#2548=LINE('',#3384,#3385);
#2549=FILL_AREA_STYLE_COLOUR('',#3386);
#2550=VERTEX_POINT('',#3387);
#2551=LINE('',#3388,#3389);
#2552=VERTEX_POINT('',#3390);
#2553=LINE('',#3391,#3392);
#2554=LINE('',#3393,#3394);
#2555=FILL_AREA_STYLE_COLOUR('',#3395);
#2556=VERTEX_POINT('',#3396);
#2557=VERTEX_POINT('',#3397);
#2558=LINE('',#3398,#3399);
#2559=VERTEX_POINT('',#3400);
#2560=LINE('',#3401,#3402);
#2561=VERTEX_POINT('',#3403);
#2562=LINE('',#3404,#3405);
#2563=LINE('',#3406,#3407);
#2564=FILL_AREA_STYLE_COLOUR('',#3408);
#2565=VERTEX_POINT('',#3409);
#2566=LINE('',#3410,#3411);
#2567=VERTEX_POINT('',#3412);
#2568=LINE('',#3413,#3414);
#2569=LINE('',#3415,#3416);
#2570=FILL_AREA_STYLE_COLOUR('',#3417);
#2571=VERTEX_POINT('',#3418);
#2572=LINE('',#3419,#3420);
#2573=LINE('',#3421,#3422);
#2574=FILL_AREA_STYLE_COLOUR('',#3423);
#2575=VERTEX_POINT('',#3424);
#2576=LINE('',#3425,#3426);
#2577=LINE('',#3427,#3428);
#2578=FILL_AREA_STYLE_COLOUR('',#3429);
#2579=VERTEX_POINT('',#3430);
#2580=LINE('',#3431,#3432);
#2581=VERTEX_POINT('',#3433);
#2582=LINE('',#3434,#3435);
#2583=VERTEX_POINT('',#3436);
#2584=LINE('',#3437,#3438);
#2585=VERTEX_POINT('',#3439);
#2586=LINE('',#3440,#3441);
#2587=VERTEX_POINT('',#3442);
#2588=LINE('',#3443,#3444);
#2589=VERTEX_POINT('',#3445);
#2590=LINE('',#3446,#3447);
#2591=VERTEX_POINT('',#3448);
#2592=LINE('',#3449,#3450);
#2593=LINE('',#3451,#3452);
#2594=FILL_AREA_STYLE_COLOUR('',#3453);
#2595=VERTEX_POINT('',#3454);
#2596=VERTEX_POINT('',#3455);
#2597=LINE('',#3456,#3457);
#2598=VERTEX_POINT('',#3458);
#2599=LINE('',#3459,#3460);
#2600=VERTEX_POINT('',#3461);
#2601=LINE('',#3462,#3463);
#2602=LINE('',#3464,#3465);
#2603=FILL_AREA_STYLE_COLOUR('',#3466);
#2604=VERTEX_POINT('',#3467);
#2605=VERTEX_POINT('',#3468);
#2606=LINE('',#3469,#3470);
#2607=VERTEX_POINT('',#3471);
#2608=LINE('',#3472,#3473);
#2609=VERTEX_POINT('',#3474);
#2610=LINE('',#3475,#3476);
#2611=LINE('',#3477,#3478);
#2612=FILL_AREA_STYLE_COLOUR('',#3479);
#2613=LINE('',#3480,#3481);
#2614=LINE('',#3482,#3483);
#2615=FILL_AREA_STYLE_COLOUR('',#3484);
#2616=LINE('',#3485,#3486);
#2617=FILL_AREA_STYLE_COLOUR('',#3487);
#2618=VERTEX_POINT('',#3488);
#2619=LINE('',#3489,#3490);
#2620=VERTEX_POINT('',#3491);
#2621=LINE('',#3492,#3493);
#2622=VERTEX_POINT('',#3494);
#2623=LINE('',#3495,#3496);
#2624=VERTEX_POINT('',#3497);
#2625=LINE('',#3498,#3499);
#2626=VERTEX_POINT('',#3500);
#2627=LINE('',#3501,#3502);
#2628=VERTEX_POINT('',#3503);
#2629=LINE('',#3504,#3505);
#2630=VERTEX_POINT('',#3506);
#2631=LINE('',#3507,#3508);
#2632=LINE('',#3509,#3510);
#2633=FILL_AREA_STYLE_COLOUR('',#3511);
#2634=CIRCLE('',#3512,1.8);
#2635=FILL_AREA_STYLE_COLOUR('',#3513);
#2636=CIRCLE('',#3514,1.8);
#2637=FILL_AREA_STYLE_COLOUR('',#3515);
#2638=CIRCLE('',#3516,1.63);
#2639=FILL_AREA_STYLE_COLOUR('',#3517);
#2640=CIRCLE('',#3518,1.63);
#2641=FILL_AREA_STYLE_COLOUR('',#3519);
#2642=CIRCLE('',#3520,1.8);
#2643=FILL_AREA_STYLE_COLOUR('',#3521);
#2644=CIRCLE('',#3522,1.8);
#2645=FILL_AREA_STYLE_COLOUR('',#3523);
#2646=CIRCLE('',#3524,1.8);
#2647=FILL_AREA_STYLE_COLOUR('',#3525);
#2648=CIRCLE('',#3526,1.8);
#2649=FILL_AREA_STYLE_COLOUR('',#3527);
#2650=CIRCLE('',#3528,1.63);
#2651=FILL_AREA_STYLE_COLOUR('',#3529);
#2652=CIRCLE('',#3530,1.63);
#2653=FILL_AREA_STYLE_COLOUR('',#3531);
#2654=CIRCLE('',#3532,1.8);
#2655=FILL_AREA_STYLE_COLOUR('',#3533);
#2656=CIRCLE('',#3534,1.8);
#2657=FILL_AREA_STYLE_COLOUR('',#3535);
#2658=VERTEX_POINT('',#3536);
#2659=LINE('',#3537,#3538);
#2660=VERTEX_POINT('',#3539);
#2661=LINE('',#3540,#3541);
#2662=LINE('',#3542,#3543);
#2663=FILL_AREA_STYLE_COLOUR('',#3544);
#2664=LINE('',#3545,#3546);
#2665=LINE('',#3547,#3548);
#2666=FILL_AREA_STYLE_COLOUR('',#3549);
#2667=FILL_AREA_STYLE_COLOUR('',#3550);
#2668=VERTEX_POINT('',#3551);
#2669=LINE('',#3552,#3553);
#2670=VERTEX_POINT('',#3554);
#2671=LINE('',#3555,#3556);
#2672=LINE('',#3557,#3558);
#2673=FILL_AREA_STYLE_COLOUR('',#3559);
#2674=LINE('',#3560,#3561);
#2675=LINE('',#3562,#3563);
#2676=FILL_AREA_STYLE_COLOUR('',#3564);
#2677=FILL_AREA_STYLE_COLOUR('',#3565);
#2678=LINE('',#3566,#3567);
#2679=LINE('',#3568,#3569);
#2680=FILL_AREA_STYLE_COLOUR('',#3570);
#2681=LINE('',#3571,#3572);
#2682=FILL_AREA_STYLE_COLOUR('',#3573);
#2683=LINE('',#3574,#3575);
#2684=FILL_AREA_STYLE_COLOUR('',#3576);
#2685=LINE('',#3577,#3578);
#2686=FILL_AREA_STYLE_COLOUR('',#3579);
#2687=LINE('',#3580,#3581);
#2688=FILL_AREA_STYLE_COLOUR('',#3582);
#2689=LINE('',#3583,#3584);
#2690=FILL_AREA_STYLE_COLOUR('',#3585);
#2691=COLOUR_RGB('',0.172549024224281,0.172549024224281,0.172549024224281);
#2692=CARTESIAN_POINT('',(6.88,9.906,2.20436423846523E-16));
#2693=CARTESIAN_POINT('',(6.88,9.706,0.0));
#2694=CARTESIAN_POINT('',(6.88,9.806,2.20436423846523E-16));
#2695=VECTOR('',#3586,1.0);
#2696=CARTESIAN_POINT('',(3.28,9.906,0.0));
#2697=AXIS2_PLACEMENT_3D('',#3587,#3588,#3589);
#2698=CARTESIAN_POINT('',(3.28,9.706,-2.20436423846523E-16));
#2699=CARTESIAN_POINT('',(3.28,9.806,-2.20436423846524E-16));
#2700=VECTOR('',#3590,1.0);
#2701=AXIS2_PLACEMENT_3D('',#3591,#3592,#3593);
#2702=COLOUR_RGB('',0.172549024224281,0.172549024224281,0.172549024224281);
#2703=CARTESIAN_POINT('',(6.71,9.306,0.0));
#2704=CARTESIAN_POINT('',(6.795,9.506,2.10026926053771E-16));
#2705=VECTOR('',#3594,1.0);
#2706=CARTESIAN_POINT('',(3.45,9.306,-1.99617428261019E-16));
#2707=CARTESIAN_POINT('',(3.365,9.506,-2.10026926053771E-16));
#2708=VECTOR('',#3595,1.0);
#2709=AXIS2_PLACEMENT_3D('',#3596,#3597,#3598);
#2710=COLOUR_RGB('',0.172549024224281,0.172549024224281,0.172549024224281);
#2711=CARTESIAN_POINT('',(6.71,8.906,0.0));
#2712=CARTESIAN_POINT('',(6.71,9.106,1.99617428261019E-16));
#2713=VECTOR('',#3599,1.0);
#2714=CARTESIAN_POINT('',(3.45,8.906,-1.99617428261019E-16));
#2715=CARTESIAN_POINT('',(3.45,9.106,-1.99617428261019E-16));
#2716=VECTOR('',#3600,1.0);
#2717=AXIS2_PLACEMENT_3D('',#3601,#3602,#3603);
#2718=COLOUR_RGB('',0.172549024224281,0.172549024224281,0.172549024224281);
#2719=CARTESIAN_POINT('',(6.88,8.506,0.0));
#2720=CARTESIAN_POINT('',(6.795,8.706,2.10026926053771E-16));
#2721=VECTOR('',#3604,1.0);
#2722=CARTESIAN_POINT('',(3.28,8.506,-2.20436423846523E-16));
#2723=CARTESIAN_POINT('',(3.365,8.706,-2.10026926053771E-16));
#2724=VECTOR('',#3605,1.0);
#2725=AXIS2_PLACEMENT_3D('',#3606,#3607,#3608);
#2726=COLOUR_RGB('',0.172549024224281,0.172549024224281,0.172549024224281);
#2727=CARTESIAN_POINT('',(6.88,7.206,0.0));
#2728=CARTESIAN_POINT('',(6.88,7.856,2.20436423846523E-16));
#2729=VECTOR('',#3609,1.0);
#2730=CARTESIAN_POINT('',(3.28,7.206,-2.20436423846523E-16));
#2731=CARTESIAN_POINT('',(3.28,7.856,-2.20436423846523E-16));
#2732=VECTOR('',#3610,1.0);
#2733=AXIS2_PLACEMENT_3D('',#3611,#3612,#3613);
#2734=COLOUR_RGB('',0.172549024224281,0.172549024224281,0.172549024224281);
#2735=CARTESIAN_POINT('',(1.8,9.906,2.20436423846523E-16));
#2736=CARTESIAN_POINT('',(1.8,9.706,0.0));
#2737=CARTESIAN_POINT('',(1.8,9.806,2.20436423846523E-16));
#2738=VECTOR('',#3614,1.0);
#2739=CARTESIAN_POINT('',(-1.8,9.906,0.0));
#2740=AXIS2_PLACEMENT_3D('',#3615,#3616,#3617);
#2741=CARTESIAN_POINT('',(-1.8,9.706,-2.20436423846523E-16));
#2742=CARTESIAN_POINT('',(-1.8,9.806,-2.20436423846523E-16));
#2743=VECTOR('',#3618,1.0);
#2744=AXIS2_PLACEMENT_3D('',#3619,#3620,#3621);
#2745=COLOUR_RGB('',0.172549024224281,0.172549024224281,0.172549024224281);
#2746=CARTESIAN_POINT('',(1.63,9.306,0.0));
#2747=CARTESIAN_POINT('',(1.715,9.506,2.10026926053771E-16));
#2748=VECTOR('',#3622,1.0);
#2749=CARTESIAN_POINT('',(-1.63,9.306,-1.99617428261019E-16));
#2750=CARTESIAN_POINT('',(-1.715,9.506,-2.10026926053771E-16));
#2751=VECTOR('',#3623,1.0);
#2752=AXIS2_PLACEMENT_3D('',#3624,#3625,#3626);
#2753=COLOUR_RGB('',0.172549024224281,0.172549024224281,0.172549024224281);
#2754=CARTESIAN_POINT('',(1.63,8.906,0.0));
#2755=CARTESIAN_POINT('',(1.63,9.106,1.99617428261019E-16));
#2756=VECTOR('',#3627,1.0);
#2757=CARTESIAN_POINT('',(-1.63,8.906,-1.99617428261019E-16));
#2758=CARTESIAN_POINT('',(-1.63,9.106,-1.99617428261019E-16));
#2759=VECTOR('',#3628,1.0);
#2760=AXIS2_PLACEMENT_3D('',#3629,#3630,#3631);
#2761=COLOUR_RGB('',0.172549024224281,0.172549024224281,0.172549024224281);
#2762=CARTESIAN_POINT('',(1.8,8.506,0.0));
#2763=CARTESIAN_POINT('',(1.715,8.706,2.10026926053771E-16));
#2764=VECTOR('',#3632,1.0);
#2765=CARTESIAN_POINT('',(-1.8,8.506,-2.20436423846523E-16));
#2766=CARTESIAN_POINT('',(-1.715,8.706,-2.10026926053771E-16));
#2767=VECTOR('',#3633,1.0);
#2768=AXIS2_PLACEMENT_3D('',#3634,#3635,#3636);
#2769=COLOUR_RGB('',0.172549024224281,0.172549024224281,0.172549024224281);
#2770=CARTESIAN_POINT('',(1.8,7.206,0.0));
#2771=CARTESIAN_POINT('',(1.8,7.856,2.20436423846523E-16));
#2772=VECTOR('',#3637,1.0);
#2773=CARTESIAN_POINT('',(-1.8,7.206,-2.20436423846523E-16));
#2774=CARTESIAN_POINT('',(-1.8,7.856,-2.20436423846523E-16));
#2775=VECTOR('',#3638,1.0);
#2776=AXIS2_PLACEMENT_3D('',#3639,#3640,#3641);
#2777=COLOUR_RGB('',0.69803923368454,0.69803923368454,0.69803923368454);
#2778=CARTESIAN_POINT('',(5.08,7.206,-1.63128878884207));
#2779=CARTESIAN_POINT('',(5.08,8.45343114854953,-1.52215270481486));
#2780=CARTESIAN_POINT('',(5.08,7.79471557427477,-1.57978285005188));
#2781=VECTOR('',#3642,1.0);
#2782=CARTESIAN_POINT('',(5.08,7.206,1.63128878884207));
#2783=AXIS2_PLACEMENT_3D('',#3643,#3644,#3645);
#2784=CARTESIAN_POINT('',(5.08,8.45343114854953,1.52215270481486));
#2785=CARTESIAN_POINT('',(5.08,7.79471557427477,1.57978285005188));
#2786=VECTOR('',#3646,1.0);
#2787=CARTESIAN_POINT('',(3.58770349569021,8.45343114854953,0.3));
#2788=AXIS2_PLACEMENT_3D('',#3647,#3648,#3649);
#2789=CARTESIAN_POINT('',(3.55938649414427,8.136,0.3));
#2791=CARTESIAN_POINT('',(3.58770349569021,8.45343114854953,0.3));
#2792=CARTESIAN_POINT('',(3.57367298827669,8.29620727452084,0.3));
#2793=CARTESIAN_POINT('',(3.55938649414427,8.136,0.3));
#2800=CARTESIAN_POINT('',(3.55938649414427,8.136,-0.3));
#2801=AXIS2_PLACEMENT_3D('',#3650,#3651,#3652);
#2802=CARTESIAN_POINT('',(3.58770349569021,8.45343114854953,-0.3));
#2804=CARTESIAN_POINT('',(3.55938649414427,8.136,-0.3));
#2805=CARTESIAN_POINT('',(3.57367298827669,8.29620727452084,-0.3));
#2806=CARTESIAN_POINT('',(3.58770349569021,8.45343114854953,-0.3));
#2813=AXIS2_PLACEMENT_3D('',#3653,#3654,#3655);
#2814=COLOUR_RGB('',0.69803923368454,0.69803923368454,0.69803923368454);
#2815=CARTESIAN_POINT('',(2.99662889061061E-16,7.206,-1.63128878884207));
#2816=CARTESIAN_POINT('',(2.79614915664751E-16,8.45343114854953,-1.52215270481486));
#2817=CARTESIAN_POINT('',(2.90201401599587E-16,7.79471557427477,-1.57978285005188));
#2818=VECTOR('',#3656,1.0);
#2819=CARTESIAN_POINT('',(0.0,7.206,1.63128878884207));
#2820=AXIS2_PLACEMENT_3D('',#3657,#3658,#3659);
#2821=CARTESIAN_POINT('',(-2.79614915664751E-16,8.45343114854953,1.52215270481486));
#2822=CARTESIAN_POINT('',(-2.90201401599587E-16,7.79471557427477,1.57978285005188));
#2823=VECTOR('',#3660,1.0);
#2824=CARTESIAN_POINT('',(-1.49229650430979,8.45343114854953,0.3));
#2825=AXIS2_PLACEMENT_3D('',#3661,#3662,#3663);
#2826=CARTESIAN_POINT('',(-1.52061350585573,8.136,0.3));
#2828=CARTESIAN_POINT('',(-1.49229650430979,8.45343114854953,0.3));
#2829=CARTESIAN_POINT('',(-1.50632701172331,8.29620727452084,0.3));
#2830=CARTESIAN_POINT('',(-1.52061350585573,8.136,0.3));
#2837=CARTESIAN_POINT('',(-1.52061350585573,8.136,-0.3));
#2838=AXIS2_PLACEMENT_3D('',#3664,#3665,#3666);
#2839=CARTESIAN_POINT('',(-1.49229650430979,8.45343114854953,-0.3));
#2841=CARTESIAN_POINT('',(-1.52061350585573,8.136,-0.3));
#2842=CARTESIAN_POINT('',(-1.50632701172331,8.29620727452084,-0.3));
#2843=CARTESIAN_POINT('',(-1.49229650430979,8.45343114854953,-0.3));
#2850=AXIS2_PLACEMENT_3D('',#3667,#3668,#3669);
#2851=COLOUR_RGB('',0.69803923368454,0.69803923368454,0.69803923368454);
#2852=CARTESIAN_POINT('',(1.49229650430979,8.45343114854953,-0.3));
#2853=AXIS2_PLACEMENT_3D('',#3670,#3671,#3672);
#2854=CARTESIAN_POINT('',(1.52061350585573,8.136,-0.3));
#2856=CARTESIAN_POINT('',(1.49229650430979,8.45343114854953,-0.3));
#2857=CARTESIAN_POINT('',(1.50632701172331,8.29620727452084,-0.3));
#2858=CARTESIAN_POINT('',(1.52061350585573,8.136,-0.3));
#2865=CARTESIAN_POINT('',(1.52061350585573,8.136,0.3));
#2866=AXIS2_PLACEMENT_3D('',#3673,#3674,#3675);
#2867=CARTESIAN_POINT('',(1.49229650430979,8.45343114854953,0.3));
#2869=CARTESIAN_POINT('',(1.52061350585573,8.136,0.3));
#2870=CARTESIAN_POINT('',(1.50632701172331,8.29620727452084,0.3));
#2871=CARTESIAN_POINT('',(1.49229650430979,8.45343114854953,0.3));
#2878=AXIS2_PLACEMENT_3D('',#3676,#3677,#3678);
#2879=AXIS2_PLACEMENT_3D('',#3679,#3680,#3681);
#2880=COLOUR_RGB('',0.69803923368454,0.69803923368454,0.69803923368454);
#2881=CARTESIAN_POINT('',(0.0,8.136,-0.3));
#2882=VECTOR('',#3682,1.0);
#2883=CARTESIAN_POINT('',(1.28844900176391,8.636,-0.3));
#2884=CARTESIAN_POINT('',(1.08209764996871,8.436,-0.3));
#2885=CARTESIAN_POINT('',(1.08209764996871,8.46041860891001,-0.3));
#2886=CARTESIAN_POINT('',(1.08797398555983,8.48912566839029,-0.3));
#2887=CARTESIAN_POINT('',(1.10719448398032,8.53452644035733,-0.3));
#2888=CARTESIAN_POINT('',(1.12409613108735,8.55914221960908,-0.3));
#2889=CARTESIAN_POINT('',(1.15999081435416,8.59428755952642,-0.3));
#2890=CARTESIAN_POINT('',(1.18547102505851,8.6109105560176,-0.3));
#2891=CARTESIAN_POINT('',(1.23267845637777,8.63010883593865,-0.3));
#2892=CARTESIAN_POINT('',(1.26283968429417,8.636,-0.3));
#2893=CARTESIAN_POINT('',(1.31395795404243,8.636,-0.3));
#2894=CARTESIAN_POINT('',(1.34400353175569,8.63014501659979,-0.3));
#2895=CARTESIAN_POINT('',(1.39086405209685,8.61098704999468,-0.3));
#2896=CARTESIAN_POINT('',(1.41605175193814,8.59443449555958,-0.3));
#2897=CARTESIAN_POINT('',(1.45154007437653,8.55938509381411,-0.3));
#2898=CARTESIAN_POINT('',(1.46821915496654,8.53479310064125,-0.3));
#2899=CARTESIAN_POINT('',(1.4872571275496,8.48934546873468,-0.3));
#2900=CARTESIAN_POINT('',(1.49307278329793,8.46051187403617,-0.3));
#2901=CARTESIAN_POINT('',(1.49307278329793,8.436,-0.3));
#2902=CARTESIAN_POINT('',(-1.28844900176391,8.636,-0.3));
#2903=CARTESIAN_POINT('',(0.0,8.636,-0.3));
#2904=VECTOR('',#3683,1.0);
#2905=CARTESIAN_POINT('',(-1.49307278329793,8.436,-0.3));
#2906=CARTESIAN_POINT('',(-1.49307278329793,8.46051187403617,-0.3));
#2907=CARTESIAN_POINT('',(-1.4872571275496,8.48934546873468,-0.3));
#2908=CARTESIAN_POINT('',(-1.46821915496654,8.53479310064125,-0.3));
#2909=CARTESIAN_POINT('',(-1.45154007437653,8.55938509381411,-0.3));
#2910=CARTESIAN_POINT('',(-1.41605175193814,8.59443449555958,-0.3));
#2911=CARTESIAN_POINT('',(-1.39086405209685,8.61098704999468,-0.3));
#2912=CARTESIAN_POINT('',(-1.34400353175569,8.63014501659979,-0.3));
#2913=CARTESIAN_POINT('',(-1.31395795404243,8.636,-0.3));
#2914=CARTESIAN_POINT('',(-1.26283968429417,8.636,-0.3));
#2915=CARTESIAN_POINT('',(-1.23267845637777,8.63010883593865,-0.3));
#2916=CARTESIAN_POINT('',(-1.18547102505851,8.6109105560176,-0.3));
#2917=CARTESIAN_POINT('',(-1.15999081435416,8.59428755952642,-0.3));
#2918=CARTESIAN_POINT('',(-1.12409613108735,8.55914221960908,-0.3));
#2919=CARTESIAN_POINT('',(-1.10719448398032,8.53452644035733,-0.3));
#2920=CARTESIAN_POINT('',(-1.08797398555982,8.48912566839029,-0.3));
#2921=CARTESIAN_POINT('',(-1.08209764996871,8.46041860891001,-0.3));
#2922=CARTESIAN_POINT('',(-1.08209764996871,8.436,-0.3));
#2923=COLOUR_RGB('',0.69803923368454,0.69803923368454,0.69803923368454);
#2924=CARTESIAN_POINT('',(0.0,8.136,0.3));
#2925=VECTOR('',#3684,1.0);
#2926=COLOUR_RGB('',0.69803923368454,0.69803923368454,0.69803923368454);
#2927=CARTESIAN_POINT('',(-1.28844900176391,8.636,0.3));
#2928=CARTESIAN_POINT('',(-1.08209764996871,8.436,0.3));
#2929=CARTESIAN_POINT('',(-1.08209764996871,8.46041860891001,0.3));
#2930=CARTESIAN_POINT('',(-1.08797398555982,8.48912566839029,0.3));
#2931=CARTESIAN_POINT('',(-1.10719448398032,8.53452644035733,0.3));
#2932=CARTESIAN_POINT('',(-1.12409613108735,8.55914221960908,0.3));
#2933=CARTESIAN_POINT('',(-1.15999081435416,8.59428755952642,0.3));
#2934=CARTESIAN_POINT('',(-1.18547102505851,8.6109105560176,0.3));
#2935=CARTESIAN_POINT('',(-1.23267845637777,8.63010883593865,0.3));
#2936=CARTESIAN_POINT('',(-1.26283968429417,8.636,0.3));
#2937=CARTESIAN_POINT('',(-1.31395795404243,8.636,0.3));
#2938=CARTESIAN_POINT('',(-1.34400353175569,8.63014501659979,0.3));
#2939=CARTESIAN_POINT('',(-1.39086405209685,8.61098704999468,0.3));
#2940=CARTESIAN_POINT('',(-1.41605175193814,8.59443449555958,0.3));
#2941=CARTESIAN_POINT('',(-1.45154007437653,8.55938509381411,0.3));
#2942=CARTESIAN_POINT('',(-1.46821915496654,8.53479310064125,0.3));
#2943=CARTESIAN_POINT('',(-1.4872571275496,8.48934546873468,0.3));
#2944=CARTESIAN_POINT('',(-1.49307278329793,8.46051187403617,0.3));
#2945=CARTESIAN_POINT('',(-1.49307278329793,8.436,0.3));
#2946=CARTESIAN_POINT('',(1.28844900176391,8.636,0.3));
#2947=CARTESIAN_POINT('',(0.0,8.636,0.3));
#2948=VECTOR('',#3685,1.0);
#2949=CARTESIAN_POINT('',(1.49307278329793,8.436,0.3));
#2950=CARTESIAN_POINT('',(1.49307278329793,8.46051187403617,0.3));
#2951=CARTESIAN_POINT('',(1.4872571275496,8.48934546873468,0.3));
#2952=CARTESIAN_POINT('',(1.46821915496654,8.53479310064125,0.3));
#2953=CARTESIAN_POINT('',(1.45154007437653,8.55938509381411,0.3));
#2954=CARTESIAN_POINT('',(1.41605175193814,8.59443449555958,0.3));
#2955=CARTESIAN_POINT('',(1.39086405209685,8.61098704999468,0.3));
#2956=CARTESIAN_POINT('',(1.34400353175569,8.63014501659979,0.3));
#2957=CARTESIAN_POINT('',(1.31395795404243,8.636,0.3));
#2958=CARTESIAN_POINT('',(1.26283968429417,8.636,0.3));
#2959=CARTESIAN_POINT('',(1.23267845637777,8.63010883593865,0.3));
#2960=CARTESIAN_POINT('',(1.18547102505851,8.6109105560176,0.3));
#2961=CARTESIAN_POINT('',(1.15999081435416,8.59428755952642,0.3));
#2962=CARTESIAN_POINT('',(1.12409613108735,8.55914221960908,0.3));
#2963=CARTESIAN_POINT('',(1.10719448398032,8.53452644035733,0.3));
#2964=CARTESIAN_POINT('',(1.08797398555983,8.48912566839029,0.3));
#2965=CARTESIAN_POINT('',(1.08209764996871,8.46041860891001,0.3));
#2966=CARTESIAN_POINT('',(1.08209764996871,8.436,0.3));
#2967=COLOUR_RGB('',0.69803923368454,0.69803923368454,0.69803923368454);
#2968=AXIS2_PLACEMENT_3D('',#3686,#3687,#3688);
#2969=COLOUR_RGB('',0.69803923368454,0.69803923368454,0.69803923368454);
#2970=COLOUR_RGB('',0.69803923368454,0.69803923368454,0.69803923368454);
#2971=AXIS2_PLACEMENT_3D('',#3689,#3690,#3691);
#2972=COLOUR_RGB('',0.69803923368454,0.69803923368454,0.69803923368454);
#2973=COLOUR_RGB('',0.69803923368454,0.69803923368454,0.69803923368454);
#2974=CARTESIAN_POINT('',(6.57229650430979,8.45343114854953,-0.3));
#2975=AXIS2_PLACEMENT_3D('',#3692,#3693,#3694);
#2976=CARTESIAN_POINT('',(6.60061350585573,8.136,-0.3));
#2978=CARTESIAN_POINT('',(6.57229650430979,8.45343114854953,-0.3));
#2979=CARTESIAN_POINT('',(6.58632701172331,8.29620727452084,-0.3));
#2980=CARTESIAN_POINT('',(6.60061350585573,8.136,-0.3));
#2987=CARTESIAN_POINT('',(6.60061350585573,8.136,0.3));
#2988=AXIS2_PLACEMENT_3D('',#3695,#3696,#3697);
#2989=CARTESIAN_POINT('',(6.57229650430979,8.45343114854953,0.3));
#2991=CARTESIAN_POINT('',(6.60061350585573,8.136,0.3));
#2992=CARTESIAN_POINT('',(6.58632701172331,8.29620727452084,0.3));
#2993=CARTESIAN_POINT('',(6.57229650430979,8.45343114854953,0.3));
#3000=AXIS2_PLACEMENT_3D('',#3698,#3699,#3700);
#3001=AXIS2_PLACEMENT_3D('',#3701,#3702,#3703);
#3002=COLOUR_RGB('',0.69803923368454,0.69803923368454,0.69803923368454);
#3003=CARTESIAN_POINT('',(5.08,8.136,-0.3));
#3004=VECTOR('',#3704,1.0);
#3005=CARTESIAN_POINT('',(6.36844900176391,8.636,-0.3));
#3006=CARTESIAN_POINT('',(6.16209764996871,8.436,-0.3));
#3007=CARTESIAN_POINT('',(6.16209764996871,8.46041860891001,-0.3));
#3008=CARTESIAN_POINT('',(6.16797398555983,8.48912566839029,-0.3));
#3009=CARTESIAN_POINT('',(6.18719448398032,8.53452644035733,-0.3));
#3010=CARTESIAN_POINT('',(6.20409613108735,8.55914221960908,-0.3));
#3011=CARTESIAN_POINT('',(6.23999081435416,8.59428755952642,-0.3));
#3012=CARTESIAN_POINT('',(6.26547102505851,8.6109105560176,-0.3));
#3013=CARTESIAN_POINT('',(6.31267845637777,8.63010883593865,-0.3));
#3014=CARTESIAN_POINT('',(6.34283968429417,8.636,-0.3));
#3015=CARTESIAN_POINT('',(6.39395795404243,8.636,-0.3));
#3016=CARTESIAN_POINT('',(6.42400353175569,8.63014501659979,-0.3));
#3017=CARTESIAN_POINT('',(6.47086405209685,8.61098704999468,-0.3));
#3018=CARTESIAN_POINT('',(6.49605175193814,8.59443449555958,-0.3));
#3019=CARTESIAN_POINT('',(6.53154007437653,8.55938509381411,-0.3));
#3020=CARTESIAN_POINT('',(6.54821915496654,8.53479310064125,-0.3));
#3021=CARTESIAN_POINT('',(6.5672571275496,8.48934546873468,-0.3));
#3022=CARTESIAN_POINT('',(6.57307278329793,8.46051187403617,-0.3));
#3023=CARTESIAN_POINT('',(6.57307278329793,8.436,-0.3));
#3024=CARTESIAN_POINT('',(3.79155099823609,8.636,-0.3));
#3025=CARTESIAN_POINT('',(5.08,8.636,-0.3));
#3026=VECTOR('',#3705,1.0);
#3027=CARTESIAN_POINT('',(3.58692721670207,8.436,-0.3));
#3028=CARTESIAN_POINT('',(3.58692721670207,8.46051187403617,-0.3));
#3029=CARTESIAN_POINT('',(3.5927428724504,8.48934546873468,-0.3));
#3030=CARTESIAN_POINT('',(3.61178084503346,8.53479310064125,-0.3));
#3031=CARTESIAN_POINT('',(3.62845992562347,8.55938509381411,-0.3));
#3032=CARTESIAN_POINT('',(3.66394824806186,8.59443449555958,-0.3));
#3033=CARTESIAN_POINT('',(3.68913594790315,8.61098704999468,-0.3));
#3034=CARTESIAN_POINT('',(3.73599646824431,8.63014501659979,-0.3));
#3035=CARTESIAN_POINT('',(3.76604204595757,8.636,-0.3));
#3036=CARTESIAN_POINT('',(3.81716031570583,8.636,-0.3));
#3037=CARTESIAN_POINT('',(3.84732154362223,8.63010883593865,-0.3));
#3038=CARTESIAN_POINT('',(3.89452897494149,8.6109105560176,-0.3));
#3039=CARTESIAN_POINT('',(3.92000918564584,8.59428755952642,-0.3));
#3040=CARTESIAN_POINT('',(3.95590386891265,8.55914221960908,-0.3));
#3041=CARTESIAN_POINT('',(3.97280551601968,8.53452644035733,-0.3));
#3042=CARTESIAN_POINT('',(3.99202601444017,8.48912566839029,-0.3));
#3043=CARTESIAN_POINT('',(3.99790235003129,8.46041860891001,-0.3));
#3044=CARTESIAN_POINT('',(3.99790235003129,8.436,-0.3));
#3045=COLOUR_RGB('',0.69803923368454,0.69803923368454,0.69803923368454);
#3046=CARTESIAN_POINT('',(5.08,8.136,0.3));
#3047=VECTOR('',#3706,1.0);
#3048=COLOUR_RGB('',0.69803923368454,0.69803923368454,0.69803923368454);
#3049=CARTESIAN_POINT('',(3.79155099823609,8.636,0.3));
#3050=CARTESIAN_POINT('',(3.99790235003129,8.436,0.3));
#3051=CARTESIAN_POINT('',(3.99790235003129,8.46041860891001,0.3));
#3052=CARTESIAN_POINT('',(3.99202601444017,8.48912566839029,0.3));
#3053=CARTESIAN_POINT('',(3.97280551601968,8.53452644035733,0.3));
#3054=CARTESIAN_POINT('',(3.95590386891265,8.55914221960908,0.3));
#3055=CARTESIAN_POINT('',(3.92000918564584,8.59428755952642,0.3));
#3056=CARTESIAN_POINT('',(3.89452897494149,8.6109105560176,0.3));
#3057=CARTESIAN_POINT('',(3.84732154362223,8.63010883593865,0.3));
#3058=CARTESIAN_POINT('',(3.81716031570583,8.636,0.3));
#3059=CARTESIAN_POINT('',(3.76604204595757,8.636,0.3));
#3060=CARTESIAN_POINT('',(3.73599646824431,8.63014501659979,0.3));
#3061=CARTESIAN_POINT('',(3.68913594790315,8.61098704999468,0.3));
#3062=CARTESIAN_POINT('',(3.66394824806186,8.59443449555958,0.3));
#3063=CARTESIAN_POINT('',(3.62845992562347,8.55938509381411,0.3));
#3064=CARTESIAN_POINT('',(3.61178084503346,8.53479310064125,0.3));
#3065=CARTESIAN_POINT('',(3.5927428724504,8.48934546873468,0.3));
#3066=CARTESIAN_POINT('',(3.58692721670207,8.46051187403617,0.3));
#3067=CARTESIAN_POINT('',(3.58692721670207,8.436,0.3));
#3068=CARTESIAN_POINT('',(6.36844900176391,8.636,0.3));
#3069=CARTESIAN_POINT('',(5.08,8.636,0.3));
#3070=VECTOR('',#3707,1.0);
#3071=CARTESIAN_POINT('',(6.57307278329793,8.436,0.3));
#3072=CARTESIAN_POINT('',(6.57307278329793,8.46051187403617,0.3));
#3073=CARTESIAN_POINT('',(6.5672571275496,8.48934546873468,0.3));
#3074=CARTESIAN_POINT('',(6.54821915496654,8.53479310064125,0.3));
#3075=CARTESIAN_POINT('',(6.53154007437653,8.55938509381411,0.3));
#3076=CARTESIAN_POINT('',(6.49605175193814,8.59443449555958,0.3));
#3077=CARTESIAN_POINT('',(6.47086405209685,8.61098704999468,0.3));
#3078=CARTESIAN_POINT('',(6.42400353175569,8.63014501659979,0.3));
#3079=CARTESIAN_POINT('',(6.39395795404243,8.636,0.3));
#3080=CARTESIAN_POINT('',(6.34283968429417,8.636,0.3));
#3081=CARTESIAN_POINT('',(6.31267845637777,8.63010883593865,0.3));
#3082=CARTESIAN_POINT('',(6.26547102505851,8.6109105560176,0.3));
#3083=CARTESIAN_POINT('',(6.23999081435416,8.59428755952642,0.3));
#3084=CARTESIAN_POINT('',(6.20409613108735,8.55914221960908,0.3));
#3085=CARTESIAN_POINT('',(6.18719448398032,8.53452644035733,0.3));
#3086=CARTESIAN_POINT('',(6.16797398555983,8.48912566839029,0.3));
#3087=CARTESIAN_POINT('',(6.16209764996871,8.46041860891001,0.3));
#3088=CARTESIAN_POINT('',(6.16209764996871,8.436,0.3));
#3089=COLOUR_RGB('',0.69803923368454,0.69803923368454,0.69803923368454);
#3090=AXIS2_PLACEMENT_3D('',#3708,#3709,#3710);
#3091=COLOUR_RGB('',0.69803923368454,0.69803923368454,0.69803923368454);
#3092=COLOUR_RGB('',0.69803923368454,0.69803923368454,0.69803923368454);
#3093=AXIS2_PLACEMENT_3D('',#3711,#3712,#3713);
#3094=COLOUR_RGB('',0.69803923368454,0.69803923368454,0.69803923368454);
#3095=COLOUR_RGB('',0.596078455448151,0.596078455448151,0.596078455448151);
#3096=CARTESIAN_POINT('',(-0.444499999999999,0.0,-0.254));
#3097=CARTESIAN_POINT('',(-0.444499999999999,0.0,0.254));
#3098=CARTESIAN_POINT('',(-0.444499999999999,0.0,-0.377));
#3099=VECTOR('',#3714,1.0);
#3100=CARTESIAN_POINT('',(-0.444500000000001,-2.8702,-0.254));
#3101=CARTESIAN_POINT('',(-0.444499999999999,-1.06895,-0.254));
#3102=VECTOR('',#3715,1.0);
#3103=CARTESIAN_POINT('',(-0.444500000000001,-2.8702,0.254));
#3104=CARTESIAN_POINT('',(-0.444500000000001,-2.8702,-0.5));
#3105=VECTOR('',#3716,1.0);
#3106=CARTESIAN_POINT('',(-0.444499999999999,-1.06895,0.254));
#3107=VECTOR('',#3717,1.0);
#3108=COLOUR_RGB('',0.596078455448151,0.596078455448151,0.596078455448151);
#3109=CARTESIAN_POINT('',(0.444500000000001,0.0,-0.254));
#3110=CARTESIAN_POINT('',(3.56,0.0,-0.254));
#3111=VECTOR('',#3718,1.0);
#3112=CARTESIAN_POINT('',(0.444500000000001,-2.8702,-0.254));
#3113=CARTESIAN_POINT('',(0.444500000000001,-1.06895,-0.254));
#3114=VECTOR('',#3719,1.0);
#3115=CARTESIAN_POINT('',(0.4345,-2.8952,-0.254));
#3116=CARTESIAN_POINT('',(0.646896551724137,-2.36420862068966,-0.254));
#3117=VECTOR('',#3720,1.0);
#3118=CARTESIAN_POINT('',(-0.434500000000001,-2.8952,-0.254));
#3119=CARTESIAN_POINT('',(-0.500000000000001,-2.8952,-0.254));
#3120=VECTOR('',#3721,1.0);
#3121=CARTESIAN_POINT('',(-0.715862068965518,-2.19179482758621,-0.254));
#3122=VECTOR('',#3722,1.0);
#3123=COLOUR_RGB('',0.596078455448151,0.596078455448151,0.596078455448151);
#3124=CARTESIAN_POINT('',(-0.434500000000001,-2.8952,0.254));
#3125=CARTESIAN_POINT('',(-0.1905,-3.5052,0.00999999999999979));
#3126=CARTESIAN_POINT('',(-0.285560606060606,-3.26754848484849,0.105060606060606));
#3127=VECTOR('',#3723,1.0);
#3128=CARTESIAN_POINT('',(0.1905,-3.5052,0.00999999999999979));
#3129=CARTESIAN_POINT('',(-0.25,-3.5052,0.00999999999999979));
#3130=VECTOR('',#3724,1.0);
#3131=CARTESIAN_POINT('',(0.4345,-2.8952,0.254));
#3132=CARTESIAN_POINT('',(0.224954545454545,-3.41906363636364,0.0444545454545455));
#3133=VECTOR('',#3725,1.0);
#3134=CARTESIAN_POINT('',(-0.500000000000001,-2.8952,0.254));
#3135=VECTOR('',#3726,1.0);
#3136=COLOUR_RGB('',0.596078455448151,0.596078455448151,0.596078455448151);
#3137=CARTESIAN_POINT('',(0.1905,-3.5052,-0.00999999999999979));
#3138=CARTESIAN_POINT('',(0.285560606060606,-3.26754848484849,-0.105060606060606));
#3139=VECTOR('',#3727,1.0);
#3140=CARTESIAN_POINT('',(-0.1905,-3.5052,-0.00999999999999979));
#3141=CARTESIAN_POINT('',(-0.25,-3.5052,-0.00999999999999979));
#3142=VECTOR('',#3728,1.0);
#3143=CARTESIAN_POINT('',(-0.346166666666666,-3.11603333333333,-0.165666666666667));
#3144=VECTOR('',#3729,1.0);
#3145=COLOUR_RGB('',0.596078455448151,0.596078455448151,0.596078455448151);
#3146=CARTESIAN_POINT('',(0.444500000000001,0.0,0.254));
#3147=CARTESIAN_POINT('',(3.56,0.0,0.254));
#3148=VECTOR('',#3730,1.0);
#3149=CARTESIAN_POINT('',(-0.715862068965518,-2.19179482758621,0.254));
#3150=VECTOR('',#3731,1.0);
#3151=CARTESIAN_POINT('',(0.444500000000001,-2.8702,0.254));
#3152=CARTESIAN_POINT('',(0.646896551724137,-2.36420862068966,0.254));
#3153=VECTOR('',#3732,1.0);
#3154=CARTESIAN_POINT('',(0.444500000000001,-1.06895,0.254));
#3155=VECTOR('',#3733,1.0);
#3156=COLOUR_RGB('',0.596078455448151,0.596078455448151,0.596078455448151);
#3157=CARTESIAN_POINT('',(0.1905,-3.5052,-0.5));
#3158=VECTOR('',#3734,1.0);
#3159=CARTESIAN_POINT('',(0.444500000000001,-2.8702,-0.5));
#3160=VECTOR('',#3735,1.0);
#3161=COLOUR_RGB('',0.596078455448151,0.596078455448151,0.596078455448151);
#3162=CARTESIAN_POINT('',(0.444500000000001,0.0,-0.377));
#3163=VECTOR('',#3736,1.0);
#3164=COLOUR_RGB('',0.596078455448151,0.596078455448151,0.596078455448151);
#3165=CARTESIAN_POINT('',(-0.1905,-3.5052,-0.5));
#3166=VECTOR('',#3737,1.0);
#3167=COLOUR_RGB('',0.596078455448151,0.596078455448151,0.596078455448151);
#3168=COLOUR_RGB('',0.596078455448151,0.596078455448151,0.596078455448151);
#3169=CARTESIAN_POINT('',(4.6355,0.0,-0.254));
#3170=CARTESIAN_POINT('',(4.6355,0.0,0.254));
#3171=CARTESIAN_POINT('',(4.6355,0.0,-0.377));
#3172=VECTOR('',#3738,1.0);
#3173=CARTESIAN_POINT('',(4.6355,-2.8702,-0.254));
#3174=CARTESIAN_POINT('',(4.6355,-1.06895,-0.254));
#3175=VECTOR('',#3739,1.0);
#3176=CARTESIAN_POINT('',(4.6355,-2.8702,0.254));
#3177=CARTESIAN_POINT('',(4.6355,-2.8702,-0.5));
#3178=VECTOR('',#3740,1.0);
#3179=CARTESIAN_POINT('',(4.6355,-1.06895,0.254));
#3180=VECTOR('',#3741,1.0);
#3181=COLOUR_RGB('',0.596078455448151,0.596078455448151,0.596078455448151);
#3182=CARTESIAN_POINT('',(5.5245,0.0,-0.254));
#3183=CARTESIAN_POINT('',(6.1,0.0,-0.254));
#3184=VECTOR('',#3742,1.0);
#3185=CARTESIAN_POINT('',(5.5245,-2.8702,-0.254));
#3186=CARTESIAN_POINT('',(5.5245,-1.06895,-0.254));
#3187=VECTOR('',#3743,1.0);
#3188=CARTESIAN_POINT('',(5.5145,-2.8952,-0.254));
#3189=CARTESIAN_POINT('',(5.72689655172414,-2.36420862068966,-0.254));
#3190=VECTOR('',#3744,1.0);
#3191=CARTESIAN_POINT('',(4.6455,-2.8952,-0.254));
#3192=CARTESIAN_POINT('',(4.58,-2.8952,-0.254));
#3193=VECTOR('',#3745,1.0);
#3194=CARTESIAN_POINT('',(4.36413793103448,-2.19179482758621,-0.254));
#3195=VECTOR('',#3746,1.0);
#3196=COLOUR_RGB('',0.596078455448151,0.596078455448151,0.596078455448151);
#3197=CARTESIAN_POINT('',(4.6455,-2.8952,0.254));
#3198=CARTESIAN_POINT('',(4.8895,-3.5052,0.00999999999999979));
#3199=CARTESIAN_POINT('',(4.79443939393939,-3.26754848484849,0.105060606060606));
#3200=VECTOR('',#3747,1.0);
#3201=CARTESIAN_POINT('',(5.2705,-3.5052,0.00999999999999979));
#3202=CARTESIAN_POINT('',(4.83,-3.5052,0.00999999999999979));
#3203=VECTOR('',#3748,1.0);
#3204=CARTESIAN_POINT('',(5.5145,-2.8952,0.254));
#3205=CARTESIAN_POINT('',(5.30495454545455,-3.41906363636364,0.0444545454545455));
#3206=VECTOR('',#3749,1.0);
#3207=CARTESIAN_POINT('',(4.58,-2.8952,0.254));
#3208=VECTOR('',#3750,1.0);
#3209=COLOUR_RGB('',0.596078455448151,0.596078455448151,0.596078455448151);
#3210=CARTESIAN_POINT('',(5.2705,-3.5052,-0.00999999999999979));
#3211=CARTESIAN_POINT('',(5.36556060606061,-3.26754848484849,-0.105060606060606));
#3212=VECTOR('',#3751,1.0);
#3213=CARTESIAN_POINT('',(4.8895,-3.5052,-0.00999999999999979));
#3214=CARTESIAN_POINT('',(4.83,-3.5052,-0.00999999999999979));
#3215=VECTOR('',#3752,1.0);
#3216=CARTESIAN_POINT('',(4.73383333333333,-3.11603333333333,-0.165666666666667));
#3217=VECTOR('',#3753,1.0);
#3218=COLOUR_RGB('',0.596078455448151,0.596078455448151,0.596078455448151);
#3219=CARTESIAN_POINT('',(5.5245,0.0,0.254));
#3220=CARTESIAN_POINT('',(6.1,0.0,0.254));
#3221=VECTOR('',#3754,1.0);
#3222=CARTESIAN_POINT('',(4.36413793103448,-2.19179482758621,0.254));
#3223=VECTOR('',#3755,1.0);
#3224=CARTESIAN_POINT('',(5.5245,-2.8702,0.254));
#3225=CARTESIAN_POINT('',(5.72689655172414,-2.36420862068966,0.254));
#3226=VECTOR('',#3756,1.0);
#3227=CARTESIAN_POINT('',(5.5245,-1.06895,0.254));
#3228=VECTOR('',#3757,1.0);
#3229=COLOUR_RGB('',0.596078455448151,0.596078455448151,0.596078455448151);
#3230=CARTESIAN_POINT('',(5.2705,-3.5052,-0.5));
#3231=VECTOR('',#3758,1.0);
#3232=CARTESIAN_POINT('',(5.5245,-2.8702,-0.5));
#3233=VECTOR('',#3759,1.0);
#3234=COLOUR_RGB('',0.596078455448151,0.596078455448151,0.596078455448151);
#3235=CARTESIAN_POINT('',(5.5245,0.0,-0.377));
#3236=VECTOR('',#3760,1.0);
#3237=COLOUR_RGB('',0.596078455448151,0.596078455448151,0.596078455448151);
#3238=CARTESIAN_POINT('',(4.8895,-3.5052,-0.5));
#3239=VECTOR('',#3761,1.0);
#3240=COLOUR_RGB('',0.596078455448151,0.596078455448151,0.596078455448151);
#3241=COLOUR_RGB('',0.69803923368454,0.69803923368454,0.69803923368454);
#3242=CARTESIAN_POINT('',(-1.4,4.2406,2.682));
#3243=CARTESIAN_POINT('',(1.4,4.2406,2.682));
#3244=CARTESIAN_POINT('',(0.0,4.2406,2.682));
#3245=VECTOR('',#3762,1.0);
#3246=CARTESIAN_POINT('',(-1.4,4.2406,1.752));
#3247=CARTESIAN_POINT('',(-1.4,4.2406,2.752));
#3248=VECTOR('',#3763,1.0);
#3249=CARTESIAN_POINT('',(1.4,4.2406,1.752));
#3250=CARTESIAN_POINT('',(0.0,4.2406,1.752));
#3251=VECTOR('',#3764,1.0);
#3252=CARTESIAN_POINT('',(1.4,4.2406,2.752));
#3253=VECTOR('',#3765,1.0);
#3254=COLOUR_RGB('',0.69803923368454,0.69803923368454,0.69803923368454);
#3255=CARTESIAN_POINT('',(1.4,1.6256,2.682));
#3256=CARTESIAN_POINT('',(1.4,2.93935,2.682));
#3257=VECTOR('',#3766,1.0);
#3258=CARTESIAN_POINT('',(1.4,1.6256,1.752));
#3259=CARTESIAN_POINT('',(1.4,2.9331,1.752));
#3260=VECTOR('',#3767,1.0);
#3261=CARTESIAN_POINT('',(1.4,1.6256,2.752));
#3262=VECTOR('',#3768,1.0);
#3263=COLOUR_RGB('',0.69803923368454,0.69803923368454,0.69803923368454);
#3264=CARTESIAN_POINT('',(-1.4,1.6256,1.752));
#3265=CARTESIAN_POINT('',(-1.4,2.9331,1.752));
#3266=VECTOR('',#3769,1.0);
#3267=CARTESIAN_POINT('',(0.0,1.6256,1.752));
#3268=VECTOR('',#3770,1.0);
#3269=COLOUR_RGB('',0.69803923368454,0.69803923368454,0.69803923368454);
#3270=CARTESIAN_POINT('',(-1.4,1.6256,2.682));
#3271=CARTESIAN_POINT('',(0.0,1.6256,2.682));
#3272=VECTOR('',#3771,1.0);
#3273=CARTESIAN_POINT('',(-1.4,1.6256,2.752));
#3274=VECTOR('',#3772,1.0);
#3275=COLOUR_RGB('',0.69803923368454,0.69803923368454,0.69803923368454);
#3276=CARTESIAN_POINT('',(-1.4,2.93935,2.682));
#3277=VECTOR('',#3773,1.0);
#3278=COLOUR_RGB('',0.69803923368454,0.69803923368454,0.69803923368454);
#3279=CARTESIAN_POINT('',(3.68,4.2406,2.682));
#3280=CARTESIAN_POINT('',(6.48,4.2406,2.682));
#3281=CARTESIAN_POINT('',(5.08,4.2406,2.682));
#3282=VECTOR('',#3774,1.0);
#3283=CARTESIAN_POINT('',(3.68,4.2406,1.752));
#3284=CARTESIAN_POINT('',(3.68,4.2406,2.752));
#3285=VECTOR('',#3775,1.0);
#3286=CARTESIAN_POINT('',(6.48,4.2406,1.752));
#3287=CARTESIAN_POINT('',(5.08,4.2406,1.752));
#3288=VECTOR('',#3776,1.0);
#3289=CARTESIAN_POINT('',(6.48,4.2406,2.752));
#3290=VECTOR('',#3777,1.0);
#3291=COLOUR_RGB('',0.69803923368454,0.69803923368454,0.69803923368454);
#3292=CARTESIAN_POINT('',(6.48,1.6256,2.682));
#3293=CARTESIAN_POINT('',(6.48,2.93935,2.682));
#3294=VECTOR('',#3778,1.0);
#3295=CARTESIAN_POINT('',(6.48,1.6256,1.752));
#3296=CARTESIAN_POINT('',(6.48,2.9331,1.752));
#3297=VECTOR('',#3779,1.0);
#3298=CARTESIAN_POINT('',(6.48,1.6256,2.752));
#3299=VECTOR('',#3780,1.0);
#3300=COLOUR_RGB('',0.69803923368454,0.69803923368454,0.69803923368454);
#3301=CARTESIAN_POINT('',(3.68,1.6256,1.752));
#3302=CARTESIAN_POINT('',(3.68,2.9331,1.752));
#3303=VECTOR('',#3781,1.0);
#3304=CARTESIAN_POINT('',(5.08,1.6256,1.752));
#3305=VECTOR('',#3782,1.0);
#3306=COLOUR_RGB('',0.69803923368454,0.69803923368454,0.69803923368454);
#3307=CARTESIAN_POINT('',(3.68,1.6256,2.682));
#3308=CARTESIAN_POINT('',(5.08,1.6256,2.682));
#3309=VECTOR('',#3783,1.0);
#3310=CARTESIAN_POINT('',(3.68,1.6256,2.752));
#3311=VECTOR('',#3784,1.0);
#3312=COLOUR_RGB('',0.69803923368454,0.69803923368454,0.69803923368454);
#3313=CARTESIAN_POINT('',(3.68,2.93935,2.682));
#3314=VECTOR('',#3785,1.0);
#3315=COLOUR_RGB('',0.69803923368454,0.69803923368454,0.69803923368454);
#3316=CARTESIAN_POINT('',(1.44431613045463,4.33785,2.682));
#3317=CARTESIAN_POINT('',(1.44431613045463,1.5256,2.682));
#3318=CARTESIAN_POINT('',(1.44431613045463,7.4728,2.682));
#3319=VECTOR('',#3786,1.0);
#3320=CARTESIAN_POINT('',(-1.44431613045461,4.33785,2.682));
#3321=CARTESIAN_POINT('',(1.27,4.33785,2.682));
#3322=VECTOR('',#3787,1.0);
#3323=CARTESIAN_POINT('',(-1.44431613045461,1.5256,2.682));
#3324=CARTESIAN_POINT('',(-1.44431613045461,7.4728,2.682));
#3325=VECTOR('',#3788,1.0);
#3326=CARTESIAN_POINT('',(0.0,1.5256,2.682));
#3327=VECTOR('',#3789,1.0);
#3328=COLOUR_RGB('',0.69803923368454,0.69803923368454,0.69803923368454);
#3329=CARTESIAN_POINT('',(1.44354336672796,1.5256,2.67987684911039));
#3330=CARTESIAN_POINT('',(1.32252869129604,1.5256,2.34739176093859));
#3331=VECTOR('',#3790,1.0);
#3332=CARTESIAN_POINT('',(-1.44354336672793,1.5256,2.67987684911039));
#3333=CARTESIAN_POINT('',(-1.32252869129603,1.5256,2.3473917609386));
#3334=VECTOR('',#3791,1.0);
#3335=CARTESIAN_POINT('',(1.27,1.5256,2.67987684911039));
#3336=VECTOR('',#3792,1.0);
#3337=COLOUR_RGB('',0.172549024224281,0.172549024224281,0.172549024224281);
#3338=CARTESIAN_POINT('',(-1.85487455470688,0.641841009415204,3.81));
#3339=CARTESIAN_POINT('',(-0.62385852951352,3.28672063831966,0.427811267794445));
#3340=VECTOR('',#3793,1.0);
#3341=CARTESIAN_POINT('',(1.85487455470693,0.641841009415204,3.81));
#3342=CARTESIAN_POINT('',(5.08,0.641841009415204,3.81));
#3343=VECTOR('',#3794,1.0);
#3344=CARTESIAN_POINT('',(0.816796835945325,2.87218615146221,0.957904908063667));
#3345=VECTOR('',#3795,1.0);
#3346=COLOUR_RGB('',0.172549024224281,0.172549024224281,0.172549024224281);
#3347=CARTESIAN_POINT('',(-1.7535499791559,5.46358724704515,3.53161301663784));
#3348=CARTESIAN_POINT('',(-2.10351599809341,6.73760619539974,4.49313675124508));
#3349=VECTOR('',#3796,1.0);
#3350=CARTESIAN_POINT('',(-1.85487455470688,5.46358724704515,3.81));
#3351=CARTESIAN_POINT('',(-1.51429185849181,5.46358724704515,2.87425673269211));
#3352=VECTOR('',#3797,1.0);
#3353=CARTESIAN_POINT('',(-1.85487455470688,7.4605,3.81));
#3354=VECTOR('',#3798,1.0);
#3355=COLOUR_RGB('',0.69803923368454,0.69803923368454,0.69803923368454);
#3356=CARTESIAN_POINT('',(6.52431613045463,4.33785,2.682));
#3357=CARTESIAN_POINT('',(6.52431613045463,1.5256,2.682));
#3358=CARTESIAN_POINT('',(6.52431613045463,7.4728,2.682));
#3359=VECTOR('',#3799,1.0);
#3360=CARTESIAN_POINT('',(3.63568386954539,4.33785,2.682));
#3361=CARTESIAN_POINT('',(6.35,4.33785,2.682));
#3362=VECTOR('',#3800,1.0);
#3363=CARTESIAN_POINT('',(3.63568386954539,1.5256,2.682));
#3364=CARTESIAN_POINT('',(3.63568386954539,7.4728,2.682));
#3365=VECTOR('',#3801,1.0);
#3366=CARTESIAN_POINT('',(5.08,1.5256,2.682));
#3367=VECTOR('',#3802,1.0);
#3368=COLOUR_RGB('',0.69803923368454,0.69803923368454,0.69803923368454);
#3369=CARTESIAN_POINT('',(6.52354336672796,1.5256,2.67987684911039));
#3370=CARTESIAN_POINT('',(6.40252869129604,1.5256,2.34739176093859));
#3371=VECTOR('',#3803,1.0);
#3372=CARTESIAN_POINT('',(3.63645663327207,1.5256,2.67987684911039));
#3373=CARTESIAN_POINT('',(3.75747130870397,1.5256,2.3473917609386));
#3374=VECTOR('',#3804,1.0);
#3375=CARTESIAN_POINT('',(6.35,1.5256,2.67987684911039));
#3376=VECTOR('',#3805,1.0);
#3377=COLOUR_RGB('',0.172549024224281,0.172549024224281,0.172549024224281);
#3378=CARTESIAN_POINT('',(3.22512544529312,0.641841009415204,3.81));
#3379=CARTESIAN_POINT('',(4.45614147048648,3.28672063831966,0.427811267794445));
#3380=VECTOR('',#3806,1.0);
#3381=CARTESIAN_POINT('',(6.93487455470693,0.641841009415205,3.81));
#3382=CARTESIAN_POINT('',(7.62,0.641841009415204,3.81));
#3383=VECTOR('',#3807,1.0);
#3384=CARTESIAN_POINT('',(5.89679683594533,2.87218615146221,0.957904908063667));
#3385=VECTOR('',#3808,1.0);
#3386=COLOUR_RGB('',0.172549024224281,0.172549024224281,0.172549024224281);
#3387=CARTESIAN_POINT('',(3.3264500208441,5.46358724704515,3.53161301663784));
#3388=CARTESIAN_POINT('',(2.97648400190659,6.73760619539974,4.49313675124508));
#3389=VECTOR('',#3809,1.0);
#3390=CARTESIAN_POINT('',(3.22512544529312,5.46358724704515,3.81));
#3391=CARTESIAN_POINT('',(3.56570814150819,5.46358724704515,2.87425673269211));
#3392=VECTOR('',#3810,1.0);
#3393=CARTESIAN_POINT('',(3.22512544529312,7.4605,3.81));
#3394=VECTOR('',#3811,1.0);
#3395=COLOUR_RGB('',0.172549024224281,0.172549024224281,0.172549024224281);
#3396=CARTESIAN_POINT('',(6.9904,0.0,2.96553104));
#3397=CARTESIAN_POINT('',(7.62,0.0,2.602));
#3398=CARTESIAN_POINT('',(8.08096876685721,-4.44089209850063E-16,2.33583663401664));
#3399=VECTOR('',#3812,1.0);
#3400=CARTESIAN_POINT('',(6.9904,5.5,2.96553104));
#3401=CARTESIAN_POINT('',(6.9904,5.5,2.96553104));
#3402=VECTOR('',#3813,1.0);
#3403=CARTESIAN_POINT('',(7.62,5.5,2.602));
#3404=CARTESIAN_POINT('',(6.9904,5.5,2.96553104));
#3405=VECTOR('',#3814,1.0);
#3406=CARTESIAN_POINT('',(7.62,4.99159926265537,2.602));
#3407=VECTOR('',#3815,1.0);
#3408=COLOUR_RGB('',0.172549024224281,0.172549024224281,0.172549024224281);
#3409=CARTESIAN_POINT('',(7.62,5.5,1.962));
#3410=CARTESIAN_POINT('',(7.62,5.5,1.09081249167904));
#3411=VECTOR('',#3816,1.0);
#3412=CARTESIAN_POINT('',(6.9904,5.5,1.59846896));
#3413=CARTESIAN_POINT('',(6.9904,5.5,2.96553104));
#3414=VECTOR('',#3817,1.0);
#3415=CARTESIAN_POINT('',(6.9904,5.5,1.59846896));
#3416=VECTOR('',#3818,1.0);
#3417=COLOUR_RGB('',0.172549024224281,0.172549024224281,0.172549024224281);
#3418=CARTESIAN_POINT('',(6.9904,0.0,1.59846896));
#3419=CARTESIAN_POINT('',(6.9904,0.0,1.014));
#3420=VECTOR('',#3819,1.0);
#3421=CARTESIAN_POINT('',(6.9904,5.5,1.59846896));
#3422=VECTOR('',#3820,1.0);
#3423=COLOUR_RGB('',0.172549024224281,0.172549024224281,0.172549024224281);
#3424=CARTESIAN_POINT('',(7.62,0.0,1.962));
#3425=CARTESIAN_POINT('',(6.98280126493152,-4.44089209850063E-16,1.59408145037146));
#3426=VECTOR('',#3821,1.0);
#3427=CARTESIAN_POINT('',(7.62,4.99159926265537,1.962));
#3428=VECTOR('',#3822,1.0);
#3429=COLOUR_RGB('',0.172549024224281,0.172549024224281,0.172549024224281);
#3430=CARTESIAN_POINT('',(7.62,0.0,-4.318));
#3431=CARTESIAN_POINT('',(7.62,0.0,-4.318));
#3432=VECTOR('',#3823,1.0);
#3433=CARTESIAN_POINT('',(7.62,2.794,-4.318));
#3434=CARTESIAN_POINT('',(7.62,2.794,-4.318));
#3435=VECTOR('',#3824,1.0);
#3436=CARTESIAN_POINT('',(7.62,9.90599999999995,-2.4129999999998));
#3437=CARTESIAN_POINT('',(7.62,9.90599999999995,-2.4129999999998));
#3438=VECTOR('',#3825,1.0);
#3439=CARTESIAN_POINT('',(7.62,9.906,2.26646153846163));
#3440=CARTESIAN_POINT('',(7.62,9.906,2.26646153846163));
#3441=VECTOR('',#3826,1.0);
#3442=CARTESIAN_POINT('',(7.62,5.842,3.048));
#3443=CARTESIAN_POINT('',(7.62,5.842,3.048));
#3444=VECTOR('',#3827,1.0);
#3445=CARTESIAN_POINT('',(7.62,5.842,3.81));
#3446=CARTESIAN_POINT('',(7.62,5.842,3.81));
#3447=VECTOR('',#3828,1.0);
#3448=CARTESIAN_POINT('',(7.62,0.0,3.81));
#3449=CARTESIAN_POINT('',(7.62,0.0,3.81));
#3450=VECTOR('',#3829,1.0);
#3451=CARTESIAN_POINT('',(7.62,0.0,-4.318));
#3452=VECTOR('',#3830,1.0);
#3453=COLOUR_RGB('',0.172549024224281,0.172549024224281,0.172549024224281);
#3454=CARTESIAN_POINT('',(-2.54,-1.83697019872103E-17,1.982));
#3455=CARTESIAN_POINT('',(-2.54,5.5,1.982));
#3456=CARTESIAN_POINT('',(-2.54,2.24159926265537,1.982));
#3457=VECTOR('',#3831,1.0);
#3458=CARTESIAN_POINT('',(-3.1496,-3.99224471517181E-17,1.63001696));
#3459=CARTESIAN_POINT('',(-3.1496,-3.99224471517181E-17,1.63001696));
#3460=VECTOR('',#3832,1.0);
#3461=CARTESIAN_POINT('',(-3.1496,5.5,1.63001696));
#3462=CARTESIAN_POINT('',(-3.1496,-3.99224471517181E-17,1.63001696));
#3463=VECTOR('',#3833,1.0);
#3464=CARTESIAN_POINT('',(-3.1496,5.5,1.63001696));
#3465=VECTOR('',#3834,1.0);
#3466=COLOUR_RGB('',0.172549024224281,0.172549024224281,0.172549024224281);
#3467=CARTESIAN_POINT('',(-2.54,5.5,2.582));
#3468=CARTESIAN_POINT('',(-2.54,1.83697019872103E-17,2.582));
#3469=CARTESIAN_POINT('',(-2.54,2.24159926265537,2.582));
#3470=VECTOR('',#3835,1.0);
#3471=CARTESIAN_POINT('',(-3.1496,5.5,2.93398304));
#3472=CARTESIAN_POINT('',(-3.1496,5.5,2.93398304));
#3473=VECTOR('',#3836,1.0);
#3474=CARTESIAN_POINT('',(-3.1496,3.99224471517181E-17,2.93398304));
#3475=CARTESIAN_POINT('',(-3.1496,3.99224471517181E-17,2.93398304));
#3476=VECTOR('',#3837,1.0);
#3477=CARTESIAN_POINT('',(-3.1496,3.99224471517181E-17,2.93398304));
#3478=VECTOR('',#3838,1.0);
#3479=COLOUR_RGB('',0.172549024224281,0.172549024224281,0.172549024224281);
#3480=CARTESIAN_POINT('',(-3.1496,5.5,1.63001696));
#3481=VECTOR('',#3839,1.0);
#3482=CARTESIAN_POINT('',(-3.1496,-3.99224471517181E-17,1.63001696));
#3483=VECTOR('',#3840,1.0);
#3484=COLOUR_RGB('',0.172549024224281,0.172549024224281,0.172549024224281);
#3485=CARTESIAN_POINT('',(-2.54,5.5,1.09081249167904));
#3486=VECTOR('',#3841,1.0);
#3487=COLOUR_RGB('',0.172549024224281,0.172549024224281,0.172549024224281);
#3488=CARTESIAN_POINT('',(-2.54,0.0,3.81));
#3489=CARTESIAN_POINT('',(-2.54,0.0,-4.318));
#3490=VECTOR('',#3842,1.0);
#3491=CARTESIAN_POINT('',(-2.54,5.842,3.81));
#3492=CARTESIAN_POINT('',(-2.54,0.0,3.81));
#3493=VECTOR('',#3843,1.0);
#3494=CARTESIAN_POINT('',(-2.54,5.842,3.048));
#3495=CARTESIAN_POINT('',(-2.54,5.842,3.81));
#3496=VECTOR('',#3844,1.0);
#3497=CARTESIAN_POINT('',(-2.54,9.906,2.26646153846163));
#3498=CARTESIAN_POINT('',(-2.54,5.842,3.048));
#3499=VECTOR('',#3845,1.0);
#3500=CARTESIAN_POINT('',(-2.54,9.90599999999995,-2.4129999999998));
#3501=CARTESIAN_POINT('',(-2.54,9.906,2.26646153846163));
#3502=VECTOR('',#3846,1.0);
#3503=CARTESIAN_POINT('',(-2.54,2.794,-4.318));
#3504=CARTESIAN_POINT('',(-2.54,9.90599999999995,-2.4129999999998));
#3505=VECTOR('',#3847,1.0);
#3506=CARTESIAN_POINT('',(-2.54,0.0,-4.318));
#3507=CARTESIAN_POINT('',(-2.54,2.794,-4.318));
#3508=VECTOR('',#3848,1.0);
#3509=CARTESIAN_POINT('',(-2.54,0.0,-4.318));
#3510=VECTOR('',#3849,1.0);
#3511=COLOUR_RGB('',0.172549024224281,0.172549024224281,0.172549024224281);
#3512=AXIS2_PLACEMENT_3D('',#3850,#3851,#3852);
#3513=COLOUR_RGB('',0.172549024224281,0.172549024224281,0.172549024224281);
#3514=AXIS2_PLACEMENT_3D('',#3853,#3854,#3855);
#3515=COLOUR_RGB('',0.172549024224281,0.172549024224281,0.172549024224281);
#3516=AXIS2_PLACEMENT_3D('',#3856,#3857,#3858);
#3517=COLOUR_RGB('',0.172549024224281,0.172549024224281,0.172549024224281);
#3518=AXIS2_PLACEMENT_3D('',#3859,#3860,#3861);
#3519=COLOUR_RGB('',0.172549024224281,0.172549024224281,0.172549024224281);
#3520=AXIS2_PLACEMENT_3D('',#3862,#3863,#3864);
#3521=COLOUR_RGB('',0.172549024224281,0.172549024224281,0.172549024224281);
#3522=AXIS2_PLACEMENT_3D('',#3865,#3866,#3867);
#3523=COLOUR_RGB('',0.172549024224281,0.172549024224281,0.172549024224281);
#3524=AXIS2_PLACEMENT_3D('',#3868,#3869,#3870);
#3525=COLOUR_RGB('',0.172549024224281,0.172549024224281,0.172549024224281);
#3526=AXIS2_PLACEMENT_3D('',#3871,#3872,#3873);
#3527=COLOUR_RGB('',0.172549024224281,0.172549024224281,0.172549024224281);
#3528=AXIS2_PLACEMENT_3D('',#3874,#3875,#3876);
#3529=COLOUR_RGB('',0.172549024224281,0.172549024224281,0.172549024224281);
#3530=AXIS2_PLACEMENT_3D('',#3877,#3878,#3879);
#3531=COLOUR_RGB('',0.172549024224281,0.172549024224281,0.172549024224281);
#3532=AXIS2_PLACEMENT_3D('',#3880,#3881,#3882);
#3533=COLOUR_RGB('',0.172549024224281,0.172549024224281,0.172549024224281);
#3534=AXIS2_PLACEMENT_3D('',#3883,#3884,#3885);
#3535=COLOUR_RGB('',0.172549024224281,0.172549024224281,0.172549024224281);
#3536=CARTESIAN_POINT('',(1.85487455470693,5.46358724704515,3.81));
#3537=CARTESIAN_POINT('',(1.85487455470693,7.4605,3.81));
#3538=VECTOR('',#3886,1.0);
#3539=CARTESIAN_POINT('',(1.75354997915594,5.46358724704515,3.53161301663784));
#3540=CARTESIAN_POINT('',(1.81141541573075,5.46358724704515,3.690596996994));
#3541=VECTOR('',#3887,1.0);
#3542=CARTESIAN_POINT('',(2.22002334885344,7.16174043832261,4.81323806665856));
#3543=VECTOR('',#3888,1.0);
#3544=COLOUR_RGB('',0.172549024224281,0.172549024224281,0.172549024224281);
#3545=CARTESIAN_POINT('',(5.08,5.46358724704515,3.81));
#3546=VECTOR('',#3889,1.0);
#3547=CARTESIAN_POINT('',(2.54,5.46358724704515,3.53161301663784));
#3548=VECTOR('',#3890,1.0);
#3549=COLOUR_RGB('',0.172549024224281,0.172549024224281,0.172549024224281);
#3550=COLOUR_RGB('',0.172549024224281,0.172549024224281,0.172549024224281);
#3551=CARTESIAN_POINT('',(6.93487455470693,5.46358724704515,3.81));
#3552=CARTESIAN_POINT('',(6.93487455470693,7.4605,3.81));
#3553=VECTOR('',#3891,1.0);
#3554=CARTESIAN_POINT('',(6.83354997915594,5.46358724704515,3.53161301663784));
#3555=CARTESIAN_POINT('',(6.89141541573075,5.46358724704515,3.690596996994));
#3556=VECTOR('',#3892,1.0);
#3557=CARTESIAN_POINT('',(7.30002334885344,7.16174043832261,4.81323806665856));
#3558=VECTOR('',#3893,1.0);
#3559=COLOUR_RGB('',0.172549024224281,0.172549024224281,0.172549024224281);
#3560=CARTESIAN_POINT('',(7.62,5.46358724704515,3.81));
#3561=VECTOR('',#3894,1.0);
#3562=CARTESIAN_POINT('',(7.62,5.46358724704515,3.53161301663784));
#3563=VECTOR('',#3895,1.0);
#3564=COLOUR_RGB('',0.172549024224281,0.172549024224281,0.172549024224281);
#3565=COLOUR_RGB('',0.172549024224281,0.172549024224281,0.172549024224281);
#3566=CARTESIAN_POINT('',(7.62,2.794,-4.318));
#3567=VECTOR('',#3896,1.0);
#3568=CARTESIAN_POINT('',(7.62,0.0,-4.318));
#3569=VECTOR('',#3897,1.0);
#3570=COLOUR_RGB('',0.172549024224281,0.172549024224281,0.172549024224281);
#3571=CARTESIAN_POINT('',(7.62,9.90599999999995,-2.4129999999998));
#3572=VECTOR('',#3898,1.0);
#3573=COLOUR_RGB('',0.172549024224281,0.172549024224281,0.172549024224281);
#3574=CARTESIAN_POINT('',(7.62,9.906,2.26646153846163));
#3575=VECTOR('',#3899,1.0);
#3576=COLOUR_RGB('',0.172549024224281,0.172549024224281,0.172549024224281);
#3577=CARTESIAN_POINT('',(7.62,5.842,3.048));
#3578=VECTOR('',#3900,1.0);
#3579=COLOUR_RGB('',0.172549024224281,0.172549024224281,0.172549024224281);
#3580=CARTESIAN_POINT('',(7.62,5.842,3.81));
#3581=VECTOR('',#3901,1.0);
#3582=COLOUR_RGB('',0.172549024224281,0.172549024224281,0.172549024224281);
#3583=CARTESIAN_POINT('',(7.62,0.0,3.81));
#3584=VECTOR('',#3902,1.0);
#3585=COLOUR_RGB('',0.172549024224281,0.172549024224281,0.172549024224281);
#3586=DIRECTION('',(-0.0,-1.0,-0.0));
#3587=CARTESIAN_POINT('',(5.08,9.906,0.0));
#3588=DIRECTION('',(0.0,-1.0,0.0));
#3589=DIRECTION('',(1.0,0.0,0.0));
#3590=DIRECTION('',(-0.0,1.0,-0.0));
#3591=CARTESIAN_POINT('',(5.08,9.706,0.0));
#3592=DIRECTION('',(-0.0,1.0,0.0));
#3593=DIRECTION('',(1.0,0.0,0.0));
#3594=DIRECTION('',(-0.391140640344851,-0.920330918458475,-4.79009133214768E-17));
#3595=DIRECTION('',(-0.391140640344851,0.920330918458475,-4.79009133214768E-17));
#3596=CARTESIAN_POINT('',(5.08,9.306,0.0));
#3597=DIRECTION('',(-0.0,1.0,0.0));
#3598=DIRECTION('',(1.0,0.0,0.0));
#3599=DIRECTION('',(-0.0,-1.0,-0.0));
#3600=DIRECTION('',(-0.0,1.0,-0.0));
#3601=CARTESIAN_POINT('',(5.08,8.906,0.0));
#3602=DIRECTION('',(-0.0,1.0,0.0));
#3603=DIRECTION('',(1.0,0.0,0.0));
#3604=DIRECTION('',(0.391140640344851,-0.920330918458475,4.79009133214767E-17));
#3605=DIRECTION('',(0.391140640344851,0.920330918458475,4.79009133214767E-17));
#3606=CARTESIAN_POINT('',(5.08,8.506,0.0));
#3607=DIRECTION('',(-0.0,1.0,0.0));
#3608=DIRECTION('',(1.0,0.0,0.0));
#3609=DIRECTION('',(-0.0,-1.0,-0.0));
#3610=DIRECTION('',(-0.0,1.0,-0.0));
#3611=CARTESIAN_POINT('',(5.08,7.206,0.0));
#3612=DIRECTION('',(-0.0,1.0,0.0));
#3613=DIRECTION('',(1.0,0.0,0.0));
#3614=DIRECTION('',(-0.0,-1.0,-0.0));
#3615=CARTESIAN_POINT('',(0.0,9.906,0.0));
#3616=DIRECTION('',(0.0,-1.0,0.0));
#3617=DIRECTION('',(1.0,0.0,0.0));
#3618=DIRECTION('',(-0.0,1.0,-0.0));
#3619=CARTESIAN_POINT('',(0.0,9.706,0.0));
#3620=DIRECTION('',(-0.0,1.0,0.0));
#3621=DIRECTION('',(1.0,0.0,0.0));
#3622=DIRECTION('',(-0.391140640344851,-0.920330918458475,-4.79009133214768E-17));
#3623=DIRECTION('',(-0.391140640344851,0.920330918458475,-4.79009133214768E-17));
#3624=CARTESIAN_POINT('',(0.0,9.306,0.0));
#3625=DIRECTION('',(-0.0,1.0,0.0));
#3626=DIRECTION('',(1.0,0.0,0.0));
#3627=DIRECTION('',(-0.0,-1.0,-0.0));
#3628=DIRECTION('',(-0.0,1.0,-0.0));
#3629=CARTESIAN_POINT('',(0.0,8.906,0.0));
#3630=DIRECTION('',(-0.0,1.0,0.0));
#3631=DIRECTION('',(1.0,0.0,0.0));
#3632=DIRECTION('',(0.391140640344851,-0.920330918458475,4.79009133214767E-17));
#3633=DIRECTION('',(0.391140640344851,0.920330918458475,4.79009133214767E-17));
#3634=CARTESIAN_POINT('',(0.0,8.506,0.0));
#3635=DIRECTION('',(-0.0,1.0,0.0));
#3636=DIRECTION('',(1.0,0.0,0.0));
#3637=DIRECTION('',(-0.0,-1.0,-0.0));
#3638=DIRECTION('',(-0.0,1.0,-0.0));
#3639=CARTESIAN_POINT('',(0.0,7.206,0.0));
#3640=DIRECTION('',(-0.0,1.0,0.0));
#3641=DIRECTION('',(1.0,0.0,0.0));
#3642=DIRECTION('',(0.0,0.996194698091746,0.0871557427476583));
#3643=CARTESIAN_POINT('',(5.08,7.206,0.0));
#3644=DIRECTION('',(0.0,-1.0,-0.0));
#3645=DIRECTION('',(6.12323399573676E-17,0.0,-1.0));
#3646=DIRECTION('',(-0.0,-0.996194698091746,0.0871557427476583));
#3647=CARTESIAN_POINT('',(5.08,8.45343114854953,0.0));
#3648=DIRECTION('',(0.0,1.0,0.0));
#3649=DIRECTION('',(6.12323399573676E-17,0.0,-1.0));
#3650=CARTESIAN_POINT('',(5.08,8.136,0.0));
#3651=DIRECTION('',(0.0,-1.0,0.0));
#3652=DIRECTION('',(6.12323399573676E-17,0.0,-1.0));
#3653=CARTESIAN_POINT('',(5.08,8.45343114854953,0.0));
#3654=DIRECTION('',(0.0,1.0,0.0));
#3655=DIRECTION('',(6.12323399573676E-17,0.0,-1.0));
#3656=DIRECTION('',(-1.60102502074845E-17,0.996194698091746,0.0871557427476583));
#3657=CARTESIAN_POINT('',(0.0,7.206,0.0));
#3658=DIRECTION('',(0.0,-1.0,-0.0));
#3659=DIRECTION('',(6.12323399573676E-17,0.0,-1.0));
#3660=DIRECTION('',(-1.60102502074845E-17,-0.996194698091746,0.0871557427476583));
#3661=CARTESIAN_POINT('',(0.0,8.45343114854953,0.0));
#3662=DIRECTION('',(0.0,1.0,0.0));
#3663=DIRECTION('',(6.12323399573676E-17,0.0,-1.0));
#3664=CARTESIAN_POINT('',(0.0,8.136,0.0));
#3665=DIRECTION('',(0.0,-1.0,0.0));
#3666=DIRECTION('',(6.12323399573676E-17,0.0,-1.0));
#3667=CARTESIAN_POINT('',(0.0,8.45343114854953,0.0));
#3668=DIRECTION('',(0.0,1.0,0.0));
#3669=DIRECTION('',(6.12323399573676E-17,0.0,-1.0));
#3670=CARTESIAN_POINT('',(0.0,8.45343114854953,0.0));
#3671=DIRECTION('',(0.0,1.0,0.0));
#3672=DIRECTION('',(6.12323399573676E-17,0.0,-1.0));
#3673=CARTESIAN_POINT('',(0.0,8.136,0.0));
#3674=DIRECTION('',(0.0,-1.0,0.0));
#3675=DIRECTION('',(6.12323399573676E-17,0.0,-1.0));
#3676=CARTESIAN_POINT('',(0.0,8.45343114854953,0.0));
#3677=DIRECTION('',(0.0,1.0,0.0));
#3678=DIRECTION('',(6.12323399573676E-17,0.0,-1.0));
#3679=CARTESIAN_POINT('',(0.0,7.206,0.0));
#3680=DIRECTION('',(0.0,-1.0,-0.0));
#3681=DIRECTION('',(6.12323399573676E-17,0.0,-1.0));
#3682=DIRECTION('',(-1.0,0.0,-6.12323399573676E-17));
#3683=DIRECTION('',(1.0,0.0,6.12323399573676E-17));
#3684=DIRECTION('',(-1.0,0.0,-6.12323399573676E-17));
#3685=DIRECTION('',(-1.0,0.0,-6.12323399573676E-17));
#3686=CARTESIAN_POINT('',(0.0,8.636,0.0));
#3687=DIRECTION('',(0.0,1.0,0.0));
#3688=DIRECTION('',(6.12323399573676E-17,0.0,-1.0));
#3689=CARTESIAN_POINT('',(0.0,8.636,0.0));
#3690=DIRECTION('',(0.0,1.0,0.0));
#3691=DIRECTION('',(6.12323399573676E-17,0.0,-1.0));
#3692=CARTESIAN_POINT('',(5.08,8.45343114854953,0.0));
#3693=DIRECTION('',(0.0,1.0,0.0));
#3694=DIRECTION('',(6.12323399573676E-17,0.0,-1.0));
#3695=CARTESIAN_POINT('',(5.08,8.136,0.0));
#3696=DIRECTION('',(0.0,-1.0,0.0));
#3697=DIRECTION('',(6.12323399573676E-17,0.0,-1.0));
#3698=CARTESIAN_POINT('',(5.08,8.45343114854953,0.0));
#3699=DIRECTION('',(0.0,1.0,0.0));
#3700=DIRECTION('',(6.12323399573676E-17,0.0,-1.0));
#3701=CARTESIAN_POINT('',(5.08,7.206,0.0));
#3702=DIRECTION('',(0.0,-1.0,-0.0));
#3703=DIRECTION('',(6.12323399573676E-17,0.0,-1.0));
#3704=DIRECTION('',(-1.0,0.0,-6.12323399573676E-17));
#3705=DIRECTION('',(1.0,0.0,6.12323399573676E-17));
#3706=DIRECTION('',(-1.0,0.0,-6.12323399573676E-17));
#3707=DIRECTION('',(-1.0,0.0,-6.12323399573676E-17));
#3708=CARTESIAN_POINT('',(5.08,8.636,0.0));
#3709=DIRECTION('',(0.0,1.0,0.0));
#3710=DIRECTION('',(6.12323399573676E-17,0.0,-1.0));
#3711=CARTESIAN_POINT('',(5.08,8.636,0.0));
#3712=DIRECTION('',(0.0,1.0,0.0));
#3713=DIRECTION('',(6.12323399573676E-17,0.0,-1.0));
#3714=DIRECTION('',(0.0,0.0,1.0));
#3715=DIRECTION('',(1.64966274089919E-17,1.0,1.01012709765742E-33));
#3716=DIRECTION('',(0.0,0.0,1.0));
#3717=DIRECTION('',(-1.64966274089919E-17,-1.0,-1.01012709765742E-33));
#3718=DIRECTION('',(-1.0,-0.0,-6.12323399573676E-17));
#3719=DIRECTION('',(-1.64966274089919E-17,-1.0,-1.01012709765742E-33));
#3720=DIRECTION('',(-0.371390676354104,-0.928476690885259,-2.27411201515112E-17));
#3721=DIRECTION('',(1.0,0.0,6.12323399573676E-17));
#3722=DIRECTION('',(-0.371390676354104,0.928476690885259,-2.27411201515112E-17));
#3723=DIRECTION('',(0.348155311911396,-0.870388279778489,-0.348155311911396));
#3724=DIRECTION('',(1.0,-2.91397119324188E-16,-5.53265077723075E-17));
#3725=DIRECTION('',(0.348155311911396,0.870388279778489,0.348155311911396));
#3726=DIRECTION('',(1.0,0.0,6.12323399573676E-17));
#3727=DIRECTION('',(-0.348155311911396,-0.870388279778489,0.348155311911396));
#3728=DIRECTION('',(-1.0,2.91397119324188E-16,-1.77791187687043E-16));
#3729=DIRECTION('',(-0.348155311911396,0.870388279778489,-0.348155311911396));
#3730=DIRECTION('',(1.0,0.0,6.12323399573676E-17));
#3731=DIRECTION('',(0.371390676354104,-0.928476690885259,2.27411201515112E-17));
#3732=DIRECTION('',(0.371390676354104,0.928476690885259,2.27411201515112E-17));
#3733=DIRECTION('',(1.64966274089919E-17,1.0,1.01012709765742E-33));
#3734=DIRECTION('',(0.0,0.0,1.0));
#3735=DIRECTION('',(0.0,0.0,1.0));
#3736=DIRECTION('',(0.0,0.0,-1.0));
#3737=DIRECTION('',(0.0,0.0,1.0));
#3738=DIRECTION('',(0.0,0.0,1.0));
#3739=DIRECTION('',(1.64966274089919E-17,1.0,1.01012709765742E-33));
#3740=DIRECTION('',(0.0,0.0,1.0));
#3741=DIRECTION('',(-1.64966274089919E-17,-1.0,-1.01012709765742E-33));
#3742=DIRECTION('',(-1.0,-0.0,-6.12323399573676E-17));
#3743=DIRECTION('',(-1.64966274089919E-17,-1.0,-1.01012709765742E-33));
#3744=DIRECTION('',(-0.371390676354104,-0.928476690885259,-2.27411201515112E-17));
#3745=DIRECTION('',(1.0,0.0,6.12323399573676E-17));
#3746=DIRECTION('',(-0.371390676354104,0.928476690885259,-2.27411201515112E-17));
#3747=DIRECTION('',(0.348155311911396,-0.870388279778489,-0.348155311911396));
#3748=DIRECTION('',(1.0,-2.91397119324188E-16,-5.53265077723075E-17));
#3749=DIRECTION('',(0.348155311911396,0.870388279778489,0.348155311911396));
#3750=DIRECTION('',(1.0,0.0,6.12323399573676E-17));
#3751=DIRECTION('',(-0.348155311911396,-0.870388279778489,0.348155311911396));
#3752=DIRECTION('',(-1.0,2.91397119324188E-16,-1.77791187687043E-16));
#3753=DIRECTION('',(-0.348155311911396,0.870388279778489,-0.348155311911396));
#3754=DIRECTION('',(1.0,0.0,6.12323399573676E-17));
#3755=DIRECTION('',(0.371390676354104,-0.928476690885259,2.27411201515112E-17));
#3756=DIRECTION('',(0.371390676354104,0.928476690885259,2.27411201515112E-17));
#3757=DIRECTION('',(1.64966274089919E-17,1.0,1.01012709765742E-33));
#3758=DIRECTION('',(0.0,0.0,1.0));
#3759=DIRECTION('',(0.0,0.0,1.0));
#3760=DIRECTION('',(0.0,0.0,-1.0));
#3761=DIRECTION('',(0.0,0.0,1.0));
#3762=DIRECTION('',(1.0,0.0,0.0));
#3763=DIRECTION('',(0.0,0.0,-1.0));
#3764=DIRECTION('',(1.0,0.0,0.0));
#3765=DIRECTION('',(0.0,0.0,-1.0));
#3766=DIRECTION('',(0.0,-1.0,0.0));
#3767=DIRECTION('',(0.0,-1.0,0.0));
#3768=DIRECTION('',(0.0,0.0,-1.0));
#3769=DIRECTION('',(0.0,1.0,0.0));
#3770=DIRECTION('',(-1.0,0.0,0.0));
#3771=DIRECTION('',(-1.0,0.0,0.0));
#3772=DIRECTION('',(0.0,0.0,-1.0));
#3773=DIRECTION('',(0.0,1.0,0.0));
#3774=DIRECTION('',(1.0,0.0,0.0));
#3775=DIRECTION('',(0.0,0.0,-1.0));
#3776=DIRECTION('',(1.0,0.0,0.0));
#3777=DIRECTION('',(0.0,0.0,-1.0));
#3778=DIRECTION('',(0.0,-1.0,0.0));
#3779=DIRECTION('',(0.0,-1.0,0.0));
#3780=DIRECTION('',(0.0,0.0,-1.0));
#3781=DIRECTION('',(0.0,1.0,0.0));
#3782=DIRECTION('',(-1.0,0.0,0.0));
#3783=DIRECTION('',(-1.0,0.0,0.0));
#3784=DIRECTION('',(0.0,0.0,-1.0));
#3785=DIRECTION('',(0.0,1.0,0.0));
#3786=DIRECTION('',(-6.12323399573676E-17,-1.0,0.0));
#3787=DIRECTION('',(1.0,8.11328504435127E-17,0.0));
#3788=DIRECTION('',(6.12323399573676E-17,1.0,0.0));
#3789=DIRECTION('',(1.0,0.0,0.0));
#3790=DIRECTION('',(-0.342020143325684,0.0,-0.939692620785903));
#3791=DIRECTION('',(-0.342020143325668,0.0,0.939692620785909));
#3792=DIRECTION('',(-1.0,0.0,6.12323399573676E-17));
#3793=DIRECTION('',(-0.275608351038441,-0.592153878015536,0.757227721091241));
#3794=DIRECTION('',(-1.0,0.0,6.12323399573676E-17));
#3795=DIRECTION('',(-0.275608351038454,0.592153878015533,-0.757227721091238));
#3796=DIRECTION('',(0.214170576252367,-0.779668189368582,-0.588428822164964));
#3797=DIRECTION('',(0.342020143325668,0.0,-0.939692620785909));
#3798=DIRECTION('',(6.12323399573676E-17,1.0,-3.74939945665464E-33));
#3799=DIRECTION('',(-6.12323399573676E-17,-1.0,0.0));
#3800=DIRECTION('',(1.0,8.11328504435127E-17,0.0));
#3801=DIRECTION('',(6.12323399573676E-17,1.0,0.0));
#3802=DIRECTION('',(1.0,0.0,0.0));
#3803=DIRECTION('',(-0.342020143325684,0.0,-0.939692620785903));
#3804=DIRECTION('',(-0.342020143325668,0.0,0.939692620785909));
#3805=DIRECTION('',(-1.0,0.0,6.12323399573676E-17));
#3806=DIRECTION('',(-0.275608351038441,-0.592153878015536,0.757227721091241));
#3807=DIRECTION('',(-1.0,0.0,6.12323399573676E-17));
#3808=DIRECTION('',(-0.275608351038454,0.592153878015533,-0.757227721091238));
#3809=DIRECTION('',(0.214170576252367,-0.779668189368582,-0.588428822164964));
#3810=DIRECTION('',(0.342020143325668,0.0,-0.939692620785909));
#3811=DIRECTION('',(6.12323399573676E-17,1.0,-3.74939945665464E-33));
#3812=DIRECTION('',(0.866006754529783,0.0,-0.500032300065498));
#3813=DIRECTION('',(7.49879891330929E-33,-1.0,-6.12323399573676E-17));
#3814=DIRECTION('',(0.866006754529783,3.0618147787275E-17,-0.500032300065498));
#3815=DIRECTION('',(3.74939945665464E-33,1.0,6.12323399573676E-17));
#3816=DIRECTION('',(-6.12323399573676E-17,6.12323399573676E-17,-1.0));
#3817=DIRECTION('',(2.03677014077728E-16,6.12323399573676E-17,-1.0));
#3818=DIRECTION('',(0.866006754529783,-3.0618147787275E-17,0.500032300065498));
#3819=DIRECTION('',(-2.03677014077728E-16,0.0,1.0));
#3820=DIRECTION('',(7.49879891330929E-33,-1.0,-6.12323399573676E-17));
#3821=DIRECTION('',(-0.866006754529783,-0.0,-0.500032300065498));
#3822=DIRECTION('',(-3.74939945665464E-33,-1.0,-6.12323399573676E-17));
#3823=DIRECTION('',(6.12323399573676E-17,0.0,1.0));
#3824=DIRECTION('',(0.0,-1.0,0.0));
#3825=DIRECTION('',(-1.58430159296812E-17,-0.965948051503238,-0.25873608522411));
#3826=DIRECTION('',(-6.12323399573676E-17,0.0,-1.0));
#3827=DIRECTION('',(-1.15635678080463E-17,0.98200644698065,-0.18884739365011));
#3828=DIRECTION('',(-6.12323399573676E-17,0.0,-1.0));
#3829=DIRECTION('',(0.0,1.0,0.0));
#3830=DIRECTION('',(6.12323399573676E-17,0.0,1.0));
#3831=DIRECTION('',(-3.74939945665464E-33,1.0,-6.12323399573677E-17));
#3832=DIRECTION('',(0.866006754529783,3.0618147787275E-17,0.500032300065498));
#3833=DIRECTION('',(7.49879891330929E-33,1.0,-6.12323399573676E-17));
#3834=DIRECTION('',(0.866006754529783,3.0618147787275E-17,0.500032300065498));
#3835=DIRECTION('',(3.74939945665464E-33,-1.0,6.12323399573676E-17));
#3836=DIRECTION('',(-0.866006754529783,3.0618147787275E-17,0.500032300065498));
#3837=DIRECTION('',(7.49879891330929E-33,1.0,-6.12323399573676E-17));
#3838=DIRECTION('',(0.866006754529783,-3.0618147787275E-17,-0.500032300065498));
#3839=DIRECTION('',(1.22464679914735E-16,-6.12323399573676E-17,-1.0));
#3840=DIRECTION('',(-1.22464679914735E-16,6.12323399573676E-17,1.0));
#3841=DIRECTION('',(6.12323399573676E-17,6.12323399573676E-17,1.0));
#3842=DIRECTION('',(-6.12323399573676E-17,-0.0,-1.0));
#3843=DIRECTION('',(0.0,-1.0,0.0));
#3844=DIRECTION('',(6.12323399573676E-17,0.0,1.0));
#3845=DIRECTION('',(1.15635678080463E-17,-0.98200644698065,0.18884739365011));
#3846=DIRECTION('',(6.12323399573676E-17,0.0,1.0));
#3847=DIRECTION('',(1.58430159296811E-17,0.965948051503238,0.25873608522411));
#3848=DIRECTION('',(0.0,1.0,0.0));
#3849=DIRECTION('',(-6.12323399573676E-17,-0.0,-1.0));
#3850=CARTESIAN_POINT('',(0.0,7.206,0.0));
#3851=DIRECTION('',(-0.0,1.0,0.0));
#3852=DIRECTION('',(1.0,0.0,0.0));
#3853=CARTESIAN_POINT('',(0.0,8.506,0.0));
#3854=DIRECTION('',(-0.0,1.0,0.0));
#3855=DIRECTION('',(1.0,0.0,0.0));
#3856=CARTESIAN_POINT('',(0.0,8.906,0.0));
#3857=DIRECTION('',(-0.0,1.0,0.0));
#3858=DIRECTION('',(1.0,0.0,0.0));
#3859=CARTESIAN_POINT('',(0.0,9.306,0.0));
#3860=DIRECTION('',(-0.0,1.0,0.0));
#3861=DIRECTION('',(1.0,0.0,0.0));
#3862=CARTESIAN_POINT('',(0.0,9.706,0.0));
#3863=DIRECTION('',(-0.0,1.0,0.0));
#3864=DIRECTION('',(1.0,0.0,0.0));
#3865=CARTESIAN_POINT('',(0.0,9.906,0.0));
#3866=DIRECTION('',(0.0,-1.0,0.0));
#3867=DIRECTION('',(1.0,0.0,0.0));
#3868=CARTESIAN_POINT('',(5.08,7.206,0.0));
#3869=DIRECTION('',(-0.0,1.0,0.0));
#3870=DIRECTION('',(1.0,0.0,0.0));
#3871=CARTESIAN_POINT('',(5.08,8.506,0.0));
#3872=DIRECTION('',(-0.0,1.0,0.0));
#3873=DIRECTION('',(1.0,0.0,0.0));
#3874=CARTESIAN_POINT('',(5.08,8.906,0.0));
#3875=DIRECTION('',(-0.0,1.0,0.0));
#3876=DIRECTION('',(1.0,0.0,0.0));
#3877=CARTESIAN_POINT('',(5.08,9.306,0.0));
#3878=DIRECTION('',(-0.0,1.0,0.0));
#3879=DIRECTION('',(1.0,0.0,0.0));
#3880=CARTESIAN_POINT('',(5.08,9.706,0.0));
#3881=DIRECTION('',(-0.0,1.0,0.0));
#3882=DIRECTION('',(1.0,0.0,0.0));
#3883=CARTESIAN_POINT('',(5.08,9.906,0.0));
#3884=DIRECTION('',(0.0,-1.0,0.0));
#3885=DIRECTION('',(1.0,0.0,0.0));
#3886=DIRECTION('',(-6.12323399573676E-17,-1.0,3.74939945665464E-33));
#3887=DIRECTION('',(0.342020143325684,0.0,0.939692620785903));
#3888=DIRECTION('',(0.214170576252377,0.77966818936858,0.588428822164962));
#3889=DIRECTION('',(1.0,0.0,-6.12323399573676E-17));
#3890=DIRECTION('',(-1.0,0.0,6.12323399573676E-17));
#3891=DIRECTION('',(-6.12323399573676E-17,-1.0,3.74939945665464E-33));
#3892=DIRECTION('',(0.342020143325684,0.0,0.939692620785903));
#3893=DIRECTION('',(0.214170576252377,0.77966818936858,0.588428822164962));
#3894=DIRECTION('',(1.0,0.0,-6.12323399573676E-17));
#3895=DIRECTION('',(-1.0,0.0,6.12323399573676E-17));
#3896=DIRECTION('',(-1.0,0.0,6.12323399573676E-17));
#3897=DIRECTION('',(-1.0,0.0,6.12323399573676E-17));
#3898=DIRECTION('',(-1.0,0.0,6.12323399573676E-17));
#3899=DIRECTION('',(-1.0,0.0,6.12323399573676E-17));
#3900=DIRECTION('',(-1.0,0.0,6.12323399573676E-17));
#3901=DIRECTION('',(-1.0,0.0,6.12323399573676E-17));
#3902=DIRECTION('',(-1.0,0.0,6.12323399573676E-17));
ENDSEC;
END-ISO-10303-21;
