ISO-10303-21;
HEADER;
FILE_DESCRIPTION(('STEP AP242'),'1');
FILE_NAME('0436500204.stp','2025-06-14T17:57:09',('TraceParts'),('TraceParts S.A.'),'Spatial InterOp 3D',' ',' ');
FILE_SCHEMA(('AP242_MANAGED_MODEL_BASED_3D_ENGINEERING_MIM_LF  {1 0 10303 442 1 1 4}'));
ENDSEC;
DATA;
#1=MECHANICAL_DESIGN_GEOMETRIC_PRESENTATION_REPRESENTATION(' ',(#10),#6);
#2=PRODUCT_DEFINITION_CONTEXT('',#11,'design');
#3=APPLICATION_PROTOCOL_DEFINITION('INTERNATIONAL STANDARD','ap242_managed_model_based_3d_engineering',2014,#11);
#4=PRODUCT_CATEGORY_RELATIONSHIP('NONE','NONE',#12,#13);
#5=SHAPE_DEFINITION_REPRESENTATION(#14,#15);
#6= (GEOMETRIC_REPRESENTATION_CONTEXT(3)GLOBAL_UNCERTAINTY_ASSIGNED_CONTEXT((#18))GLOBAL_UNIT_ASSIGNED_CONTEXT((#20,#21,#22))REPRESENTATION_CONTEXT('NONE','WORKSPACE'));
#10=STYLED_ITEM('',(#24),#25);
#11=APPLICATION_CONTEXT('managed model based 3d engineering');
#12=PRODUCT_CATEGORY('part','NONE');
#13=PRODUCT_RELATED_PRODUCT_CATEGORY('detail',' ',(#26));
#14=PRODUCT_DEFINITION_SHAPE('NONE','NONE',#27);
#15=ADVANCED_BREP_SHAPE_REPRESENTATION('436500204wbm000_01',(#25,#28),#6);
#18=UNCERTAINTY_MEASURE_WITH_UNIT(LENGTH_MEASURE(1.0E-06),#20,'','');
#20= (CONVERSION_BASED_UNIT('MILLIMETRE',#31)LENGTH_UNIT()NAMED_UNIT(#34));
#21= (NAMED_UNIT(#36)PLANE_ANGLE_UNIT()SI_UNIT($,.RADIAN.));
#22= (NAMED_UNIT(#36)SOLID_ANGLE_UNIT()SI_UNIT($,.STERADIAN.));
#24=PRESENTATION_STYLE_ASSIGNMENT((#42));
#25=MANIFOLD_SOLID_BREP('436500204wbm000_01',#43);
#26=PRODUCT('436500204wbm000_01','','PART--DESC',(#44));
#27=PRODUCT_DEFINITION('','NONE',#45,#2);
#28=AXIS2_PLACEMENT_3D('',#46,#47,#48);
#31=LENGTH_MEASURE_WITH_UNIT(LENGTH_MEASURE(1.0),#49);
#34=DIMENSIONAL_EXPONENTS(1.0,0.0,0.0,0.0,0.0,0.0,0.0);
#36=DIMENSIONAL_EXPONENTS(0.0,0.0,0.0,0.0,0.0,0.0,0.0);
#42=SURFACE_STYLE_USAGE(.BOTH.,#50);
#43=CLOSED_SHELL('',(#51,#52,#53,#54,#55,#56,#57,#58,#59,#60,#61,#62,#63,#64,#65,#66,#67,#68,#69,#70,#71,#72,#73,#74,#75,#76,#77,#78,#79,#80,#81,#82,#83,#84,#85,#86,#87,#88,#89,#90,#91,#92,#93,#94,#95,#96,#97,#98,#99,#100,#101,#102,#103,#104,#105,#106,#107,#108,#109,#110,#111,#112,#113,#114,#115,#116,#117,#118,#119,#120,#121,#122,#123,#124,#125,#126,#127,#128,#129,#130,#131,#132,#133,#134,#135,#136,#137,#138,#139,#140,#141,#142,#143,#144,#145,#146,#147,#148,#149,#150,#151,#152,#153,#154,#155,#156,#157,#158,#159,#160,#161,#162,#163,#164,#165,#166,#167,#168,#169,#170,#171,#172,#173,#174,#175,#176,#177,#178,#179,#180,#181,#182,#183,#184,#185,#186));
#44=PRODUCT_CONTEXT('',#11,'mechanical');
#45=PRODUCT_DEFINITION_FORMATION_WITH_SPECIFIED_SOURCE(' ','NONE',#26,.NOT_KNOWN.);
#46=CARTESIAN_POINT('',(0.0,0.0,0.0));
#47=DIRECTION('',(0.0,0.0,1.0));
#48=DIRECTION('',(1.0,0.0,0.0));
#49= (NAMED_UNIT(#34)LENGTH_UNIT()SI_UNIT(.MILLI.,.METRE.));
#50=SURFACE_SIDE_STYLE('',(#188));
#51=ADVANCED_FACE('',(#189,#190,#191,#192,#193,#194,#195,#196,#197),#198,.T.);
#52=ADVANCED_FACE('',(#199),#200,.F.);
#53=ADVANCED_FACE('',(#201),#202,.T.);
#54=ADVANCED_FACE('',(#203),#204,.T.);
#55=ADVANCED_FACE('',(#205),#206,.T.);
#56=ADVANCED_FACE('',(#207,#208,#209),#210,.T.);
#57=ADVANCED_FACE('',(#211,#212),#213,.T.);
#58=ADVANCED_FACE('',(#214),#215,.T.);
#59=ADVANCED_FACE('',(#216),#217,.F.);
#60=ADVANCED_FACE('',(#218),#219,.F.);
#61=ADVANCED_FACE('',(#220),#221,.F.);
#62=ADVANCED_FACE('',(#222),#223,.F.);
#63=ADVANCED_FACE('',(#224),#225,.F.);
#64=ADVANCED_FACE('',(#226),#227,.T.);
#65=ADVANCED_FACE('',(#228),#229,.T.);
#66=ADVANCED_FACE('',(#230),#231,.T.);
#67=ADVANCED_FACE('',(#232),#233,.T.);
#68=ADVANCED_FACE('',(#234),#235,.T.);
#69=ADVANCED_FACE('',(#236),#237,.T.);
#70=ADVANCED_FACE('',(#238),#239,.F.);
#71=ADVANCED_FACE('',(#240),#241,.T.);
#72=ADVANCED_FACE('',(#242),#243,.T.);
#73=ADVANCED_FACE('',(#244),#245,.T.);
#74=ADVANCED_FACE('',(#246),#247,.F.);
#75=ADVANCED_FACE('',(#248),#249,.T.);
#76=ADVANCED_FACE('',(#250),#251,.T.);
#77=ADVANCED_FACE('',(#252),#253,.T.);
#78=ADVANCED_FACE('',(#254),#255,.F.);
#79=ADVANCED_FACE('',(#256),#257,.F.);
#80=ADVANCED_FACE('',(#258),#259,.F.);
#81=ADVANCED_FACE('',(#260),#261,.F.);
#82=ADVANCED_FACE('',(#262),#263,.T.);
#83=ADVANCED_FACE('',(#264),#265,.F.);
#84=ADVANCED_FACE('',(#266),#267,.F.);
#85=ADVANCED_FACE('',(#268),#269,.F.);
#86=ADVANCED_FACE('',(#270),#271,.F.);
#87=ADVANCED_FACE('',(#272),#273,.F.);
#88=ADVANCED_FACE('',(#274),#275,.F.);
#89=ADVANCED_FACE('',(#276,#277),#278,.T.);
#90=ADVANCED_FACE('',(#279),#280,.F.);
#91=ADVANCED_FACE('',(#281),#282,.F.);
#92=ADVANCED_FACE('',(#283),#284,.F.);
#93=ADVANCED_FACE('',(#285),#286,.F.);
#94=ADVANCED_FACE('',(#287,#288),#289,.T.);
#95=ADVANCED_FACE('',(#290),#291,.T.);
#96=ADVANCED_FACE('',(#292),#293,.T.);
#97=ADVANCED_FACE('',(#294),#295,.T.);
#98=ADVANCED_FACE('',(#296),#297,.F.);
#99=ADVANCED_FACE('',(#298),#299,.T.);
#100=ADVANCED_FACE('',(#300),#301,.T.);
#101=ADVANCED_FACE('',(#302),#303,.T.);
#102=ADVANCED_FACE('',(#304),#305,.T.);
#103=ADVANCED_FACE('',(#306),#307,.F.);
#104=ADVANCED_FACE('',(#308),#309,.T.);
#105=ADVANCED_FACE('',(#310),#311,.F.);
#106=ADVANCED_FACE('',(#312),#313,.T.);
#107=ADVANCED_FACE('',(#314),#315,.F.);
#108=ADVANCED_FACE('',(#316),#317,.F.);
#109=ADVANCED_FACE('',(#318),#319,.F.);
#110=ADVANCED_FACE('',(#320),#321,.T.);
#111=ADVANCED_FACE('',(#322),#323,.F.);
#112=ADVANCED_FACE('',(#324),#325,.F.);
#113=ADVANCED_FACE('',(#326),#327,.F.);
#114=ADVANCED_FACE('',(#328),#329,.F.);
#115=ADVANCED_FACE('',(#330),#331,.F.);
#116=ADVANCED_FACE('',(#332),#333,.T.);
#117=ADVANCED_FACE('',(#334),#335,.F.);
#118=ADVANCED_FACE('',(#336),#337,.F.);
#119=ADVANCED_FACE('',(#338),#339,.F.);
#120=ADVANCED_FACE('',(#340),#341,.T.);
#121=ADVANCED_FACE('',(#342),#343,.F.);
#122=ADVANCED_FACE('',(#344),#345,.F.);
#123=ADVANCED_FACE('',(#346),#347,.F.);
#124=ADVANCED_FACE('',(#348),#349,.T.);
#125=ADVANCED_FACE('',(#350),#351,.F.);
#126=ADVANCED_FACE('',(#352),#353,.F.);
#127=ADVANCED_FACE('',(#354),#355,.F.);
#128=ADVANCED_FACE('',(#356),#357,.T.);
#129=ADVANCED_FACE('',(#358),#359,.F.);
#130=ADVANCED_FACE('',(#360),#361,.F.);
#131=ADVANCED_FACE('',(#362),#363,.F.);
#132=ADVANCED_FACE('',(#364),#365,.F.);
#133=ADVANCED_FACE('',(#366),#367,.F.);
#134=ADVANCED_FACE('',(#368),#369,.T.);
#135=ADVANCED_FACE('',(#370),#371,.F.);
#136=ADVANCED_FACE('',(#372),#373,.F.);
#137=ADVANCED_FACE('',(#374),#375,.F.);
#138=ADVANCED_FACE('',(#376),#377,.T.);
#139=ADVANCED_FACE('',(#378),#379,.F.);
#140=ADVANCED_FACE('',(#380),#381,.F.);
#141=ADVANCED_FACE('',(#382),#383,.T.);
#142=ADVANCED_FACE('',(#384),#385,.T.);
#143=ADVANCED_FACE('',(#386),#387,.T.);
#144=ADVANCED_FACE('',(#388),#389,.T.);
#145=ADVANCED_FACE('',(#390),#391,.F.);
#146=ADVANCED_FACE('',(#392),#393,.T.);
#147=ADVANCED_FACE('',(#394),#395,.T.);
#148=ADVANCED_FACE('',(#396),#397,.T.);
#149=ADVANCED_FACE('',(#398),#399,.T.);
#150=ADVANCED_FACE('',(#400),#401,.F.);
#151=ADVANCED_FACE('',(#402),#403,.T.);
#152=ADVANCED_FACE('',(#404),#405,.T.);
#153=ADVANCED_FACE('',(#406),#407,.T.);
#154=ADVANCED_FACE('',(#408),#409,.T.);
#155=ADVANCED_FACE('',(#410),#411,.T.);
#156=ADVANCED_FACE('',(#412),#413,.T.);
#157=ADVANCED_FACE('',(#414),#415,.T.);
#158=ADVANCED_FACE('',(#416),#417,.T.);
#159=ADVANCED_FACE('',(#418),#419,.T.);
#160=ADVANCED_FACE('',(#420),#421,.T.);
#161=ADVANCED_FACE('',(#422),#423,.F.);
#162=ADVANCED_FACE('',(#424),#425,.F.);
#163=ADVANCED_FACE('',(#426),#427,.T.);
#164=ADVANCED_FACE('',(#428),#429,.F.);
#165=ADVANCED_FACE('',(#430),#431,.F.);
#166=ADVANCED_FACE('',(#432),#433,.F.);
#167=ADVANCED_FACE('',(#434),#435,.F.);
#168=ADVANCED_FACE('',(#436),#437,.T.);
#169=ADVANCED_FACE('',(#438),#439,.F.);
#170=ADVANCED_FACE('',(#440),#441,.F.);
#171=ADVANCED_FACE('',(#442),#443,.F.);
#172=ADVANCED_FACE('',(#444),#445,.F.);
#173=ADVANCED_FACE('',(#446),#447,.T.);
#174=ADVANCED_FACE('',(#448),#449,.F.);
#175=ADVANCED_FACE('',(#450),#451,.F.);
#176=ADVANCED_FACE('',(#452),#453,.F.);
#177=ADVANCED_FACE('',(#454),#455,.F.);
#178=ADVANCED_FACE('',(#456),#457,.F.);
#179=ADVANCED_FACE('',(#458),#459,.F.);
#180=ADVANCED_FACE('',(#460),#461,.T.);
#181=ADVANCED_FACE('',(#462),#463,.F.);
#182=ADVANCED_FACE('',(#464),#465,.F.);
#183=ADVANCED_FACE('',(#466),#467,.F.);
#184=ADVANCED_FACE('',(#468),#469,.F.);
#185=ADVANCED_FACE('',(#470),#471,.T.);
#186=ADVANCED_FACE('',(#472),#473,.F.);
#188=SURFACE_STYLE_FILL_AREA(#474);
#189=FACE_OUTER_BOUND('',#475,.T.);
#190=FACE_BOUND('',#476,.T.);
#191=FACE_BOUND('',#477,.T.);
#192=FACE_BOUND('',#478,.T.);
#193=FACE_BOUND('',#479,.T.);
#194=FACE_BOUND('',#480,.T.);
#195=FACE_BOUND('',#481,.T.);
#196=FACE_BOUND('',#482,.T.);
#197=FACE_BOUND('',#483,.T.);
#198=PLANE('',#484);
#199=FACE_OUTER_BOUND('',#485,.T.);
#200=PLANE('',#486);
#201=FACE_OUTER_BOUND('',#487,.T.);
#202=PLANE('',#488);
#203=FACE_OUTER_BOUND('',#489,.T.);
#204=PLANE('',#490);
#205=FACE_OUTER_BOUND('',#491,.T.);
#206=PLANE('',#492);
#207=FACE_BOUND('',#493,.T.);
#208=FACE_BOUND('',#494,.T.);
#209=FACE_OUTER_BOUND('',#495,.T.);
#210=PLANE('',#496);
#211=FACE_OUTER_BOUND('',#497,.T.);
#212=FACE_BOUND('',#498,.T.);
#213=PLANE('',#499);
#214=FACE_OUTER_BOUND('',#500,.T.);
#215=PLANE('',#501);
#216=FACE_OUTER_BOUND('',#502,.T.);
#217=PLANE('',#503);
#218=FACE_OUTER_BOUND('',#504,.T.);
#219=PLANE('',#505);
#220=FACE_OUTER_BOUND('',#506,.T.);
#221=PLANE('',#507);
#222=FACE_OUTER_BOUND('',#508,.T.);
#223=PLANE('',#509);
#224=FACE_OUTER_BOUND('',#510,.T.);
#225=PLANE('',#511);
#226=FACE_OUTER_BOUND('',#512,.T.);
#227=PLANE('',#513);
#228=FACE_OUTER_BOUND('',#514,.T.);
#229=PLANE('',#515);
#230=FACE_OUTER_BOUND('',#516,.T.);
#231=PLANE('',#517);
#232=FACE_OUTER_BOUND('',#518,.T.);
#233=PLANE('',#519);
#234=FACE_OUTER_BOUND('',#520,.T.);
#235=PLANE('',#521);
#236=FACE_OUTER_BOUND('',#522,.T.);
#237=PLANE('',#523);
#238=FACE_OUTER_BOUND('',#524,.T.);
#239=PLANE('',#525);
#240=FACE_OUTER_BOUND('',#526,.T.);
#241=PLANE('',#527);
#242=FACE_OUTER_BOUND('',#528,.T.);
#243=PLANE('',#529);
#244=FACE_OUTER_BOUND('',#530,.T.);
#245=PLANE('',#531);
#246=FACE_OUTER_BOUND('',#532,.T.);
#247=PLANE('',#533);
#248=FACE_OUTER_BOUND('',#534,.T.);
#249=PLANE('',#535);
#250=FACE_OUTER_BOUND('',#536,.T.);
#251=PLANE('',#537);
#252=FACE_OUTER_BOUND('',#538,.T.);
#253=PLANE('',#539);
#254=FACE_OUTER_BOUND('',#540,.T.);
#255=PLANE('',#541);
#256=FACE_OUTER_BOUND('',#542,.T.);
#257=PLANE('',#543);
#258=FACE_OUTER_BOUND('',#544,.T.);
#259=PLANE('',#545);
#260=FACE_OUTER_BOUND('',#546,.T.);
#261=PLANE('',#547);
#262=FACE_OUTER_BOUND('',#548,.T.);
#263=PLANE('',#549);
#264=FACE_OUTER_BOUND('',#550,.T.);
#265=PLANE('',#551);
#266=FACE_OUTER_BOUND('',#552,.T.);
#267=PLANE('',#553);
#268=FACE_OUTER_BOUND('',#554,.T.);
#269=PLANE('',#555);
#270=FACE_OUTER_BOUND('',#556,.T.);
#271=PLANE('',#557);
#272=FACE_OUTER_BOUND('',#558,.T.);
#273=PLANE('',#559);
#274=FACE_OUTER_BOUND('',#560,.T.);
#275=PLANE('',#561);
#276=FACE_BOUND('',#562,.T.);
#277=FACE_OUTER_BOUND('',#563,.T.);
#278=PLANE('',#564);
#279=FACE_OUTER_BOUND('',#565,.T.);
#280=PLANE('',#566);
#281=FACE_OUTER_BOUND('',#567,.T.);
#282=PLANE('',#568);
#283=FACE_OUTER_BOUND('',#569,.T.);
#284=PLANE('',#570);
#285=FACE_OUTER_BOUND('',#571,.T.);
#286=PLANE('',#572);
#287=FACE_BOUND('',#573,.T.);
#288=FACE_OUTER_BOUND('',#574,.T.);
#289=PLANE('',#575);
#290=FACE_OUTER_BOUND('',#576,.T.);
#291=PLANE('',#577);
#292=FACE_OUTER_BOUND('',#578,.T.);
#293=PLANE('',#579);
#294=FACE_OUTER_BOUND('',#580,.T.);
#295=PLANE('',#581);
#296=FACE_OUTER_BOUND('',#582,.T.);
#297=PLANE('',#583);
#298=FACE_OUTER_BOUND('',#584,.T.);
#299=PLANE('',#585);
#300=FACE_OUTER_BOUND('',#586,.T.);
#301=PLANE('',#587);
#302=FACE_OUTER_BOUND('',#588,.T.);
#303=PLANE('',#589);
#304=FACE_OUTER_BOUND('',#590,.T.);
#305=PLANE('',#591);
#306=FACE_OUTER_BOUND('',#592,.T.);
#307=PLANE('',#593);
#308=FACE_OUTER_BOUND('',#594,.T.);
#309=PLANE('',#595);
#310=FACE_OUTER_BOUND('',#596,.T.);
#311=PLANE('',#597);
#312=FACE_OUTER_BOUND('',#598,.T.);
#313=PLANE('',#599);
#314=FACE_OUTER_BOUND('',#600,.T.);
#315=PLANE('',#601);
#316=FACE_OUTER_BOUND('',#602,.T.);
#317=PLANE('',#603);
#318=FACE_OUTER_BOUND('',#604,.T.);
#319=PLANE('',#605);
#320=FACE_OUTER_BOUND('',#606,.T.);
#321=PLANE('',#607);
#322=FACE_OUTER_BOUND('',#608,.T.);
#323=PLANE('',#609);
#324=FACE_OUTER_BOUND('',#610,.T.);
#325=PLANE('',#611);
#326=FACE_OUTER_BOUND('',#612,.T.);
#327=PLANE('',#613);
#328=FACE_OUTER_BOUND('',#614,.T.);
#329=PLANE('',#615);
#330=FACE_OUTER_BOUND('',#616,.T.);
#331=PLANE('',#617);
#332=FACE_OUTER_BOUND('',#618,.T.);
#333=PLANE('',#619);
#334=FACE_OUTER_BOUND('',#620,.T.);
#335=PLANE('',#621);
#336=FACE_OUTER_BOUND('',#622,.T.);
#337=PLANE('',#623);
#338=FACE_OUTER_BOUND('',#624,.T.);
#339=PLANE('',#625);
#340=FACE_OUTER_BOUND('',#626,.T.);
#341=PLANE('',#627);
#342=FACE_OUTER_BOUND('',#628,.T.);
#343=PLANE('',#629);
#344=FACE_OUTER_BOUND('',#630,.T.);
#345=PLANE('',#631);
#346=FACE_OUTER_BOUND('',#632,.T.);
#347=PLANE('',#633);
#348=FACE_OUTER_BOUND('',#634,.T.);
#349=PLANE('',#635);
#350=FACE_OUTER_BOUND('',#636,.T.);
#351=PLANE('',#637);
#352=FACE_OUTER_BOUND('',#638,.T.);
#353=PLANE('',#639);
#354=FACE_OUTER_BOUND('',#640,.T.);
#355=PLANE('',#641);
#356=FACE_OUTER_BOUND('',#642,.T.);
#357=PLANE('',#643);
#358=FACE_OUTER_BOUND('',#644,.T.);
#359=PLANE('',#645);
#360=FACE_OUTER_BOUND('',#646,.T.);
#361=PLANE('',#647);
#362=FACE_OUTER_BOUND('',#648,.T.);
#363=PLANE('',#649);
#364=FACE_OUTER_BOUND('',#650,.T.);
#365=PLANE('',#651);
#366=FACE_OUTER_BOUND('',#652,.T.);
#367=PLANE('',#653);
#368=FACE_OUTER_BOUND('',#654,.T.);
#369=PLANE('',#655);
#370=FACE_OUTER_BOUND('',#656,.T.);
#371=PLANE('',#657);
#372=FACE_OUTER_BOUND('',#658,.T.);
#373=PLANE('',#659);
#374=FACE_OUTER_BOUND('',#660,.T.);
#375=PLANE('',#661);
#376=FACE_OUTER_BOUND('',#662,.T.);
#377=PLANE('',#663);
#378=FACE_OUTER_BOUND('',#664,.T.);
#379=PLANE('',#665);
#380=FACE_OUTER_BOUND('',#666,.T.);
#381=PLANE('',#667);
#382=FACE_OUTER_BOUND('',#668,.T.);
#383=PLANE('',#669);
#384=FACE_OUTER_BOUND('',#670,.T.);
#385=PLANE('',#671);
#386=FACE_OUTER_BOUND('',#672,.T.);
#387=PLANE('',#673);
#388=FACE_OUTER_BOUND('',#674,.T.);
#389=PLANE('',#675);
#390=FACE_OUTER_BOUND('',#676,.T.);
#391=PLANE('',#677);
#392=FACE_OUTER_BOUND('',#678,.T.);
#393=PLANE('',#679);
#394=FACE_OUTER_BOUND('',#680,.T.);
#395=PLANE('',#681);
#396=FACE_OUTER_BOUND('',#682,.T.);
#397=PLANE('',#683);
#398=FACE_OUTER_BOUND('',#684,.T.);
#399=PLANE('',#685);
#400=FACE_OUTER_BOUND('',#686,.T.);
#401=PLANE('',#687);
#402=FACE_OUTER_BOUND('',#688,.T.);
#403=PLANE('',#689);
#404=FACE_OUTER_BOUND('',#690,.T.);
#405=PLANE('',#691);
#406=FACE_OUTER_BOUND('',#692,.T.);
#407=PLANE('',#693);
#408=FACE_OUTER_BOUND('',#694,.T.);
#409=PLANE('',#695);
#410=FACE_OUTER_BOUND('',#696,.T.);
#411=PLANE('',#697);
#412=FACE_OUTER_BOUND('',#698,.T.);
#413=PLANE('',#699);
#414=FACE_OUTER_BOUND('',#700,.T.);
#415=CYLINDRICAL_SURFACE('',#701,0.649999999999999);
#416=FACE_OUTER_BOUND('',#702,.T.);
#417=PLANE('',#703);
#418=FACE_OUTER_BOUND('',#704,.T.);
#419=PLANE('',#705);
#420=FACE_OUTER_BOUND('',#706,.T.);
#421=PLANE('',#707);
#422=FACE_OUTER_BOUND('',#708,.T.);
#423=CYLINDRICAL_SURFACE('',#709,0.199999999999999);
#424=FACE_OUTER_BOUND('',#710,.T.);
#425=PLANE('',#711);
#426=FACE_OUTER_BOUND('',#712,.T.);
#427=PLANE('',#713);
#428=FACE_OUTER_BOUND('',#714,.T.);
#429=PLANE('',#715);
#430=FACE_OUTER_BOUND('',#716,.T.);
#431=PLANE('',#717);
#432=FACE_OUTER_BOUND('',#718,.T.);
#433=PLANE('',#719);
#434=FACE_OUTER_BOUND('',#720,.T.);
#435=PLANE('',#721);
#436=FACE_OUTER_BOUND('',#722,.T.);
#437=PLANE('',#723);
#438=FACE_OUTER_BOUND('',#724,.T.);
#439=PLANE('',#725);
#440=FACE_OUTER_BOUND('',#726,.T.);
#441=PLANE('',#727);
#442=FACE_OUTER_BOUND('',#728,.T.);
#443=PLANE('',#729);
#444=FACE_OUTER_BOUND('',#730,.T.);
#445=PLANE('',#731);
#446=FACE_OUTER_BOUND('',#732,.T.);
#447=PLANE('',#733);
#448=FACE_OUTER_BOUND('',#734,.T.);
#449=PLANE('',#735);
#450=FACE_OUTER_BOUND('',#736,.T.);
#451=PLANE('',#737);
#452=FACE_OUTER_BOUND('',#738,.T.);
#453=PLANE('',#739);
#454=FACE_OUTER_BOUND('',#740,.T.);
#455=PLANE('',#741);
#456=FACE_OUTER_BOUND('',#742,.T.);
#457=PLANE('',#743);
#458=FACE_OUTER_BOUND('',#744,.T.);
#459=PLANE('',#745);
#460=FACE_OUTER_BOUND('',#746,.T.);
#461=CYLINDRICAL_SURFACE('',#747,0.649999999999999);
#462=FACE_OUTER_BOUND('',#748,.T.);
#463=PLANE('',#749);
#464=FACE_OUTER_BOUND('',#750,.T.);
#465=PLANE('',#751);
#466=FACE_OUTER_BOUND('',#752,.T.);
#467=PLANE('',#753);
#468=FACE_OUTER_BOUND('',#754,.T.);
#469=CYLINDRICAL_SURFACE('',#755,0.199999999999999);
#470=FACE_OUTER_BOUND('',#756,.T.);
#471=PLANE('',#757);
#472=FACE_OUTER_BOUND('',#758,.T.);
#473=PLANE('',#759);
#474=FILL_AREA_STYLE('',(#760));
#475=EDGE_LOOP('',(#761,#762,#763,#764,#765,#766,#767,#768,#769,#770,#771,#772,#773,#774,#775,#776,#777,#778));
#476=EDGE_LOOP('',(#779,#780,#781,#782));
#477=EDGE_LOOP('',(#783,#784,#785,#786));
#478=EDGE_LOOP('',(#787,#788,#789,#790));
#479=EDGE_LOOP('',(#791,#792,#793,#794));
#480=EDGE_LOOP('',(#795,#796,#797,#798));
#481=EDGE_LOOP('',(#799,#800,#801,#802));
#482=EDGE_LOOP('',(#803,#804,#805,#806));
#483=EDGE_LOOP('',(#807,#808,#809,#810));
#484=AXIS2_PLACEMENT_3D('',#811,#812,#813);
#485=EDGE_LOOP('',(#814,#815,#816,#817,#818,#819,#820,#821));
#486=AXIS2_PLACEMENT_3D('',#822,#823,#824);
#487=EDGE_LOOP('',(#825,#826,#827,#828));
#488=AXIS2_PLACEMENT_3D('',#829,#830,#831);
#489=EDGE_LOOP('',(#832,#833,#834,#835));
#490=AXIS2_PLACEMENT_3D('',#836,#837,#838);
#491=EDGE_LOOP('',(#839,#840,#841,#842,#843,#844,#845,#846));
#492=AXIS2_PLACEMENT_3D('',#847,#848,#849);
#493=EDGE_LOOP('',(#850,#851,#852,#853));
#494=EDGE_LOOP('',(#854,#855,#856,#857,#858));
#495=EDGE_LOOP('',(#859,#860,#861,#862,#863,#864,#865,#866));
#496=AXIS2_PLACEMENT_3D('',#867,#868,#869);
#497=EDGE_LOOP('',(#870,#871,#872,#873,#874,#875));
#498=EDGE_LOOP('',(#876,#877,#878,#879));
#499=AXIS2_PLACEMENT_3D('',#880,#881,#882);
#500=EDGE_LOOP('',(#883,#884,#885,#886,#887,#888,#889,#890));
#501=AXIS2_PLACEMENT_3D('',#891,#892,#893);
#502=EDGE_LOOP('',(#894,#895,#896,#897,#898,#899,#900,#901));
#503=AXIS2_PLACEMENT_3D('',#902,#903,#904);
#504=EDGE_LOOP('',(#905,#906,#907,#908));
#505=AXIS2_PLACEMENT_3D('',#909,#910,#911);
#506=EDGE_LOOP('',(#912,#913,#914,#915));
#507=AXIS2_PLACEMENT_3D('',#916,#917,#918);
#508=EDGE_LOOP('',(#919,#920,#921,#922));
#509=AXIS2_PLACEMENT_3D('',#923,#924,#925);
#510=EDGE_LOOP('',(#926,#927,#928,#929));
#511=AXIS2_PLACEMENT_3D('',#930,#931,#932);
#512=EDGE_LOOP('',(#933,#934,#935,#936));
#513=AXIS2_PLACEMENT_3D('',#937,#938,#939);
#514=EDGE_LOOP('',(#940,#941,#942,#943,#944));
#515=AXIS2_PLACEMENT_3D('',#945,#946,#947);
#516=EDGE_LOOP('',(#948,#949,#950,#951,#952));
#517=AXIS2_PLACEMENT_3D('',#953,#954,#955);
#518=EDGE_LOOP('',(#956,#957,#958,#959));
#519=AXIS2_PLACEMENT_3D('',#960,#961,#962);
#520=EDGE_LOOP('',(#963,#964,#965,#966));
#521=AXIS2_PLACEMENT_3D('',#967,#968,#969);
#522=EDGE_LOOP('',(#970,#971,#972));
#523=AXIS2_PLACEMENT_3D('',#973,#974,#975);
#524=EDGE_LOOP('',(#976,#977,#978));
#525=AXIS2_PLACEMENT_3D('',#979,#980,#981);
#526=EDGE_LOOP('',(#982,#983,#984,#985));
#527=AXIS2_PLACEMENT_3D('',#986,#987,#988);
#528=EDGE_LOOP('',(#989,#990,#991,#992));
#529=AXIS2_PLACEMENT_3D('',#993,#994,#995);
#530=EDGE_LOOP('',(#996,#997,#998));
#531=AXIS2_PLACEMENT_3D('',#999,#1000,#1001);
#532=EDGE_LOOP('',(#1002,#1003,#1004));
#533=AXIS2_PLACEMENT_3D('',#1005,#1006,#1007);
#534=EDGE_LOOP('',(#1008,#1009,#1010,#1011));
#535=AXIS2_PLACEMENT_3D('',#1012,#1013,#1014);
#536=EDGE_LOOP('',(#1015,#1016,#1017,#1018));
#537=AXIS2_PLACEMENT_3D('',#1019,#1020,#1021);
#538=EDGE_LOOP('',(#1022,#1023,#1024,#1025));
#539=AXIS2_PLACEMENT_3D('',#1026,#1027,#1028);
#540=EDGE_LOOP('',(#1029,#1030,#1031,#1032,#1033));
#541=AXIS2_PLACEMENT_3D('',#1034,#1035,#1036);
#542=EDGE_LOOP('',(#1037,#1038,#1039,#1040));
#543=AXIS2_PLACEMENT_3D('',#1041,#1042,#1043);
#544=EDGE_LOOP('',(#1044,#1045,#1046,#1047));
#545=AXIS2_PLACEMENT_3D('',#1048,#1049,#1050);
#546=EDGE_LOOP('',(#1051,#1052,#1053,#1054));
#547=AXIS2_PLACEMENT_3D('',#1055,#1056,#1057);
#548=EDGE_LOOP('',(#1058,#1059,#1060,#1061,#1062));
#549=AXIS2_PLACEMENT_3D('',#1063,#1064,#1065);
#550=EDGE_LOOP('',(#1066,#1067,#1068,#1069,#1070,#1071,#1072,#1073));
#551=AXIS2_PLACEMENT_3D('',#1074,#1075,#1076);
#552=EDGE_LOOP('',(#1077,#1078,#1079,#1080));
#553=AXIS2_PLACEMENT_3D('',#1081,#1082,#1083);
#554=EDGE_LOOP('',(#1084,#1085,#1086,#1087));
#555=AXIS2_PLACEMENT_3D('',#1088,#1089,#1090);
#556=EDGE_LOOP('',(#1091,#1092,#1093,#1094));
#557=AXIS2_PLACEMENT_3D('',#1095,#1096,#1097);
#558=EDGE_LOOP('',(#1098,#1099,#1100,#1101));
#559=AXIS2_PLACEMENT_3D('',#1102,#1103,#1104);
#560=EDGE_LOOP('',(#1105,#1106,#1107,#1108));
#561=AXIS2_PLACEMENT_3D('',#1109,#1110,#1111);
#562=EDGE_LOOP('',(#1112,#1113,#1114,#1115));
#563=EDGE_LOOP('',(#1116,#1117,#1118,#1119,#1120));
#564=AXIS2_PLACEMENT_3D('',#1121,#1122,#1123);
#565=EDGE_LOOP('',(#1124,#1125,#1126,#1127));
#566=AXIS2_PLACEMENT_3D('',#1128,#1129,#1130);
#567=EDGE_LOOP('',(#1131,#1132,#1133,#1134));
#568=AXIS2_PLACEMENT_3D('',#1135,#1136,#1137);
#569=EDGE_LOOP('',(#1138,#1139,#1140,#1141));
#570=AXIS2_PLACEMENT_3D('',#1142,#1143,#1144);
#571=EDGE_LOOP('',(#1145,#1146,#1147,#1148));
#572=AXIS2_PLACEMENT_3D('',#1149,#1150,#1151);
#573=EDGE_LOOP('',(#1152,#1153,#1154,#1155));
#574=EDGE_LOOP('',(#1156,#1157,#1158,#1159));
#575=AXIS2_PLACEMENT_3D('',#1160,#1161,#1162);
#576=EDGE_LOOP('',(#1163,#1164,#1165,#1166));
#577=AXIS2_PLACEMENT_3D('',#1167,#1168,#1169);
#578=EDGE_LOOP('',(#1170,#1171,#1172,#1173));
#579=AXIS2_PLACEMENT_3D('',#1174,#1175,#1176);
#580=EDGE_LOOP('',(#1177,#1178,#1179,#1180));
#581=AXIS2_PLACEMENT_3D('',#1181,#1182,#1183);
#582=EDGE_LOOP('',(#1184,#1185,#1186,#1187));
#583=AXIS2_PLACEMENT_3D('',#1188,#1189,#1190);
#584=EDGE_LOOP('',(#1191,#1192,#1193,#1194));
#585=AXIS2_PLACEMENT_3D('',#1195,#1196,#1197);
#586=EDGE_LOOP('',(#1198,#1199,#1200,#1201));
#587=AXIS2_PLACEMENT_3D('',#1202,#1203,#1204);
#588=EDGE_LOOP('',(#1205,#1206,#1207,#1208));
#589=AXIS2_PLACEMENT_3D('',#1209,#1210,#1211);
#590=EDGE_LOOP('',(#1212,#1213,#1214,#1215));
#591=AXIS2_PLACEMENT_3D('',#1216,#1217,#1218);
#592=EDGE_LOOP('',(#1219,#1220,#1221,#1222));
#593=AXIS2_PLACEMENT_3D('',#1223,#1224,#1225);
#594=EDGE_LOOP('',(#1226,#1227,#1228,#1229));
#595=AXIS2_PLACEMENT_3D('',#1230,#1231,#1232);
#596=EDGE_LOOP('',(#1233,#1234,#1235,#1236));
#597=AXIS2_PLACEMENT_3D('',#1237,#1238,#1239);
#598=EDGE_LOOP('',(#1240,#1241,#1242,#1243));
#599=AXIS2_PLACEMENT_3D('',#1244,#1245,#1246);
#600=EDGE_LOOP('',(#1247,#1248,#1249,#1250));
#601=AXIS2_PLACEMENT_3D('',#1251,#1252,#1253);
#602=EDGE_LOOP('',(#1254,#1255,#1256,#1257));
#603=AXIS2_PLACEMENT_3D('',#1258,#1259,#1260);
#604=EDGE_LOOP('',(#1261,#1262,#1263,#1264));
#605=AXIS2_PLACEMENT_3D('',#1265,#1266,#1267);
#606=EDGE_LOOP('',(#1268,#1269,#1270,#1271));
#607=AXIS2_PLACEMENT_3D('',#1272,#1273,#1274);
#608=EDGE_LOOP('',(#1275,#1276,#1277,#1278));
#609=AXIS2_PLACEMENT_3D('',#1279,#1280,#1281);
#610=EDGE_LOOP('',(#1282,#1283,#1284,#1285));
#611=AXIS2_PLACEMENT_3D('',#1286,#1287,#1288);
#612=EDGE_LOOP('',(#1289,#1290,#1291,#1292));
#613=AXIS2_PLACEMENT_3D('',#1293,#1294,#1295);
#614=EDGE_LOOP('',(#1296,#1297,#1298,#1299));
#615=AXIS2_PLACEMENT_3D('',#1300,#1301,#1302);
#616=EDGE_LOOP('',(#1303,#1304,#1305,#1306));
#617=AXIS2_PLACEMENT_3D('',#1307,#1308,#1309);
#618=EDGE_LOOP('',(#1310,#1311,#1312,#1313));
#619=AXIS2_PLACEMENT_3D('',#1314,#1315,#1316);
#620=EDGE_LOOP('',(#1317,#1318,#1319,#1320));
#621=AXIS2_PLACEMENT_3D('',#1321,#1322,#1323);
#622=EDGE_LOOP('',(#1324,#1325,#1326,#1327));
#623=AXIS2_PLACEMENT_3D('',#1328,#1329,#1330);
#624=EDGE_LOOP('',(#1331,#1332,#1333,#1334));
#625=AXIS2_PLACEMENT_3D('',#1335,#1336,#1337);
#626=EDGE_LOOP('',(#1338,#1339,#1340,#1341));
#627=AXIS2_PLACEMENT_3D('',#1342,#1343,#1344);
#628=EDGE_LOOP('',(#1345,#1346,#1347,#1348));
#629=AXIS2_PLACEMENT_3D('',#1349,#1350,#1351);
#630=EDGE_LOOP('',(#1352,#1353,#1354,#1355));
#631=AXIS2_PLACEMENT_3D('',#1356,#1357,#1358);
#632=EDGE_LOOP('',(#1359,#1360,#1361,#1362));
#633=AXIS2_PLACEMENT_3D('',#1363,#1364,#1365);
#634=EDGE_LOOP('',(#1366,#1367,#1368,#1369));
#635=AXIS2_PLACEMENT_3D('',#1370,#1371,#1372);
#636=EDGE_LOOP('',(#1373,#1374,#1375,#1376));
#637=AXIS2_PLACEMENT_3D('',#1377,#1378,#1379);
#638=EDGE_LOOP('',(#1380,#1381,#1382,#1383));
#639=AXIS2_PLACEMENT_3D('',#1384,#1385,#1386);
#640=EDGE_LOOP('',(#1387,#1388,#1389,#1390));
#641=AXIS2_PLACEMENT_3D('',#1391,#1392,#1393);
#642=EDGE_LOOP('',(#1394,#1395,#1396,#1397));
#643=AXIS2_PLACEMENT_3D('',#1398,#1399,#1400);
#644=EDGE_LOOP('',(#1401,#1402,#1403,#1404));
#645=AXIS2_PLACEMENT_3D('',#1405,#1406,#1407);
#646=EDGE_LOOP('',(#1408,#1409,#1410,#1411));
#647=AXIS2_PLACEMENT_3D('',#1412,#1413,#1414);
#648=EDGE_LOOP('',(#1415,#1416,#1417,#1418));
#649=AXIS2_PLACEMENT_3D('',#1419,#1420,#1421);
#650=EDGE_LOOP('',(#1422,#1423,#1424,#1425));
#651=AXIS2_PLACEMENT_3D('',#1426,#1427,#1428);
#652=EDGE_LOOP('',(#1429,#1430,#1431,#1432));
#653=AXIS2_PLACEMENT_3D('',#1433,#1434,#1435);
#654=EDGE_LOOP('',(#1436,#1437,#1438,#1439));
#655=AXIS2_PLACEMENT_3D('',#1440,#1441,#1442);
#656=EDGE_LOOP('',(#1443,#1444,#1445,#1446));
#657=AXIS2_PLACEMENT_3D('',#1447,#1448,#1449);
#658=EDGE_LOOP('',(#1450,#1451,#1452,#1453));
#659=AXIS2_PLACEMENT_3D('',#1454,#1455,#1456);
#660=EDGE_LOOP('',(#1457,#1458,#1459,#1460));
#661=AXIS2_PLACEMENT_3D('',#1461,#1462,#1463);
#662=EDGE_LOOP('',(#1464,#1465,#1466,#1467));
#663=AXIS2_PLACEMENT_3D('',#1468,#1469,#1470);
#664=EDGE_LOOP('',(#1471,#1472,#1473,#1474));
#665=AXIS2_PLACEMENT_3D('',#1475,#1476,#1477);
#666=EDGE_LOOP('',(#1478,#1479,#1480,#1481));
#667=AXIS2_PLACEMENT_3D('',#1482,#1483,#1484);
#668=EDGE_LOOP('',(#1485,#1486,#1487,#1488));
#669=AXIS2_PLACEMENT_3D('',#1489,#1490,#1491);
#670=EDGE_LOOP('',(#1492,#1493,#1494,#1495));
#671=AXIS2_PLACEMENT_3D('',#1496,#1497,#1498);
#672=EDGE_LOOP('',(#1499,#1500,#1501,#1502));
#673=AXIS2_PLACEMENT_3D('',#1503,#1504,#1505);
#674=EDGE_LOOP('',(#1506,#1507,#1508,#1509));
#675=AXIS2_PLACEMENT_3D('',#1510,#1511,#1512);
#676=EDGE_LOOP('',(#1513,#1514,#1515,#1516,#1517,#1518,#1519));
#677=AXIS2_PLACEMENT_3D('',#1520,#1521,#1522);
#678=EDGE_LOOP('',(#1523,#1524,#1525,#1526,#1527,#1528,#1529));
#679=AXIS2_PLACEMENT_3D('',#1530,#1531,#1532);
#680=EDGE_LOOP('',(#1533,#1534,#1535,#1536));
#681=AXIS2_PLACEMENT_3D('',#1537,#1538,#1539);
#682=EDGE_LOOP('',(#1540,#1541,#1542,#1543));
#683=AXIS2_PLACEMENT_3D('',#1544,#1545,#1546);
#684=EDGE_LOOP('',(#1547,#1548,#1549,#1550,#1551,#1552,#1553));
#685=AXIS2_PLACEMENT_3D('',#1554,#1555,#1556);
#686=EDGE_LOOP('',(#1557,#1558,#1559,#1560,#1561,#1562,#1563));
#687=AXIS2_PLACEMENT_3D('',#1564,#1565,#1566);
#688=EDGE_LOOP('',(#1567,#1568,#1569,#1570));
#689=AXIS2_PLACEMENT_3D('',#1571,#1572,#1573);
#690=EDGE_LOOP('',(#1574,#1575,#1576,#1577));
#691=AXIS2_PLACEMENT_3D('',#1578,#1579,#1580);
#692=EDGE_LOOP('',(#1581,#1582,#1583,#1584));
#693=AXIS2_PLACEMENT_3D('',#1585,#1586,#1587);
#694=EDGE_LOOP('',(#1588,#1589,#1590,#1591));
#695=AXIS2_PLACEMENT_3D('',#1592,#1593,#1594);
#696=EDGE_LOOP('',(#1595,#1596,#1597,#1598));
#697=AXIS2_PLACEMENT_3D('',#1599,#1600,#1601);
#698=EDGE_LOOP('',(#1602,#1603,#1604,#1605));
#699=AXIS2_PLACEMENT_3D('',#1606,#1607,#1608);
#700=EDGE_LOOP('',(#1609,#1610,#1611,#1612));
#701=AXIS2_PLACEMENT_3D('',#1613,#1614,#1615);
#702=EDGE_LOOP('',(#1616,#1617,#1618,#1619));
#703=AXIS2_PLACEMENT_3D('',#1620,#1621,#1622);
#704=EDGE_LOOP('',(#1623,#1624,#1625,#1626));
#705=AXIS2_PLACEMENT_3D('',#1627,#1628,#1629);
#706=EDGE_LOOP('',(#1630,#1631,#1632,#1633));
#707=AXIS2_PLACEMENT_3D('',#1634,#1635,#1636);
#708=EDGE_LOOP('',(#1637,#1638,#1639,#1640));
#709=AXIS2_PLACEMENT_3D('',#1641,#1642,#1643);
#710=EDGE_LOOP('',(#1644,#1645,#1646,#1647,#1648,#1649,#1650));
#711=AXIS2_PLACEMENT_3D('',#1651,#1652,#1653);
#712=EDGE_LOOP('',(#1654,#1655,#1656,#1657,#1658,#1659,#1660));
#713=AXIS2_PLACEMENT_3D('',#1661,#1662,#1663);
#714=EDGE_LOOP('',(#1664,#1665,#1666,#1667));
#715=AXIS2_PLACEMENT_3D('',#1668,#1669,#1670);
#716=EDGE_LOOP('',(#1671,#1672,#1673,#1674));
#717=AXIS2_PLACEMENT_3D('',#1675,#1676,#1677);
#718=EDGE_LOOP('',(#1678,#1679,#1680,#1681));
#719=AXIS2_PLACEMENT_3D('',#1682,#1683,#1684);
#720=EDGE_LOOP('',(#1685,#1686,#1687,#1688));
#721=AXIS2_PLACEMENT_3D('',#1689,#1690,#1691);
#722=EDGE_LOOP('',(#1692,#1693,#1694,#1695,#1696,#1697,#1698));
#723=AXIS2_PLACEMENT_3D('',#1699,#1700,#1701);
#724=EDGE_LOOP('',(#1702,#1703,#1704,#1705,#1706,#1707,#1708));
#725=AXIS2_PLACEMENT_3D('',#1709,#1710,#1711);
#726=EDGE_LOOP('',(#1712,#1713,#1714,#1715));
#727=AXIS2_PLACEMENT_3D('',#1716,#1717,#1718);
#728=EDGE_LOOP('',(#1719,#1720,#1721,#1722));
#729=AXIS2_PLACEMENT_3D('',#1723,#1724,#1725);
#730=EDGE_LOOP('',(#1726,#1727,#1728,#1729,#1730,#1731,#1732));
#731=AXIS2_PLACEMENT_3D('',#1733,#1734,#1735);
#732=EDGE_LOOP('',(#1736,#1737,#1738,#1739,#1740,#1741,#1742));
#733=AXIS2_PLACEMENT_3D('',#1743,#1744,#1745);
#734=EDGE_LOOP('',(#1746,#1747,#1748,#1749));
#735=AXIS2_PLACEMENT_3D('',#1750,#1751,#1752);
#736=EDGE_LOOP('',(#1753,#1754,#1755,#1756));
#737=AXIS2_PLACEMENT_3D('',#1757,#1758,#1759);
#738=EDGE_LOOP('',(#1760,#1761,#1762,#1763));
#739=AXIS2_PLACEMENT_3D('',#1764,#1765,#1766);
#740=EDGE_LOOP('',(#1767,#1768,#1769,#1770));
#741=AXIS2_PLACEMENT_3D('',#1771,#1772,#1773);
#742=EDGE_LOOP('',(#1774,#1775,#1776,#1777));
#743=AXIS2_PLACEMENT_3D('',#1778,#1779,#1780);
#744=EDGE_LOOP('',(#1781,#1782,#1783,#1784));
#745=AXIS2_PLACEMENT_3D('',#1785,#1786,#1787);
#746=EDGE_LOOP('',(#1788,#1789,#1790,#1791));
#747=AXIS2_PLACEMENT_3D('',#1792,#1793,#1794);
#748=EDGE_LOOP('',(#1795,#1796,#1797,#1798));
#749=AXIS2_PLACEMENT_3D('',#1799,#1800,#1801);
#750=EDGE_LOOP('',(#1802,#1803,#1804,#1805));
#751=AXIS2_PLACEMENT_3D('',#1806,#1807,#1808);
#752=EDGE_LOOP('',(#1809,#1810,#1811,#1812));
#753=AXIS2_PLACEMENT_3D('',#1813,#1814,#1815);
#754=EDGE_LOOP('',(#1816,#1817,#1818,#1819));
#755=AXIS2_PLACEMENT_3D('',#1820,#1821,#1822);
#756=EDGE_LOOP('',(#1823,#1824,#1825,#1826,#1827,#1828,#1829));
#757=AXIS2_PLACEMENT_3D('',#1830,#1831,#1832);
#758=EDGE_LOOP('',(#1833,#1834,#1835,#1836,#1837,#1838,#1839));
#759=AXIS2_PLACEMENT_3D('',#1840,#1841,#1842);
#760=FILL_AREA_STYLE_COLOUR('',#1843);
#761=ORIENTED_EDGE('',*,*,#1844,.F.);
#762=ORIENTED_EDGE('',*,*,#1845,.T.);
#763=ORIENTED_EDGE('',*,*,#1846,.T.);
#764=ORIENTED_EDGE('',*,*,#1847,.T.);
#765=ORIENTED_EDGE('',*,*,#1848,.T.);
#766=ORIENTED_EDGE('',*,*,#1849,.F.);
#767=ORIENTED_EDGE('',*,*,#1850,.F.);
#768=ORIENTED_EDGE('',*,*,#1851,.T.);
#769=ORIENTED_EDGE('',*,*,#1852,.T.);
#770=ORIENTED_EDGE('',*,*,#1853,.F.);
#771=ORIENTED_EDGE('',*,*,#1854,.F.);
#772=ORIENTED_EDGE('',*,*,#1855,.T.);
#773=ORIENTED_EDGE('',*,*,#1856,.T.);
#774=ORIENTED_EDGE('',*,*,#1857,.F.);
#775=ORIENTED_EDGE('',*,*,#1858,.T.);
#776=ORIENTED_EDGE('',*,*,#1859,.T.);
#777=ORIENTED_EDGE('',*,*,#1860,.T.);
#778=ORIENTED_EDGE('',*,*,#1861,.T.);
#779=ORIENTED_EDGE('',*,*,#1862,.F.);
#780=ORIENTED_EDGE('',*,*,#1863,.F.);
#781=ORIENTED_EDGE('',*,*,#1864,.T.);
#782=ORIENTED_EDGE('',*,*,#1865,.F.);
#783=ORIENTED_EDGE('',*,*,#1866,.F.);
#784=ORIENTED_EDGE('',*,*,#1867,.F.);
#785=ORIENTED_EDGE('',*,*,#1868,.T.);
#786=ORIENTED_EDGE('',*,*,#1869,.F.);
#787=ORIENTED_EDGE('',*,*,#1870,.F.);
#788=ORIENTED_EDGE('',*,*,#1871,.T.);
#789=ORIENTED_EDGE('',*,*,#1872,.T.);
#790=ORIENTED_EDGE('',*,*,#1873,.T.);
#791=ORIENTED_EDGE('',*,*,#1874,.F.);
#792=ORIENTED_EDGE('',*,*,#1875,.T.);
#793=ORIENTED_EDGE('',*,*,#1876,.T.);
#794=ORIENTED_EDGE('',*,*,#1877,.T.);
#795=ORIENTED_EDGE('',*,*,#1878,.F.);
#796=ORIENTED_EDGE('',*,*,#1879,.F.);
#797=ORIENTED_EDGE('',*,*,#1880,.T.);
#798=ORIENTED_EDGE('',*,*,#1881,.T.);
#799=ORIENTED_EDGE('',*,*,#1882,.F.);
#800=ORIENTED_EDGE('',*,*,#1883,.F.);
#801=ORIENTED_EDGE('',*,*,#1884,.T.);
#802=ORIENTED_EDGE('',*,*,#1885,.T.);
#803=ORIENTED_EDGE('',*,*,#1886,.T.);
#804=ORIENTED_EDGE('',*,*,#1887,.T.);
#805=ORIENTED_EDGE('',*,*,#1888,.T.);
#806=ORIENTED_EDGE('',*,*,#1889,.F.);
#807=ORIENTED_EDGE('',*,*,#1890,.T.);
#808=ORIENTED_EDGE('',*,*,#1891,.T.);
#809=ORIENTED_EDGE('',*,*,#1892,.T.);
#810=ORIENTED_EDGE('',*,*,#1893,.F.);
#811=CARTESIAN_POINT('',(-4.825,9.9,2.95446040294299E-16));
#812=DIRECTION('',(0.0,0.0,-1.0));
#813=DIRECTION('',(0.0,-1.0,0.0));
#814=ORIENTED_EDGE('',*,*,#1894,.F.);
#815=ORIENTED_EDGE('',*,*,#1895,.T.);
#816=ORIENTED_EDGE('',*,*,#1851,.F.);
#817=ORIENTED_EDGE('',*,*,#1896,.F.);
#818=ORIENTED_EDGE('',*,*,#1897,.F.);
#819=ORIENTED_EDGE('',*,*,#1898,.F.);
#820=ORIENTED_EDGE('',*,*,#1855,.F.);
#821=ORIENTED_EDGE('',*,*,#1899,.F.);
#822=CARTESIAN_POINT('',(3.89,9.9,2.95446040294299E-16));
#823=DIRECTION('',(-0.478852130680572,0.0,0.877895572914385));
#824=DIRECTION('',(0.0,1.0,0.0));
#825=ORIENTED_EDGE('',*,*,#1900,.T.);
#826=ORIENTED_EDGE('',*,*,#1901,.T.);
#827=ORIENTED_EDGE('',*,*,#1902,.F.);
#828=ORIENTED_EDGE('',*,*,#1903,.T.);
#829=CARTESIAN_POINT('',(-3.425,0.0,38.214));
#830=DIRECTION('',(-0.766044443118978,-0.642787609686539,0.0));
#831=DIRECTION('',(-0.642787609686539,0.766044443118978,0.0));
#832=ORIENTED_EDGE('',*,*,#1904,.T.);
#833=ORIENTED_EDGE('',*,*,#1905,.T.);
#834=ORIENTED_EDGE('',*,*,#1906,.F.);
#835=ORIENTED_EDGE('',*,*,#1907,.T.);
#836=CARTESIAN_POINT('',(4.825,1.66845502963189,38.214));
#837=DIRECTION('',(0.766044443118978,-0.642787609686539,0.0));
#838=DIRECTION('',(0.0,0.0,-1.0));
#839=ORIENTED_EDGE('',*,*,#1908,.T.);
#840=ORIENTED_EDGE('',*,*,#1897,.T.);
#841=ORIENTED_EDGE('',*,*,#1909,.T.);
#842=ORIENTED_EDGE('',*,*,#1910,.F.);
#843=ORIENTED_EDGE('',*,*,#1911,.T.);
#844=ORIENTED_EDGE('',*,*,#1912,.T.);
#845=ORIENTED_EDGE('',*,*,#1906,.T.);
#846=ORIENTED_EDGE('',*,*,#1913,.T.);
#847=CARTESIAN_POINT('',(4.825,9.9,4.44089209850063E-16));
#848=DIRECTION('',(1.0,0.0,0.0));
#849=DIRECTION('',(0.0,1.0,0.0));
#850=ORIENTED_EDGE('',*,*,#1914,.F.);
#851=ORIENTED_EDGE('',*,*,#1915,.F.);
#852=ORIENTED_EDGE('',*,*,#1916,.F.);
#853=ORIENTED_EDGE('',*,*,#1917,.F.);
#854=ORIENTED_EDGE('',*,*,#1918,.F.);
#855=ORIENTED_EDGE('',*,*,#1919,.F.);
#856=ORIENTED_EDGE('',*,*,#1920,.F.);
#857=ORIENTED_EDGE('',*,*,#1921,.F.);
#858=ORIENTED_EDGE('',*,*,#1922,.F.);
#859=ORIENTED_EDGE('',*,*,#1904,.F.);
#860=ORIENTED_EDGE('',*,*,#1923,.T.);
#861=ORIENTED_EDGE('',*,*,#1902,.T.);
#862=ORIENTED_EDGE('',*,*,#1924,.T.);
#863=ORIENTED_EDGE('',*,*,#1925,.T.);
#864=ORIENTED_EDGE('',*,*,#1857,.T.);
#865=ORIENTED_EDGE('',*,*,#1926,.F.);
#866=ORIENTED_EDGE('',*,*,#1927,.F.);
#867=CARTESIAN_POINT('',(0.0,0.0,0.0));
#868=DIRECTION('',(0.0,-1.0,0.0));
#869=DIRECTION('',(0.0,0.0,-1.0));
#870=ORIENTED_EDGE('',*,*,#1907,.F.);
#871=ORIENTED_EDGE('',*,*,#1912,.F.);
#872=ORIENTED_EDGE('',*,*,#1928,.T.);
#873=ORIENTED_EDGE('',*,*,#1929,.T.);
#874=ORIENTED_EDGE('',*,*,#1903,.F.);
#875=ORIENTED_EDGE('',*,*,#1923,.F.);
#876=ORIENTED_EDGE('',*,*,#1930,.T.);
#877=ORIENTED_EDGE('',*,*,#1931,.T.);
#878=ORIENTED_EDGE('',*,*,#1932,.F.);
#879=ORIENTED_EDGE('',*,*,#1933,.F.);
#880=CARTESIAN_POINT('',(4.825,9.9,3.86));
#881=DIRECTION('',(-6.74115340405495E-16,0.0,1.0));
#882=DIRECTION('',(1.0,-0.0,6.74115340405495E-16));
#883=ORIENTED_EDGE('',*,*,#1934,.F.);
#884=ORIENTED_EDGE('',*,*,#1935,.T.);
#885=ORIENTED_EDGE('',*,*,#1936,.F.);
#886=ORIENTED_EDGE('',*,*,#1937,.F.);
#887=ORIENTED_EDGE('',*,*,#1900,.F.);
#888=ORIENTED_EDGE('',*,*,#1929,.F.);
#889=ORIENTED_EDGE('',*,*,#1938,.T.);
#890=ORIENTED_EDGE('',*,*,#1939,.T.);
#891=CARTESIAN_POINT('',(-4.825,9.9,3.85999999999999));
#892=DIRECTION('',(-1.0,0.0,0.0));
#893=DIRECTION('',(0.0,0.0,1.0));
#894=ORIENTED_EDGE('',*,*,#1938,.F.);
#895=ORIENTED_EDGE('',*,*,#1928,.F.);
#896=ORIENTED_EDGE('',*,*,#1911,.F.);
#897=ORIENTED_EDGE('',*,*,#1940,.F.);
#898=ORIENTED_EDGE('',*,*,#1941,.F.);
#899=ORIENTED_EDGE('',*,*,#1848,.F.);
#900=ORIENTED_EDGE('',*,*,#1942,.T.);
#901=ORIENTED_EDGE('',*,*,#1943,.T.);
#902=CARTESIAN_POINT('',(0.0,9.9,0.0));
#903=DIRECTION('',(0.0,-1.0,0.0));
#904=DIRECTION('',(0.0,0.0,-1.0));
#905=ORIENTED_EDGE('',*,*,#1944,.T.);
#906=ORIENTED_EDGE('',*,*,#1930,.F.);
#907=ORIENTED_EDGE('',*,*,#1945,.F.);
#908=ORIENTED_EDGE('',*,*,#1946,.T.);
#909=CARTESIAN_POINT('',(1.3,2.2,5.05999999999998));
#910=DIRECTION('',(0.0,0.585846996418766,-0.810421678379293));
#911=DIRECTION('',(-1.0,0.0,0.0));
#912=ORIENTED_EDGE('',*,*,#1947,.T.);
#913=ORIENTED_EDGE('',*,*,#1948,.F.);
#914=ORIENTED_EDGE('',*,*,#1949,.F.);
#915=ORIENTED_EDGE('',*,*,#1932,.T.);
#916=CARTESIAN_POINT('',(1.3,2.95,3.85999999999999));
#917=DIRECTION('',(0.0,-1.0,-7.22801448323675E-16));
#918=DIRECTION('',(0.0,7.22801448323675E-16,-1.0));
#919=ORIENTED_EDGE('',*,*,#1950,.T.);
#920=ORIENTED_EDGE('',*,*,#1946,.F.);
#921=ORIENTED_EDGE('',*,*,#1951,.F.);
#922=ORIENTED_EDGE('',*,*,#1948,.T.);
#923=CARTESIAN_POINT('',(1.3,2.95,5.05999999999998));
#924=DIRECTION('',(0.0,1.15648231731787E-15,-1.0));
#925=DIRECTION('',(-1.0,0.0,0.0));
#926=ORIENTED_EDGE('',*,*,#1945,.T.);
#927=ORIENTED_EDGE('',*,*,#1933,.T.);
#928=ORIENTED_EDGE('',*,*,#1949,.T.);
#929=ORIENTED_EDGE('',*,*,#1951,.T.);
#930=CARTESIAN_POINT('',(1.3,0.0,0.0));
#931=DIRECTION('',(-1.0,0.0,0.0));
#932=DIRECTION('',(0.0,0.0,1.0));
#933=ORIENTED_EDGE('',*,*,#1944,.F.);
#934=ORIENTED_EDGE('',*,*,#1950,.F.);
#935=ORIENTED_EDGE('',*,*,#1947,.F.);
#936=ORIENTED_EDGE('',*,*,#1931,.F.);
#937=CARTESIAN_POINT('',(-1.3,0.0,0.0));
#938=DIRECTION('',(-1.0,0.0,0.0));
#939=DIRECTION('',(0.0,0.0,1.0));
#940=ORIENTED_EDGE('',*,*,#1936,.T.);
#941=ORIENTED_EDGE('',*,*,#1952,.T.);
#942=ORIENTED_EDGE('',*,*,#1858,.F.);
#943=ORIENTED_EDGE('',*,*,#1925,.F.);
#944=ORIENTED_EDGE('',*,*,#1953,.F.);
#945=CARTESIAN_POINT('',(-3.425,0.0,38.214));
#946=DIRECTION('',(-0.766044443118978,-0.642787609686539,0.0));
#947=DIRECTION('',(-0.642787609686539,0.766044443118978,0.0));
#948=ORIENTED_EDGE('',*,*,#1856,.F.);
#949=ORIENTED_EDGE('',*,*,#1898,.T.);
#950=ORIENTED_EDGE('',*,*,#1908,.F.);
#951=ORIENTED_EDGE('',*,*,#1954,.F.);
#952=ORIENTED_EDGE('',*,*,#1926,.T.);
#953=CARTESIAN_POINT('',(4.825,1.66845502963189,38.214));
#954=DIRECTION('',(0.766044443118978,-0.642787609686539,0.0));
#955=DIRECTION('',(0.0,0.0,-1.0));
#956=ORIENTED_EDGE('',*,*,#1955,.T.);
#957=ORIENTED_EDGE('',*,*,#1956,.T.);
#958=ORIENTED_EDGE('',*,*,#1957,.F.);
#959=ORIENTED_EDGE('',*,*,#1927,.T.);
#960=CARTESIAN_POINT('',(3.425,1.6684550296319,3.22));
#961=DIRECTION('',(1.0,0.0,0.0));
#962=DIRECTION('',(0.0,1.0,0.0));
#963=ORIENTED_EDGE('',*,*,#1958,.T.);
#964=ORIENTED_EDGE('',*,*,#1913,.F.);
#965=ORIENTED_EDGE('',*,*,#1959,.F.);
#966=ORIENTED_EDGE('',*,*,#1956,.F.);
#967=CARTESIAN_POINT('',(4.825,1.66845502963189,3.22));
#968=DIRECTION('',(-1.54886024640786E-16,-1.0,0.0));
#969=DIRECTION('',(-1.0,1.54886024640786E-16,0.0));
#970=ORIENTED_EDGE('',*,*,#1957,.T.);
#971=ORIENTED_EDGE('',*,*,#1959,.T.);
#972=ORIENTED_EDGE('',*,*,#1905,.F.);
#973=CARTESIAN_POINT('',(0.0,0.0,3.22));
#974=DIRECTION('',(0.0,0.0,-1.0));
#975=DIRECTION('',(0.0,-1.0,0.0));
#976=ORIENTED_EDGE('',*,*,#1955,.F.);
#977=ORIENTED_EDGE('',*,*,#1954,.T.);
#978=ORIENTED_EDGE('',*,*,#1958,.F.);
#979=CARTESIAN_POINT('',(0.0,0.0,1.15));
#980=DIRECTION('',(0.0,0.0,-1.0));
#981=DIRECTION('',(0.0,-1.0,0.0));
#982=ORIENTED_EDGE('',*,*,#1960,.T.);
#983=ORIENTED_EDGE('',*,*,#1924,.F.);
#984=ORIENTED_EDGE('',*,*,#1961,.F.);
#985=ORIENTED_EDGE('',*,*,#1962,.F.);
#986=CARTESIAN_POINT('',(-3.425,0.0,3.22));
#987=DIRECTION('',(-1.0,0.0,0.0));
#988=DIRECTION('',(0.0,0.0,1.0));
#989=ORIENTED_EDGE('',*,*,#1963,.T.);
#990=ORIENTED_EDGE('',*,*,#1962,.T.);
#991=ORIENTED_EDGE('',*,*,#1964,.F.);
#992=ORIENTED_EDGE('',*,*,#1937,.T.);
#993=CARTESIAN_POINT('',(-3.425,1.6684550296319,3.22));
#994=DIRECTION('',(1.54886024640786E-16,-1.0,0.0));
#995=DIRECTION('',(0.0,0.0,-1.0));
#996=ORIENTED_EDGE('',*,*,#1901,.F.);
#997=ORIENTED_EDGE('',*,*,#1964,.T.);
#998=ORIENTED_EDGE('',*,*,#1961,.T.);
#999=CARTESIAN_POINT('',(0.0,0.0,3.22));
#1000=DIRECTION('',(0.0,0.0,-1.0));
#1001=DIRECTION('',(0.0,-1.0,0.0));
#1002=ORIENTED_EDGE('',*,*,#1953,.T.);
#1003=ORIENTED_EDGE('',*,*,#1960,.F.);
#1004=ORIENTED_EDGE('',*,*,#1963,.F.);
#1005=CARTESIAN_POINT('',(0.0,0.0,1.15));
#1006=DIRECTION('',(0.0,0.0,-1.0));
#1007=DIRECTION('',(0.0,-1.0,0.0));
#1008=ORIENTED_EDGE('',*,*,#1850,.T.);
#1009=ORIENTED_EDGE('',*,*,#1965,.T.);
#1010=ORIENTED_EDGE('',*,*,#1966,.F.);
#1011=ORIENTED_EDGE('',*,*,#1967,.F.);
#1012=CARTESIAN_POINT('',(3.89,9.6,-0.51));
#1013=DIRECTION('',(-1.0,0.0,0.0));
#1014=DIRECTION('',(0.0,0.0,1.0));
#1015=ORIENTED_EDGE('',*,*,#1909,.F.);
#1016=ORIENTED_EDGE('',*,*,#1896,.T.);
#1017=ORIENTED_EDGE('',*,*,#1967,.T.);
#1018=ORIENTED_EDGE('',*,*,#1968,.F.);
#1019=CARTESIAN_POINT('',(3.89,8.05,-0.51));
#1020=DIRECTION('',(0.0,-1.0,0.0));
#1021=DIRECTION('',(0.0,0.0,-1.0));
#1022=ORIENTED_EDGE('',*,*,#1849,.T.);
#1023=ORIENTED_EDGE('',*,*,#1941,.T.);
#1024=ORIENTED_EDGE('',*,*,#1969,.F.);
#1025=ORIENTED_EDGE('',*,*,#1965,.F.);
#1026=CARTESIAN_POINT('',(4.19,9.9,-0.51));
#1027=DIRECTION('',(-0.707106781186551,0.707106781186544,0.0));
#1028=DIRECTION('',(0.0,0.0,1.0));
#1029=ORIENTED_EDGE('',*,*,#1966,.T.);
#1030=ORIENTED_EDGE('',*,*,#1969,.T.);
#1031=ORIENTED_EDGE('',*,*,#1940,.T.);
#1032=ORIENTED_EDGE('',*,*,#1910,.T.);
#1033=ORIENTED_EDGE('',*,*,#1968,.T.);
#1034=CARTESIAN_POINT('',(0.0,0.0,-0.51));
#1035=DIRECTION('',(0.0,0.0,1.0));
#1036=DIRECTION('',(1.0,0.0,0.0));
#1037=ORIENTED_EDGE('',*,*,#1847,.F.);
#1038=ORIENTED_EDGE('',*,*,#1970,.T.);
#1039=ORIENTED_EDGE('',*,*,#1971,.T.);
#1040=ORIENTED_EDGE('',*,*,#1942,.F.);
#1041=CARTESIAN_POINT('',(-4.19,9.9,-0.51));
#1042=DIRECTION('',(-0.707106781186553,-0.707106781186542,0.0));
#1043=DIRECTION('',(-0.707106781186542,0.707106781186553,0.0));
#1044=ORIENTED_EDGE('',*,*,#1846,.F.);
#1045=ORIENTED_EDGE('',*,*,#1972,.T.);
#1046=ORIENTED_EDGE('',*,*,#1973,.T.);
#1047=ORIENTED_EDGE('',*,*,#1970,.F.);
#1048=CARTESIAN_POINT('',(-3.89,9.6,-0.51));
#1049=DIRECTION('',(-1.0,0.0,0.0));
#1050=DIRECTION('',(0.0,0.0,1.0));
#1051=ORIENTED_EDGE('',*,*,#1972,.F.);
#1052=ORIENTED_EDGE('',*,*,#1974,.T.);
#1053=ORIENTED_EDGE('',*,*,#1934,.T.);
#1054=ORIENTED_EDGE('',*,*,#1975,.T.);
#1055=CARTESIAN_POINT('',(-3.89,8.05,-0.51));
#1056=DIRECTION('',(-0.0,1.0,0.0));
#1057=DIRECTION('',(1.0,0.0,0.0));
#1058=ORIENTED_EDGE('',*,*,#1939,.F.);
#1059=ORIENTED_EDGE('',*,*,#1943,.F.);
#1060=ORIENTED_EDGE('',*,*,#1971,.F.);
#1061=ORIENTED_EDGE('',*,*,#1973,.F.);
#1062=ORIENTED_EDGE('',*,*,#1975,.F.);
#1063=CARTESIAN_POINT('',(0.0,0.0,-0.51));
#1064=DIRECTION('',(0.0,0.0,-1.0));
#1065=DIRECTION('',(0.0,-1.0,0.0));
#1066=ORIENTED_EDGE('',*,*,#1976,.F.);
#1067=ORIENTED_EDGE('',*,*,#1977,.T.);
#1068=ORIENTED_EDGE('',*,*,#1978,.T.);
#1069=ORIENTED_EDGE('',*,*,#1859,.F.);
#1070=ORIENTED_EDGE('',*,*,#1952,.F.);
#1071=ORIENTED_EDGE('',*,*,#1935,.F.);
#1072=ORIENTED_EDGE('',*,*,#1974,.F.);
#1073=ORIENTED_EDGE('',*,*,#1845,.F.);
#1074=CARTESIAN_POINT('',(-4.825,9.9,0.51));
#1075=DIRECTION('',(0.478852130680573,0.0,0.877895572914385));
#1076=DIRECTION('',(0.0,-1.0,0.0));
#1077=ORIENTED_EDGE('',*,*,#1918,.T.);
#1078=ORIENTED_EDGE('',*,*,#1979,.T.);
#1079=ORIENTED_EDGE('',*,*,#1980,.T.);
#1080=ORIENTED_EDGE('',*,*,#1981,.F.);
#1081=CARTESIAN_POINT('',(0.23,6.6,3.20000000000002));
#1082=DIRECTION('',(-1.0,0.0,0.0));
#1083=DIRECTION('',(0.0,0.0,1.0));
#1084=ORIENTED_EDGE('',*,*,#1922,.T.);
#1085=ORIENTED_EDGE('',*,*,#1982,.T.);
#1086=ORIENTED_EDGE('',*,*,#1983,.T.);
#1087=ORIENTED_EDGE('',*,*,#1979,.F.);
#1088=CARTESIAN_POINT('',(0.23,6.6,1.31000000000002));
#1089=DIRECTION('',(-0.707106781186547,0.0,-0.707106781186548));
#1090=DIRECTION('',(-0.707106781186548,0.0,0.707106781186547));
#1091=ORIENTED_EDGE('',*,*,#1921,.T.);
#1092=ORIENTED_EDGE('',*,*,#1984,.T.);
#1093=ORIENTED_EDGE('',*,*,#1985,.T.);
#1094=ORIENTED_EDGE('',*,*,#1982,.F.);
#1095=CARTESIAN_POINT('',(0.880000000000001,6.6,0.660000000000017));
#1096=DIRECTION('',(-1.72095582934207E-16,0.0,-1.0));
#1097=DIRECTION('',(-1.0,0.0,1.72095582934207E-16));
#1098=ORIENTED_EDGE('',*,*,#1920,.T.);
#1099=ORIENTED_EDGE('',*,*,#1986,.T.);
#1100=ORIENTED_EDGE('',*,*,#1987,.T.);
#1101=ORIENTED_EDGE('',*,*,#1984,.F.);
#1102=CARTESIAN_POINT('',(2.77,6.6,0.660000000000017));
#1103=DIRECTION('',(1.0,0.0,0.0));
#1104=DIRECTION('',(0.0,1.0,0.0));
#1105=ORIENTED_EDGE('',*,*,#1919,.T.);
#1106=ORIENTED_EDGE('',*,*,#1981,.T.);
#1107=ORIENTED_EDGE('',*,*,#1988,.T.);
#1108=ORIENTED_EDGE('',*,*,#1986,.F.);
#1109=CARTESIAN_POINT('',(2.77,6.6,3.20000000000002));
#1110=DIRECTION('',(-1.70740499604017E-16,0.0,1.0));
#1111=DIRECTION('',(1.0,-0.0,1.70740499604017E-16));
#1112=ORIENTED_EDGE('',*,*,#1989,.F.);
#1113=ORIENTED_EDGE('',*,*,#1990,.T.);
#1114=ORIENTED_EDGE('',*,*,#1991,.T.);
#1115=ORIENTED_EDGE('',*,*,#1992,.T.);
#1116=ORIENTED_EDGE('',*,*,#1980,.F.);
#1117=ORIENTED_EDGE('',*,*,#1983,.F.);
#1118=ORIENTED_EDGE('',*,*,#1985,.F.);
#1119=ORIENTED_EDGE('',*,*,#1987,.F.);
#1120=ORIENTED_EDGE('',*,*,#1988,.F.);
#1121=CARTESIAN_POINT('',(0.0,6.6,0.0));
#1122=DIRECTION('',(0.0,-1.0,0.0));
#1123=DIRECTION('',(0.0,0.0,-1.0));
#1124=ORIENTED_EDGE('',*,*,#1914,.T.);
#1125=ORIENTED_EDGE('',*,*,#1993,.T.);
#1126=ORIENTED_EDGE('',*,*,#1994,.T.);
#1127=ORIENTED_EDGE('',*,*,#1995,.F.);
#1128=CARTESIAN_POINT('',(-2.77,6.6,3.20000000000002));
#1129=DIRECTION('',(-1.0,0.0,-6.82961998416066E-16));
#1130=DIRECTION('',(-6.82961998416066E-16,0.0,1.0));
#1131=ORIENTED_EDGE('',*,*,#1917,.T.);
#1132=ORIENTED_EDGE('',*,*,#1996,.T.);
#1133=ORIENTED_EDGE('',*,*,#1997,.T.);
#1134=ORIENTED_EDGE('',*,*,#1993,.F.);
#1135=CARTESIAN_POINT('',(-2.77,6.6,0.660000000000018));
#1136=DIRECTION('',(2.13425624505021E-16,0.0,-1.0));
#1137=DIRECTION('',(0.0,-1.0,0.0));
#1138=ORIENTED_EDGE('',*,*,#1916,.T.);
#1139=ORIENTED_EDGE('',*,*,#1998,.T.);
#1140=ORIENTED_EDGE('',*,*,#1999,.T.);
#1141=ORIENTED_EDGE('',*,*,#1996,.F.);
#1142=CARTESIAN_POINT('',(-0.230000000000002,6.6,0.660000000000019));
#1143=DIRECTION('',(1.0,0.0,0.0));
#1144=DIRECTION('',(0.0,1.0,0.0));
#1145=ORIENTED_EDGE('',*,*,#1915,.T.);
#1146=ORIENTED_EDGE('',*,*,#1995,.T.);
#1147=ORIENTED_EDGE('',*,*,#2000,.T.);
#1148=ORIENTED_EDGE('',*,*,#1998,.F.);
#1149=CARTESIAN_POINT('',(-0.230000000000002,6.6,3.20000000000002));
#1150=DIRECTION('',(-1.70740499604017E-16,0.0,1.0));
#1151=DIRECTION('',(1.0,-0.0,1.70740499604017E-16));
#1152=ORIENTED_EDGE('',*,*,#2001,.F.);
#1153=ORIENTED_EDGE('',*,*,#2002,.T.);
#1154=ORIENTED_EDGE('',*,*,#2003,.T.);
#1155=ORIENTED_EDGE('',*,*,#2004,.T.);
#1156=ORIENTED_EDGE('',*,*,#1994,.F.);
#1157=ORIENTED_EDGE('',*,*,#1997,.F.);
#1158=ORIENTED_EDGE('',*,*,#1999,.F.);
#1159=ORIENTED_EDGE('',*,*,#2000,.F.);
#1160=CARTESIAN_POINT('',(0.0,6.6,0.0));
#1161=DIRECTION('',(0.0,-1.0,0.0));
#1162=DIRECTION('',(0.0,0.0,-1.0));
#1163=ORIENTED_EDGE('',*,*,#2005,.T.);
#1164=ORIENTED_EDGE('',*,*,#1883,.T.);
#1165=ORIENTED_EDGE('',*,*,#2006,.F.);
#1166=ORIENTED_EDGE('',*,*,#2007,.F.);
#1167=CARTESIAN_POINT('',(-1.475,8.06,2.1094237467878E-15));
#1168=DIRECTION('',(-1.0,0.0,0.0));
#1169=DIRECTION('',(0.0,0.0,1.0));
#1170=ORIENTED_EDGE('',*,*,#2008,.T.);
#1171=ORIENTED_EDGE('',*,*,#2007,.T.);
#1172=ORIENTED_EDGE('',*,*,#2009,.F.);
#1173=ORIENTED_EDGE('',*,*,#2010,.F.);
#1174=CARTESIAN_POINT('',(-1.475,8.06,-0.509999999999998));
#1175=DIRECTION('',(0.0,0.0,-1.0));
#1176=DIRECTION('',(0.0,-1.0,0.0));
#1177=ORIENTED_EDGE('',*,*,#2011,.T.);
#1178=ORIENTED_EDGE('',*,*,#2010,.T.);
#1179=ORIENTED_EDGE('',*,*,#2012,.F.);
#1180=ORIENTED_EDGE('',*,*,#1885,.F.);
#1181=CARTESIAN_POINT('',(-0.475,8.06,-0.509999999999998));
#1182=DIRECTION('',(1.0,0.0,0.0));
#1183=DIRECTION('',(0.0,1.0,0.0));
#1184=ORIENTED_EDGE('',*,*,#2006,.T.);
#1185=ORIENTED_EDGE('',*,*,#1882,.T.);
#1186=ORIENTED_EDGE('',*,*,#2012,.T.);
#1187=ORIENTED_EDGE('',*,*,#2009,.T.);
#1188=CARTESIAN_POINT('',(0.0,8.06,0.0));
#1189=DIRECTION('',(0.0,-1.0,0.0));
#1190=DIRECTION('',(0.0,0.0,-1.0));
#1191=ORIENTED_EDGE('',*,*,#2005,.F.);
#1192=ORIENTED_EDGE('',*,*,#2008,.F.);
#1193=ORIENTED_EDGE('',*,*,#2011,.F.);
#1194=ORIENTED_EDGE('',*,*,#1884,.F.);
#1195=CARTESIAN_POINT('',(0.0,1.6,0.0));
#1196=DIRECTION('',(0.0,-1.0,0.0));
#1197=DIRECTION('',(0.0,0.0,-1.0));
#1198=ORIENTED_EDGE('',*,*,#2013,.T.);
#1199=ORIENTED_EDGE('',*,*,#1879,.T.);
#1200=ORIENTED_EDGE('',*,*,#2014,.F.);
#1201=ORIENTED_EDGE('',*,*,#2015,.F.);
#1202=CARTESIAN_POINT('',(0.475,8.06,2.1094237467878E-15));
#1203=DIRECTION('',(-1.0,0.0,0.0));
#1204=DIRECTION('',(0.0,0.0,1.0));
#1205=ORIENTED_EDGE('',*,*,#2016,.T.);
#1206=ORIENTED_EDGE('',*,*,#2015,.T.);
#1207=ORIENTED_EDGE('',*,*,#2017,.F.);
#1208=ORIENTED_EDGE('',*,*,#2018,.F.);
#1209=CARTESIAN_POINT('',(0.475,8.06,-0.509999999999998));
#1210=DIRECTION('',(0.0,0.0,-1.0));
#1211=DIRECTION('',(0.0,-1.0,0.0));
#1212=ORIENTED_EDGE('',*,*,#2019,.T.);
#1213=ORIENTED_EDGE('',*,*,#2018,.T.);
#1214=ORIENTED_EDGE('',*,*,#2020,.F.);
#1215=ORIENTED_EDGE('',*,*,#1881,.F.);
#1216=CARTESIAN_POINT('',(1.475,8.06,-0.509999999999998));
#1217=DIRECTION('',(1.0,0.0,0.0));
#1218=DIRECTION('',(0.0,1.0,0.0));
#1219=ORIENTED_EDGE('',*,*,#2014,.T.);
#1220=ORIENTED_EDGE('',*,*,#1878,.T.);
#1221=ORIENTED_EDGE('',*,*,#2020,.T.);
#1222=ORIENTED_EDGE('',*,*,#2017,.T.);
#1223=CARTESIAN_POINT('',(0.0,8.06,0.0));
#1224=DIRECTION('',(0.0,-1.0,0.0));
#1225=DIRECTION('',(0.0,0.0,-1.0));
#1226=ORIENTED_EDGE('',*,*,#2013,.F.);
#1227=ORIENTED_EDGE('',*,*,#2016,.F.);
#1228=ORIENTED_EDGE('',*,*,#2019,.F.);
#1229=ORIENTED_EDGE('',*,*,#1880,.F.);
#1230=CARTESIAN_POINT('',(0.0,1.6,0.0));
#1231=DIRECTION('',(0.0,-1.0,0.0));
#1232=DIRECTION('',(0.0,0.0,-1.0));
#1233=ORIENTED_EDGE('',*,*,#2021,.T.);
#1234=ORIENTED_EDGE('',*,*,#2022,.T.);
#1235=ORIENTED_EDGE('',*,*,#2023,.T.);
#1236=ORIENTED_EDGE('',*,*,#2024,.T.);
#1237=CARTESIAN_POINT('',(1.82,2.4,2.28));
#1238=DIRECTION('',(-0.0,1.0,0.0));
#1239=DIRECTION('',(1.0,0.0,0.0));
#1240=ORIENTED_EDGE('',*,*,#2025,.T.);
#1241=ORIENTED_EDGE('',*,*,#2026,.T.);
#1242=ORIENTED_EDGE('',*,*,#2027,.T.);
#1243=ORIENTED_EDGE('',*,*,#1989,.T.);
#1244=CARTESIAN_POINT('',(1.82,0.0,0.0));
#1245=DIRECTION('',(1.0,0.0,0.0));
#1246=DIRECTION('',(0.0,1.0,0.0));
#1247=ORIENTED_EDGE('',*,*,#2028,.F.);
#1248=ORIENTED_EDGE('',*,*,#2029,.T.);
#1249=ORIENTED_EDGE('',*,*,#2030,.F.);
#1250=ORIENTED_EDGE('',*,*,#1991,.F.);
#1251=CARTESIAN_POINT('',(1.18,0.0,0.0));
#1252=DIRECTION('',(1.0,0.0,0.0));
#1253=DIRECTION('',(0.0,1.0,0.0));
#1254=ORIENTED_EDGE('',*,*,#2030,.T.);
#1255=ORIENTED_EDGE('',*,*,#2031,.T.);
#1256=ORIENTED_EDGE('',*,*,#2025,.F.);
#1257=ORIENTED_EDGE('',*,*,#1992,.F.);
#1258=CARTESIAN_POINT('',(1.82,9.2,2.28));
#1259=DIRECTION('',(0.0,0.0,-1.0));
#1260=DIRECTION('',(0.0,-1.0,0.0));
#1261=ORIENTED_EDGE('',*,*,#2027,.F.);
#1262=ORIENTED_EDGE('',*,*,#2032,.T.);
#1263=ORIENTED_EDGE('',*,*,#2028,.T.);
#1264=ORIENTED_EDGE('',*,*,#1990,.F.);
#1265=CARTESIAN_POINT('',(1.82,2.4,1.64));
#1266=DIRECTION('',(0.0,7.04027384730847E-17,1.0));
#1267=DIRECTION('',(0.0,-1.0,7.04027384730847E-17));
#1268=ORIENTED_EDGE('',*,*,#2033,.T.);
#1269=ORIENTED_EDGE('',*,*,#2034,.T.);
#1270=ORIENTED_EDGE('',*,*,#2035,.T.);
#1271=ORIENTED_EDGE('',*,*,#1874,.T.);
#1272=CARTESIAN_POINT('',(1.82,0.0,0.0));
#1273=DIRECTION('',(1.0,0.0,0.0));
#1274=DIRECTION('',(0.0,1.0,0.0));
#1275=ORIENTED_EDGE('',*,*,#2036,.F.);
#1276=ORIENTED_EDGE('',*,*,#2037,.T.);
#1277=ORIENTED_EDGE('',*,*,#2038,.F.);
#1278=ORIENTED_EDGE('',*,*,#1876,.F.);
#1279=CARTESIAN_POINT('',(1.18,0.0,0.0));
#1280=DIRECTION('',(1.0,0.0,0.0));
#1281=DIRECTION('',(0.0,1.0,0.0));
#1282=ORIENTED_EDGE('',*,*,#2038,.T.);
#1283=ORIENTED_EDGE('',*,*,#2039,.T.);
#1284=ORIENTED_EDGE('',*,*,#2033,.F.);
#1285=ORIENTED_EDGE('',*,*,#1877,.F.);
#1286=CARTESIAN_POINT('',(1.82,8.56,1.64));
#1287=DIRECTION('',(-0.0,1.0,0.0));
#1288=DIRECTION('',(1.0,0.0,0.0));
#1289=ORIENTED_EDGE('',*,*,#2040,.T.);
#1290=ORIENTED_EDGE('',*,*,#2041,.T.);
#1291=ORIENTED_EDGE('',*,*,#2042,.T.);
#1292=ORIENTED_EDGE('',*,*,#2043,.T.);
#1293=CARTESIAN_POINT('',(1.82,8.56,-3.69));
#1294=DIRECTION('',(0.0,0.0,1.0));
#1295=DIRECTION('',(1.0,0.0,0.0));
#1296=ORIENTED_EDGE('',*,*,#2035,.F.);
#1297=ORIENTED_EDGE('',*,*,#2044,.T.);
#1298=ORIENTED_EDGE('',*,*,#2036,.T.);
#1299=ORIENTED_EDGE('',*,*,#1875,.F.);
#1300=CARTESIAN_POINT('',(1.82,9.2,-3.69));
#1301=DIRECTION('',(0.0,-1.0,-2.90573446562279E-16));
#1302=DIRECTION('',(0.0,2.90573446562279E-16,-1.0));
#1303=ORIENTED_EDGE('',*,*,#2045,.F.);
#1304=ORIENTED_EDGE('',*,*,#2044,.F.);
#1305=ORIENTED_EDGE('',*,*,#2046,.F.);
#1306=ORIENTED_EDGE('',*,*,#2043,.F.);
#1307=CARTESIAN_POINT('',(1.82,9.2,-2.85));
#1308=DIRECTION('',(0.0,-0.967372223380245,0.253359391837683));
#1309=DIRECTION('',(-1.0,0.0,0.0));
#1310=ORIENTED_EDGE('',*,*,#2046,.T.);
#1311=ORIENTED_EDGE('',*,*,#2034,.F.);
#1312=ORIENTED_EDGE('',*,*,#2047,.F.);
#1313=ORIENTED_EDGE('',*,*,#2040,.F.);
#1314=CARTESIAN_POINT('',(1.82,0.0,-2.85));
#1315=DIRECTION('',(0.967372223380245,0.0,-0.253359391837683));
#1316=DIRECTION('',(0.0,-1.0,0.0));
#1317=ORIENTED_EDGE('',*,*,#2045,.T.);
#1318=ORIENTED_EDGE('',*,*,#2042,.F.);
#1319=ORIENTED_EDGE('',*,*,#2048,.F.);
#1320=ORIENTED_EDGE('',*,*,#2037,.F.);
#1321=CARTESIAN_POINT('',(1.4,8.56,-3.69));
#1322=DIRECTION('',(0.967372223380245,0.0,0.253359391837683));
#1323=DIRECTION('',(0.0,-1.0,0.0));
#1324=ORIENTED_EDGE('',*,*,#2047,.T.);
#1325=ORIENTED_EDGE('',*,*,#2039,.F.);
#1326=ORIENTED_EDGE('',*,*,#2048,.T.);
#1327=ORIENTED_EDGE('',*,*,#2041,.F.);
#1328=CARTESIAN_POINT('',(1.82,8.78,-3.69));
#1329=DIRECTION('',(0.0,0.967372223380246,0.253359391837683));
#1330=DIRECTION('',(1.0,0.0,-0.0));
#1331=ORIENTED_EDGE('',*,*,#2049,.F.);
#1332=ORIENTED_EDGE('',*,*,#2032,.F.);
#1333=ORIENTED_EDGE('',*,*,#2050,.F.);
#1334=ORIENTED_EDGE('',*,*,#2024,.F.);
#1335=CARTESIAN_POINT('',(1.82,3.24,1.64));
#1336=DIRECTION('',(0.0,0.253359391837683,0.967372223380245));
#1337=DIRECTION('',(1.0,-0.0,0.0));
#1338=ORIENTED_EDGE('',*,*,#2050,.T.);
#1339=ORIENTED_EDGE('',*,*,#2026,.F.);
#1340=ORIENTED_EDGE('',*,*,#2051,.F.);
#1341=ORIENTED_EDGE('',*,*,#2021,.F.);
#1342=CARTESIAN_POINT('',(1.82,3.24,0.0));
#1343=DIRECTION('',(0.967372223380245,-0.253359391837683,0.0));
#1344=DIRECTION('',(0.0,0.0,-1.0));
#1345=ORIENTED_EDGE('',*,*,#2049,.T.);
#1346=ORIENTED_EDGE('',*,*,#2023,.F.);
#1347=ORIENTED_EDGE('',*,*,#2052,.F.);
#1348=ORIENTED_EDGE('',*,*,#2029,.F.);
#1349=CARTESIAN_POINT('',(1.4,2.4,2.28));
#1350=DIRECTION('',(0.967372223380245,0.253359391837683,0.0));
#1351=DIRECTION('',(0.0,0.0,-1.0));
#1352=ORIENTED_EDGE('',*,*,#2051,.T.);
#1353=ORIENTED_EDGE('',*,*,#2031,.F.);
#1354=ORIENTED_EDGE('',*,*,#2052,.T.);
#1355=ORIENTED_EDGE('',*,*,#2022,.F.);
#1356=CARTESIAN_POINT('',(1.82,2.4,2.06));
#1357=DIRECTION('',(0.0,0.253359391837683,-0.967372223380245));
#1358=DIRECTION('',(-1.0,0.0,0.0));
#1359=ORIENTED_EDGE('',*,*,#2053,.T.);
#1360=ORIENTED_EDGE('',*,*,#2054,.T.);
#1361=ORIENTED_EDGE('',*,*,#2055,.T.);
#1362=ORIENTED_EDGE('',*,*,#2056,.T.);
#1363=CARTESIAN_POINT('',(-1.18,2.4,2.28));
#1364=DIRECTION('',(-0.0,1.0,0.0));
#1365=DIRECTION('',(1.0,0.0,0.0));
#1366=ORIENTED_EDGE('',*,*,#2057,.T.);
#1367=ORIENTED_EDGE('',*,*,#2058,.T.);
#1368=ORIENTED_EDGE('',*,*,#2059,.T.);
#1369=ORIENTED_EDGE('',*,*,#2001,.T.);
#1370=CARTESIAN_POINT('',(-1.18,0.0,0.0));
#1371=DIRECTION('',(1.0,0.0,0.0));
#1372=DIRECTION('',(0.0,1.0,0.0));
#1373=ORIENTED_EDGE('',*,*,#2060,.F.);
#1374=ORIENTED_EDGE('',*,*,#2061,.T.);
#1375=ORIENTED_EDGE('',*,*,#2062,.F.);
#1376=ORIENTED_EDGE('',*,*,#2003,.F.);
#1377=CARTESIAN_POINT('',(-1.82,0.0,0.0));
#1378=DIRECTION('',(1.0,0.0,0.0));
#1379=DIRECTION('',(0.0,1.0,0.0));
#1380=ORIENTED_EDGE('',*,*,#2062,.T.);
#1381=ORIENTED_EDGE('',*,*,#2063,.T.);
#1382=ORIENTED_EDGE('',*,*,#2057,.F.);
#1383=ORIENTED_EDGE('',*,*,#2004,.F.);
#1384=CARTESIAN_POINT('',(-1.18,9.2,2.28));
#1385=DIRECTION('',(0.0,0.0,-1.0));
#1386=DIRECTION('',(0.0,-1.0,0.0));
#1387=ORIENTED_EDGE('',*,*,#2059,.F.);
#1388=ORIENTED_EDGE('',*,*,#2064,.T.);
#1389=ORIENTED_EDGE('',*,*,#2060,.T.);
#1390=ORIENTED_EDGE('',*,*,#2002,.F.);
#1391=CARTESIAN_POINT('',(-1.18,2.4,1.64));
#1392=DIRECTION('',(0.0,7.04027384730847E-17,1.0));
#1393=DIRECTION('',(0.0,-1.0,7.04027384730847E-17));
#1394=ORIENTED_EDGE('',*,*,#2065,.T.);
#1395=ORIENTED_EDGE('',*,*,#2066,.T.);
#1396=ORIENTED_EDGE('',*,*,#2067,.T.);
#1397=ORIENTED_EDGE('',*,*,#1870,.T.);
#1398=CARTESIAN_POINT('',(-1.18,0.0,0.0));
#1399=DIRECTION('',(1.0,0.0,0.0));
#1400=DIRECTION('',(0.0,1.0,0.0));
#1401=ORIENTED_EDGE('',*,*,#2068,.F.);
#1402=ORIENTED_EDGE('',*,*,#2069,.T.);
#1403=ORIENTED_EDGE('',*,*,#2070,.F.);
#1404=ORIENTED_EDGE('',*,*,#1872,.F.);
#1405=CARTESIAN_POINT('',(-1.82,0.0,0.0));
#1406=DIRECTION('',(1.0,0.0,0.0));
#1407=DIRECTION('',(0.0,1.0,0.0));
#1408=ORIENTED_EDGE('',*,*,#2070,.T.);
#1409=ORIENTED_EDGE('',*,*,#2071,.T.);
#1410=ORIENTED_EDGE('',*,*,#2065,.F.);
#1411=ORIENTED_EDGE('',*,*,#1873,.F.);
#1412=CARTESIAN_POINT('',(-1.18,8.56,1.64));
#1413=DIRECTION('',(-0.0,1.0,0.0));
#1414=DIRECTION('',(1.0,0.0,0.0));
#1415=ORIENTED_EDGE('',*,*,#2072,.T.);
#1416=ORIENTED_EDGE('',*,*,#2073,.T.);
#1417=ORIENTED_EDGE('',*,*,#2074,.T.);
#1418=ORIENTED_EDGE('',*,*,#2075,.T.);
#1419=CARTESIAN_POINT('',(-1.18,8.56,-3.69));
#1420=DIRECTION('',(0.0,0.0,1.0));
#1421=DIRECTION('',(1.0,0.0,0.0));
#1422=ORIENTED_EDGE('',*,*,#2067,.F.);
#1423=ORIENTED_EDGE('',*,*,#2076,.T.);
#1424=ORIENTED_EDGE('',*,*,#2068,.T.);
#1425=ORIENTED_EDGE('',*,*,#1871,.F.);
#1426=CARTESIAN_POINT('',(-1.18,9.2,-3.69));
#1427=DIRECTION('',(0.0,-1.0,-2.90573446562279E-16));
#1428=DIRECTION('',(0.0,2.90573446562279E-16,-1.0));
#1429=ORIENTED_EDGE('',*,*,#2077,.F.);
#1430=ORIENTED_EDGE('',*,*,#2076,.F.);
#1431=ORIENTED_EDGE('',*,*,#2078,.F.);
#1432=ORIENTED_EDGE('',*,*,#2075,.F.);
#1433=CARTESIAN_POINT('',(-1.18,9.2,-2.85));
#1434=DIRECTION('',(0.0,-0.967372223380245,0.253359391837683));
#1435=DIRECTION('',(-1.0,0.0,0.0));
#1436=ORIENTED_EDGE('',*,*,#2078,.T.);
#1437=ORIENTED_EDGE('',*,*,#2066,.F.);
#1438=ORIENTED_EDGE('',*,*,#2079,.F.);
#1439=ORIENTED_EDGE('',*,*,#2072,.F.);
#1440=CARTESIAN_POINT('',(-1.18,0.0,-2.85));
#1441=DIRECTION('',(0.967372223380245,0.0,-0.253359391837683));
#1442=DIRECTION('',(0.0,-1.0,0.0));
#1443=ORIENTED_EDGE('',*,*,#2077,.T.);
#1444=ORIENTED_EDGE('',*,*,#2074,.F.);
#1445=ORIENTED_EDGE('',*,*,#2080,.F.);
#1446=ORIENTED_EDGE('',*,*,#2069,.F.);
#1447=CARTESIAN_POINT('',(-1.6,8.56,-3.69));
#1448=DIRECTION('',(0.967372223380245,0.0,0.253359391837683));
#1449=DIRECTION('',(0.0,-1.0,0.0));
#1450=ORIENTED_EDGE('',*,*,#2079,.T.);
#1451=ORIENTED_EDGE('',*,*,#2071,.F.);
#1452=ORIENTED_EDGE('',*,*,#2080,.T.);
#1453=ORIENTED_EDGE('',*,*,#2073,.F.);
#1454=CARTESIAN_POINT('',(-1.18,8.78,-3.69));
#1455=DIRECTION('',(0.0,0.967372223380246,0.253359391837683));
#1456=DIRECTION('',(1.0,0.0,-0.0));
#1457=ORIENTED_EDGE('',*,*,#2081,.F.);
#1458=ORIENTED_EDGE('',*,*,#2064,.F.);
#1459=ORIENTED_EDGE('',*,*,#2082,.F.);
#1460=ORIENTED_EDGE('',*,*,#2056,.F.);
#1461=CARTESIAN_POINT('',(-1.18,3.24,1.64));
#1462=DIRECTION('',(0.0,0.253359391837683,0.967372223380245));
#1463=DIRECTION('',(1.0,-0.0,0.0));
#1464=ORIENTED_EDGE('',*,*,#2082,.T.);
#1465=ORIENTED_EDGE('',*,*,#2058,.F.);
#1466=ORIENTED_EDGE('',*,*,#2083,.F.);
#1467=ORIENTED_EDGE('',*,*,#2053,.F.);
#1468=CARTESIAN_POINT('',(-1.18,3.24,0.0));
#1469=DIRECTION('',(0.967372223380245,-0.253359391837683,0.0));
#1470=DIRECTION('',(0.0,0.0,-1.0));
#1471=ORIENTED_EDGE('',*,*,#2081,.T.);
#1472=ORIENTED_EDGE('',*,*,#2055,.F.);
#1473=ORIENTED_EDGE('',*,*,#2084,.F.);
#1474=ORIENTED_EDGE('',*,*,#2061,.F.);
#1475=CARTESIAN_POINT('',(-1.6,2.4,2.28));
#1476=DIRECTION('',(0.967372223380245,0.253359391837683,0.0));
#1477=DIRECTION('',(0.0,0.0,-1.0));
#1478=ORIENTED_EDGE('',*,*,#2083,.T.);
#1479=ORIENTED_EDGE('',*,*,#2063,.F.);
#1480=ORIENTED_EDGE('',*,*,#2084,.T.);
#1481=ORIENTED_EDGE('',*,*,#2054,.F.);
#1482=CARTESIAN_POINT('',(-1.18,2.4,2.06));
#1483=DIRECTION('',(0.0,0.253359391837683,-0.967372223380245));
#1484=DIRECTION('',(-1.0,0.0,0.0));
#1485=ORIENTED_EDGE('',*,*,#2085,.T.);
#1486=ORIENTED_EDGE('',*,*,#2086,.T.);
#1487=ORIENTED_EDGE('',*,*,#2087,.F.);
#1488=ORIENTED_EDGE('',*,*,#2088,.F.);
#1489=CARTESIAN_POINT('',(3.4178,5.87,-2.11));
#1490=DIRECTION('',(0.0,0.953739212093984,0.300635186420928));
#1491=DIRECTION('',(1.0,0.0,-0.0));
#1492=ORIENTED_EDGE('',*,*,#2089,.T.);
#1493=ORIENTED_EDGE('',*,*,#2090,.T.);
#1494=ORIENTED_EDGE('',*,*,#2091,.F.);
#1495=ORIENTED_EDGE('',*,*,#2086,.F.);
#1496=CARTESIAN_POINT('',(3.4178,5.465,-2.54));
#1497=DIRECTION('',(0.0,0.727951444226561,-0.685628685841297));
#1498=DIRECTION('',(-1.0,0.0,0.0));
#1499=ORIENTED_EDGE('',*,*,#2092,.T.);
#1500=ORIENTED_EDGE('',*,*,#2093,.T.);
#1501=ORIENTED_EDGE('',*,*,#2094,.F.);
#1502=ORIENTED_EDGE('',*,*,#2090,.F.);
#1503=CARTESIAN_POINT('',(3.4178,5.005,-2.54));
#1504=DIRECTION('',(0.0,0.0,-1.0));
#1505=DIRECTION('',(0.0,-1.0,0.0));
#1506=ORIENTED_EDGE('',*,*,#2095,.T.);
#1507=ORIENTED_EDGE('',*,*,#2096,.T.);
#1508=ORIENTED_EDGE('',*,*,#2097,.F.);
#1509=ORIENTED_EDGE('',*,*,#2093,.F.);
#1510=CARTESIAN_POINT('',(3.4178,5.21,-1.85));
#1511=DIRECTION('',(0.0,-0.95858762207312,0.284797771775345));
#1512=DIRECTION('',(-1.0,0.0,0.0));
#1513=ORIENTED_EDGE('',*,*,#1868,.F.);
#1514=ORIENTED_EDGE('',*,*,#2098,.F.);
#1515=ORIENTED_EDGE('',*,*,#2095,.F.);
#1516=ORIENTED_EDGE('',*,*,#2092,.F.);
#1517=ORIENTED_EDGE('',*,*,#2089,.F.);
#1518=ORIENTED_EDGE('',*,*,#2085,.F.);
#1519=ORIENTED_EDGE('',*,*,#2099,.F.);
#1520=CARTESIAN_POINT('',(3.875,4.24,0.380000000000001));
#1521=DIRECTION('',(-1.0,0.0,0.0));
#1522=DIRECTION('',(0.0,0.0,1.0));
#1523=ORIENTED_EDGE('',*,*,#2100,.T.);
#1524=ORIENTED_EDGE('',*,*,#1866,.T.);
#1525=ORIENTED_EDGE('',*,*,#2101,.T.);
#1526=ORIENTED_EDGE('',*,*,#2087,.T.);
#1527=ORIENTED_EDGE('',*,*,#2091,.T.);
#1528=ORIENTED_EDGE('',*,*,#2094,.T.);
#1529=ORIENTED_EDGE('',*,*,#2097,.T.);
#1530=CARTESIAN_POINT('',(3.4178,4.24,0.380000000000001));
#1531=DIRECTION('',(-1.0,0.0,0.0));
#1532=DIRECTION('',(0.0,0.0,1.0));
#1533=ORIENTED_EDGE('',*,*,#2101,.F.);
#1534=ORIENTED_EDGE('',*,*,#1869,.T.);
#1535=ORIENTED_EDGE('',*,*,#2099,.T.);
#1536=ORIENTED_EDGE('',*,*,#2088,.T.);
#1537=CARTESIAN_POINT('',(3.4178,5.725,-1.65));
#1538=DIRECTION('',(-0.0,1.0,0.0));
#1539=DIRECTION('',(1.0,0.0,0.0));
#1540=ORIENTED_EDGE('',*,*,#2098,.T.);
#1541=ORIENTED_EDGE('',*,*,#1867,.T.);
#1542=ORIENTED_EDGE('',*,*,#2100,.F.);
#1543=ORIENTED_EDGE('',*,*,#2096,.F.);
#1544=CARTESIAN_POINT('',(3.4178,5.21,0.380000000000001));
#1545=DIRECTION('',(0.0,-1.0,0.0));
#1546=DIRECTION('',(0.0,0.0,-1.0));
#1547=ORIENTED_EDGE('',*,*,#2102,.T.);
#1548=ORIENTED_EDGE('',*,*,#1862,.T.);
#1549=ORIENTED_EDGE('',*,*,#2103,.T.);
#1550=ORIENTED_EDGE('',*,*,#2104,.T.);
#1551=ORIENTED_EDGE('',*,*,#2105,.T.);
#1552=ORIENTED_EDGE('',*,*,#2106,.T.);
#1553=ORIENTED_EDGE('',*,*,#2107,.T.);
#1554=CARTESIAN_POINT('',(3.4178,4.24,0.380000000000001));
#1555=DIRECTION('',(-1.0,0.0,0.0));
#1556=DIRECTION('',(0.0,0.0,1.0));
#1557=ORIENTED_EDGE('',*,*,#1864,.F.);
#1558=ORIENTED_EDGE('',*,*,#2108,.F.);
#1559=ORIENTED_EDGE('',*,*,#2109,.F.);
#1560=ORIENTED_EDGE('',*,*,#2110,.F.);
#1561=ORIENTED_EDGE('',*,*,#2111,.F.);
#1562=ORIENTED_EDGE('',*,*,#2112,.F.);
#1563=ORIENTED_EDGE('',*,*,#2113,.F.);
#1564=CARTESIAN_POINT('',(3.875,4.24,0.380000000000001));
#1565=DIRECTION('',(-1.0,0.0,0.0));
#1566=DIRECTION('',(0.0,0.0,1.0));
#1567=ORIENTED_EDGE('',*,*,#2109,.T.);
#1568=ORIENTED_EDGE('',*,*,#2114,.T.);
#1569=ORIENTED_EDGE('',*,*,#2107,.F.);
#1570=ORIENTED_EDGE('',*,*,#2115,.F.);
#1571=CARTESIAN_POINT('',(3.4178,3.475,-1.65));
#1572=DIRECTION('',(0.0,-0.953739212093984,0.300635186420929));
#1573=DIRECTION('',(-1.0,0.0,0.0));
#1574=ORIENTED_EDGE('',*,*,#2110,.T.);
#1575=ORIENTED_EDGE('',*,*,#2115,.T.);
#1576=ORIENTED_EDGE('',*,*,#2106,.F.);
#1577=ORIENTED_EDGE('',*,*,#2116,.F.);
#1578=CARTESIAN_POINT('',(3.4178,3.33,-2.11));
#1579=DIRECTION('',(0.0,-0.727951444226561,-0.685628685841297));
#1580=DIRECTION('',(0.0,0.685628685841297,-0.727951444226561));
#1581=ORIENTED_EDGE('',*,*,#2111,.T.);
#1582=ORIENTED_EDGE('',*,*,#2116,.T.);
#1583=ORIENTED_EDGE('',*,*,#2105,.F.);
#1584=ORIENTED_EDGE('',*,*,#2117,.F.);
#1585=CARTESIAN_POINT('',(3.4178,3.735,-2.54));
#1586=DIRECTION('',(0.0,0.0,-1.0));
#1587=DIRECTION('',(0.0,-1.0,0.0));
#1588=ORIENTED_EDGE('',*,*,#2112,.T.);
#1589=ORIENTED_EDGE('',*,*,#2117,.T.);
#1590=ORIENTED_EDGE('',*,*,#2104,.F.);
#1591=ORIENTED_EDGE('',*,*,#2118,.F.);
#1592=CARTESIAN_POINT('',(3.4178,4.195,-2.54));
#1593=DIRECTION('',(0.0,0.95858762207312,0.284797771775344));
#1594=DIRECTION('',(1.0,0.0,-0.0));
#1595=ORIENTED_EDGE('',*,*,#2103,.F.);
#1596=ORIENTED_EDGE('',*,*,#1865,.T.);
#1597=ORIENTED_EDGE('',*,*,#2113,.T.);
#1598=ORIENTED_EDGE('',*,*,#2118,.T.);
#1599=CARTESIAN_POINT('',(3.4178,3.99,-1.85));
#1600=DIRECTION('',(-0.0,1.0,0.0));
#1601=DIRECTION('',(1.0,0.0,0.0));
#1602=ORIENTED_EDGE('',*,*,#2108,.T.);
#1603=ORIENTED_EDGE('',*,*,#1863,.T.);
#1604=ORIENTED_EDGE('',*,*,#2102,.F.);
#1605=ORIENTED_EDGE('',*,*,#2114,.F.);
#1606=CARTESIAN_POINT('',(3.4178,3.475,1.7));
#1607=DIRECTION('',(0.0,-1.0,1.29456975819165E-16));
#1608=DIRECTION('',(-1.0,0.0,0.0));
#1609=ORIENTED_EDGE('',*,*,#2119,.T.);
#1610=ORIENTED_EDGE('',*,*,#1853,.T.);
#1611=ORIENTED_EDGE('',*,*,#2120,.F.);
#1612=ORIENTED_EDGE('',*,*,#2121,.F.);
#1613=CARTESIAN_POINT('',(4.095,7.79,0.272799999999994));
#1614=DIRECTION('',(0.0,1.0,0.0));
#1615=DIRECTION('',(0.0,0.0,-1.0));
#1616=ORIENTED_EDGE('',*,*,#2122,.T.);
#1617=ORIENTED_EDGE('',*,*,#2121,.T.);
#1618=ORIENTED_EDGE('',*,*,#2123,.F.);
#1619=ORIENTED_EDGE('',*,*,#2124,.F.);
#1620=CARTESIAN_POINT('',(4.095,7.79,-0.377200000000004));
#1621=DIRECTION('',(-2.15246019537563E-15,0.0,-1.0));
#1622=DIRECTION('',(-1.0,0.0,2.15246019537563E-15));
#1623=ORIENTED_EDGE('',*,*,#2125,.T.);
#1624=ORIENTED_EDGE('',*,*,#2124,.T.);
#1625=ORIENTED_EDGE('',*,*,#2126,.F.);
#1626=ORIENTED_EDGE('',*,*,#2127,.F.);
#1627=CARTESIAN_POINT('',(4.775,7.79,-0.377200000000005));
#1628=DIRECTION('',(1.0,0.0,0.0));
#1629=DIRECTION('',(0.0,1.0,0.0));
#1630=ORIENTED_EDGE('',*,*,#2128,.T.);
#1631=ORIENTED_EDGE('',*,*,#2127,.T.);
#1632=ORIENTED_EDGE('',*,*,#2129,.F.);
#1633=ORIENTED_EDGE('',*,*,#2130,.F.);
#1634=CARTESIAN_POINT('',(4.775,7.79,0.0727999999999954));
#1635=DIRECTION('',(0.0,0.0,1.0));
#1636=DIRECTION('',(1.0,0.0,0.0));
#1637=ORIENTED_EDGE('',*,*,#2131,.F.);
#1638=ORIENTED_EDGE('',*,*,#1894,.T.);
#1639=ORIENTED_EDGE('',*,*,#2132,.T.);
#1640=ORIENTED_EDGE('',*,*,#2130,.T.);
#1641=CARTESIAN_POINT('',(4.095,7.79,0.272799999999995));
#1642=DIRECTION('',(0.0,1.0,0.0));
#1643=DIRECTION('',(0.0,0.0,-1.0));
#1644=ORIENTED_EDGE('',*,*,#1852,.F.);
#1645=ORIENTED_EDGE('',*,*,#1895,.F.);
#1646=ORIENTED_EDGE('',*,*,#2131,.T.);
#1647=ORIENTED_EDGE('',*,*,#2129,.T.);
#1648=ORIENTED_EDGE('',*,*,#2126,.T.);
#1649=ORIENTED_EDGE('',*,*,#2123,.T.);
#1650=ORIENTED_EDGE('',*,*,#2120,.T.);
#1651=CARTESIAN_POINT('',(4.095,7.79,0.272799999999994));
#1652=DIRECTION('',(0.0,-1.0,0.0));
#1653=DIRECTION('',(0.0,0.0,-1.0));
#1654=ORIENTED_EDGE('',*,*,#1899,.T.);
#1655=ORIENTED_EDGE('',*,*,#1854,.T.);
#1656=ORIENTED_EDGE('',*,*,#2119,.F.);
#1657=ORIENTED_EDGE('',*,*,#2122,.F.);
#1658=ORIENTED_EDGE('',*,*,#2125,.F.);
#1659=ORIENTED_EDGE('',*,*,#2128,.F.);
#1660=ORIENTED_EDGE('',*,*,#2132,.F.);
#1661=CARTESIAN_POINT('',(4.095,7.15,0.272799999999994));
#1662=DIRECTION('',(0.0,-1.0,0.0));
#1663=DIRECTION('',(0.0,0.0,-1.0));
#1664=ORIENTED_EDGE('',*,*,#2133,.F.);
#1665=ORIENTED_EDGE('',*,*,#2134,.T.);
#1666=ORIENTED_EDGE('',*,*,#2135,.T.);
#1667=ORIENTED_EDGE('',*,*,#2136,.F.);
#1668=CARTESIAN_POINT('',(-3.4178,5.21,-1.85));
#1669=DIRECTION('',(0.0,0.95858762207312,-0.284797771775345));
#1670=DIRECTION('',(-1.0,0.0,0.0));
#1671=ORIENTED_EDGE('',*,*,#2137,.F.);
#1672=ORIENTED_EDGE('',*,*,#2138,.T.);
#1673=ORIENTED_EDGE('',*,*,#2139,.T.);
#1674=ORIENTED_EDGE('',*,*,#2134,.F.);
#1675=CARTESIAN_POINT('',(-3.4178,5.005,-2.54));
#1676=DIRECTION('',(0.0,0.0,1.0));
#1677=DIRECTION('',(1.0,0.0,0.0));
#1678=ORIENTED_EDGE('',*,*,#2140,.F.);
#1679=ORIENTED_EDGE('',*,*,#2141,.T.);
#1680=ORIENTED_EDGE('',*,*,#2142,.T.);
#1681=ORIENTED_EDGE('',*,*,#2138,.F.);
#1682=CARTESIAN_POINT('',(-3.4178,5.465,-2.54));
#1683=DIRECTION('',(0.0,-0.727951444226561,0.685628685841297));
#1684=DIRECTION('',(-1.0,0.0,0.0));
#1685=ORIENTED_EDGE('',*,*,#2143,.F.);
#1686=ORIENTED_EDGE('',*,*,#2144,.T.);
#1687=ORIENTED_EDGE('',*,*,#2145,.T.);
#1688=ORIENTED_EDGE('',*,*,#2141,.F.);
#1689=CARTESIAN_POINT('',(-3.4178,5.87,-2.11));
#1690=DIRECTION('',(0.0,-0.953739212093984,-0.300635186420928));
#1691=DIRECTION('',(0.0,0.300635186420928,-0.953739212093984));
#1692=ORIENTED_EDGE('',*,*,#2146,.T.);
#1693=ORIENTED_EDGE('',*,*,#1889,.T.);
#1694=ORIENTED_EDGE('',*,*,#2147,.T.);
#1695=ORIENTED_EDGE('',*,*,#2143,.T.);
#1696=ORIENTED_EDGE('',*,*,#2140,.T.);
#1697=ORIENTED_EDGE('',*,*,#2137,.T.);
#1698=ORIENTED_EDGE('',*,*,#2133,.T.);
#1699=CARTESIAN_POINT('',(-3.875,4.24,0.380000000000001));
#1700=DIRECTION('',(-1.0,0.0,0.0));
#1701=DIRECTION('',(0.0,0.0,1.0));
#1702=ORIENTED_EDGE('',*,*,#1887,.F.);
#1703=ORIENTED_EDGE('',*,*,#2148,.F.);
#1704=ORIENTED_EDGE('',*,*,#2135,.F.);
#1705=ORIENTED_EDGE('',*,*,#2139,.F.);
#1706=ORIENTED_EDGE('',*,*,#2142,.F.);
#1707=ORIENTED_EDGE('',*,*,#2145,.F.);
#1708=ORIENTED_EDGE('',*,*,#2149,.F.);
#1709=CARTESIAN_POINT('',(-3.4178,4.24,0.380000000000001));
#1710=DIRECTION('',(-1.0,0.0,0.0));
#1711=DIRECTION('',(0.0,0.0,1.0));
#1712=ORIENTED_EDGE('',*,*,#1888,.F.);
#1713=ORIENTED_EDGE('',*,*,#2149,.T.);
#1714=ORIENTED_EDGE('',*,*,#2144,.F.);
#1715=ORIENTED_EDGE('',*,*,#2147,.F.);
#1716=CARTESIAN_POINT('',(-3.4178,5.725,-1.65));
#1717=DIRECTION('',(0.0,-1.0,0.0));
#1718=DIRECTION('',(0.0,0.0,-1.0));
#1719=ORIENTED_EDGE('',*,*,#1886,.F.);
#1720=ORIENTED_EDGE('',*,*,#2146,.F.);
#1721=ORIENTED_EDGE('',*,*,#2136,.T.);
#1722=ORIENTED_EDGE('',*,*,#2148,.T.);
#1723=CARTESIAN_POINT('',(-3.4178,5.21,0.380000000000001));
#1724=DIRECTION('',(-0.0,1.0,0.0));
#1725=DIRECTION('',(1.0,0.0,0.0));
#1726=ORIENTED_EDGE('',*,*,#1891,.F.);
#1727=ORIENTED_EDGE('',*,*,#2150,.F.);
#1728=ORIENTED_EDGE('',*,*,#2151,.F.);
#1729=ORIENTED_EDGE('',*,*,#2152,.F.);
#1730=ORIENTED_EDGE('',*,*,#2153,.F.);
#1731=ORIENTED_EDGE('',*,*,#2154,.F.);
#1732=ORIENTED_EDGE('',*,*,#2155,.F.);
#1733=CARTESIAN_POINT('',(-3.4178,4.24,0.380000000000001));
#1734=DIRECTION('',(-1.0,0.0,0.0));
#1735=DIRECTION('',(0.0,0.0,1.0));
#1736=ORIENTED_EDGE('',*,*,#2156,.T.);
#1737=ORIENTED_EDGE('',*,*,#1893,.T.);
#1738=ORIENTED_EDGE('',*,*,#2157,.T.);
#1739=ORIENTED_EDGE('',*,*,#2158,.T.);
#1740=ORIENTED_EDGE('',*,*,#2159,.T.);
#1741=ORIENTED_EDGE('',*,*,#2160,.T.);
#1742=ORIENTED_EDGE('',*,*,#2161,.T.);
#1743=CARTESIAN_POINT('',(-3.875,4.24,0.380000000000001));
#1744=DIRECTION('',(-1.0,0.0,0.0));
#1745=DIRECTION('',(0.0,0.0,1.0));
#1746=ORIENTED_EDGE('',*,*,#2161,.F.);
#1747=ORIENTED_EDGE('',*,*,#2162,.T.);
#1748=ORIENTED_EDGE('',*,*,#2151,.T.);
#1749=ORIENTED_EDGE('',*,*,#2163,.F.);
#1750=CARTESIAN_POINT('',(-3.4178,3.475,-1.65));
#1751=DIRECTION('',(0.0,0.953739212093984,-0.300635186420929));
#1752=DIRECTION('',(-1.0,0.0,0.0));
#1753=ORIENTED_EDGE('',*,*,#2160,.F.);
#1754=ORIENTED_EDGE('',*,*,#2164,.T.);
#1755=ORIENTED_EDGE('',*,*,#2152,.T.);
#1756=ORIENTED_EDGE('',*,*,#2162,.F.);
#1757=CARTESIAN_POINT('',(-3.4178,3.33,-2.11));
#1758=DIRECTION('',(0.0,0.727951444226561,0.685628685841297));
#1759=DIRECTION('',(1.0,0.0,-0.0));
#1760=ORIENTED_EDGE('',*,*,#2159,.F.);
#1761=ORIENTED_EDGE('',*,*,#2165,.T.);
#1762=ORIENTED_EDGE('',*,*,#2153,.T.);
#1763=ORIENTED_EDGE('',*,*,#2164,.F.);
#1764=CARTESIAN_POINT('',(-3.4178,3.735,-2.54));
#1765=DIRECTION('',(0.0,0.0,1.0));
#1766=DIRECTION('',(1.0,0.0,0.0));
#1767=ORIENTED_EDGE('',*,*,#2158,.F.);
#1768=ORIENTED_EDGE('',*,*,#2166,.T.);
#1769=ORIENTED_EDGE('',*,*,#2154,.T.);
#1770=ORIENTED_EDGE('',*,*,#2165,.F.);
#1771=CARTESIAN_POINT('',(-3.4178,4.195,-2.54));
#1772=DIRECTION('',(0.0,-0.95858762207312,-0.284797771775344));
#1773=DIRECTION('',(0.0,0.284797771775344,-0.95858762207312));
#1774=ORIENTED_EDGE('',*,*,#1892,.F.);
#1775=ORIENTED_EDGE('',*,*,#2155,.T.);
#1776=ORIENTED_EDGE('',*,*,#2166,.F.);
#1777=ORIENTED_EDGE('',*,*,#2157,.F.);
#1778=CARTESIAN_POINT('',(-3.4178,3.99,-1.85));
#1779=DIRECTION('',(0.0,-1.0,0.0));
#1780=DIRECTION('',(0.0,0.0,-1.0));
#1781=ORIENTED_EDGE('',*,*,#1890,.F.);
#1782=ORIENTED_EDGE('',*,*,#2156,.F.);
#1783=ORIENTED_EDGE('',*,*,#2163,.T.);
#1784=ORIENTED_EDGE('',*,*,#2150,.T.);
#1785=CARTESIAN_POINT('',(-3.4178,3.475,1.7));
#1786=DIRECTION('',(0.0,1.0,-1.29456975819165E-16));
#1787=DIRECTION('',(0.0,-1.29456975819165E-16,-1.0));
#1788=ORIENTED_EDGE('',*,*,#1861,.F.);
#1789=ORIENTED_EDGE('',*,*,#2167,.F.);
#1790=ORIENTED_EDGE('',*,*,#2168,.T.);
#1791=ORIENTED_EDGE('',*,*,#2169,.T.);
#1792=CARTESIAN_POINT('',(-4.095,7.79,0.272799999999995));
#1793=DIRECTION('',(0.0,1.0,0.0));
#1794=DIRECTION('',(0.0,0.0,-1.0));
#1795=ORIENTED_EDGE('',*,*,#2170,.F.);
#1796=ORIENTED_EDGE('',*,*,#2171,.T.);
#1797=ORIENTED_EDGE('',*,*,#2172,.T.);
#1798=ORIENTED_EDGE('',*,*,#2168,.F.);
#1799=CARTESIAN_POINT('',(-4.095,7.79,-0.377200000000004));
#1800=DIRECTION('',(-2.15246019537563E-15,0.0,1.0));
#1801=DIRECTION('',(1.0,-0.0,2.15246019537563E-15));
#1802=ORIENTED_EDGE('',*,*,#2173,.F.);
#1803=ORIENTED_EDGE('',*,*,#2174,.T.);
#1804=ORIENTED_EDGE('',*,*,#2175,.T.);
#1805=ORIENTED_EDGE('',*,*,#2171,.F.);
#1806=CARTESIAN_POINT('',(-4.775,7.79,-0.377200000000005));
#1807=DIRECTION('',(1.0,0.0,0.0));
#1808=DIRECTION('',(0.0,1.0,0.0));
#1809=ORIENTED_EDGE('',*,*,#2176,.F.);
#1810=ORIENTED_EDGE('',*,*,#2177,.T.);
#1811=ORIENTED_EDGE('',*,*,#2178,.T.);
#1812=ORIENTED_EDGE('',*,*,#2174,.F.);
#1813=CARTESIAN_POINT('',(-4.775,7.79,0.0727999999999954));
#1814=DIRECTION('',(0.0,0.0,-1.0));
#1815=DIRECTION('',(0.0,-1.0,0.0));
#1816=ORIENTED_EDGE('',*,*,#1977,.F.);
#1817=ORIENTED_EDGE('',*,*,#2179,.T.);
#1818=ORIENTED_EDGE('',*,*,#2177,.F.);
#1819=ORIENTED_EDGE('',*,*,#2180,.F.);
#1820=CARTESIAN_POINT('',(-4.095,7.79,0.272799999999995));
#1821=DIRECTION('',(0.0,1.0,0.0));
#1822=DIRECTION('',(0.0,0.0,-1.0));
#1823=ORIENTED_EDGE('',*,*,#1976,.T.);
#1824=ORIENTED_EDGE('',*,*,#1844,.T.);
#1825=ORIENTED_EDGE('',*,*,#2169,.F.);
#1826=ORIENTED_EDGE('',*,*,#2172,.F.);
#1827=ORIENTED_EDGE('',*,*,#2175,.F.);
#1828=ORIENTED_EDGE('',*,*,#2178,.F.);
#1829=ORIENTED_EDGE('',*,*,#2179,.F.);
#1830=CARTESIAN_POINT('',(-4.095,7.79,0.272799999999995));
#1831=DIRECTION('',(-0.0,1.0,0.0));
#1832=DIRECTION('',(1.0,0.0,0.0));
#1833=ORIENTED_EDGE('',*,*,#1860,.F.);
#1834=ORIENTED_EDGE('',*,*,#1978,.F.);
#1835=ORIENTED_EDGE('',*,*,#2180,.T.);
#1836=ORIENTED_EDGE('',*,*,#2176,.T.);
#1837=ORIENTED_EDGE('',*,*,#2173,.T.);
#1838=ORIENTED_EDGE('',*,*,#2170,.T.);
#1839=ORIENTED_EDGE('',*,*,#2167,.T.);
#1840=CARTESIAN_POINT('',(-4.095,7.15,0.272799999999995));
#1841=DIRECTION('',(-0.0,1.0,0.0));
#1842=DIRECTION('',(1.0,0.0,0.0));
#1843=COLOUR_RGB('',0.596063196659088,0.666666686534882,0.686259269714355);
#1844=EDGE_CURVE('',#2181,#2182,#2183,.T.);
#1845=EDGE_CURVE('',#2181,#2184,#2185,.T.);
#1846=EDGE_CURVE('',#2184,#2186,#2187,.T.);
#1847=EDGE_CURVE('',#2186,#2188,#2189,.T.);
#1848=EDGE_CURVE('',#2188,#2190,#2191,.T.);
#1849=EDGE_CURVE('',#2192,#2190,#2193,.T.);
#1850=EDGE_CURVE('',#2194,#2192,#2195,.T.);
#1851=EDGE_CURVE('',#2194,#2196,#2197,.T.);
#1852=EDGE_CURVE('',#2196,#2198,#2199,.T.);
#1853=EDGE_CURVE('',#2200,#2198,#2201,.T.);
#1854=EDGE_CURVE('',#2202,#2200,#2203,.T.);
#1855=EDGE_CURVE('',#2202,#2204,#2205,.T.);
#1856=EDGE_CURVE('',#2204,#2206,#2207,.T.);
#1857=EDGE_CURVE('',#2208,#2206,#2209,.T.);
#1858=EDGE_CURVE('',#2208,#2210,#2211,.T.);
#1859=EDGE_CURVE('',#2210,#2212,#2213,.T.);
#1860=EDGE_CURVE('',#2212,#2214,#2215,.T.);
#1861=EDGE_CURVE('',#2214,#2182,#2216,.T.);
#1862=EDGE_CURVE('',#2217,#2218,#2219,.T.);
#1863=EDGE_CURVE('',#2220,#2217,#2221,.T.);
#1864=EDGE_CURVE('',#2220,#2222,#2223,.T.);
#1865=EDGE_CURVE('',#2218,#2222,#2224,.T.);
#1866=EDGE_CURVE('',#2225,#2226,#2227,.T.);
#1867=EDGE_CURVE('',#2228,#2225,#2229,.T.);
#1868=EDGE_CURVE('',#2228,#2230,#2231,.T.);
#1869=EDGE_CURVE('',#2226,#2230,#2232,.T.);
#1870=EDGE_CURVE('',#2233,#2234,#2235,.T.);
#1871=EDGE_CURVE('',#2233,#2236,#2237,.T.);
#1872=EDGE_CURVE('',#2236,#2238,#2239,.T.);
#1873=EDGE_CURVE('',#2238,#2234,#2240,.T.);
#1874=EDGE_CURVE('',#2241,#2242,#2243,.T.);
#1875=EDGE_CURVE('',#2241,#2244,#2245,.T.);
#1876=EDGE_CURVE('',#2244,#2246,#2247,.T.);
#1877=EDGE_CURVE('',#2246,#2242,#2248,.T.);
#1878=EDGE_CURVE('',#2249,#2250,#2251,.T.);
#1879=EDGE_CURVE('',#2252,#2249,#2253,.T.);
#1880=EDGE_CURVE('',#2252,#2254,#2255,.T.);
#1881=EDGE_CURVE('',#2254,#2250,#2256,.T.);
#1882=EDGE_CURVE('',#2257,#2258,#2259,.T.);
#1883=EDGE_CURVE('',#2260,#2257,#2261,.T.);
#1884=EDGE_CURVE('',#2260,#2262,#2263,.T.);
#1885=EDGE_CURVE('',#2262,#2258,#2264,.T.);
#1886=EDGE_CURVE('',#2265,#2266,#2267,.T.);
#1887=EDGE_CURVE('',#2266,#2268,#2269,.T.);
#1888=EDGE_CURVE('',#2268,#2270,#2271,.T.);
#1889=EDGE_CURVE('',#2265,#2270,#2272,.T.);
#1890=EDGE_CURVE('',#2273,#2274,#2275,.T.);
#1891=EDGE_CURVE('',#2274,#2276,#2277,.T.);
#1892=EDGE_CURVE('',#2276,#2278,#2279,.T.);
#1893=EDGE_CURVE('',#2273,#2278,#2280,.T.);
#1894=EDGE_CURVE('',#2281,#2282,#2283,.T.);
#1895=EDGE_CURVE('',#2281,#2196,#2284,.T.);
#1896=EDGE_CURVE('',#2285,#2194,#2286,.T.);
#1897=EDGE_CURVE('',#2287,#2285,#2288,.T.);
#1898=EDGE_CURVE('',#2204,#2287,#2289,.T.);
#1899=EDGE_CURVE('',#2282,#2202,#2290,.T.);
#1900=EDGE_CURVE('',#2291,#2292,#2293,.T.);
#1901=EDGE_CURVE('',#2292,#2294,#2295,.T.);
#1902=EDGE_CURVE('',#2296,#2294,#2297,.T.);
#1903=EDGE_CURVE('',#2296,#2291,#2298,.T.);
#1904=EDGE_CURVE('',#2299,#2300,#2301,.T.);
#1905=EDGE_CURVE('',#2300,#2302,#2303,.T.);
#1906=EDGE_CURVE('',#2304,#2302,#2305,.T.);
#1907=EDGE_CURVE('',#2304,#2299,#2306,.T.);
#1908=EDGE_CURVE('',#2307,#2287,#2308,.T.);
#1909=EDGE_CURVE('',#2285,#2309,#2310,.T.);
#1910=EDGE_CURVE('',#2311,#2309,#2312,.T.);
#1911=EDGE_CURVE('',#2311,#2313,#2314,.T.);
#1912=EDGE_CURVE('',#2313,#2304,#2315,.T.);
#1913=EDGE_CURVE('',#2302,#2307,#2316,.T.);
#1914=EDGE_CURVE('',#2317,#2318,#2319,.T.);
#1915=EDGE_CURVE('',#2320,#2317,#2321,.T.);
#1916=EDGE_CURVE('',#2322,#2320,#2323,.T.);
#1917=EDGE_CURVE('',#2318,#2322,#2324,.T.);
#1918=EDGE_CURVE('',#2325,#2326,#2327,.T.);
#1919=EDGE_CURVE('',#2328,#2325,#2329,.T.);
#1920=EDGE_CURVE('',#2330,#2328,#2331,.T.);
#1921=EDGE_CURVE('',#2332,#2330,#2333,.T.);
#1922=EDGE_CURVE('',#2326,#2332,#2334,.T.);
#1923=EDGE_CURVE('',#2299,#2296,#2335,.T.);
#1924=EDGE_CURVE('',#2294,#2336,#2337,.T.);
#1925=EDGE_CURVE('',#2336,#2208,#2338,.T.);
#1926=EDGE_CURVE('',#2339,#2206,#2340,.T.);
#1927=EDGE_CURVE('',#2300,#2339,#2341,.T.);
#1928=EDGE_CURVE('',#2313,#2342,#2343,.T.);
#1929=EDGE_CURVE('',#2342,#2291,#2344,.T.);
#1930=EDGE_CURVE('',#2345,#2346,#2347,.T.);
#1931=EDGE_CURVE('',#2346,#2348,#2349,.T.);
#1932=EDGE_CURVE('',#2350,#2348,#2351,.T.);
#1933=EDGE_CURVE('',#2345,#2350,#2352,.T.);
#1934=EDGE_CURVE('',#2353,#2354,#2355,.T.);
#1935=EDGE_CURVE('',#2353,#2356,#2357,.T.);
#1936=EDGE_CURVE('',#2358,#2356,#2359,.T.);
#1937=EDGE_CURVE('',#2292,#2358,#2360,.T.);
#1938=EDGE_CURVE('',#2342,#2361,#2362,.T.);
#1939=EDGE_CURVE('',#2361,#2354,#2363,.T.);
#1940=EDGE_CURVE('',#2364,#2311,#2365,.T.);
#1941=EDGE_CURVE('',#2190,#2364,#2366,.T.);
#1942=EDGE_CURVE('',#2188,#2367,#2368,.T.);
#1943=EDGE_CURVE('',#2367,#2361,#2369,.T.);
#1944=EDGE_CURVE('',#2370,#2346,#2371,.T.);
#1945=EDGE_CURVE('',#2372,#2345,#2373,.T.);
#1946=EDGE_CURVE('',#2372,#2370,#2374,.T.);
#1947=EDGE_CURVE('',#2348,#2375,#2376,.T.);
#1948=EDGE_CURVE('',#2377,#2375,#2378,.T.);
#1949=EDGE_CURVE('',#2350,#2377,#2379,.T.);
#1950=EDGE_CURVE('',#2375,#2370,#2380,.T.);
#1951=EDGE_CURVE('',#2377,#2372,#2381,.T.);
#1952=EDGE_CURVE('',#2356,#2210,#2382,.T.);
#1953=EDGE_CURVE('',#2358,#2336,#2383,.T.);
#1954=EDGE_CURVE('',#2339,#2307,#2384,.T.);
#1955=EDGE_CURVE('',#2339,#2385,#2386,.T.);
#1956=EDGE_CURVE('',#2385,#2387,#2388,.T.);
#1957=EDGE_CURVE('',#2300,#2387,#2389,.T.);
#1958=EDGE_CURVE('',#2385,#2307,#2390,.T.);
#1959=EDGE_CURVE('',#2387,#2302,#2391,.T.);
#1960=EDGE_CURVE('',#2392,#2336,#2393,.T.);
#1961=EDGE_CURVE('',#2394,#2294,#2395,.T.);
#1962=EDGE_CURVE('',#2392,#2394,#2396,.T.);
#1963=EDGE_CURVE('',#2358,#2392,#2397,.T.);
#1964=EDGE_CURVE('',#2292,#2394,#2398,.T.);
#1965=EDGE_CURVE('',#2192,#2399,#2400,.T.);
#1966=EDGE_CURVE('',#2401,#2399,#2402,.T.);
#1967=EDGE_CURVE('',#2194,#2401,#2403,.T.);
#1968=EDGE_CURVE('',#2309,#2401,#2404,.T.);
#1969=EDGE_CURVE('',#2399,#2364,#2405,.T.);
#1970=EDGE_CURVE('',#2186,#2406,#2407,.T.);
#1971=EDGE_CURVE('',#2406,#2367,#2408,.T.);
#1972=EDGE_CURVE('',#2184,#2409,#2410,.T.);
#1973=EDGE_CURVE('',#2409,#2406,#2411,.T.);
#1974=EDGE_CURVE('',#2184,#2353,#2412,.T.);
#1975=EDGE_CURVE('',#2354,#2409,#2413,.T.);
#1976=EDGE_CURVE('',#2414,#2181,#2415,.T.);
#1977=EDGE_CURVE('',#2414,#2416,#2417,.T.);
#1978=EDGE_CURVE('',#2416,#2212,#2418,.T.);
#1979=EDGE_CURVE('',#2326,#2419,#2420,.T.);
#1980=EDGE_CURVE('',#2419,#2421,#2422,.T.);
#1981=EDGE_CURVE('',#2325,#2421,#2423,.T.);
#1982=EDGE_CURVE('',#2332,#2424,#2425,.T.);
#1983=EDGE_CURVE('',#2424,#2419,#2426,.T.);
#1984=EDGE_CURVE('',#2330,#2427,#2428,.T.);
#1985=EDGE_CURVE('',#2427,#2424,#2429,.T.);
#1986=EDGE_CURVE('',#2328,#2430,#2431,.T.);
#1987=EDGE_CURVE('',#2430,#2427,#2432,.T.);
#1988=EDGE_CURVE('',#2421,#2430,#2433,.T.);
#1989=EDGE_CURVE('',#2434,#2435,#2436,.T.);
#1990=EDGE_CURVE('',#2434,#2437,#2438,.T.);
#1991=EDGE_CURVE('',#2437,#2439,#2440,.T.);
#1992=EDGE_CURVE('',#2439,#2435,#2441,.T.);
#1993=EDGE_CURVE('',#2318,#2442,#2443,.T.);
#1994=EDGE_CURVE('',#2442,#2444,#2445,.T.);
#1995=EDGE_CURVE('',#2317,#2444,#2446,.T.);
#1996=EDGE_CURVE('',#2322,#2447,#2448,.T.);
#1997=EDGE_CURVE('',#2447,#2442,#2449,.T.);
#1998=EDGE_CURVE('',#2320,#2450,#2451,.T.);
#1999=EDGE_CURVE('',#2450,#2447,#2452,.T.);
#2000=EDGE_CURVE('',#2444,#2450,#2453,.T.);
#2001=EDGE_CURVE('',#2454,#2455,#2456,.T.);
#2002=EDGE_CURVE('',#2454,#2457,#2458,.T.);
#2003=EDGE_CURVE('',#2457,#2459,#2460,.T.);
#2004=EDGE_CURVE('',#2459,#2455,#2461,.T.);
#2005=EDGE_CURVE('',#2462,#2260,#2463,.T.);
#2006=EDGE_CURVE('',#2464,#2257,#2465,.T.);
#2007=EDGE_CURVE('',#2462,#2464,#2466,.T.);
#2008=EDGE_CURVE('',#2467,#2462,#2468,.T.);
#2009=EDGE_CURVE('',#2469,#2464,#2470,.T.);
#2010=EDGE_CURVE('',#2467,#2469,#2471,.T.);
#2011=EDGE_CURVE('',#2262,#2467,#2472,.T.);
#2012=EDGE_CURVE('',#2258,#2469,#2473,.T.);
#2013=EDGE_CURVE('',#2474,#2252,#2475,.T.);
#2014=EDGE_CURVE('',#2476,#2249,#2477,.T.);
#2015=EDGE_CURVE('',#2474,#2476,#2478,.T.);
#2016=EDGE_CURVE('',#2479,#2474,#2480,.T.);
#2017=EDGE_CURVE('',#2481,#2476,#2482,.T.);
#2018=EDGE_CURVE('',#2479,#2481,#2483,.T.);
#2019=EDGE_CURVE('',#2254,#2479,#2484,.T.);
#2020=EDGE_CURVE('',#2250,#2481,#2485,.T.);
#2021=EDGE_CURVE('',#2486,#2487,#2488,.T.);
#2022=EDGE_CURVE('',#2487,#2489,#2490,.T.);
#2023=EDGE_CURVE('',#2489,#2491,#2492,.T.);
#2024=EDGE_CURVE('',#2491,#2486,#2493,.T.);
#2025=EDGE_CURVE('',#2435,#2494,#2495,.T.);
#2026=EDGE_CURVE('',#2494,#2496,#2497,.T.);
#2027=EDGE_CURVE('',#2496,#2434,#2498,.T.);
#2028=EDGE_CURVE('',#2499,#2437,#2500,.T.);
#2029=EDGE_CURVE('',#2499,#2501,#2502,.T.);
#2030=EDGE_CURVE('',#2439,#2501,#2503,.T.);
#2031=EDGE_CURVE('',#2501,#2494,#2504,.T.);
#2032=EDGE_CURVE('',#2496,#2499,#2505,.T.);
#2033=EDGE_CURVE('',#2242,#2506,#2507,.T.);
#2034=EDGE_CURVE('',#2506,#2508,#2509,.T.);
#2035=EDGE_CURVE('',#2508,#2241,#2510,.T.);
#2036=EDGE_CURVE('',#2511,#2244,#2512,.T.);
#2037=EDGE_CURVE('',#2511,#2513,#2514,.T.);
#2038=EDGE_CURVE('',#2246,#2513,#2515,.T.);
#2039=EDGE_CURVE('',#2513,#2506,#2516,.T.);
#2040=EDGE_CURVE('',#2517,#2518,#2519,.T.);
#2041=EDGE_CURVE('',#2518,#2520,#2521,.T.);
#2042=EDGE_CURVE('',#2520,#2522,#2523,.T.);
#2043=EDGE_CURVE('',#2522,#2517,#2524,.T.);
#2044=EDGE_CURVE('',#2508,#2511,#2525,.T.);
#2045=EDGE_CURVE('',#2511,#2522,#2526,.T.);
#2046=EDGE_CURVE('',#2517,#2508,#2527,.T.);
#2047=EDGE_CURVE('',#2518,#2506,#2528,.T.);
#2048=EDGE_CURVE('',#2513,#2520,#2529,.T.);
#2049=EDGE_CURVE('',#2499,#2491,#2530,.T.);
#2050=EDGE_CURVE('',#2486,#2496,#2531,.T.);
#2051=EDGE_CURVE('',#2487,#2494,#2532,.T.);
#2052=EDGE_CURVE('',#2501,#2489,#2533,.T.);
#2053=EDGE_CURVE('',#2534,#2535,#2536,.T.);
#2054=EDGE_CURVE('',#2535,#2537,#2538,.T.);
#2055=EDGE_CURVE('',#2537,#2539,#2540,.T.);
#2056=EDGE_CURVE('',#2539,#2534,#2541,.T.);
#2057=EDGE_CURVE('',#2455,#2542,#2543,.T.);
#2058=EDGE_CURVE('',#2542,#2544,#2545,.T.);
#2059=EDGE_CURVE('',#2544,#2454,#2546,.T.);
#2060=EDGE_CURVE('',#2547,#2457,#2548,.T.);
#2061=EDGE_CURVE('',#2547,#2549,#2550,.T.);
#2062=EDGE_CURVE('',#2459,#2549,#2551,.T.);
#2063=EDGE_CURVE('',#2549,#2542,#2552,.T.);
#2064=EDGE_CURVE('',#2544,#2547,#2553,.T.);
#2065=EDGE_CURVE('',#2234,#2554,#2555,.T.);
#2066=EDGE_CURVE('',#2554,#2556,#2557,.T.);
#2067=EDGE_CURVE('',#2556,#2233,#2558,.T.);
#2068=EDGE_CURVE('',#2559,#2236,#2560,.T.);
#2069=EDGE_CURVE('',#2559,#2561,#2562,.T.);
#2070=EDGE_CURVE('',#2238,#2561,#2563,.T.);
#2071=EDGE_CURVE('',#2561,#2554,#2564,.T.);
#2072=EDGE_CURVE('',#2565,#2566,#2567,.T.);
#2073=EDGE_CURVE('',#2566,#2568,#2569,.T.);
#2074=EDGE_CURVE('',#2568,#2570,#2571,.T.);
#2075=EDGE_CURVE('',#2570,#2565,#2572,.T.);
#2076=EDGE_CURVE('',#2556,#2559,#2573,.T.);
#2077=EDGE_CURVE('',#2559,#2570,#2574,.T.);
#2078=EDGE_CURVE('',#2565,#2556,#2575,.T.);
#2079=EDGE_CURVE('',#2566,#2554,#2576,.T.);
#2080=EDGE_CURVE('',#2561,#2568,#2577,.T.);
#2081=EDGE_CURVE('',#2547,#2539,#2578,.T.);
#2082=EDGE_CURVE('',#2534,#2544,#2579,.T.);
#2083=EDGE_CURVE('',#2535,#2542,#2580,.T.);
#2084=EDGE_CURVE('',#2549,#2537,#2581,.T.);
#2085=EDGE_CURVE('',#2582,#2583,#2584,.T.);
#2086=EDGE_CURVE('',#2583,#2585,#2586,.T.);
#2087=EDGE_CURVE('',#2587,#2585,#2588,.T.);
#2088=EDGE_CURVE('',#2582,#2587,#2589,.T.);
#2089=EDGE_CURVE('',#2583,#2590,#2591,.T.);
#2090=EDGE_CURVE('',#2590,#2592,#2593,.T.);
#2091=EDGE_CURVE('',#2585,#2592,#2594,.T.);
#2092=EDGE_CURVE('',#2590,#2595,#2596,.T.);
#2093=EDGE_CURVE('',#2595,#2597,#2598,.T.);
#2094=EDGE_CURVE('',#2592,#2597,#2599,.T.);
#2095=EDGE_CURVE('',#2595,#2600,#2601,.T.);
#2096=EDGE_CURVE('',#2600,#2602,#2603,.T.);
#2097=EDGE_CURVE('',#2597,#2602,#2604,.T.);
#2098=EDGE_CURVE('',#2600,#2228,#2605,.T.);
#2099=EDGE_CURVE('',#2230,#2582,#2606,.T.);
#2100=EDGE_CURVE('',#2602,#2225,#2607,.T.);
#2101=EDGE_CURVE('',#2226,#2587,#2608,.T.);
#2102=EDGE_CURVE('',#2609,#2217,#2610,.T.);
#2103=EDGE_CURVE('',#2218,#2611,#2612,.T.);
#2104=EDGE_CURVE('',#2611,#2613,#2614,.T.);
#2105=EDGE_CURVE('',#2613,#2615,#2616,.T.);
#2106=EDGE_CURVE('',#2615,#2617,#2618,.T.);
#2107=EDGE_CURVE('',#2617,#2609,#2619,.T.);
#2108=EDGE_CURVE('',#2620,#2220,#2621,.T.);
#2109=EDGE_CURVE('',#2622,#2620,#2623,.T.);
#2110=EDGE_CURVE('',#2624,#2622,#2625,.T.);
#2111=EDGE_CURVE('',#2626,#2624,#2627,.T.);
#2112=EDGE_CURVE('',#2628,#2626,#2629,.T.);
#2113=EDGE_CURVE('',#2222,#2628,#2630,.T.);
#2114=EDGE_CURVE('',#2620,#2609,#2631,.T.);
#2115=EDGE_CURVE('',#2622,#2617,#2632,.T.);
#2116=EDGE_CURVE('',#2624,#2615,#2633,.T.);
#2117=EDGE_CURVE('',#2626,#2613,#2634,.T.);
#2118=EDGE_CURVE('',#2628,#2611,#2635,.T.);
#2119=EDGE_CURVE('',#2636,#2200,#2637,.T.);
#2120=EDGE_CURVE('',#2638,#2198,#2639,.T.);
#2121=EDGE_CURVE('',#2636,#2638,#2640,.T.);
#2122=EDGE_CURVE('',#2641,#2636,#2642,.T.);
#2123=EDGE_CURVE('',#2643,#2638,#2644,.T.);
#2124=EDGE_CURVE('',#2641,#2643,#2645,.T.);
#2125=EDGE_CURVE('',#2646,#2641,#2647,.T.);
#2126=EDGE_CURVE('',#2648,#2643,#2649,.T.);
#2127=EDGE_CURVE('',#2646,#2648,#2650,.T.);
#2128=EDGE_CURVE('',#2651,#2646,#2652,.T.);
#2129=EDGE_CURVE('',#2653,#2648,#2654,.T.);
#2130=EDGE_CURVE('',#2651,#2653,#2655,.T.);
#2131=EDGE_CURVE('',#2281,#2653,#2656,.T.);
#2132=EDGE_CURVE('',#2282,#2651,#2657,.T.);
#2133=EDGE_CURVE('',#2658,#2659,#2660,.T.);
#2134=EDGE_CURVE('',#2658,#2661,#2662,.T.);
#2135=EDGE_CURVE('',#2661,#2663,#2664,.T.);
#2136=EDGE_CURVE('',#2659,#2663,#2665,.T.);
#2137=EDGE_CURVE('',#2666,#2658,#2667,.T.);
#2138=EDGE_CURVE('',#2666,#2668,#2669,.T.);
#2139=EDGE_CURVE('',#2668,#2661,#2670,.T.);
#2140=EDGE_CURVE('',#2671,#2666,#2672,.T.);
#2141=EDGE_CURVE('',#2671,#2673,#2674,.T.);
#2142=EDGE_CURVE('',#2673,#2668,#2675,.T.);
#2143=EDGE_CURVE('',#2676,#2671,#2677,.T.);
#2144=EDGE_CURVE('',#2676,#2678,#2679,.T.);
#2145=EDGE_CURVE('',#2678,#2673,#2680,.T.);
#2146=EDGE_CURVE('',#2659,#2265,#2681,.T.);
#2147=EDGE_CURVE('',#2270,#2676,#2682,.T.);
#2148=EDGE_CURVE('',#2663,#2266,#2683,.T.);
#2149=EDGE_CURVE('',#2268,#2678,#2684,.T.);
#2150=EDGE_CURVE('',#2685,#2274,#2686,.T.);
#2151=EDGE_CURVE('',#2687,#2685,#2688,.T.);
#2152=EDGE_CURVE('',#2689,#2687,#2690,.T.);
#2153=EDGE_CURVE('',#2691,#2689,#2692,.T.);
#2154=EDGE_CURVE('',#2693,#2691,#2694,.T.);
#2155=EDGE_CURVE('',#2276,#2693,#2695,.T.);
#2156=EDGE_CURVE('',#2696,#2273,#2697,.T.);
#2157=EDGE_CURVE('',#2278,#2698,#2699,.T.);
#2158=EDGE_CURVE('',#2698,#2700,#2701,.T.);
#2159=EDGE_CURVE('',#2700,#2702,#2703,.T.);
#2160=EDGE_CURVE('',#2702,#2704,#2705,.T.);
#2161=EDGE_CURVE('',#2704,#2696,#2706,.T.);
#2162=EDGE_CURVE('',#2704,#2687,#2707,.T.);
#2163=EDGE_CURVE('',#2696,#2685,#2708,.T.);
#2164=EDGE_CURVE('',#2702,#2689,#2709,.T.);
#2165=EDGE_CURVE('',#2700,#2691,#2710,.T.);
#2166=EDGE_CURVE('',#2698,#2693,#2711,.T.);
#2167=EDGE_CURVE('',#2712,#2214,#2713,.T.);
#2168=EDGE_CURVE('',#2712,#2714,#2715,.T.);
#2169=EDGE_CURVE('',#2714,#2182,#2716,.T.);
#2170=EDGE_CURVE('',#2717,#2712,#2718,.T.);
#2171=EDGE_CURVE('',#2717,#2719,#2720,.T.);
#2172=EDGE_CURVE('',#2719,#2714,#2721,.T.);
#2173=EDGE_CURVE('',#2722,#2717,#2723,.T.);
#2174=EDGE_CURVE('',#2722,#2724,#2725,.T.);
#2175=EDGE_CURVE('',#2724,#2719,#2726,.T.);
#2176=EDGE_CURVE('',#2727,#2722,#2728,.T.);
#2177=EDGE_CURVE('',#2727,#2729,#2730,.T.);
#2178=EDGE_CURVE('',#2729,#2724,#2731,.T.);
#2179=EDGE_CURVE('',#2414,#2729,#2732,.T.);
#2180=EDGE_CURVE('',#2416,#2727,#2733,.T.);
#2181=VERTEX_POINT('',#2734);
#2182=VERTEX_POINT('',#2735);
#2183=LINE('',#2736,#2737);
#2184=VERTEX_POINT('',#2738);
#2185=LINE('',#2739,#2740);
#2186=VERTEX_POINT('',#2741);
#2187=LINE('',#2742,#2743);
#2188=VERTEX_POINT('',#2744);
#2189=LINE('',#2745,#2746);
#2190=VERTEX_POINT('',#2747);
#2191=LINE('',#2748,#2749);
#2192=VERTEX_POINT('',#2750);
#2193=LINE('',#2751,#2752);
#2194=VERTEX_POINT('',#2753);
#2195=LINE('',#2754,#2755);
#2196=VERTEX_POINT('',#2756);
#2197=LINE('',#2757,#2758);
#2198=VERTEX_POINT('',#2759);
#2199=LINE('',#2760,#2761);
#2200=VERTEX_POINT('',#2762);
#2201=LINE('',#2763,#2764);
#2202=VERTEX_POINT('',#2765);
#2203=LINE('',#2766,#2767);
#2204=VERTEX_POINT('',#2768);
#2205=LINE('',#2769,#2770);
#2206=VERTEX_POINT('',#2771);
#2207=LINE('',#2772,#2773);
#2208=VERTEX_POINT('',#2774);
#2209=LINE('',#2775,#2776);
#2210=VERTEX_POINT('',#2777);
#2211=LINE('',#2778,#2779);
#2212=VERTEX_POINT('',#2780);
#2213=LINE('',#2781,#2782);
#2214=VERTEX_POINT('',#2783);
#2215=LINE('',#2784,#2785);
#2216=LINE('',#2786,#2787);
#2217=VERTEX_POINT('',#2788);
#2218=VERTEX_POINT('',#2789);
#2219=LINE('',#2790,#2791);
#2220=VERTEX_POINT('',#2792);
#2221=LINE('',#2793,#2794);
#2222=VERTEX_POINT('',#2795);
#2223=LINE('',#2796,#2797);
#2224=LINE('',#2798,#2799);
#2225=VERTEX_POINT('',#2800);
#2226=VERTEX_POINT('',#2801);
#2227=LINE('',#2802,#2803);
#2228=VERTEX_POINT('',#2804);
#2229=LINE('',#2805,#2806);
#2230=VERTEX_POINT('',#2807);
#2231=LINE('',#2808,#2809);
#2232=LINE('',#2810,#2811);
#2233=VERTEX_POINT('',#2812);
#2234=VERTEX_POINT('',#2813);
#2235=LINE('',#2814,#2815);
#2236=VERTEX_POINT('',#2816);
#2237=LINE('',#2817,#2818);
#2238=VERTEX_POINT('',#2819);
#2239=LINE('',#2820,#2821);
#2240=LINE('',#2822,#2823);
#2241=VERTEX_POINT('',#2824);
#2242=VERTEX_POINT('',#2825);
#2243=LINE('',#2826,#2827);
#2244=VERTEX_POINT('',#2828);
#2245=LINE('',#2829,#2830);
#2246=VERTEX_POINT('',#2831);
#2247=LINE('',#2832,#2833);
#2248=LINE('',#2834,#2835);
#2249=VERTEX_POINT('',#2836);
#2250=VERTEX_POINT('',#2837);
#2251=LINE('',#2838,#2839);
#2252=VERTEX_POINT('',#2840);
#2253=LINE('',#2841,#2842);
#2254=VERTEX_POINT('',#2843);
#2255=LINE('',#2844,#2845);
#2256=LINE('',#2846,#2847);
#2257=VERTEX_POINT('',#2848);
#2258=VERTEX_POINT('',#2849);
#2259=LINE('',#2850,#2851);
#2260=VERTEX_POINT('',#2852);
#2261=LINE('',#2853,#2854);
#2262=VERTEX_POINT('',#2855);
#2263=LINE('',#2856,#2857);
#2264=LINE('',#2858,#2859);
#2265=VERTEX_POINT('',#2860);
#2266=VERTEX_POINT('',#2861);
#2267=LINE('',#2862,#2863);
#2268=VERTEX_POINT('',#2864);
#2269=LINE('',#2865,#2866);
#2270=VERTEX_POINT('',#2867);
#2271=LINE('',#2868,#2869);
#2272=LINE('',#2870,#2871);
#2273=VERTEX_POINT('',#2872);
#2274=VERTEX_POINT('',#2873);
#2275=LINE('',#2874,#2875);
#2276=VERTEX_POINT('',#2876);
#2277=LINE('',#2877,#2878);
#2278=VERTEX_POINT('',#2879);
#2279=LINE('',#2880,#2881);
#2280=LINE('',#2882,#2883);
#2281=VERTEX_POINT('',#2884);
#2282=VERTEX_POINT('',#2885);
#2283=LINE('',#2886,#2887);
#2284=LINE('',#2888,#2889);
#2285=VERTEX_POINT('',#2890);
#2286=LINE('',#2891,#2892);
#2287=VERTEX_POINT('',#2893);
#2288=LINE('',#2894,#2895);
#2289=LINE('',#2896,#2897);
#2290=LINE('',#2898,#2899);
#2291=VERTEX_POINT('',#2900);
#2292=VERTEX_POINT('',#2901);
#2293=LINE('',#2902,#2903);
#2294=VERTEX_POINT('',#2904);
#2295=LINE('',#2905,#2906);
#2296=VERTEX_POINT('',#2907);
#2297=LINE('',#2908,#2909);
#2298=LINE('',#2910,#2911);
#2299=VERTEX_POINT('',#2912);
#2300=VERTEX_POINT('',#2913);
#2301=LINE('',#2914,#2915);
#2302=VERTEX_POINT('',#2916);
#2303=LINE('',#2917,#2918);
#2304=VERTEX_POINT('',#2919);
#2305=LINE('',#2920,#2921);
#2306=LINE('',#2922,#2923);
#2307=VERTEX_POINT('',#2924);
#2308=LINE('',#2925,#2926);
#2309=VERTEX_POINT('',#2927);
#2310=LINE('',#2928,#2929);
#2311=VERTEX_POINT('',#2930);
#2312=LINE('',#2931,#2932);
#2313=VERTEX_POINT('',#2933);
#2314=LINE('',#2934,#2935);
#2315=LINE('',#2936,#2937);
#2316=LINE('',#2938,#2939);
#2317=VERTEX_POINT('',#2940);
#2318=VERTEX_POINT('',#2941);
#2319=LINE('',#2942,#2943);
#2320=VERTEX_POINT('',#2944);
#2321=LINE('',#2945,#2946);
#2322=VERTEX_POINT('',#2947);
#2323=LINE('',#2948,#2949);
#2324=LINE('',#2950,#2951);
#2325=VERTEX_POINT('',#2952);
#2326=VERTEX_POINT('',#2953);
#2327=LINE('',#2954,#2955);
#2328=VERTEX_POINT('',#2956);
#2329=LINE('',#2957,#2958);
#2330=VERTEX_POINT('',#2959);
#2331=LINE('',#2960,#2961);
#2332=VERTEX_POINT('',#2962);
#2333=LINE('',#2963,#2964);
#2334=LINE('',#2965,#2966);
#2335=LINE('',#2967,#2968);
#2336=VERTEX_POINT('',#2969);
#2337=LINE('',#2970,#2971);
#2338=LINE('',#2972,#2973);
#2339=VERTEX_POINT('',#2974);
#2340=LINE('',#2975,#2976);
#2341=LINE('',#2977,#2978);
#2342=VERTEX_POINT('',#2979);
#2343=LINE('',#2980,#2981);
#2344=LINE('',#2982,#2983);
#2345=VERTEX_POINT('',#2984);
#2346=VERTEX_POINT('',#2985);
#2347=LINE('',#2986,#2987);
#2348=VERTEX_POINT('',#2988);
#2349=LINE('',#2989,#2990);
#2350=VERTEX_POINT('',#2991);
#2351=LINE('',#2992,#2993);
#2352=LINE('',#2994,#2995);
#2353=VERTEX_POINT('',#2996);
#2354=VERTEX_POINT('',#2997);
#2355=LINE('',#2998,#2999);
#2356=VERTEX_POINT('',#3000);
#2357=LINE('',#3001,#3002);
#2358=VERTEX_POINT('',#3003);
#2359=LINE('',#3004,#3005);
#2360=LINE('',#3006,#3007);
#2361=VERTEX_POINT('',#3008);
#2362=LINE('',#3009,#3010);
#2363=LINE('',#3011,#3012);
#2364=VERTEX_POINT('',#3013);
#2365=LINE('',#3014,#3015);
#2366=LINE('',#3016,#3017);
#2367=VERTEX_POINT('',#3018);
#2368=LINE('',#3019,#3020);
#2369=LINE('',#3021,#3022);
#2370=VERTEX_POINT('',#3023);
#2371=LINE('',#3024,#3025);
#2372=VERTEX_POINT('',#3026);
#2373=LINE('',#3027,#3028);
#2374=LINE('',#3029,#3030);
#2375=VERTEX_POINT('',#3031);
#2376=LINE('',#3032,#3033);
#2377=VERTEX_POINT('',#3034);
#2378=LINE('',#3035,#3036);
#2379=LINE('',#3037,#3038);
#2380=LINE('',#3039,#3040);
#2381=LINE('',#3041,#3042);
#2382=LINE('',#3043,#3044);
#2383=LINE('',#3045,#3046);
#2384=LINE('',#3047,#3048);
#2385=VERTEX_POINT('',#3049);
#2386=LINE('',#3050,#3051);
#2387=VERTEX_POINT('',#3052);
#2388=LINE('',#3053,#3054);
#2389=LINE('',#3055,#3056);
#2390=LINE('',#3057,#3058);
#2391=LINE('',#3059,#3060);
#2392=VERTEX_POINT('',#3061);
#2393=LINE('',#3062,#3063);
#2394=VERTEX_POINT('',#3064);
#2395=LINE('',#3065,#3066);
#2396=LINE('',#3067,#3068);
#2397=LINE('',#3069,#3070);
#2398=LINE('',#3071,#3072);
#2399=VERTEX_POINT('',#3073);
#2400=LINE('',#3074,#3075);
#2401=VERTEX_POINT('',#3076);
#2402=LINE('',#3077,#3078);
#2403=LINE('',#3079,#3080);
#2404=LINE('',#3081,#3082);
#2405=LINE('',#3083,#3084);
#2406=VERTEX_POINT('',#3085);
#2407=LINE('',#3086,#3087);
#2408=LINE('',#3088,#3089);
#2409=VERTEX_POINT('',#3090);
#2410=LINE('',#3091,#3092);
#2411=LINE('',#3093,#3094);
#2412=LINE('',#3095,#3096);
#2413=LINE('',#3097,#3098);
#2414=VERTEX_POINT('',#3099);
#2415=LINE('',#3100,#3101);
#2416=VERTEX_POINT('',#3102);
#2417=LINE('',#3103,#3104);
#2418=LINE('',#3105,#3106);
#2419=VERTEX_POINT('',#3107);
#2420=LINE('',#3108,#3109);
#2421=VERTEX_POINT('',#3110);
#2422=LINE('',#3111,#3112);
#2423=LINE('',#3113,#3114);
#2424=VERTEX_POINT('',#3115);
#2425=LINE('',#3116,#3117);
#2426=LINE('',#3118,#3119);
#2427=VERTEX_POINT('',#3120);
#2428=LINE('',#3121,#3122);
#2429=LINE('',#3123,#3124);
#2430=VERTEX_POINT('',#3125);
#2431=LINE('',#3126,#3127);
#2432=LINE('',#3128,#3129);
#2433=LINE('',#3130,#3131);
#2434=VERTEX_POINT('',#3132);
#2435=VERTEX_POINT('',#3133);
#2436=LINE('',#3134,#3135);
#2437=VERTEX_POINT('',#3136);
#2438=LINE('',#3137,#3138);
#2439=VERTEX_POINT('',#3139);
#2440=LINE('',#3140,#3141);
#2441=LINE('',#3142,#3143);
#2442=VERTEX_POINT('',#3144);
#2443=LINE('',#3145,#3146);
#2444=VERTEX_POINT('',#3147);
#2445=LINE('',#3148,#3149);
#2446=LINE('',#3150,#3151);
#2447=VERTEX_POINT('',#3152);
#2448=LINE('',#3153,#3154);
#2449=LINE('',#3155,#3156);
#2450=VERTEX_POINT('',#3157);
#2451=LINE('',#3158,#3159);
#2452=LINE('',#3160,#3161);
#2453=LINE('',#3162,#3163);
#2454=VERTEX_POINT('',#3164);
#2455=VERTEX_POINT('',#3165);
#2456=LINE('',#3166,#3167);
#2457=VERTEX_POINT('',#3168);
#2458=LINE('',#3169,#3170);
#2459=VERTEX_POINT('',#3171);
#2460=LINE('',#3172,#3173);
#2461=LINE('',#3174,#3175);
#2462=VERTEX_POINT('',#3176);
#2463=LINE('',#3177,#3178);
#2464=VERTEX_POINT('',#3179);
#2465=LINE('',#3180,#3181);
#2466=LINE('',#3182,#3183);
#2467=VERTEX_POINT('',#3184);
#2468=LINE('',#3185,#3186);
#2469=VERTEX_POINT('',#3187);
#2470=LINE('',#3188,#3189);
#2471=LINE('',#3190,#3191);
#2472=LINE('',#3192,#3193);
#2473=LINE('',#3194,#3195);
#2474=VERTEX_POINT('',#3196);
#2475=LINE('',#3197,#3198);
#2476=VERTEX_POINT('',#3199);
#2477=LINE('',#3200,#3201);
#2478=LINE('',#3202,#3203);
#2479=VERTEX_POINT('',#3204);
#2480=LINE('',#3205,#3206);
#2481=VERTEX_POINT('',#3207);
#2482=LINE('',#3208,#3209);
#2483=LINE('',#3210,#3211);
#2484=LINE('',#3212,#3213);
#2485=LINE('',#3214,#3215);
#2486=VERTEX_POINT('',#3216);
#2487=VERTEX_POINT('',#3217);
#2488=LINE('',#3218,#3219);
#2489=VERTEX_POINT('',#3220);
#2490=LINE('',#3221,#3222);
#2491=VERTEX_POINT('',#3223);
#2492=LINE('',#3224,#3225);
#2493=LINE('',#3226,#3227);
#2494=VERTEX_POINT('',#3228);
#2495=LINE('',#3229,#3230);
#2496=VERTEX_POINT('',#3231);
#2497=LINE('',#3232,#3233);
#2498=LINE('',#3234,#3235);
#2499=VERTEX_POINT('',#3236);
#2500=LINE('',#3237,#3238);
#2501=VERTEX_POINT('',#3239);
#2502=LINE('',#3240,#3241);
#2503=LINE('',#3242,#3243);
#2504=LINE('',#3244,#3245);
#2505=LINE('',#3246,#3247);
#2506=VERTEX_POINT('',#3248);
#2507=LINE('',#3249,#3250);
#2508=VERTEX_POINT('',#3251);
#2509=LINE('',#3252,#3253);
#2510=LINE('',#3254,#3255);
#2511=VERTEX_POINT('',#3256);
#2512=LINE('',#3257,#3258);
#2513=VERTEX_POINT('',#3259);
#2514=LINE('',#3260,#3261);
#2515=LINE('',#3262,#3263);
#2516=LINE('',#3264,#3265);
#2517=VERTEX_POINT('',#3266);
#2518=VERTEX_POINT('',#3267);
#2519=LINE('',#3268,#3269);
#2520=VERTEX_POINT('',#3270);
#2521=LINE('',#3271,#3272);
#2522=VERTEX_POINT('',#3273);
#2523=LINE('',#3274,#3275);
#2524=LINE('',#3276,#3277);
#2525=LINE('',#3278,#3279);
#2526=LINE('',#3280,#3281);
#2527=LINE('',#3282,#3283);
#2528=LINE('',#3284,#3285);
#2529=LINE('',#3286,#3287);
#2530=LINE('',#3288,#3289);
#2531=LINE('',#3290,#3291);
#2532=LINE('',#3292,#3293);
#2533=LINE('',#3294,#3295);
#2534=VERTEX_POINT('',#3296);
#2535=VERTEX_POINT('',#3297);
#2536=LINE('',#3298,#3299);
#2537=VERTEX_POINT('',#3300);
#2538=LINE('',#3301,#3302);
#2539=VERTEX_POINT('',#3303);
#2540=LINE('',#3304,#3305);
#2541=LINE('',#3306,#3307);
#2542=VERTEX_POINT('',#3308);
#2543=LINE('',#3309,#3310);
#2544=VERTEX_POINT('',#3311);
#2545=LINE('',#3312,#3313);
#2546=LINE('',#3314,#3315);
#2547=VERTEX_POINT('',#3316);
#2548=LINE('',#3317,#3318);
#2549=VERTEX_POINT('',#3319);
#2550=LINE('',#3320,#3321);
#2551=LINE('',#3322,#3323);
#2552=LINE('',#3324,#3325);
#2553=LINE('',#3326,#3327);
#2554=VERTEX_POINT('',#3328);
#2555=LINE('',#3329,#3330);
#2556=VERTEX_POINT('',#3331);
#2557=LINE('',#3332,#3333);
#2558=LINE('',#3334,#3335);
#2559=VERTEX_POINT('',#3336);
#2560=LINE('',#3337,#3338);
#2561=VERTEX_POINT('',#3339);
#2562=LINE('',#3340,#3341);
#2563=LINE('',#3342,#3343);
#2564=LINE('',#3344,#3345);
#2565=VERTEX_POINT('',#3346);
#2566=VERTEX_POINT('',#3347);
#2567=LINE('',#3348,#3349);
#2568=VERTEX_POINT('',#3350);
#2569=LINE('',#3351,#3352);
#2570=VERTEX_POINT('',#3353);
#2571=LINE('',#3354,#3355);
#2572=LINE('',#3356,#3357);
#2573=LINE('',#3358,#3359);
#2574=LINE('',#3360,#3361);
#2575=LINE('',#3362,#3363);
#2576=LINE('',#3364,#3365);
#2577=LINE('',#3366,#3367);
#2578=LINE('',#3368,#3369);
#2579=LINE('',#3370,#3371);
#2580=LINE('',#3372,#3373);
#2581=LINE('',#3374,#3375);
#2582=VERTEX_POINT('',#3376);
#2583=VERTEX_POINT('',#3377);
#2584=LINE('',#3378,#3379);
#2585=VERTEX_POINT('',#3380);
#2586=LINE('',#3381,#3382);
#2587=VERTEX_POINT('',#3383);
#2588=LINE('',#3384,#3385);
#2589=LINE('',#3386,#3387);
#2590=VERTEX_POINT('',#3388);
#2591=LINE('',#3389,#3390);
#2592=VERTEX_POINT('',#3391);
#2593=LINE('',#3392,#3393);
#2594=LINE('',#3394,#3395);
#2595=VERTEX_POINT('',#3396);
#2596=LINE('',#3397,#3398);
#2597=VERTEX_POINT('',#3399);
#2598=LINE('',#3400,#3401);
#2599=LINE('',#3402,#3403);
#2600=VERTEX_POINT('',#3404);
#2601=LINE('',#3405,#3406);
#2602=VERTEX_POINT('',#3407);
#2603=LINE('',#3408,#3409);
#2604=LINE('',#3410,#3411);
#2605=LINE('',#3412,#3413);
#2606=LINE('',#3414,#3415);
#2607=LINE('',#3416,#3417);
#2608=LINE('',#3418,#3419);
#2609=VERTEX_POINT('',#3420);
#2610=LINE('',#3421,#3422);
#2611=VERTEX_POINT('',#3423);
#2612=LINE('',#3424,#3425);
#2613=VERTEX_POINT('',#3426);
#2614=LINE('',#3427,#3428);
#2615=VERTEX_POINT('',#3429);
#2616=LINE('',#3430,#3431);
#2617=VERTEX_POINT('',#3432);
#2618=LINE('',#3433,#3434);
#2619=LINE('',#3435,#3436);
#2620=VERTEX_POINT('',#3437);
#2621=LINE('',#3438,#3439);
#2622=VERTEX_POINT('',#3440);
#2623=LINE('',#3441,#3442);
#2624=VERTEX_POINT('',#3443);
#2625=LINE('',#3444,#3445);
#2626=VERTEX_POINT('',#3446);
#2627=LINE('',#3447,#3448);
#2628=VERTEX_POINT('',#3449);
#2629=LINE('',#3450,#3451);
#2630=LINE('',#3452,#3453);
#2631=LINE('',#3454,#3455);
#2632=LINE('',#3456,#3457);
#2633=LINE('',#3458,#3459);
#2634=LINE('',#3460,#3461);
#2635=LINE('',#3462,#3463);
#2636=VERTEX_POINT('',#3464);
#2637=CIRCLE('',#3465,0.649999999999999);
#2638=VERTEX_POINT('',#3466);
#2639=CIRCLE('',#3467,0.649999999999999);
#2640=LINE('',#3468,#3469);
#2641=VERTEX_POINT('',#3470);
#2642=LINE('',#3471,#3472);
#2643=VERTEX_POINT('',#3473);
#2644=LINE('',#3474,#3475);
#2645=LINE('',#3476,#3477);
#2646=VERTEX_POINT('',#3478);
#2647=LINE('',#3479,#3480);
#2648=VERTEX_POINT('',#3481);
#2649=LINE('',#3482,#3483);
#2650=LINE('',#3484,#3485);
#2651=VERTEX_POINT('',#3486);
#2652=LINE('',#3487,#3488);
#2653=VERTEX_POINT('',#3489);
#2654=LINE('',#3490,#3491);
#2655=LINE('',#3492,#3493);
#2656=CIRCLE('',#3494,0.199999999999999);
#2657=CIRCLE('',#3495,0.199999999999999);
#2658=VERTEX_POINT('',#3496);
#2659=VERTEX_POINT('',#3497);
#2660=LINE('',#3498,#3499);
#2661=VERTEX_POINT('',#3500);
#2662=LINE('',#3501,#3502);
#2663=VERTEX_POINT('',#3503);
#2664=LINE('',#3504,#3505);
#2665=LINE('',#3506,#3507);
#2666=VERTEX_POINT('',#3508);
#2667=LINE('',#3509,#3510);
#2668=VERTEX_POINT('',#3511);
#2669=LINE('',#3512,#3513);
#2670=LINE('',#3514,#3515);
#2671=VERTEX_POINT('',#3516);
#2672=LINE('',#3517,#3518);
#2673=VERTEX_POINT('',#3519);
#2674=LINE('',#3520,#3521);
#2675=LINE('',#3522,#3523);
#2676=VERTEX_POINT('',#3524);
#2677=LINE('',#3525,#3526);
#2678=VERTEX_POINT('',#3527);
#2679=LINE('',#3528,#3529);
#2680=LINE('',#3530,#3531);
#2681=LINE('',#3532,#3533);
#2682=LINE('',#3534,#3535);
#2683=LINE('',#3536,#3537);
#2684=LINE('',#3538,#3539);
#2685=VERTEX_POINT('',#3540);
#2686=LINE('',#3541,#3542);
#2687=VERTEX_POINT('',#3543);
#2688=LINE('',#3544,#3545);
#2689=VERTEX_POINT('',#3546);
#2690=LINE('',#3547,#3548);
#2691=VERTEX_POINT('',#3549);
#2692=LINE('',#3550,#3551);
#2693=VERTEX_POINT('',#3552);
#2694=LINE('',#3553,#3554);
#2695=LINE('',#3555,#3556);
#2696=VERTEX_POINT('',#3557);
#2697=LINE('',#3558,#3559);
#2698=VERTEX_POINT('',#3560);
#2699=LINE('',#3561,#3562);
#2700=VERTEX_POINT('',#3563);
#2701=LINE('',#3564,#3565);
#2702=VERTEX_POINT('',#3566);
#2703=LINE('',#3567,#3568);
#2704=VERTEX_POINT('',#3569);
#2705=LINE('',#3570,#3571);
#2706=LINE('',#3572,#3573);
#2707=LINE('',#3574,#3575);
#2708=LINE('',#3576,#3577);
#2709=LINE('',#3578,#3579);
#2710=LINE('',#3580,#3581);
#2711=LINE('',#3582,#3583);
#2712=VERTEX_POINT('',#3584);
#2713=CIRCLE('',#3585,0.649999999999999);
#2714=VERTEX_POINT('',#3586);
#2715=LINE('',#3587,#3588);
#2716=CIRCLE('',#3589,0.649999999999999);
#2717=VERTEX_POINT('',#3590);
#2718=LINE('',#3591,#3592);
#2719=VERTEX_POINT('',#3593);
#2720=LINE('',#3594,#3595);
#2721=LINE('',#3596,#3597);
#2722=VERTEX_POINT('',#3598);
#2723=LINE('',#3599,#3600);
#2724=VERTEX_POINT('',#3601);
#2725=LINE('',#3602,#3603);
#2726=LINE('',#3604,#3605);
#2727=VERTEX_POINT('',#3606);
#2728=LINE('',#3607,#3608);
#2729=VERTEX_POINT('',#3609);
#2730=LINE('',#3610,#3611);
#2731=LINE('',#3612,#3613);
#2732=CIRCLE('',#3614,0.199999999999999);
#2733=CIRCLE('',#3615,0.199999999999999);
#2734=CARTESIAN_POINT('',(-3.89,7.79,0.0));
#2735=CARTESIAN_POINT('',(-3.5050168137989,7.79,2.71050543121376E-16));
#2736=CARTESIAN_POINT('',(-4.825,7.79,2.95446040294299E-16));
#2737=VECTOR('',#3616,1.0);
#2738=CARTESIAN_POINT('',(-3.89,8.05,0.0));
#2739=CARTESIAN_POINT('',(-3.89,9.9,2.95446040294299E-16));
#2740=VECTOR('',#3617,1.0);
#2741=CARTESIAN_POINT('',(-3.89,9.6,2.95446040294299E-16));
#2742=CARTESIAN_POINT('',(-3.89,9.6,0.0));
#2743=VECTOR('',#3618,1.0);
#2744=CARTESIAN_POINT('',(-4.19,9.9,2.95446040294299E-16));
#2745=CARTESIAN_POINT('',(-4.19,9.9,0.0));
#2746=VECTOR('',#3619,1.0);
#2747=CARTESIAN_POINT('',(4.19,9.9,0.0));
#2748=CARTESIAN_POINT('',(-4.825,9.9,2.95446040294299E-16));
#2749=VECTOR('',#3620,1.0);
#2750=CARTESIAN_POINT('',(3.89,9.6,0.0));
#2751=CARTESIAN_POINT('',(4.19,9.9,0.0));
#2752=VECTOR('',#3621,1.0);
#2753=CARTESIAN_POINT('',(3.89,8.05,0.0));
#2754=CARTESIAN_POINT('',(3.89,9.6,0.0));
#2755=VECTOR('',#3622,1.0);
#2756=CARTESIAN_POINT('',(3.89,7.79,2.95446040294299E-16));
#2757=CARTESIAN_POINT('',(3.89,9.9,2.95446040294299E-16));
#2758=VECTOR('',#3623,1.0);
#2759=CARTESIAN_POINT('',(3.5050168137989,7.79,3.79470760369927E-16));
#2760=CARTESIAN_POINT('',(-4.825,7.79,2.95446040294299E-16));
#2761=VECTOR('',#3624,1.0);
#2762=CARTESIAN_POINT('',(3.5050168137989,7.15,2.71050543121376E-16));
#2763=CARTESIAN_POINT('',(3.5050168137989,7.79,3.79470760369927E-16));
#2764=VECTOR('',#3625,1.0);
#2765=CARTESIAN_POINT('',(3.89,7.15,2.20856184597888E-16));
#2766=CARTESIAN_POINT('',(-4.825,7.15,2.95446040294299E-16));
#2767=VECTOR('',#3626,1.0);
#2768=CARTESIAN_POINT('',(3.89,0.554165420556306,0.0));
#2769=CARTESIAN_POINT('',(3.89,9.9,2.95446040294299E-16));
#2770=VECTOR('',#3627,1.0);
#2771=CARTESIAN_POINT('',(3.425,0.0,0.0));
#2772=CARTESIAN_POINT('',(4.825,1.66845502963189,0.0));
#2773=VECTOR('',#3628,1.0);
#2774=CARTESIAN_POINT('',(-3.425,0.0,2.95446040294299E-16));
#2775=CARTESIAN_POINT('',(-4.825,0.0,2.95446040294299E-16));
#2776=VECTOR('',#3629,1.0);
#2777=CARTESIAN_POINT('',(-3.89,0.554165420556308,0.0));
#2778=CARTESIAN_POINT('',(-3.425,0.0,0.0));
#2779=VECTOR('',#3630,1.0);
#2780=CARTESIAN_POINT('',(-3.89,7.15,2.95446040294299E-16));
#2781=CARTESIAN_POINT('',(-3.89,9.9,2.95446040294299E-16));
#2782=VECTOR('',#3631,1.0);
#2783=CARTESIAN_POINT('',(-3.5050168137989,7.15,2.71050543121376E-16));
#2784=CARTESIAN_POINT('',(-4.825,7.15,2.95446040294299E-16));
#2785=VECTOR('',#3632,1.0);
#2786=CARTESIAN_POINT('',(-3.5050168137989,7.79,3.79470760369927E-16));
#2787=VECTOR('',#3633,1.0);
#2788=CARTESIAN_POINT('',(3.4178,3.475,2.16840434497101E-16));
#2789=CARTESIAN_POINT('',(3.4178,3.99,2.16840434497101E-16));
#2790=CARTESIAN_POINT('',(3.4178,9.9,2.95446040294299E-16));
#2791=VECTOR('',#3634,1.0);
#2792=CARTESIAN_POINT('',(3.875,3.475,2.16840434497101E-16));
#2793=CARTESIAN_POINT('',(-4.825,3.475,2.95446040294299E-16));
#2794=VECTOR('',#3635,1.0);
#2795=CARTESIAN_POINT('',(3.875,3.99,2.95446040294299E-16));
#2796=CARTESIAN_POINT('',(3.875,9.9,2.95446040294299E-16));
#2797=VECTOR('',#3636,1.0);
#2798=CARTESIAN_POINT('',(-4.825,3.99,2.95446040294299E-16));
#2799=VECTOR('',#3637,1.0);
#2800=CARTESIAN_POINT('',(3.4178,5.21,2.71050543121376E-16));
#2801=CARTESIAN_POINT('',(3.4178,5.725,2.16840434497101E-16));
#2802=CARTESIAN_POINT('',(3.4178,9.9,2.95446040294299E-16));
#2803=VECTOR('',#3638,1.0);
#2804=CARTESIAN_POINT('',(3.875,5.21,2.71050543121376E-16));
#2805=CARTESIAN_POINT('',(-4.825,5.21,2.95446040294299E-16));
#2806=VECTOR('',#3639,1.0);
#2807=CARTESIAN_POINT('',(3.875,5.725,2.95446040294299E-16));
#2808=CARTESIAN_POINT('',(3.875,9.9,2.95446040294299E-16));
#2809=VECTOR('',#3640,1.0);
#2810=CARTESIAN_POINT('',(-4.825,5.725,2.95446040294299E-16));
#2811=VECTOR('',#3641,1.0);
#2812=CARTESIAN_POINT('',(-1.18,9.2,4.33680868994202E-16));
#2813=CARTESIAN_POINT('',(-1.18,8.56,2.16840434497101E-16));
#2814=CARTESIAN_POINT('',(-1.18,9.9,2.95446040294299E-16));
#2815=VECTOR('',#3642,1.0);
#2816=CARTESIAN_POINT('',(-1.82,9.2,4.33680868994202E-16));
#2817=CARTESIAN_POINT('',(-4.825,9.2,2.95446040294299E-16));
#2818=VECTOR('',#3643,1.0);
#2819=CARTESIAN_POINT('',(-1.82,8.56,2.95446040294299E-16));
#2820=CARTESIAN_POINT('',(-1.82,9.9,2.95446040294299E-16));
#2821=VECTOR('',#3644,1.0);
#2822=CARTESIAN_POINT('',(-4.825,8.56,2.95446040294299E-16));
#2823=VECTOR('',#3645,1.0);
#2824=CARTESIAN_POINT('',(1.82,9.2,4.33680868994202E-16));
#2825=CARTESIAN_POINT('',(1.82,8.56,2.16840434497101E-16));
#2826=CARTESIAN_POINT('',(1.82,9.9,2.95446040294299E-16));
#2827=VECTOR('',#3646,1.0);
#2828=CARTESIAN_POINT('',(1.18,9.2,4.33680868994202E-16));
#2829=CARTESIAN_POINT('',(-4.825,9.2,2.95446040294299E-16));
#2830=VECTOR('',#3647,1.0);
#2831=CARTESIAN_POINT('',(1.18,8.56,2.95446040294299E-16));
#2832=CARTESIAN_POINT('',(1.18,9.9,2.95446040294299E-16));
#2833=VECTOR('',#3648,1.0);
#2834=CARTESIAN_POINT('',(-4.825,8.56,2.95446040294299E-16));
#2835=VECTOR('',#3649,1.0);
#2836=CARTESIAN_POINT('',(0.474999999999999,8.06,2.95446040294299E-16));
#2837=CARTESIAN_POINT('',(1.475,8.06,2.95446040294299E-16));
#2838=CARTESIAN_POINT('',(1.475,8.06,2.0586739260797E-15));
#2839=VECTOR('',#3650,1.0);
#2840=CARTESIAN_POINT('',(0.475,1.6,2.1094237467878E-15));
#2841=CARTESIAN_POINT('',(0.475,8.06,2.1094237467878E-15));
#2842=VECTOR('',#3651,1.0);
#2843=CARTESIAN_POINT('',(1.475,1.6,2.95446040294299E-16));
#2844=CARTESIAN_POINT('',(1.475,1.6,2.0586739260797E-15));
#2845=VECTOR('',#3652,1.0);
#2846=CARTESIAN_POINT('',(1.475,8.06,2.05998412772246E-15));
#2847=VECTOR('',#3653,1.0);
#2848=CARTESIAN_POINT('',(-1.475,8.06,2.95446040294299E-16));
#2849=CARTESIAN_POINT('',(-0.475000000000001,8.06,2.95446040294299E-16));
#2850=CARTESIAN_POINT('',(-0.475,8.06,2.15825385109E-15));
#2851=VECTOR('',#3654,1.0);
#2852=CARTESIAN_POINT('',(-1.475,1.6,2.1094237467878E-15));
#2853=CARTESIAN_POINT('',(-1.475,8.06,2.1094237467878E-15));
#2854=VECTOR('',#3655,1.0);
#2855=CARTESIAN_POINT('',(-0.475,1.6,2.95446040294299E-16));
#2856=CARTESIAN_POINT('',(-0.475,1.6,2.15825385109E-15));
#2857=VECTOR('',#3656,1.0);
#2858=CARTESIAN_POINT('',(-0.475,8.06,2.05998412772246E-15));
#2859=VECTOR('',#3657,1.0);
#2860=CARTESIAN_POINT('',(-3.875,5.21,2.95446040294299E-16));
#2861=CARTESIAN_POINT('',(-3.4178,5.21,2.95446040294299E-16));
#2862=CARTESIAN_POINT('',(-4.825,5.21,2.95446040294299E-16));
#2863=VECTOR('',#3658,1.0);
#2864=CARTESIAN_POINT('',(-3.4178,5.725,2.95446040294299E-16));
#2865=CARTESIAN_POINT('',(-3.4178,9.9,2.95446040294299E-16));
#2866=VECTOR('',#3659,1.0);
#2867=CARTESIAN_POINT('',(-3.875,5.725,2.16840434497101E-16));
#2868=CARTESIAN_POINT('',(-4.825,5.725,2.95446040294299E-16));
#2869=VECTOR('',#3660,1.0);
#2870=CARTESIAN_POINT('',(-3.875,9.9,2.95446040294299E-16));
#2871=VECTOR('',#3661,1.0);
#2872=CARTESIAN_POINT('',(-3.875,3.475,2.95446040294299E-16));
#2873=CARTESIAN_POINT('',(-3.4178,3.475,2.95446040294299E-16));
#2874=CARTESIAN_POINT('',(-4.825,3.475,2.95446040294299E-16));
#2875=VECTOR('',#3662,1.0);
#2876=CARTESIAN_POINT('',(-3.4178,3.99,2.95446040294299E-16));
#2877=CARTESIAN_POINT('',(-3.4178,9.9,2.95446040294299E-16));
#2878=VECTOR('',#3663,1.0);
#2879=CARTESIAN_POINT('',(-3.875,3.99,2.16840434497101E-16));
#2880=CARTESIAN_POINT('',(-4.825,3.99,2.95446040294299E-16));
#2881=VECTOR('',#3664,1.0);
#2882=CARTESIAN_POINT('',(-3.875,9.9,2.95446040294299E-16));
#2883=VECTOR('',#3665,1.0);
#2884=CARTESIAN_POINT('',(4.03843636737342,7.79,0.0809652912945954));
#2885=CARTESIAN_POINT('',(4.03843636737342,7.15,0.0809652912945953));
#2886=CARTESIAN_POINT('',(4.03843636737342,7.79,0.0809652912945954));
#2887=VECTOR('',#3666,1.0);
#2888=CARTESIAN_POINT('',(3.89,7.79,2.95446040294299E-16));
#2889=VECTOR('',#3667,1.0);
#2890=CARTESIAN_POINT('',(4.825,8.05,0.51));
#2891=CARTESIAN_POINT('',(3.89,8.05,2.95446040294299E-16));
#2892=VECTOR('',#3668,1.0);
#2893=CARTESIAN_POINT('',(4.825,1.66845502963189,0.509999999999997));
#2894=CARTESIAN_POINT('',(4.825,9.9,0.51));
#2895=VECTOR('',#3669,1.0);
#2896=CARTESIAN_POINT('',(12.3920905564146,10.6865623857248,4.63750393986252));
#2897=VECTOR('',#3670,1.0);
#2898=CARTESIAN_POINT('',(3.89,7.15,2.95446040294299E-16));
#2899=VECTOR('',#3671,1.0);
#2900=CARTESIAN_POINT('',(-4.825,1.66845502963189,3.86));
#2901=CARTESIAN_POINT('',(-4.825,1.66845502963189,3.22));
#2902=CARTESIAN_POINT('',(-4.825,1.66845502963189,38.214));
#2903=VECTOR('',#3672,1.0);
#2904=CARTESIAN_POINT('',(-3.425,0.0,3.22));
#2905=CARTESIAN_POINT('',(-4.825,1.66845502963189,3.22));
#2906=VECTOR('',#3673,1.0);
#2907=CARTESIAN_POINT('',(-3.425,0.0,3.86));
#2908=CARTESIAN_POINT('',(-3.425,0.0,38.214));
#2909=VECTOR('',#3674,1.0);
#2910=CARTESIAN_POINT('',(-3.42499999999999,-1.14033639325656E-14,3.86));
#2911=VECTOR('',#3675,1.0);
#2912=CARTESIAN_POINT('',(3.425,0.0,3.86));
#2913=CARTESIAN_POINT('',(3.425,0.0,3.22));
#2914=CARTESIAN_POINT('',(3.425,0.0,38.214));
#2915=VECTOR('',#3676,1.0);
#2916=CARTESIAN_POINT('',(4.825,1.66845502963189,3.22));
#2917=CARTESIAN_POINT('',(3.425,0.0,3.22));
#2918=VECTOR('',#3677,1.0);
#2919=CARTESIAN_POINT('',(4.825,1.66845502963189,3.86));
#2920=CARTESIAN_POINT('',(4.825,1.66845502963189,38.214));
#2921=VECTOR('',#3678,1.0);
#2922=CARTESIAN_POINT('',(4.82500000000001,1.66845502963191,3.86));
#2923=VECTOR('',#3679,1.0);
#2924=CARTESIAN_POINT('',(4.825,1.66845502963189,1.15));
#2925=CARTESIAN_POINT('',(4.825,1.66845502963189,38.214));
#2926=VECTOR('',#3680,1.0);
#2927=CARTESIAN_POINT('',(4.825,8.05,-0.51));
#2928=CARTESIAN_POINT('',(4.825,8.05,-0.51));
#2929=VECTOR('',#3681,1.0);
#2930=CARTESIAN_POINT('',(4.825,9.9,-0.51));
#2931=CARTESIAN_POINT('',(4.825,8.05,-0.51));
#2932=VECTOR('',#3682,1.0);
#2933=CARTESIAN_POINT('',(4.825,9.9,3.86));
#2934=CARTESIAN_POINT('',(4.825,9.9,4.44089209850063E-16));
#2935=VECTOR('',#3683,1.0);
#2936=CARTESIAN_POINT('',(4.825,9.9,3.86));
#2937=VECTOR('',#3684,1.0);
#2938=CARTESIAN_POINT('',(4.825,1.66845502963189,3.22));
#2939=VECTOR('',#3685,1.0);
#2940=CARTESIAN_POINT('',(-2.77,0.0,3.20000000000002));
#2941=CARTESIAN_POINT('',(-2.77,0.0,0.660000000000018));
#2942=CARTESIAN_POINT('',(-2.77,0.0,3.20000000000002));
#2943=VECTOR('',#3686,1.0);
#2944=CARTESIAN_POINT('',(-0.230000000000002,0.0,3.20000000000002));
#2945=CARTESIAN_POINT('',(-0.230000000000002,0.0,3.20000000000002));
#2946=VECTOR('',#3687,1.0);
#2947=CARTESIAN_POINT('',(-0.230000000000002,0.0,0.660000000000019));
#2948=CARTESIAN_POINT('',(-0.230000000000002,0.0,0.660000000000019));
#2949=VECTOR('',#3688,1.0);
#2950=CARTESIAN_POINT('',(-2.77,0.0,0.660000000000018));
#2951=VECTOR('',#3689,1.0);
#2952=CARTESIAN_POINT('',(0.23,0.0,3.20000000000002));
#2953=CARTESIAN_POINT('',(0.23,0.0,1.31000000000002));
#2954=CARTESIAN_POINT('',(0.23,0.0,3.20000000000002));
#2955=VECTOR('',#3690,1.0);
#2956=CARTESIAN_POINT('',(2.77,0.0,3.20000000000002));
#2957=CARTESIAN_POINT('',(2.77,0.0,3.20000000000002));
#2958=VECTOR('',#3691,1.0);
#2959=CARTESIAN_POINT('',(2.77,0.0,0.660000000000017));
#2960=CARTESIAN_POINT('',(2.77,0.0,0.660000000000017));
#2961=VECTOR('',#3692,1.0);
#2962=CARTESIAN_POINT('',(0.880000000000001,0.0,0.660000000000017));
#2963=CARTESIAN_POINT('',(0.880000000000001,0.0,0.660000000000017));
#2964=VECTOR('',#3693,1.0);
#2965=CARTESIAN_POINT('',(0.23,0.0,1.31000000000002));
#2966=VECTOR('',#3694,1.0);
#2967=CARTESIAN_POINT('',(4.825,0.0,3.86));
#2968=VECTOR('',#3695,1.0);
#2969=CARTESIAN_POINT('',(-3.425,0.0,1.15));
#2970=CARTESIAN_POINT('',(-3.425,0.0,3.22));
#2971=VECTOR('',#3696,1.0);
#2972=CARTESIAN_POINT('',(-3.425,0.0,38.214));
#2973=VECTOR('',#3697,1.0);
#2974=CARTESIAN_POINT('',(3.425,0.0,1.15));
#2975=CARTESIAN_POINT('',(3.425,0.0,38.214));
#2976=VECTOR('',#3698,1.0);
#2977=CARTESIAN_POINT('',(3.425,0.0,3.22));
#2978=VECTOR('',#3699,1.0);
#2979=CARTESIAN_POINT('',(-4.825,9.9,3.85999999999999));
#2980=CARTESIAN_POINT('',(4.825,9.9,3.86));
#2981=VECTOR('',#3700,1.0);
#2982=CARTESIAN_POINT('',(-4.825,9.9,3.85999999999999));
#2983=VECTOR('',#3701,1.0);
#2984=CARTESIAN_POINT('',(1.3,0.54,3.85999999999998));
#2985=CARTESIAN_POINT('',(-1.3,0.54,3.85999999999998));
#2986=CARTESIAN_POINT('',(1.3,0.54,3.85999999999998));
#2987=VECTOR('',#3702,1.0);
#2988=CARTESIAN_POINT('',(-1.3,2.95,3.85999999999999));
#2989=CARTESIAN_POINT('',(-1.3,0.54,3.85999999999998));
#2990=VECTOR('',#3703,1.0);
#2991=CARTESIAN_POINT('',(1.3,2.95,3.85999999999999));
#2992=CARTESIAN_POINT('',(1.3,2.95,3.85999999999999));
#2993=VECTOR('',#3704,1.0);
#2994=CARTESIAN_POINT('',(1.3,0.54,3.85999999999998));
#2995=VECTOR('',#3705,1.0);
#2996=CARTESIAN_POINT('',(-4.825,8.05,0.51));
#2997=CARTESIAN_POINT('',(-4.825,8.05,-0.51));
#2998=CARTESIAN_POINT('',(-4.825,8.05,-0.51));
#2999=VECTOR('',#3706,1.0);
#3000=CARTESIAN_POINT('',(-4.825,1.66845502963189,0.509999999999997));
#3001=CARTESIAN_POINT('',(-4.825,9.9,0.51));
#3002=VECTOR('',#3707,1.0);
#3003=CARTESIAN_POINT('',(-4.825,1.66845502963189,1.15));
#3004=CARTESIAN_POINT('',(-4.825,1.66845502963189,38.214));
#3005=VECTOR('',#3708,1.0);
#3006=CARTESIAN_POINT('',(-4.825,1.66845502963189,3.22));
#3007=VECTOR('',#3709,1.0);
#3008=CARTESIAN_POINT('',(-4.825,9.9,-0.51));
#3009=CARTESIAN_POINT('',(-4.825,9.9,3.85999999999999));
#3010=VECTOR('',#3710,1.0);
#3011=CARTESIAN_POINT('',(-4.825,8.05,-0.51));
#3012=VECTOR('',#3711,1.0);
#3013=CARTESIAN_POINT('',(4.19,9.9,-0.51));
#3014=CARTESIAN_POINT('',(4.825,9.9,-0.51));
#3015=VECTOR('',#3712,1.0);
#3016=CARTESIAN_POINT('',(4.19,9.9,-0.51));
#3017=VECTOR('',#3713,1.0);
#3018=CARTESIAN_POINT('',(-4.19,9.9,-0.51));
#3019=CARTESIAN_POINT('',(-4.19,9.9,-0.51));
#3020=VECTOR('',#3714,1.0);
#3021=CARTESIAN_POINT('',(-4.825,9.9,-0.51));
#3022=VECTOR('',#3715,1.0);
#3023=CARTESIAN_POINT('',(-1.3,2.2,5.05999999999998));
#3024=CARTESIAN_POINT('',(-1.3,2.2,5.05999999999998));
#3025=VECTOR('',#3716,1.0);
#3026=CARTESIAN_POINT('',(1.3,2.2,5.05999999999998));
#3027=CARTESIAN_POINT('',(1.3,2.2,5.05999999999998));
#3028=VECTOR('',#3717,1.0);
#3029=CARTESIAN_POINT('',(1.3,2.2,5.05999999999998));
#3030=VECTOR('',#3718,1.0);
#3031=CARTESIAN_POINT('',(-1.3,2.95,5.05999999999998));
#3032=CARTESIAN_POINT('',(-1.3,2.95,3.85999999999999));
#3033=VECTOR('',#3719,1.0);
#3034=CARTESIAN_POINT('',(1.3,2.95,5.05999999999998));
#3035=CARTESIAN_POINT('',(1.3,2.95,5.05999999999998));
#3036=VECTOR('',#3720,1.0);
#3037=CARTESIAN_POINT('',(1.3,2.95,3.85999999999999));
#3038=VECTOR('',#3721,1.0);
#3039=CARTESIAN_POINT('',(-1.3,2.95,5.05999999999998));
#3040=VECTOR('',#3722,1.0);
#3041=CARTESIAN_POINT('',(1.3,2.95,5.05999999999998));
#3042=VECTOR('',#3723,1.0);
#3043=CARTESIAN_POINT('',(-11.1453503038104,9.20075521065179,3.95746380207837));
#3044=VECTOR('',#3724,1.0);
#3045=CARTESIAN_POINT('',(-4.825,1.66845502963189,1.15));
#3046=VECTOR('',#3725,1.0);
#3047=CARTESIAN_POINT('',(3.425,0.0,1.15));
#3048=VECTOR('',#3726,1.0);
#3049=CARTESIAN_POINT('',(3.425,1.6684550296319,1.15));
#3050=CARTESIAN_POINT('',(3.425,1.6684550296319,1.15));
#3051=VECTOR('',#3727,1.0);
#3052=CARTESIAN_POINT('',(3.425,1.6684550296319,3.22));
#3053=CARTESIAN_POINT('',(3.425,1.6684550296319,3.22));
#3054=VECTOR('',#3728,1.0);
#3055=CARTESIAN_POINT('',(3.425,1.6684550296319,3.22));
#3056=VECTOR('',#3729,1.0);
#3057=CARTESIAN_POINT('',(4.825,1.66845502963189,1.15));
#3058=VECTOR('',#3730,1.0);
#3059=CARTESIAN_POINT('',(4.825,1.66845502963189,3.22));
#3060=VECTOR('',#3731,1.0);
#3061=CARTESIAN_POINT('',(-3.425,1.6684550296319,1.15));
#3062=CARTESIAN_POINT('',(-3.425,0.0,1.15));
#3063=VECTOR('',#3732,1.0);
#3064=CARTESIAN_POINT('',(-3.425,1.6684550296319,3.22));
#3065=CARTESIAN_POINT('',(-3.425,0.0,3.22));
#3066=VECTOR('',#3733,1.0);
#3067=CARTESIAN_POINT('',(-3.425,1.6684550296319,3.22));
#3068=VECTOR('',#3734,1.0);
#3069=CARTESIAN_POINT('',(-3.425,1.6684550296319,1.15));
#3070=VECTOR('',#3735,1.0);
#3071=CARTESIAN_POINT('',(-3.425,1.6684550296319,3.22));
#3072=VECTOR('',#3736,1.0);
#3073=CARTESIAN_POINT('',(3.89,9.6,-0.51));
#3074=CARTESIAN_POINT('',(3.89,9.6,-0.51));
#3075=VECTOR('',#3737,1.0);
#3076=CARTESIAN_POINT('',(3.89,8.05,-0.51));
#3077=CARTESIAN_POINT('',(3.89,9.6,-0.51));
#3078=VECTOR('',#3738,1.0);
#3079=CARTESIAN_POINT('',(3.89,8.05,-0.51));
#3080=VECTOR('',#3739,1.0);
#3081=CARTESIAN_POINT('',(3.89,8.05,-0.51));
#3082=VECTOR('',#3740,1.0);
#3083=CARTESIAN_POINT('',(4.19,9.9,-0.51));
#3084=VECTOR('',#3741,1.0);
#3085=CARTESIAN_POINT('',(-3.89,9.6,-0.51));
#3086=CARTESIAN_POINT('',(-3.89,9.6,-0.51));
#3087=VECTOR('',#3742,1.0);
#3088=CARTESIAN_POINT('',(-4.19,9.9,-0.51));
#3089=VECTOR('',#3743,1.0);
#3090=CARTESIAN_POINT('',(-3.89,8.05,-0.51));
#3091=CARTESIAN_POINT('',(-3.89,8.05,-0.51));
#3092=VECTOR('',#3744,1.0);
#3093=CARTESIAN_POINT('',(-3.89,9.6,-0.51));
#3094=VECTOR('',#3745,1.0);
#3095=CARTESIAN_POINT('',(-3.6756050955414,8.05,-0.116942675159236));
#3096=VECTOR('',#3746,1.0);
#3097=CARTESIAN_POINT('',(-3.89,8.05,-0.51));
#3098=VECTOR('',#3747,1.0);
#3099=CARTESIAN_POINT('',(-4.03843636737342,7.79,0.0809652912945952));
#3100=CARTESIAN_POINT('',(-4.825,7.79,0.51));
#3101=VECTOR('',#3748,1.0);
#3102=CARTESIAN_POINT('',(-4.03843636737342,7.15,0.0809652912945952));
#3103=CARTESIAN_POINT('',(-4.03843636737342,7.79,0.0809652912945952));
#3104=VECTOR('',#3749,1.0);
#3105=CARTESIAN_POINT('',(-4.825,7.15,0.51));
#3106=VECTOR('',#3750,1.0);
#3107=CARTESIAN_POINT('',(0.23,6.6,1.31000000000002));
#3108=CARTESIAN_POINT('',(0.23,6.6,1.31000000000002));
#3109=VECTOR('',#3751,1.0);
#3110=CARTESIAN_POINT('',(0.23,6.6,3.20000000000002));
#3111=CARTESIAN_POINT('',(0.23,6.6,3.20000000000002));
#3112=VECTOR('',#3752,1.0);
#3113=CARTESIAN_POINT('',(0.23,6.6,3.20000000000002));
#3114=VECTOR('',#3753,1.0);
#3115=CARTESIAN_POINT('',(0.880000000000001,6.6,0.660000000000017));
#3116=CARTESIAN_POINT('',(0.880000000000001,6.6,0.660000000000017));
#3117=VECTOR('',#3754,1.0);
#3118=CARTESIAN_POINT('',(0.23,6.6,1.31000000000002));
#3119=VECTOR('',#3755,1.0);
#3120=CARTESIAN_POINT('',(2.77,6.6,0.660000000000017));
#3121=CARTESIAN_POINT('',(2.77,6.6,0.660000000000017));
#3122=VECTOR('',#3756,1.0);
#3123=CARTESIAN_POINT('',(0.880000000000001,6.6,0.660000000000017));
#3124=VECTOR('',#3757,1.0);
#3125=CARTESIAN_POINT('',(2.77,6.6,3.20000000000002));
#3126=CARTESIAN_POINT('',(2.77,6.6,3.20000000000002));
#3127=VECTOR('',#3758,1.0);
#3128=CARTESIAN_POINT('',(2.77,6.6,0.660000000000017));
#3129=VECTOR('',#3759,1.0);
#3130=CARTESIAN_POINT('',(2.77,6.6,3.20000000000002));
#3131=VECTOR('',#3760,1.0);
#3132=CARTESIAN_POINT('',(1.82,6.6,1.64));
#3133=CARTESIAN_POINT('',(1.82,6.6,2.28));
#3134=CARTESIAN_POINT('',(1.82,6.6,0.0));
#3135=VECTOR('',#3761,1.0);
#3136=CARTESIAN_POINT('',(1.18,6.6,1.64));
#3137=CARTESIAN_POINT('',(0.0,6.6,1.64));
#3138=VECTOR('',#3762,1.0);
#3139=CARTESIAN_POINT('',(1.18,6.6,2.28));
#3140=CARTESIAN_POINT('',(1.18,6.6,0.0));
#3141=VECTOR('',#3763,1.0);
#3142=CARTESIAN_POINT('',(0.0,6.6,2.28));
#3143=VECTOR('',#3764,1.0);
#3144=CARTESIAN_POINT('',(-2.77,6.6,0.660000000000018));
#3145=CARTESIAN_POINT('',(-2.77,6.6,0.660000000000018));
#3146=VECTOR('',#3765,1.0);
#3147=CARTESIAN_POINT('',(-2.77,6.6,3.20000000000002));
#3148=CARTESIAN_POINT('',(-2.77,6.6,3.20000000000002));
#3149=VECTOR('',#3766,1.0);
#3150=CARTESIAN_POINT('',(-2.77,6.6,3.20000000000002));
#3151=VECTOR('',#3767,1.0);
#3152=CARTESIAN_POINT('',(-0.230000000000002,6.6,0.660000000000019));
#3153=CARTESIAN_POINT('',(-0.230000000000002,6.6,0.660000000000019));
#3154=VECTOR('',#3768,1.0);
#3155=CARTESIAN_POINT('',(-2.77,6.6,0.660000000000018));
#3156=VECTOR('',#3769,1.0);
#3157=CARTESIAN_POINT('',(-0.230000000000002,6.6,3.20000000000002));
#3158=CARTESIAN_POINT('',(-0.230000000000002,6.6,3.20000000000002));
#3159=VECTOR('',#3770,1.0);
#3160=CARTESIAN_POINT('',(-0.230000000000002,6.6,0.660000000000019));
#3161=VECTOR('',#3771,1.0);
#3162=CARTESIAN_POINT('',(-0.230000000000002,6.6,3.20000000000002));
#3163=VECTOR('',#3772,1.0);
#3164=CARTESIAN_POINT('',(-1.18,6.6,1.64));
#3165=CARTESIAN_POINT('',(-1.18,6.6,2.28));
#3166=CARTESIAN_POINT('',(-1.18,6.6,0.0));
#3167=VECTOR('',#3773,1.0);
#3168=CARTESIAN_POINT('',(-1.82,6.6,1.64));
#3169=CARTESIAN_POINT('',(0.0,6.6,1.64));
#3170=VECTOR('',#3774,1.0);
#3171=CARTESIAN_POINT('',(-1.82,6.6,2.28));
#3172=CARTESIAN_POINT('',(-1.82,6.6,0.0));
#3173=VECTOR('',#3775,1.0);
#3174=CARTESIAN_POINT('',(0.0,6.6,2.28));
#3175=VECTOR('',#3776,1.0);
#3176=CARTESIAN_POINT('',(-1.475,1.6,-0.509999999999998));
#3177=CARTESIAN_POINT('',(-1.475,1.6,2.1094237467878E-15));
#3178=VECTOR('',#3777,1.0);
#3179=CARTESIAN_POINT('',(-1.475,8.06,-0.509999999999998));
#3180=CARTESIAN_POINT('',(-1.475,8.06,2.1094237467878E-15));
#3181=VECTOR('',#3778,1.0);
#3182=CARTESIAN_POINT('',(-1.475,8.06,-0.509999999999998));
#3183=VECTOR('',#3779,1.0);
#3184=CARTESIAN_POINT('',(-0.475,1.6,-0.509999999999998));
#3185=CARTESIAN_POINT('',(-1.475,1.6,-0.509999999999998));
#3186=VECTOR('',#3780,1.0);
#3187=CARTESIAN_POINT('',(-0.475,8.06,-0.509999999999998));
#3188=CARTESIAN_POINT('',(-1.475,8.06,-0.509999999999998));
#3189=VECTOR('',#3781,1.0);
#3190=CARTESIAN_POINT('',(-0.475,8.06,-0.509999999999998));
#3191=VECTOR('',#3782,1.0);
#3192=CARTESIAN_POINT('',(-0.475,1.6,-0.509999999999998));
#3193=VECTOR('',#3783,1.0);
#3194=CARTESIAN_POINT('',(-0.475,8.06,-0.509999999999998));
#3195=VECTOR('',#3784,1.0);
#3196=CARTESIAN_POINT('',(0.475,1.6,-0.509999999999998));
#3197=CARTESIAN_POINT('',(0.475,1.6,2.1094237467878E-15));
#3198=VECTOR('',#3785,1.0);
#3199=CARTESIAN_POINT('',(0.475,8.06,-0.509999999999998));
#3200=CARTESIAN_POINT('',(0.475,8.06,2.1094237467878E-15));
#3201=VECTOR('',#3786,1.0);
#3202=CARTESIAN_POINT('',(0.475,8.06,-0.509999999999998));
#3203=VECTOR('',#3787,1.0);
#3204=CARTESIAN_POINT('',(1.475,1.6,-0.509999999999998));
#3205=CARTESIAN_POINT('',(0.475,1.6,-0.509999999999998));
#3206=VECTOR('',#3788,1.0);
#3207=CARTESIAN_POINT('',(1.475,8.06,-0.509999999999998));
#3208=CARTESIAN_POINT('',(0.475,8.06,-0.509999999999998));
#3209=VECTOR('',#3789,1.0);
#3210=CARTESIAN_POINT('',(1.475,8.06,-0.509999999999998));
#3211=VECTOR('',#3790,1.0);
#3212=CARTESIAN_POINT('',(1.475,1.6,-0.509999999999998));
#3213=VECTOR('',#3791,1.0);
#3214=CARTESIAN_POINT('',(1.475,8.06,-0.509999999999998));
#3215=VECTOR('',#3792,1.0);
#3216=CARTESIAN_POINT('',(1.6,2.4,1.86));
#3217=CARTESIAN_POINT('',(1.6,2.4,2.06));
#3218=CARTESIAN_POINT('',(1.6,2.4,2.28));
#3219=VECTOR('',#3793,1.0);
#3220=CARTESIAN_POINT('',(1.4,2.4,2.06));
#3221=CARTESIAN_POINT('',(1.82,2.4,2.06));
#3222=VECTOR('',#3794,1.0);
#3223=CARTESIAN_POINT('',(1.4,2.4,1.86));
#3224=CARTESIAN_POINT('',(1.4,2.4,2.28));
#3225=VECTOR('',#3795,1.0);
#3226=CARTESIAN_POINT('',(1.82,2.4,1.86));
#3227=VECTOR('',#3796,1.0);
#3228=CARTESIAN_POINT('',(1.82,3.24,2.28));
#3229=CARTESIAN_POINT('',(1.82,9.2,2.28));
#3230=VECTOR('',#3797,1.0);
#3231=CARTESIAN_POINT('',(1.82,3.24,1.64));
#3232=CARTESIAN_POINT('',(1.82,3.24,1.64));
#3233=VECTOR('',#3798,1.0);
#3234=CARTESIAN_POINT('',(1.82,2.4,1.64));
#3235=VECTOR('',#3799,1.0);
#3236=CARTESIAN_POINT('',(1.18,3.24,1.64));
#3237=CARTESIAN_POINT('',(1.18,2.4,1.64));
#3238=VECTOR('',#3800,1.0);
#3239=CARTESIAN_POINT('',(1.18,3.24,2.28));
#3240=CARTESIAN_POINT('',(1.18,3.24,0.0));
#3241=VECTOR('',#3801,1.0);
#3242=CARTESIAN_POINT('',(1.18,9.2,2.28));
#3243=VECTOR('',#3802,1.0);
#3244=CARTESIAN_POINT('',(1.82,3.24,2.28));
#3245=VECTOR('',#3803,1.0);
#3246=CARTESIAN_POINT('',(1.82,3.24,1.64));
#3247=VECTOR('',#3804,1.0);
#3248=CARTESIAN_POINT('',(1.82,8.56,-2.85));
#3249=CARTESIAN_POINT('',(1.82,8.56,1.64));
#3250=VECTOR('',#3805,1.0);
#3251=CARTESIAN_POINT('',(1.82,9.2,-2.85));
#3252=CARTESIAN_POINT('',(1.82,9.2,-2.85));
#3253=VECTOR('',#3806,1.0);
#3254=CARTESIAN_POINT('',(1.82,9.2,-3.69));
#3255=VECTOR('',#3807,1.0);
#3256=CARTESIAN_POINT('',(1.18,9.2,-2.85));
#3257=CARTESIAN_POINT('',(1.18,9.2,-3.69));
#3258=VECTOR('',#3808,1.0);
#3259=CARTESIAN_POINT('',(1.18,8.56,-2.85));
#3260=CARTESIAN_POINT('',(1.18,0.0,-2.85));
#3261=VECTOR('',#3809,1.0);
#3262=CARTESIAN_POINT('',(1.18,8.56,1.64));
#3263=VECTOR('',#3810,1.0);
#3264=CARTESIAN_POINT('',(1.82,8.56,-2.85));
#3265=VECTOR('',#3811,1.0);
#3266=CARTESIAN_POINT('',(1.6,8.98,-3.69));
#3267=CARTESIAN_POINT('',(1.6,8.78,-3.69));
#3268=CARTESIAN_POINT('',(1.6,8.56,-3.69));
#3269=VECTOR('',#3812,1.0);
#3270=CARTESIAN_POINT('',(1.4,8.78,-3.69));
#3271=CARTESIAN_POINT('',(1.82,8.78,-3.69));
#3272=VECTOR('',#3813,1.0);
#3273=CARTESIAN_POINT('',(1.4,8.98,-3.69));
#3274=CARTESIAN_POINT('',(1.4,8.56,-3.69));
#3275=VECTOR('',#3814,1.0);
#3276=CARTESIAN_POINT('',(1.82,8.98,-3.69));
#3277=VECTOR('',#3815,1.0);
#3278=CARTESIAN_POINT('',(1.82,9.2,-2.85));
#3279=VECTOR('',#3816,1.0);
#3280=CARTESIAN_POINT('',(1.42533399800598,8.95466600199402,-3.7867298105683));
#3281=VECTOR('',#3817,1.0);
#3282=CARTESIAN_POINT('',(1.82,9.2,-2.85));
#3283=VECTOR('',#3818,1.0);
#3284=CARTESIAN_POINT('',(2.33633100697906,8.04366899302094,-0.878554336989037));
#3285=VECTOR('',#3819,1.0);
#3286=CARTESIAN_POINT('',(1.3867298105683,8.76672981056829,-3.63933200398804));
#3287=VECTOR('',#3820,1.0);
#3288=CARTESIAN_POINT('',(1.42533399800598,2.3032701894317,1.88533399800598));
#3289=VECTOR('',#3821,1.0);
#3290=CARTESIAN_POINT('',(1.82,3.24,1.64));
#3291=VECTOR('',#3822,1.0);
#3292=CARTESIAN_POINT('',(1.68247258225324,2.71489531405783,2.14247258225324));
#3293=VECTOR('',#3823,1.0);
#3294=CARTESIAN_POINT('',(1.3867298105683,2.45066799601196,2.0732701894317));
#3295=VECTOR('',#3824,1.0);
#3296=CARTESIAN_POINT('',(-1.4,2.4,1.86));
#3297=CARTESIAN_POINT('',(-1.4,2.4,2.06));
#3298=CARTESIAN_POINT('',(-1.4,2.4,2.28));
#3299=VECTOR('',#3825,1.0);
#3300=CARTESIAN_POINT('',(-1.6,2.4,2.06));
#3301=CARTESIAN_POINT('',(-1.18,2.4,2.06));
#3302=VECTOR('',#3826,1.0);
#3303=CARTESIAN_POINT('',(-1.6,2.4,1.86));
#3304=CARTESIAN_POINT('',(-1.6,2.4,2.28));
#3305=VECTOR('',#3827,1.0);
#3306=CARTESIAN_POINT('',(-1.18,2.4,1.86));
#3307=VECTOR('',#3828,1.0);
#3308=CARTESIAN_POINT('',(-1.18,3.24,2.28));
#3309=CARTESIAN_POINT('',(-1.18,9.2,2.28));
#3310=VECTOR('',#3829,1.0);
#3311=CARTESIAN_POINT('',(-1.18,3.24,1.64));
#3312=CARTESIAN_POINT('',(-1.18,3.24,1.64));
#3313=VECTOR('',#3830,1.0);
#3314=CARTESIAN_POINT('',(-1.18,2.4,1.64));
#3315=VECTOR('',#3831,1.0);
#3316=CARTESIAN_POINT('',(-1.82,3.24,1.64));
#3317=CARTESIAN_POINT('',(-1.82,2.4,1.64));
#3318=VECTOR('',#3832,1.0);
#3319=CARTESIAN_POINT('',(-1.82,3.24,2.28));
#3320=CARTESIAN_POINT('',(-1.82,3.24,0.0));
#3321=VECTOR('',#3833,1.0);
#3322=CARTESIAN_POINT('',(-1.82,9.2,2.28));
#3323=VECTOR('',#3834,1.0);
#3324=CARTESIAN_POINT('',(-1.18,3.24,2.28));
#3325=VECTOR('',#3835,1.0);
#3326=CARTESIAN_POINT('',(-1.18,3.24,1.64));
#3327=VECTOR('',#3836,1.0);
#3328=CARTESIAN_POINT('',(-1.18,8.56,-2.85));
#3329=CARTESIAN_POINT('',(-1.18,8.56,1.64));
#3330=VECTOR('',#3837,1.0);
#3331=CARTESIAN_POINT('',(-1.18,9.2,-2.85));
#3332=CARTESIAN_POINT('',(-1.18,9.2,-2.85));
#3333=VECTOR('',#3838,1.0);
#3334=CARTESIAN_POINT('',(-1.18,9.2,-3.69));
#3335=VECTOR('',#3839,1.0);
#3336=CARTESIAN_POINT('',(-1.82,9.2,-2.85));
#3337=CARTESIAN_POINT('',(-1.82,9.2,-3.69));
#3338=VECTOR('',#3840,1.0);
#3339=CARTESIAN_POINT('',(-1.82,8.56,-2.85));
#3340=CARTESIAN_POINT('',(-1.82,0.0,-2.85));
#3341=VECTOR('',#3841,1.0);
#3342=CARTESIAN_POINT('',(-1.82,8.56,1.64));
#3343=VECTOR('',#3842,1.0);
#3344=CARTESIAN_POINT('',(-1.18,8.56,-2.85));
#3345=VECTOR('',#3843,1.0);
#3346=CARTESIAN_POINT('',(-1.4,8.98,-3.69));
#3347=CARTESIAN_POINT('',(-1.4,8.78,-3.69));
#3348=CARTESIAN_POINT('',(-1.4,8.56,-3.69));
#3349=VECTOR('',#3844,1.0);
#3350=CARTESIAN_POINT('',(-1.6,8.78,-3.69));
#3351=CARTESIAN_POINT('',(-1.18,8.78,-3.69));
#3352=VECTOR('',#3845,1.0);
#3353=CARTESIAN_POINT('',(-1.6,8.98,-3.69));
#3354=CARTESIAN_POINT('',(-1.6,8.56,-3.69));
#3355=VECTOR('',#3846,1.0);
#3356=CARTESIAN_POINT('',(-1.18,8.98,-3.69));
#3357=VECTOR('',#3847,1.0);
#3358=CARTESIAN_POINT('',(-1.18,9.2,-2.85));
#3359=VECTOR('',#3848,1.0);
#3360=CARTESIAN_POINT('',(-1.57466600199402,8.95466600199402,-3.7867298105683));
#3361=VECTOR('',#3849,1.0);
#3362=CARTESIAN_POINT('',(-1.18,9.2,-2.85));
#3363=VECTOR('',#3850,1.0);
#3364=CARTESIAN_POINT('',(-0.663668993020938,8.04366899302094,-0.878554336989037));
#3365=VECTOR('',#3851,1.0);
#3366=CARTESIAN_POINT('',(-1.6132701894317,8.76672981056829,-3.63933200398804));
#3367=VECTOR('',#3852,1.0);
#3368=CARTESIAN_POINT('',(-1.57466600199402,2.3032701894317,1.88533399800598));
#3369=VECTOR('',#3853,1.0);
#3370=CARTESIAN_POINT('',(-1.18,3.24,1.64));
#3371=VECTOR('',#3854,1.0);
#3372=CARTESIAN_POINT('',(-1.31752741774676,2.71489531405783,2.14247258225324));
#3373=VECTOR('',#3855,1.0);
#3374=CARTESIAN_POINT('',(-1.61327018943171,2.45066799601196,2.0732701894317));
#3375=VECTOR('',#3856,1.0);
#3376=CARTESIAN_POINT('',(3.875,5.725,-1.65));
#3377=CARTESIAN_POINT('',(3.875,5.87,-2.11));
#3378=CARTESIAN_POINT('',(3.875,5.87,-2.11));
#3379=VECTOR('',#3857,1.0);
#3380=CARTESIAN_POINT('',(3.4178,5.87,-2.11));
#3381=CARTESIAN_POINT('',(3.4178,5.87,-2.11));
#3382=VECTOR('',#3858,1.0);
#3383=CARTESIAN_POINT('',(3.4178,5.725,-1.65));
#3384=CARTESIAN_POINT('',(3.4178,5.87,-2.11));
#3385=VECTOR('',#3859,1.0);
#3386=CARTESIAN_POINT('',(3.4178,5.725,-1.65));
#3387=VECTOR('',#3860,1.0);
#3388=CARTESIAN_POINT('',(3.875,5.465,-2.54));
#3389=CARTESIAN_POINT('',(3.875,5.465,-2.54));
#3390=VECTOR('',#3861,1.0);
#3391=CARTESIAN_POINT('',(3.4178,5.465,-2.54));
#3392=CARTESIAN_POINT('',(3.4178,5.465,-2.54));
#3393=VECTOR('',#3862,1.0);
#3394=CARTESIAN_POINT('',(3.4178,5.465,-2.54));
#3395=VECTOR('',#3863,1.0);
#3396=CARTESIAN_POINT('',(3.875,5.005,-2.54));
#3397=CARTESIAN_POINT('',(3.875,5.005,-2.54));
#3398=VECTOR('',#3864,1.0);
#3399=CARTESIAN_POINT('',(3.4178,5.005,-2.54));
#3400=CARTESIAN_POINT('',(3.4178,5.005,-2.54));
#3401=VECTOR('',#3865,1.0);
#3402=CARTESIAN_POINT('',(3.4178,5.005,-2.54));
#3403=VECTOR('',#3866,1.0);
#3404=CARTESIAN_POINT('',(3.875,5.21,-1.85));
#3405=CARTESIAN_POINT('',(3.875,5.21,-1.85));
#3406=VECTOR('',#3867,1.0);
#3407=CARTESIAN_POINT('',(3.4178,5.21,-1.85));
#3408=CARTESIAN_POINT('',(3.4178,5.21,-1.85));
#3409=VECTOR('',#3868,1.0);
#3410=CARTESIAN_POINT('',(3.4178,5.21,-1.85));
#3411=VECTOR('',#3869,1.0);
#3412=CARTESIAN_POINT('',(3.875,5.21,0.380000000000001));
#3413=VECTOR('',#3870,1.0);
#3414=CARTESIAN_POINT('',(3.875,5.725,-1.65));
#3415=VECTOR('',#3871,1.0);
#3416=CARTESIAN_POINT('',(3.4178,5.21,0.380000000000001));
#3417=VECTOR('',#3872,1.0);
#3418=CARTESIAN_POINT('',(3.4178,5.725,-1.65));
#3419=VECTOR('',#3873,1.0);
#3420=CARTESIAN_POINT('',(3.4178,3.475,-1.65));
#3421=CARTESIAN_POINT('',(3.4178,3.475,1.7));
#3422=VECTOR('',#3874,1.0);
#3423=CARTESIAN_POINT('',(3.4178,3.99,-1.85));
#3424=CARTESIAN_POINT('',(3.4178,3.99,-1.85));
#3425=VECTOR('',#3875,1.0);
#3426=CARTESIAN_POINT('',(3.4178,4.195,-2.54));
#3427=CARTESIAN_POINT('',(3.4178,4.195,-2.54));
#3428=VECTOR('',#3876,1.0);
#3429=CARTESIAN_POINT('',(3.4178,3.735,-2.54));
#3430=CARTESIAN_POINT('',(3.4178,3.735,-2.54));
#3431=VECTOR('',#3877,1.0);
#3432=CARTESIAN_POINT('',(3.4178,3.33,-2.11));
#3433=CARTESIAN_POINT('',(3.4178,3.33,-2.11));
#3434=VECTOR('',#3878,1.0);
#3435=CARTESIAN_POINT('',(3.4178,3.475,-1.65));
#3436=VECTOR('',#3879,1.0);
#3437=CARTESIAN_POINT('',(3.875,3.475,-1.65));
#3438=CARTESIAN_POINT('',(3.875,3.475,1.7));
#3439=VECTOR('',#3880,1.0);
#3440=CARTESIAN_POINT('',(3.875,3.33,-2.11));
#3441=CARTESIAN_POINT('',(3.875,3.475,-1.65));
#3442=VECTOR('',#3881,1.0);
#3443=CARTESIAN_POINT('',(3.875,3.735,-2.54));
#3444=CARTESIAN_POINT('',(3.875,3.33,-2.11));
#3445=VECTOR('',#3882,1.0);
#3446=CARTESIAN_POINT('',(3.875,4.195,-2.54));
#3447=CARTESIAN_POINT('',(3.875,3.735,-2.54));
#3448=VECTOR('',#3883,1.0);
#3449=CARTESIAN_POINT('',(3.875,3.99,-1.85));
#3450=CARTESIAN_POINT('',(3.875,4.195,-2.54));
#3451=VECTOR('',#3884,1.0);
#3452=CARTESIAN_POINT('',(3.875,3.99,-1.85));
#3453=VECTOR('',#3885,1.0);
#3454=CARTESIAN_POINT('',(3.4178,3.475,-1.65));
#3455=VECTOR('',#3886,1.0);
#3456=CARTESIAN_POINT('',(3.4178,3.33,-2.11));
#3457=VECTOR('',#3887,1.0);
#3458=CARTESIAN_POINT('',(3.4178,3.735,-2.54));
#3459=VECTOR('',#3888,1.0);
#3460=CARTESIAN_POINT('',(3.4178,4.195,-2.54));
#3461=VECTOR('',#3889,1.0);
#3462=CARTESIAN_POINT('',(3.4178,3.99,-1.85));
#3463=VECTOR('',#3890,1.0);
#3464=CARTESIAN_POINT('',(4.095,7.15,-0.377200000000004));
#3465=AXIS2_PLACEMENT_3D('',#3891,#3892,#3893);
#3466=CARTESIAN_POINT('',(4.095,7.79,-0.377200000000004));
#3467=AXIS2_PLACEMENT_3D('',#3894,#3895,#3896);
#3468=CARTESIAN_POINT('',(4.095,7.79,-0.377200000000004));
#3469=VECTOR('',#3897,1.0);
#3470=CARTESIAN_POINT('',(4.775,7.15,-0.377200000000005));
#3471=CARTESIAN_POINT('',(4.095,7.15,-0.377200000000004));
#3472=VECTOR('',#3898,1.0);
#3473=CARTESIAN_POINT('',(4.775,7.79,-0.377200000000005));
#3474=CARTESIAN_POINT('',(4.095,7.79,-0.377200000000004));
#3475=VECTOR('',#3899,1.0);
#3476=CARTESIAN_POINT('',(4.775,7.79,-0.377200000000005));
#3477=VECTOR('',#3900,1.0);
#3478=CARTESIAN_POINT('',(4.775,7.15,0.0727999999999929));
#3479=CARTESIAN_POINT('',(4.775,7.15,-0.377200000000005));
#3480=VECTOR('',#3901,1.0);
#3481=CARTESIAN_POINT('',(4.775,7.79,0.0727999999999929));
#3482=CARTESIAN_POINT('',(4.775,7.79,-0.377200000000005));
#3483=VECTOR('',#3902,1.0);
#3484=CARTESIAN_POINT('',(4.775,7.79,0.0727999999999929));
#3485=VECTOR('',#3903,1.0);
#3486=CARTESIAN_POINT('',(4.095,7.15,0.0727999999999954));
#3487=CARTESIAN_POINT('',(4.775,7.15,0.0727999999999954));
#3488=VECTOR('',#3904,1.0);
#3489=CARTESIAN_POINT('',(4.095,7.79,0.0727999999999954));
#3490=CARTESIAN_POINT('',(4.775,7.79,0.0727999999999954));
#3491=VECTOR('',#3905,1.0);
#3492=CARTESIAN_POINT('',(4.095,7.79,0.0727999999999954));
#3493=VECTOR('',#3906,1.0);
#3494=AXIS2_PLACEMENT_3D('',#3907,#3908,#3909);
#3495=AXIS2_PLACEMENT_3D('',#3910,#3911,#3912);
#3496=CARTESIAN_POINT('',(-3.875,5.005,-2.54));
#3497=CARTESIAN_POINT('',(-3.875,5.21,-1.85));
#3498=CARTESIAN_POINT('',(-3.875,5.21,-1.85));
#3499=VECTOR('',#3913,1.0);
#3500=CARTESIAN_POINT('',(-3.4178,5.005,-2.54));
#3501=CARTESIAN_POINT('',(-3.4178,5.005,-2.54));
#3502=VECTOR('',#3914,1.0);
#3503=CARTESIAN_POINT('',(-3.4178,5.21,-1.85));
#3504=CARTESIAN_POINT('',(-3.4178,5.21,-1.85));
#3505=VECTOR('',#3915,1.0);
#3506=CARTESIAN_POINT('',(-3.4178,5.21,-1.85));
#3507=VECTOR('',#3916,1.0);
#3508=CARTESIAN_POINT('',(-3.875,5.465,-2.54));
#3509=CARTESIAN_POINT('',(-3.875,5.005,-2.54));
#3510=VECTOR('',#3917,1.0);
#3511=CARTESIAN_POINT('',(-3.4178,5.465,-2.54));
#3512=CARTESIAN_POINT('',(-3.4178,5.465,-2.54));
#3513=VECTOR('',#3918,1.0);
#3514=CARTESIAN_POINT('',(-3.4178,5.005,-2.54));
#3515=VECTOR('',#3919,1.0);
#3516=CARTESIAN_POINT('',(-3.875,5.87,-2.11));
#3517=CARTESIAN_POINT('',(-3.875,5.465,-2.54));
#3518=VECTOR('',#3920,1.0);
#3519=CARTESIAN_POINT('',(-3.4178,5.87,-2.11));
#3520=CARTESIAN_POINT('',(-3.4178,5.87,-2.11));
#3521=VECTOR('',#3921,1.0);
#3522=CARTESIAN_POINT('',(-3.4178,5.465,-2.54));
#3523=VECTOR('',#3922,1.0);
#3524=CARTESIAN_POINT('',(-3.875,5.725,-1.65));
#3525=CARTESIAN_POINT('',(-3.875,5.87,-2.11));
#3526=VECTOR('',#3923,1.0);
#3527=CARTESIAN_POINT('',(-3.4178,5.725,-1.65));
#3528=CARTESIAN_POINT('',(-3.4178,5.725,-1.65));
#3529=VECTOR('',#3924,1.0);
#3530=CARTESIAN_POINT('',(-3.4178,5.87,-2.11));
#3531=VECTOR('',#3925,1.0);
#3532=CARTESIAN_POINT('',(-3.875,5.21,0.380000000000001));
#3533=VECTOR('',#3926,1.0);
#3534=CARTESIAN_POINT('',(-3.875,5.725,-1.65));
#3535=VECTOR('',#3927,1.0);
#3536=CARTESIAN_POINT('',(-3.4178,5.21,0.380000000000001));
#3537=VECTOR('',#3928,1.0);
#3538=CARTESIAN_POINT('',(-3.4178,5.725,-1.65));
#3539=VECTOR('',#3929,1.0);
#3540=CARTESIAN_POINT('',(-3.4178,3.475,-1.65));
#3541=CARTESIAN_POINT('',(-3.4178,3.475,1.7));
#3542=VECTOR('',#3930,1.0);
#3543=CARTESIAN_POINT('',(-3.4178,3.33,-2.11));
#3544=CARTESIAN_POINT('',(-3.4178,3.475,-1.65));
#3545=VECTOR('',#3931,1.0);
#3546=CARTESIAN_POINT('',(-3.4178,3.735,-2.54));
#3547=CARTESIAN_POINT('',(-3.4178,3.33,-2.11));
#3548=VECTOR('',#3932,1.0);
#3549=CARTESIAN_POINT('',(-3.4178,4.195,-2.54));
#3550=CARTESIAN_POINT('',(-3.4178,3.735,-2.54));
#3551=VECTOR('',#3933,1.0);
#3552=CARTESIAN_POINT('',(-3.4178,3.99,-1.85));
#3553=CARTESIAN_POINT('',(-3.4178,4.195,-2.54));
#3554=VECTOR('',#3934,1.0);
#3555=CARTESIAN_POINT('',(-3.4178,3.99,-1.85));
#3556=VECTOR('',#3935,1.0);
#3557=CARTESIAN_POINT('',(-3.875,3.475,-1.65));
#3558=CARTESIAN_POINT('',(-3.875,3.475,1.7));
#3559=VECTOR('',#3936,1.0);
#3560=CARTESIAN_POINT('',(-3.875,3.99,-1.85));
#3561=CARTESIAN_POINT('',(-3.875,3.99,-1.85));
#3562=VECTOR('',#3937,1.0);
#3563=CARTESIAN_POINT('',(-3.875,4.195,-2.54));
#3564=CARTESIAN_POINT('',(-3.875,4.195,-2.54));
#3565=VECTOR('',#3938,1.0);
#3566=CARTESIAN_POINT('',(-3.875,3.735,-2.54));
#3567=CARTESIAN_POINT('',(-3.875,3.735,-2.54));
#3568=VECTOR('',#3939,1.0);
#3569=CARTESIAN_POINT('',(-3.875,3.33,-2.11));
#3570=CARTESIAN_POINT('',(-3.875,3.33,-2.11));
#3571=VECTOR('',#3940,1.0);
#3572=CARTESIAN_POINT('',(-3.875,3.475,-1.65));
#3573=VECTOR('',#3941,1.0);
#3574=CARTESIAN_POINT('',(-3.4178,3.33,-2.11));
#3575=VECTOR('',#3942,1.0);
#3576=CARTESIAN_POINT('',(-3.4178,3.475,-1.65));
#3577=VECTOR('',#3943,1.0);
#3578=CARTESIAN_POINT('',(-3.4178,3.735,-2.54));
#3579=VECTOR('',#3944,1.0);
#3580=CARTESIAN_POINT('',(-3.4178,4.195,-2.54));
#3581=VECTOR('',#3945,1.0);
#3582=CARTESIAN_POINT('',(-3.4178,3.99,-1.85));
#3583=VECTOR('',#3946,1.0);
#3584=CARTESIAN_POINT('',(-4.095,7.15,-0.377200000000004));
#3585=AXIS2_PLACEMENT_3D('',#3947,#3948,#3949);
#3586=CARTESIAN_POINT('',(-4.095,7.79,-0.377200000000004));
#3587=CARTESIAN_POINT('',(-4.095,7.79,-0.377200000000004));
#3588=VECTOR('',#3950,1.0);
#3589=AXIS2_PLACEMENT_3D('',#3951,#3952,#3953);
#3590=CARTESIAN_POINT('',(-4.775,7.15,-0.377200000000005));
#3591=CARTESIAN_POINT('',(-4.095,7.15,-0.377200000000004));
#3592=VECTOR('',#3954,1.0);
#3593=CARTESIAN_POINT('',(-4.775,7.79,-0.377200000000005));
#3594=CARTESIAN_POINT('',(-4.775,7.79,-0.377200000000005));
#3595=VECTOR('',#3955,1.0);
#3596=CARTESIAN_POINT('',(-4.095,7.79,-0.377200000000004));
#3597=VECTOR('',#3956,1.0);
#3598=CARTESIAN_POINT('',(-4.775,7.15,0.0727999999999929));
#3599=CARTESIAN_POINT('',(-4.775,7.15,-0.377200000000005));
#3600=VECTOR('',#3957,1.0);
#3601=CARTESIAN_POINT('',(-4.775,7.79,0.0727999999999929));
#3602=CARTESIAN_POINT('',(-4.775,7.79,0.0727999999999929));
#3603=VECTOR('',#3958,1.0);
#3604=CARTESIAN_POINT('',(-4.775,7.79,-0.377200000000005));
#3605=VECTOR('',#3959,1.0);
#3606=CARTESIAN_POINT('',(-4.095,7.15,0.0727999999999954));
#3607=CARTESIAN_POINT('',(-4.775,7.15,0.0727999999999954));
#3608=VECTOR('',#3960,1.0);
#3609=CARTESIAN_POINT('',(-4.095,7.79,0.0727999999999954));
#3610=CARTESIAN_POINT('',(-4.095,7.79,0.0727999999999954));
#3611=VECTOR('',#3961,1.0);
#3612=CARTESIAN_POINT('',(-4.775,7.79,0.0727999999999954));
#3613=VECTOR('',#3962,1.0);
#3614=AXIS2_PLACEMENT_3D('',#3963,#3964,#3965);
#3615=AXIS2_PLACEMENT_3D('',#3966,#3967,#3968);
#3616=DIRECTION('',(1.0,0.0,0.0));
#3617=DIRECTION('',(0.0,1.0,0.0));
#3618=DIRECTION('',(0.0,1.0,0.0));
#3619=DIRECTION('',(-0.707106781186542,0.707106781186553,0.0));
#3620=DIRECTION('',(1.0,0.0,0.0));
#3621=DIRECTION('',(0.707106781186544,0.707106781186551,0.0));
#3622=DIRECTION('',(0.0,1.0,0.0));
#3623=DIRECTION('',(0.0,-1.0,0.0));
#3624=DIRECTION('',(-1.0,0.0,0.0));
#3625=DIRECTION('',(0.0,1.0,0.0));
#3626=DIRECTION('',(-1.0,0.0,0.0));
#3627=DIRECTION('',(0.0,-1.0,0.0));
#3628=DIRECTION('',(-0.642787609686539,-0.766044443118978,0.0));
#3629=DIRECTION('',(1.0,0.0,0.0));
#3630=DIRECTION('',(-0.642787609686539,0.766044443118978,0.0));
#3631=DIRECTION('',(0.0,1.0,0.0));
#3632=DIRECTION('',(1.0,0.0,0.0));
#3633=DIRECTION('',(0.0,1.0,0.0));
#3634=DIRECTION('',(0.0,1.0,0.0));
#3635=DIRECTION('',(-1.0,0.0,0.0));
#3636=DIRECTION('',(0.0,1.0,0.0));
#3637=DIRECTION('',(1.0,0.0,0.0));
#3638=DIRECTION('',(0.0,1.0,0.0));
#3639=DIRECTION('',(-1.0,0.0,0.0));
#3640=DIRECTION('',(0.0,1.0,0.0));
#3641=DIRECTION('',(1.0,0.0,0.0));
#3642=DIRECTION('',(0.0,-1.0,0.0));
#3643=DIRECTION('',(-1.0,0.0,0.0));
#3644=DIRECTION('',(0.0,-1.0,0.0));
#3645=DIRECTION('',(1.0,0.0,0.0));
#3646=DIRECTION('',(0.0,-1.0,0.0));
#3647=DIRECTION('',(-1.0,0.0,0.0));
#3648=DIRECTION('',(0.0,-1.0,0.0));
#3649=DIRECTION('',(1.0,0.0,0.0));
#3650=DIRECTION('',(1.0,0.0,-9.95799250102961E-17));
#3651=DIRECTION('',(0.0,1.0,0.0));
#3652=DIRECTION('',(1.0,0.0,-9.95799250102961E-17));
#3653=DIRECTION('',(0.0,1.0,0.0));
#3654=DIRECTION('',(1.0,0.0,9.95799250102961E-17));
#3655=DIRECTION('',(0.0,1.0,0.0));
#3656=DIRECTION('',(1.0,0.0,9.95799250102961E-17));
#3657=DIRECTION('',(0.0,1.0,0.0));
#3658=DIRECTION('',(1.0,0.0,0.0));
#3659=DIRECTION('',(0.0,1.0,0.0));
#3660=DIRECTION('',(-1.0,0.0,0.0));
#3661=DIRECTION('',(0.0,1.0,0.0));
#3662=DIRECTION('',(1.0,0.0,0.0));
#3663=DIRECTION('',(0.0,1.0,0.0));
#3664=DIRECTION('',(-1.0,0.0,0.0));
#3665=DIRECTION('',(0.0,1.0,0.0));
#3666=DIRECTION('',(0.0,-1.0,0.0));
#3667=DIRECTION('',(-0.877895572914385,0.0,-0.478852130680572));
#3668=DIRECTION('',(-0.877895572914385,0.0,-0.478852130680572));
#3669=DIRECTION('',(0.0,1.0,0.0));
#3670=DIRECTION('',(0.60658472488997,0.722899525100392,0.330864395394528));
#3671=DIRECTION('',(-0.877895572914385,0.0,-0.478852130680572));
#3672=DIRECTION('',(0.0,0.0,-1.0));
#3673=DIRECTION('',(0.64278760968654,-0.766044443118978,0.0));
#3674=DIRECTION('',(0.0,0.0,-1.0));
#3675=DIRECTION('',(-0.64278760968654,0.766044443118978,-4.33312988312276E-16));
#3676=DIRECTION('',(0.0,0.0,-1.0));
#3677=DIRECTION('',(0.64278760968654,0.766044443118978,0.0));
#3678=DIRECTION('',(0.0,0.0,-1.0));
#3679=DIRECTION('',(-0.64278760968654,-0.766044443118978,-4.33312988312276E-16));
#3680=DIRECTION('',(0.0,0.0,-1.0));
#3681=DIRECTION('',(0.0,0.0,-1.0));
#3682=DIRECTION('',(9.37688365392867E-16,-1.0,0.0));
#3683=DIRECTION('',(0.0,0.0,1.0));
#3684=DIRECTION('',(0.0,-1.0,0.0));
#3685=DIRECTION('',(0.0,0.0,-1.0));
#3686=DIRECTION('',(6.82961998416066E-16,0.0,-1.0));
#3687=DIRECTION('',(-1.0,0.0,-1.70740499604017E-16));
#3688=DIRECTION('',(0.0,0.0,1.0));
#3689=DIRECTION('',(1.0,0.0,2.13425624505021E-16));
#3690=DIRECTION('',(0.0,0.0,-1.0));
#3691=DIRECTION('',(-1.0,0.0,-1.70740499604017E-16));
#3692=DIRECTION('',(0.0,0.0,1.0));
#3693=DIRECTION('',(1.0,0.0,-1.72095582934207E-16));
#3694=DIRECTION('',(0.707106781186548,0.0,-0.707106781186547));
#3695=DIRECTION('',(-1.0,0.0,-6.74115340405495E-16));
#3696=DIRECTION('',(0.0,0.0,-1.0));
#3697=DIRECTION('',(0.0,0.0,-1.0));
#3698=DIRECTION('',(0.0,0.0,-1.0));
#3699=DIRECTION('',(0.0,0.0,-1.0));
#3700=DIRECTION('',(-1.0,0.0,-6.74115340405495E-16));
#3701=DIRECTION('',(0.0,-1.0,0.0));
#3702=DIRECTION('',(-1.0,0.0,0.0));
#3703=DIRECTION('',(0.0,1.0,3.77896192899512E-15));
#3704=DIRECTION('',(-1.0,0.0,0.0));
#3705=DIRECTION('',(0.0,1.0,3.77896192899512E-15));
#3706=DIRECTION('',(0.0,0.0,-1.0));
#3707=DIRECTION('',(0.0,-1.0,0.0));
#3708=DIRECTION('',(0.0,0.0,-1.0));
#3709=DIRECTION('',(0.0,0.0,-1.0));
#3710=DIRECTION('',(0.0,0.0,-1.0));
#3711=DIRECTION('',(0.0,-1.0,0.0));
#3712=DIRECTION('',(1.0,0.0,0.0));
#3713=DIRECTION('',(0.0,0.0,-1.0));
#3714=DIRECTION('',(0.0,0.0,-1.0));
#3715=DIRECTION('',(-1.0,0.0,0.0));
#3716=DIRECTION('',(0.0,-0.810421678379293,-0.585846996418766));
#3717=DIRECTION('',(0.0,-0.810421678379293,-0.585846996418766));
#3718=DIRECTION('',(-1.0,0.0,0.0));
#3719=DIRECTION('',(0.0,-7.22801448323674E-16,1.0));
#3720=DIRECTION('',(-1.0,0.0,0.0));
#3721=DIRECTION('',(0.0,-7.22801448323674E-16,1.0));
#3722=DIRECTION('',(0.0,-1.0,-1.15648231731787E-15));
#3723=DIRECTION('',(0.0,-1.0,-1.15648231731787E-15));
#3724=DIRECTION('',(0.60658472488997,-0.722899525100392,-0.330864395394529));
#3725=DIRECTION('',(0.64278760968654,-0.766044443118978,0.0));
#3726=DIRECTION('',(0.64278760968654,0.766044443118978,0.0));
#3727=DIRECTION('',(0.0,1.0,0.0));
#3728=DIRECTION('',(0.0,0.0,1.0));
#3729=DIRECTION('',(0.0,1.0,0.0));
#3730=DIRECTION('',(1.0,-1.54886024640786E-16,0.0));
#3731=DIRECTION('',(1.0,-1.54886024640786E-16,0.0));
#3732=DIRECTION('',(0.0,-1.0,0.0));
#3733=DIRECTION('',(0.0,-1.0,0.0));
#3734=DIRECTION('',(0.0,0.0,1.0));
#3735=DIRECTION('',(1.0,1.54886024640786E-16,0.0));
#3736=DIRECTION('',(1.0,1.54886024640786E-16,0.0));
#3737=DIRECTION('',(0.0,0.0,-1.0));
#3738=DIRECTION('',(0.0,1.0,0.0));
#3739=DIRECTION('',(0.0,0.0,-1.0));
#3740=DIRECTION('',(-1.0,0.0,0.0));
#3741=DIRECTION('',(0.707106781186544,0.707106781186551,0.0));
#3742=DIRECTION('',(0.0,0.0,-1.0));
#3743=DIRECTION('',(-0.707106781186542,0.707106781186553,0.0));
#3744=DIRECTION('',(0.0,0.0,-1.0));
#3745=DIRECTION('',(0.0,1.0,0.0));
#3746=DIRECTION('',(-0.877895572914385,0.0,0.478852130680573));
#3747=DIRECTION('',(1.0,0.0,0.0));
#3748=DIRECTION('',(0.877895572914385,0.0,-0.478852130680573));
#3749=DIRECTION('',(0.0,-1.0,0.0));
#3750=DIRECTION('',(0.877895572914385,0.0,-0.478852130680573));
#3751=DIRECTION('',(0.0,1.0,0.0));
#3752=DIRECTION('',(0.0,0.0,1.0));
#3753=DIRECTION('',(0.0,1.0,0.0));
#3754=DIRECTION('',(0.0,1.0,0.0));
#3755=DIRECTION('',(-0.707106781186548,0.0,0.707106781186547));
#3756=DIRECTION('',(0.0,1.0,0.0));
#3757=DIRECTION('',(-1.0,0.0,1.72095582934207E-16));
#3758=DIRECTION('',(0.0,1.0,0.0));
#3759=DIRECTION('',(0.0,0.0,-1.0));
#3760=DIRECTION('',(1.0,0.0,1.70740499604017E-16));
#3761=DIRECTION('',(0.0,0.0,1.0));
#3762=DIRECTION('',(-1.0,0.0,0.0));
#3763=DIRECTION('',(0.0,0.0,1.0));
#3764=DIRECTION('',(1.0,0.0,0.0));
#3765=DIRECTION('',(0.0,1.0,0.0));
#3766=DIRECTION('',(-6.82961998416066E-16,0.0,1.0));
#3767=DIRECTION('',(0.0,1.0,0.0));
#3768=DIRECTION('',(0.0,1.0,0.0));
#3769=DIRECTION('',(-1.0,0.0,-2.13425624505021E-16));
#3770=DIRECTION('',(0.0,1.0,0.0));
#3771=DIRECTION('',(0.0,0.0,-1.0));
#3772=DIRECTION('',(1.0,0.0,1.70740499604017E-16));
#3773=DIRECTION('',(0.0,0.0,1.0));
#3774=DIRECTION('',(-1.0,0.0,0.0));
#3775=DIRECTION('',(0.0,0.0,1.0));
#3776=DIRECTION('',(1.0,0.0,0.0));
#3777=DIRECTION('',(0.0,0.0,1.0));
#3778=DIRECTION('',(0.0,0.0,1.0));
#3779=DIRECTION('',(0.0,1.0,0.0));
#3780=DIRECTION('',(-1.0,0.0,0.0));
#3781=DIRECTION('',(-1.0,0.0,0.0));
#3782=DIRECTION('',(0.0,1.0,0.0));
#3783=DIRECTION('',(0.0,0.0,-1.0));
#3784=DIRECTION('',(0.0,0.0,-1.0));
#3785=DIRECTION('',(0.0,0.0,1.0));
#3786=DIRECTION('',(0.0,0.0,1.0));
#3787=DIRECTION('',(0.0,1.0,0.0));
#3788=DIRECTION('',(-1.0,0.0,0.0));
#3789=DIRECTION('',(-1.0,0.0,0.0));
#3790=DIRECTION('',(0.0,1.0,0.0));
#3791=DIRECTION('',(0.0,0.0,-1.0));
#3792=DIRECTION('',(0.0,0.0,-1.0));
#3793=DIRECTION('',(0.0,0.0,1.0));
#3794=DIRECTION('',(-1.0,0.0,0.0));
#3795=DIRECTION('',(0.0,0.0,-1.0));
#3796=DIRECTION('',(1.0,0.0,0.0));
#3797=DIRECTION('',(0.0,-1.0,0.0));
#3798=DIRECTION('',(0.0,0.0,-1.0));
#3799=DIRECTION('',(0.0,1.0,-7.04027384730847E-17));
#3800=DIRECTION('',(0.0,1.0,-7.04027384730847E-17));
#3801=DIRECTION('',(0.0,0.0,1.0));
#3802=DIRECTION('',(0.0,-1.0,0.0));
#3803=DIRECTION('',(1.0,0.0,0.0));
#3804=DIRECTION('',(-1.0,0.0,0.0));
#3805=DIRECTION('',(0.0,0.0,-1.0));
#3806=DIRECTION('',(0.0,1.0,0.0));
#3807=DIRECTION('',(0.0,-2.90573446562279E-16,1.0));
#3808=DIRECTION('',(0.0,-2.90573446562279E-16,1.0));
#3809=DIRECTION('',(0.0,-1.0,0.0));
#3810=DIRECTION('',(0.0,0.0,-1.0));
#3811=DIRECTION('',(1.0,0.0,0.0));
#3812=DIRECTION('',(0.0,-1.0,0.0));
#3813=DIRECTION('',(-1.0,0.0,0.0));
#3814=DIRECTION('',(0.0,1.0,0.0));
#3815=DIRECTION('',(1.0,0.0,0.0));
#3816=DIRECTION('',(-1.0,0.0,0.0));
#3817=DIRECTION('',(0.245599354379009,-0.245599354379008,-0.937742989447124));
#3818=DIRECTION('',(0.245599354379009,0.245599354379008,0.937742989447124));
#3819=DIRECTION('',(0.245599354379009,-0.245599354379008,0.937742989447124));
#3820=DIRECTION('',(0.245599354379009,0.245599354379008,-0.937742989447124));
#3821=DIRECTION('',(0.245599354379008,-0.937742989447124,0.245599354379009));
#3822=DIRECTION('',(0.245599354379009,0.937742989447124,-0.245599354379009));
#3823=DIRECTION('',(0.245599354379009,0.937742989447124,0.245599354379009));
#3824=DIRECTION('',(0.245599354379008,-0.937742989447124,-0.245599354379009));
#3825=DIRECTION('',(0.0,0.0,1.0));
#3826=DIRECTION('',(-1.0,0.0,0.0));
#3827=DIRECTION('',(0.0,0.0,-1.0));
#3828=DIRECTION('',(1.0,0.0,0.0));
#3829=DIRECTION('',(0.0,-1.0,0.0));
#3830=DIRECTION('',(0.0,0.0,-1.0));
#3831=DIRECTION('',(0.0,1.0,-7.04027384730847E-17));
#3832=DIRECTION('',(0.0,1.0,-7.04027384730847E-17));
#3833=DIRECTION('',(0.0,0.0,1.0));
#3834=DIRECTION('',(0.0,-1.0,0.0));
#3835=DIRECTION('',(1.0,0.0,0.0));
#3836=DIRECTION('',(-1.0,0.0,0.0));
#3837=DIRECTION('',(0.0,0.0,-1.0));
#3838=DIRECTION('',(0.0,1.0,0.0));
#3839=DIRECTION('',(0.0,-2.90573446562279E-16,1.0));
#3840=DIRECTION('',(0.0,-2.90573446562279E-16,1.0));
#3841=DIRECTION('',(0.0,-1.0,0.0));
#3842=DIRECTION('',(0.0,0.0,-1.0));
#3843=DIRECTION('',(1.0,0.0,0.0));
#3844=DIRECTION('',(0.0,-1.0,0.0));
#3845=DIRECTION('',(-1.0,0.0,0.0));
#3846=DIRECTION('',(0.0,1.0,0.0));
#3847=DIRECTION('',(1.0,0.0,0.0));
#3848=DIRECTION('',(-1.0,0.0,0.0));
#3849=DIRECTION('',(0.245599354379009,-0.245599354379008,-0.937742989447124));
#3850=DIRECTION('',(0.245599354379009,0.245599354379008,0.937742989447124));
#3851=DIRECTION('',(0.245599354379009,-0.245599354379008,0.937742989447124));
#3852=DIRECTION('',(0.245599354379009,0.245599354379008,-0.937742989447124));
#3853=DIRECTION('',(0.245599354379008,-0.937742989447124,0.245599354379009));
#3854=DIRECTION('',(0.245599354379009,0.937742989447124,-0.245599354379009));
#3855=DIRECTION('',(0.245599354379009,0.937742989447124,0.245599354379009));
#3856=DIRECTION('',(0.245599354379008,-0.937742989447124,-0.245599354379009));
#3857=DIRECTION('',(0.0,0.300635186420928,-0.953739212093984));
#3858=DIRECTION('',(-1.0,0.0,0.0));
#3859=DIRECTION('',(0.0,0.300635186420928,-0.953739212093984));
#3860=DIRECTION('',(-1.0,0.0,0.0));
#3861=DIRECTION('',(0.0,-0.685628685841297,-0.727951444226561));
#3862=DIRECTION('',(-1.0,0.0,0.0));
#3863=DIRECTION('',(0.0,-0.685628685841297,-0.727951444226561));
#3864=DIRECTION('',(0.0,-1.0,0.0));
#3865=DIRECTION('',(-1.0,0.0,0.0));
#3866=DIRECTION('',(0.0,-1.0,0.0));
#3867=DIRECTION('',(0.0,0.284797771775345,0.95858762207312));
#3868=DIRECTION('',(-1.0,0.0,0.0));
#3869=DIRECTION('',(0.0,0.284797771775345,0.95858762207312));
#3870=DIRECTION('',(0.0,0.0,1.0));
#3871=DIRECTION('',(0.0,0.0,-1.0));
#3872=DIRECTION('',(0.0,0.0,1.0));
#3873=DIRECTION('',(0.0,0.0,-1.0));
#3874=DIRECTION('',(0.0,1.29456975819165E-16,1.0));
#3875=DIRECTION('',(0.0,0.0,-1.0));
#3876=DIRECTION('',(0.0,0.284797771775344,-0.95858762207312));
#3877=DIRECTION('',(0.0,-1.0,0.0));
#3878=DIRECTION('',(0.0,-0.685628685841297,0.727951444226561));
#3879=DIRECTION('',(0.0,0.300635186420929,0.953739212093984));
#3880=DIRECTION('',(0.0,1.29456975819165E-16,1.0));
#3881=DIRECTION('',(0.0,0.300635186420929,0.953739212093984));
#3882=DIRECTION('',(0.0,-0.685628685841297,0.727951444226561));
#3883=DIRECTION('',(0.0,-1.0,0.0));
#3884=DIRECTION('',(0.0,0.284797771775344,-0.95858762207312));
#3885=DIRECTION('',(0.0,0.0,-1.0));
#3886=DIRECTION('',(-1.0,0.0,0.0));
#3887=DIRECTION('',(-1.0,0.0,0.0));
#3888=DIRECTION('',(-1.0,0.0,0.0));
#3889=DIRECTION('',(-1.0,0.0,0.0));
#3890=DIRECTION('',(-1.0,0.0,0.0));
#3891=CARTESIAN_POINT('',(4.095,7.15,0.272799999999994));
#3892=DIRECTION('',(0.0,1.0,0.0));
#3893=DIRECTION('',(1.0,0.0,-8.34001671142698E-17));
#3894=CARTESIAN_POINT('',(4.095,7.79,0.272799999999994));
#3895=DIRECTION('',(0.0,1.0,0.0));
#3896=DIRECTION('',(1.0,0.0,-8.34001671142698E-17));
#3897=DIRECTION('',(0.0,1.0,0.0));
#3898=DIRECTION('',(-1.0,0.0,2.15246019537563E-15));
#3899=DIRECTION('',(-1.0,0.0,2.15246019537563E-15));
#3900=DIRECTION('',(0.0,1.0,0.0));
#3901=DIRECTION('',(0.0,0.0,-1.0));
#3902=DIRECTION('',(0.0,0.0,-1.0));
#3903=DIRECTION('',(0.0,1.0,0.0));
#3904=DIRECTION('',(1.0,0.0,0.0));
#3905=DIRECTION('',(1.0,0.0,0.0));
#3906=DIRECTION('',(0.0,1.0,0.0));
#3907=CARTESIAN_POINT('',(4.095,7.79,0.272799999999995));
#3908=DIRECTION('',(0.0,-1.0,0.0));
#3909=DIRECTION('',(1.0,0.0,0.0));
#3910=CARTESIAN_POINT('',(4.095,7.15,0.272799999999995));
#3911=DIRECTION('',(0.0,-1.0,0.0));
#3912=DIRECTION('',(1.0,0.0,0.0));
#3913=DIRECTION('',(0.0,0.284797771775345,0.95858762207312));
#3914=DIRECTION('',(1.0,0.0,0.0));
#3915=DIRECTION('',(0.0,0.284797771775345,0.95858762207312));
#3916=DIRECTION('',(1.0,0.0,0.0));
#3917=DIRECTION('',(0.0,-1.0,0.0));
#3918=DIRECTION('',(1.0,0.0,0.0));
#3919=DIRECTION('',(0.0,-1.0,0.0));
#3920=DIRECTION('',(0.0,-0.685628685841297,-0.727951444226561));
#3921=DIRECTION('',(1.0,0.0,0.0));
#3922=DIRECTION('',(0.0,-0.685628685841297,-0.727951444226561));
#3923=DIRECTION('',(0.0,0.300635186420928,-0.953739212093984));
#3924=DIRECTION('',(1.0,0.0,0.0));
#3925=DIRECTION('',(0.0,0.300635186420928,-0.953739212093984));
#3926=DIRECTION('',(0.0,0.0,1.0));
#3927=DIRECTION('',(0.0,0.0,-1.0));
#3928=DIRECTION('',(0.0,0.0,1.0));
#3929=DIRECTION('',(0.0,0.0,-1.0));
#3930=DIRECTION('',(0.0,1.29456975819165E-16,1.0));
#3931=DIRECTION('',(0.0,0.300635186420929,0.953739212093984));
#3932=DIRECTION('',(0.0,-0.685628685841297,0.727951444226561));
#3933=DIRECTION('',(0.0,-1.0,0.0));
#3934=DIRECTION('',(0.0,0.284797771775344,-0.95858762207312));
#3935=DIRECTION('',(0.0,0.0,-1.0));
#3936=DIRECTION('',(0.0,1.29456975819165E-16,1.0));
#3937=DIRECTION('',(0.0,0.0,-1.0));
#3938=DIRECTION('',(0.0,0.284797771775344,-0.95858762207312));
#3939=DIRECTION('',(0.0,-1.0,0.0));
#3940=DIRECTION('',(0.0,-0.685628685841297,0.727951444226561));
#3941=DIRECTION('',(0.0,0.300635186420929,0.953739212093984));
#3942=DIRECTION('',(1.0,0.0,0.0));
#3943=DIRECTION('',(1.0,0.0,0.0));
#3944=DIRECTION('',(1.0,0.0,0.0));
#3945=DIRECTION('',(1.0,0.0,0.0));
#3946=DIRECTION('',(1.0,0.0,0.0));
#3947=CARTESIAN_POINT('',(-4.095,7.15,0.272799999999995));
#3948=DIRECTION('',(0.0,-1.0,-0.0));
#3949=DIRECTION('',(-1.0,0.0,-1.6680033422854E-16));
#3950=DIRECTION('',(0.0,1.0,0.0));
#3951=CARTESIAN_POINT('',(-4.095,7.79,0.272799999999995));
#3952=DIRECTION('',(0.0,-1.0,-0.0));
#3953=DIRECTION('',(-1.0,0.0,-1.6680033422854E-16));
#3954=DIRECTION('',(1.0,0.0,2.15246019537563E-15));
#3955=DIRECTION('',(0.0,1.0,0.0));
#3956=DIRECTION('',(1.0,0.0,2.15246019537563E-15));
#3957=DIRECTION('',(0.0,0.0,-1.0));
#3958=DIRECTION('',(0.0,1.0,0.0));
#3959=DIRECTION('',(0.0,0.0,-1.0));
#3960=DIRECTION('',(-1.0,0.0,0.0));
#3961=DIRECTION('',(0.0,1.0,0.0));
#3962=DIRECTION('',(-1.0,0.0,0.0));
#3963=CARTESIAN_POINT('',(-4.095,7.79,0.272799999999995));
#3964=DIRECTION('',(0.0,1.0,0.0));
#3965=DIRECTION('',(-1.0,0.0,2.71050543121377E-16));
#3966=CARTESIAN_POINT('',(-4.095,7.15,0.272799999999995));
#3967=DIRECTION('',(0.0,1.0,0.0));
#3968=DIRECTION('',(-1.0,0.0,2.71050543121377E-16));
#3969=PRESENTATION_LAYER_ASSIGNMENT('','',(#51,#52,#53,#54,#55,#56,#57,#58,#59,#60,#61,#62,#63,#64,#65,#66,#67,#68,#69,#70,#71,#72,#73,#74,#75,#76,#77,#78,#79,#80,#81,#82,#83,#84,#85,#86,#87,#88,#89,#90,#91,#92,#93,#94,#95,#96,#97,#98,#99,#100,#101,#102,#103,#104,#105,#106,#107,#108,#109,#110,#111,#112,#113,#114,#115,#116,#117,#118,#119,#120,#121,#122,#123,#124,#125,#126,#127,#128,#129,#130,#131,#132,#133,#134,#135,#136,#137,#138,#139,#140,#141,#142,#143,#144,#145,#146,#147,#148,#149,#150,#151,#152,#153,#154,#155,#156,#157,#158,#159,#160,#161,#162,#163,#164,#165,#166,#167,#168,#169,#170,#171,#172,#173,#174,#175,#176,#177,#178,#179,#180,#181,#182,#183,#184,#185,#186,#1844,#1845,#1846,#1847,#1848,#1849,#1850,#1851,#1852,#1853,#1854,#1855,#1856,#1857,#1858,#1859,#1860,#1861,#1862,#1863,#1864,#1865,#1866,#1867,#1868,#1869,#1870,#1871,#1872,#1873,#1874,#1875,#1876,#1877,#1878,#1879,#1880,#1881,#1882,#1883,#1884,#1885,#1886,#1887,#1888,#1889,#1890,#1891,#1892,#1893,#1894,#1895,#1896,#1897,#1898,#1899,#1900,#1901,#1902,#1903,#1904,#1905,#1906,#1907,#1908,#1909,#1910,#1911,#1912,#1913,#1914,#1915,#1916,#1917,#1918,#1919,#1920,#1921,#1922,#1923,#1924,#1925,#1926,#1927,#1928,#1929,#1930,#1931,#1932,#1933,#1934,#1935,#1936,#1937,#1938,#1939,#1940,#1941,#1942,#1943,#1944,#1945,#1946,#1947,#1948,#1949,#1950,#1951,#1952,#1953,#1954,#1955,#1956,#1957,#1958,#1959,#1960,#1961,#1962,#1963,#1964,#1965,#1966,#1967,#1968,#1969,#1970,#1971,#1972,#1973,#1974,#1975,#1976,#1977,#1978,#1979,#1980,#1981,#1982,#1983,#1984,#1985,#1986,#1987,#1988,#1989,#1990,#1991,#1992,#1993,#1994,#1995,#1996,#1997,#1998,#1999,#2000,#2001,#2002,#2003,#2004,#2005,#2006,#2007,#2008,#2009,#2010,#2011,#2012,#2013,#2014,#2015,#2016,#2017,#2018,#2019,#2020,#2021,#2022,#2023,#2024,#2025,#2026,#2027,#2028,#2029,#2030,#2031,#2032,#2033,#2034,#2035,#2036,#2037,#2038,#2039,#2040,#2041,#2042,#2043,#2044,#2045,#2046,#2047,#2048,#2049,#2050,#2051,#2052,#2053,#2054,#2055,#2056,#2057,#2058,#2059,#2060,#2061,#2062,#2063,#2064,#2065,#2066,#2067,#2068,#2069,#2070,#2071,#2072,#2073,#2074,#2075,#2076,#2077,#2078,#2079,#2080,#2081,#2082,#2083,#2084,#2085,#2086,#2087,#2088,#2089,#2090,#2091,#2092,#2093,#2094,#2095,#2096,#2097,#2098,#2099,#2100,#2101,#2102,#2103,#2104,#2105,#2106,#2107,#2108,#2109,#2110,#2111,#2112,#2113,#2114,#2115,#2116,#2117,#2118,#2119,#2120,#2121,#2122,#2123,#2124,#2125,#2126,#2127,#2128,#2129,#2130,#2131,#2132,#2133,#2134,#2135,#2136,#2137,#2138,#2139,#2140,#2141,#2142,#2143,#2144,#2145,#2146,#2147,#2148,#2149,#2150,#2151,#2152,#2153,#2154,#2155,#2156,#2157,#2158,#2159,#2160,#2161,#2162,#2163,#2164,#2165,#2166,#2167,#2168,#2169,#2170,#2171,#2172,#2173,#2174,#2175,#2176,#2177,#2178,#2179,#2180,#2181,#2182,#2184,#2186,#2188,#2190,#2192,#2194,#2196,#2198,#2200,#2202,#2204,#2206,#2208,#2210,#2212,#2214,#2217,#2218,#2220,#2222,#2225,#2226,#2228,#2230,#2233,#2234,#2236,#2238,#2241,#2242,#2244,#2246,#2249,#2250,#2252,#2254,#2257,#2258,#2260,#2262,#2265,#2266,#2268,#2270,#2273,#2274,#2276,#2278,#2281,#2282,#2285,#2287,#2291,#2292,#2294,#2296,#2299,#2300,#2302,#2304,#2307,#2309,#2311,#2313,#2317,#2318,#2320,#2322,#2325,#2326,#2328,#2330,#2332,#2336,#2339,#2342,#2345,#2346,#2348,#2350,#2353,#2354,#2356,#2358,#2361,#2364,#2367,#2370,#2372,#2375,#2377,#2385,#2387,#2392,#2394,#2399,#2401,#2406,#2409,#2414,#2416,#2419,#2421,#2424,#2427,#2430,#2434,#2435,#2437,#2439,#2442,#2444,#2447,#2450,#2454,#2455,#2457,#2459,#2462,#2464,#2467,#2469,#2474,#2476,#2479,#2481,#2486,#2487,#2489,#2491,#2494,#2496,#2499,#2501,#2506,#2508,#2511,#2513,#2517,#2518,#2520,#2522,#2534,#2535,#2537,#2539,#2542,#2544,#2547,#2549,#2554,#2556,#2559,#2561,#2565,#2566,#2568,#2570,#2582,#2583,#2585,#2587,#2590,#2592,#2595,#2597,#2600,#2602,#2609,#2611,#2613,#2615,#2617,#2620,#2622,#2624,#2626,#2628,#2636,#2638,#2641,#2643,#2646,#2648,#2651,#2653,#2658,#2659,#2661,#2663,#2666,#2668,#2671,#2673,#2676,#2678,#2685,#2687,#2689,#2691,#2693,#2696,#2698,#2700,#2702,#2704,#2712,#2714,#2717,#2719,#2722,#2724,#2727,#2729));
#3970=PRESENTATION_LAYER_ASSIGNMENT('1','Layer 1',(#25));
ENDSEC;
END-ISO-10303-21;
