ISO-10303-21;
HEADER;
/* Generated by software containing ST-Developer
 * from STEP Tools, Inc. (www.steptools.com) 
 */
/* OPTION: using custom renumber hook */

FILE_DESCRIPTION(
/* description */ ('STEP AP242',
'CAx-IF Rec.Pracs.---Representation and Presentation of Product Manufa
cturing Information (PMI)---4.0---2014-10-13',
'CAx-IF Rec.Pracs.---3D Tessellated Geometry---0.4---2014-09-14','2;1'),

/* implementation_level */ '2;1');

FILE_NAME(
/* name */ 'TSW-103-07-F-S',
/* time_stamp */ '2026-05-22T07:40:59+02:00',
/* author */ ('License CC BY-ND 4.0'),
/* organization */ ('CADENAS'),
/* preprocessor_version */ 'ST-DEVELOPER v20',
/* originating_system */ 'PARTsolutions',
/* authorisation */ '  ');

FILE_SCHEMA (('AP242_MANAGED_MODEL_BASED_3D_ENGINEERING_MIM_LF { 1 0 10303 442 1 1 4 }'));
ENDSEC;

DATA;
#10=DRAUGHTING_PRE_DEFINED_COLOUR('yellow');
#11=CONTEXT_DEPENDENT_SHAPE_REPRESENTATION(#15,#4683);
#12=CONTEXT_DEPENDENT_SHAPE_REPRESENTATION(#16,#4685);
#13=NEXT_ASSEMBLY_USAGE_OCCURRENCE('NAUO1','TSW-103-07-F-S_body',
'TSW-103-07-F-S_body',#4686,#4687,'');
#14=NEXT_ASSEMBLY_USAGE_OCCURRENCE('NAUO2','T-1S6-07-TSW-1-07-3-S',
'T-1S6-07-TSW-1-07-3-S',#4686,#4688,'');
#15=(
REPRESENTATION_RELATIONSHIP(' ',' ',#2966,#2965)
REPRESENTATION_RELATIONSHIP_WITH_TRANSFORMATION(#17)
SHAPE_REPRESENTATION_RELATIONSHIP()
);
#16=(
REPRESENTATION_RELATIONSHIP(' ',' ',#2967,#2965)
REPRESENTATION_RELATIONSHIP_WITH_TRANSFORMATION(#18)
SHAPE_REPRESENTATION_RELATIONSHIP()
);
#17=ITEM_DEFINED_TRANSFORMATION(' ',' ',#2968,#3072);
#18=ITEM_DEFINED_TRANSFORMATION(' ',' ',#2968,#3127);
#19=SHAPE_REPRESENTATION_RELATIONSHIP('','',#2966,#21);
#20=SHAPE_REPRESENTATION_RELATIONSHIP('','',#2967,#22);
#21=ADVANCED_BREP_SHAPE_REPRESENTATION('',(#2960),#4670);
#22=ADVANCED_BREP_SHAPE_REPRESENTATION('',(#2961),#4671);
#23=ORIENTED_EDGE('',*,*,#827,.T.);
#24=ORIENTED_EDGE('',*,*,#828,.T.);
#25=ORIENTED_EDGE('',*,*,#829,.F.);
#26=ORIENTED_EDGE('',*,*,#830,.T.);
#27=ORIENTED_EDGE('',*,*,#831,.T.);
#28=ORIENTED_EDGE('',*,*,#832,.F.);
#29=ORIENTED_EDGE('',*,*,#833,.T.);
#30=ORIENTED_EDGE('',*,*,#834,.T.);
#31=ORIENTED_EDGE('',*,*,#832,.T.);
#32=ORIENTED_EDGE('',*,*,#835,.T.);
#33=ORIENTED_EDGE('',*,*,#836,.T.);
#34=ORIENTED_EDGE('',*,*,#837,.F.);
#35=ORIENTED_EDGE('',*,*,#838,.F.);
#36=ORIENTED_EDGE('',*,*,#839,.T.);
#37=ORIENTED_EDGE('',*,*,#840,.T.);
#38=ORIENTED_EDGE('',*,*,#841,.T.);
#39=ORIENTED_EDGE('',*,*,#842,.T.);
#40=ORIENTED_EDGE('',*,*,#843,.T.);
#41=ORIENTED_EDGE('',*,*,#844,.T.);
#42=ORIENTED_EDGE('',*,*,#845,.T.);
#43=ORIENTED_EDGE('',*,*,#846,.F.);
#44=ORIENTED_EDGE('',*,*,#847,.T.);
#45=ORIENTED_EDGE('',*,*,#848,.T.);
#46=ORIENTED_EDGE('',*,*,#841,.F.);
#47=ORIENTED_EDGE('',*,*,#849,.F.);
#48=ORIENTED_EDGE('',*,*,#850,.T.);
#49=ORIENTED_EDGE('',*,*,#851,.T.);
#50=ORIENTED_EDGE('',*,*,#852,.T.);
#51=ORIENTED_EDGE('',*,*,#853,.T.);
#52=ORIENTED_EDGE('',*,*,#854,.T.);
#53=ORIENTED_EDGE('',*,*,#855,.F.);
#54=ORIENTED_EDGE('',*,*,#856,.T.);
#55=ORIENTED_EDGE('',*,*,#857,.T.);
#56=ORIENTED_EDGE('',*,*,#858,.T.);
#57=ORIENTED_EDGE('',*,*,#859,.T.);
#58=ORIENTED_EDGE('',*,*,#860,.T.);
#59=ORIENTED_EDGE('',*,*,#861,.T.);
#60=ORIENTED_EDGE('',*,*,#862,.T.);
#61=ORIENTED_EDGE('',*,*,#863,.T.);
#62=ORIENTED_EDGE('',*,*,#852,.F.);
#63=ORIENTED_EDGE('',*,*,#864,.F.);
#64=ORIENTED_EDGE('',*,*,#865,.T.);
#65=ORIENTED_EDGE('',*,*,#866,.T.);
#66=ORIENTED_EDGE('',*,*,#867,.T.);
#67=ORIENTED_EDGE('',*,*,#868,.T.);
#68=ORIENTED_EDGE('',*,*,#869,.T.);
#69=ORIENTED_EDGE('',*,*,#870,.F.);
#70=ORIENTED_EDGE('',*,*,#871,.T.);
#71=ORIENTED_EDGE('',*,*,#867,.F.);
#72=ORIENTED_EDGE('',*,*,#872,.T.);
#73=ORIENTED_EDGE('',*,*,#873,.T.);
#74=ORIENTED_EDGE('',*,*,#874,.T.);
#75=ORIENTED_EDGE('',*,*,#875,.T.);
#76=ORIENTED_EDGE('',*,*,#876,.T.);
#77=ORIENTED_EDGE('',*,*,#877,.T.);
#78=ORIENTED_EDGE('',*,*,#878,.T.);
#79=ORIENTED_EDGE('',*,*,#879,.F.);
#80=ORIENTED_EDGE('',*,*,#880,.F.);
#81=ORIENTED_EDGE('',*,*,#881,.T.);
#82=ORIENTED_EDGE('',*,*,#882,.F.);
#83=ORIENTED_EDGE('',*,*,#883,.F.);
#84=ORIENTED_EDGE('',*,*,#884,.T.);
#85=ORIENTED_EDGE('',*,*,#885,.F.);
#86=ORIENTED_EDGE('',*,*,#886,.F.);
#87=ORIENTED_EDGE('',*,*,#887,.F.);
#88=ORIENTED_EDGE('',*,*,#888,.T.);
#89=ORIENTED_EDGE('',*,*,#889,.F.);
#90=ORIENTED_EDGE('',*,*,#890,.T.);
#91=ORIENTED_EDGE('',*,*,#891,.F.);
#92=ORIENTED_EDGE('',*,*,#892,.T.);
#93=ORIENTED_EDGE('',*,*,#893,.F.);
#94=ORIENTED_EDGE('',*,*,#894,.F.);
#95=ORIENTED_EDGE('',*,*,#895,.F.);
#96=ORIENTED_EDGE('',*,*,#896,.T.);
#97=ORIENTED_EDGE('',*,*,#897,.F.);
#98=ORIENTED_EDGE('',*,*,#898,.F.);
#99=ORIENTED_EDGE('',*,*,#899,.F.);
#100=ORIENTED_EDGE('',*,*,#900,.F.);
#101=ORIENTED_EDGE('',*,*,#901,.F.);
#102=ORIENTED_EDGE('',*,*,#902,.F.);
#103=ORIENTED_EDGE('',*,*,#903,.T.);
#104=ORIENTED_EDGE('',*,*,#904,.F.);
#105=ORIENTED_EDGE('',*,*,#905,.T.);
#106=ORIENTED_EDGE('',*,*,#906,.F.);
#107=ORIENTED_EDGE('',*,*,#907,.F.);
#108=ORIENTED_EDGE('',*,*,#908,.F.);
#109=ORIENTED_EDGE('',*,*,#909,.T.);
#110=ORIENTED_EDGE('',*,*,#910,.F.);
#111=ORIENTED_EDGE('',*,*,#911,.T.);
#112=ORIENTED_EDGE('',*,*,#912,.F.);
#113=ORIENTED_EDGE('',*,*,#913,.T.);
#114=ORIENTED_EDGE('',*,*,#914,.F.);
#115=ORIENTED_EDGE('',*,*,#915,.F.);
#116=ORIENTED_EDGE('',*,*,#916,.F.);
#117=ORIENTED_EDGE('',*,*,#917,.T.);
#118=ORIENTED_EDGE('',*,*,#918,.F.);
#119=ORIENTED_EDGE('',*,*,#919,.F.);
#120=ORIENTED_EDGE('',*,*,#920,.F.);
#121=ORIENTED_EDGE('',*,*,#921,.F.);
#122=ORIENTED_EDGE('',*,*,#922,.F.);
#123=ORIENTED_EDGE('',*,*,#923,.F.);
#124=ORIENTED_EDGE('',*,*,#924,.T.);
#125=ORIENTED_EDGE('',*,*,#925,.F.);
#126=ORIENTED_EDGE('',*,*,#926,.T.);
#127=ORIENTED_EDGE('',*,*,#927,.F.);
#128=ORIENTED_EDGE('',*,*,#928,.F.);
#129=ORIENTED_EDGE('',*,*,#929,.F.);
#130=ORIENTED_EDGE('',*,*,#930,.T.);
#131=ORIENTED_EDGE('',*,*,#931,.F.);
#132=ORIENTED_EDGE('',*,*,#932,.F.);
#133=ORIENTED_EDGE('',*,*,#933,.F.);
#134=ORIENTED_EDGE('',*,*,#934,.T.);
#135=ORIENTED_EDGE('',*,*,#935,.F.);
#136=ORIENTED_EDGE('',*,*,#936,.F.);
#137=ORIENTED_EDGE('',*,*,#937,.T.);
#138=ORIENTED_EDGE('',*,*,#938,.F.);
#139=ORIENTED_EDGE('',*,*,#939,.F.);
#140=ORIENTED_EDGE('',*,*,#940,.F.);
#141=ORIENTED_EDGE('',*,*,#941,.T.);
#142=ORIENTED_EDGE('',*,*,#942,.F.);
#143=ORIENTED_EDGE('',*,*,#943,.F.);
#144=ORIENTED_EDGE('',*,*,#944,.F.);
#145=ORIENTED_EDGE('',*,*,#884,.F.);
#146=ORIENTED_EDGE('',*,*,#945,.T.);
#147=ORIENTED_EDGE('',*,*,#946,.F.);
#148=ORIENTED_EDGE('',*,*,#947,.T.);
#149=ORIENTED_EDGE('',*,*,#917,.F.);
#150=ORIENTED_EDGE('',*,*,#948,.F.);
#151=ORIENTED_EDGE('',*,*,#949,.F.);
#152=ORIENTED_EDGE('',*,*,#950,.F.);
#153=ORIENTED_EDGE('',*,*,#888,.F.);
#154=ORIENTED_EDGE('',*,*,#951,.T.);
#155=ORIENTED_EDGE('',*,*,#952,.F.);
#156=ORIENTED_EDGE('',*,*,#953,.T.);
#157=ORIENTED_EDGE('',*,*,#913,.F.);
#158=ORIENTED_EDGE('',*,*,#954,.F.);
#159=ORIENTED_EDGE('',*,*,#955,.F.);
#160=ORIENTED_EDGE('',*,*,#956,.F.);
#161=ORIENTED_EDGE('',*,*,#896,.F.);
#162=ORIENTED_EDGE('',*,*,#957,.F.);
#163=ORIENTED_EDGE('',*,*,#958,.F.);
#164=ORIENTED_EDGE('',*,*,#959,.F.);
#165=ORIENTED_EDGE('',*,*,#937,.F.);
#166=ORIENTED_EDGE('',*,*,#960,.F.);
#167=ORIENTED_EDGE('',*,*,#961,.F.);
#168=ORIENTED_EDGE('',*,*,#962,.F.);
#169=ORIENTED_EDGE('',*,*,#892,.F.);
#170=ORIENTED_EDGE('',*,*,#963,.F.);
#171=ORIENTED_EDGE('',*,*,#964,.F.);
#172=ORIENTED_EDGE('',*,*,#965,.F.);
#173=ORIENTED_EDGE('',*,*,#941,.F.);
#174=ORIENTED_EDGE('',*,*,#966,.F.);
#175=ORIENTED_EDGE('',*,*,#967,.F.);
#176=ORIENTED_EDGE('',*,*,#968,.F.);
#177=ORIENTED_EDGE('',*,*,#909,.F.);
#178=ORIENTED_EDGE('',*,*,#969,.T.);
#179=ORIENTED_EDGE('',*,*,#970,.F.);
#180=ORIENTED_EDGE('',*,*,#971,.T.);
#181=ORIENTED_EDGE('',*,*,#926,.F.);
#182=ORIENTED_EDGE('',*,*,#972,.F.);
#183=ORIENTED_EDGE('',*,*,#973,.F.);
#184=ORIENTED_EDGE('',*,*,#974,.F.);
#185=ORIENTED_EDGE('',*,*,#905,.F.);
#186=ORIENTED_EDGE('',*,*,#975,.F.);
#187=ORIENTED_EDGE('',*,*,#976,.F.);
#188=ORIENTED_EDGE('',*,*,#977,.F.);
#189=ORIENTED_EDGE('',*,*,#930,.F.);
#190=ORIENTED_EDGE('',*,*,#978,.F.);
#191=ORIENTED_EDGE('',*,*,#849,.T.);
#192=ORIENTED_EDGE('',*,*,#979,.T.);
#193=ORIENTED_EDGE('',*,*,#975,.T.);
#194=ORIENTED_EDGE('',*,*,#904,.T.);
#195=ORIENTED_EDGE('',*,*,#977,.T.);
#196=ORIENTED_EDGE('',*,*,#980,.T.);
#197=ORIENTED_EDGE('',*,*,#855,.T.);
#198=ORIENTED_EDGE('',*,*,#931,.T.);
#199=ORIENTED_EDGE('',*,*,#950,.T.);
#200=ORIENTED_EDGE('',*,*,#981,.T.);
#201=ORIENTED_EDGE('',*,*,#859,.F.);
#202=ORIENTED_EDGE('',*,*,#889,.T.);
#203=ORIENTED_EDGE('',*,*,#861,.F.);
#204=ORIENTED_EDGE('',*,*,#982,.T.);
#205=ORIENTED_EDGE('',*,*,#954,.T.);
#206=ORIENTED_EDGE('',*,*,#912,.T.);
#207=ORIENTED_EDGE('',*,*,#864,.T.);
#208=ORIENTED_EDGE('',*,*,#983,.T.);
#209=ORIENTED_EDGE('',*,*,#963,.T.);
#210=ORIENTED_EDGE('',*,*,#891,.T.);
#211=ORIENTED_EDGE('',*,*,#965,.T.);
#212=ORIENTED_EDGE('',*,*,#984,.T.);
#213=ORIENTED_EDGE('',*,*,#870,.T.);
#214=ORIENTED_EDGE('',*,*,#942,.T.);
#215=ORIENTED_EDGE('',*,*,#968,.T.);
#216=ORIENTED_EDGE('',*,*,#985,.T.);
#217=ORIENTED_EDGE('',*,*,#874,.F.);
#218=ORIENTED_EDGE('',*,*,#910,.T.);
#219=ORIENTED_EDGE('',*,*,#876,.F.);
#220=ORIENTED_EDGE('',*,*,#986,.T.);
#221=ORIENTED_EDGE('',*,*,#972,.T.);
#222=ORIENTED_EDGE('',*,*,#925,.T.);
#223=ORIENTED_EDGE('',*,*,#987,.T.);
#224=ORIENTED_EDGE('',*,*,#988,.T.);
#225=ORIENTED_EDGE('',*,*,#945,.F.);
#226=ORIENTED_EDGE('',*,*,#883,.T.);
#227=ORIENTED_EDGE('',*,*,#947,.F.);
#228=ORIENTED_EDGE('',*,*,#989,.T.);
#229=ORIENTED_EDGE('',*,*,#990,.T.);
#230=ORIENTED_EDGE('',*,*,#918,.T.);
#231=ORIENTED_EDGE('',*,*,#956,.T.);
#232=ORIENTED_EDGE('',*,*,#991,.T.);
#233=ORIENTED_EDGE('',*,*,#992,.F.);
#234=ORIENTED_EDGE('',*,*,#897,.T.);
#235=ORIENTED_EDGE('',*,*,#993,.F.);
#236=ORIENTED_EDGE('',*,*,#994,.T.);
#237=ORIENTED_EDGE('',*,*,#960,.T.);
#238=ORIENTED_EDGE('',*,*,#936,.T.);
#239=ORIENTED_EDGE('',*,*,#995,.T.);
#240=ORIENTED_EDGE('',*,*,#996,.T.);
#241=ORIENTED_EDGE('',*,*,#951,.F.);
#242=ORIENTED_EDGE('',*,*,#887,.T.);
#243=ORIENTED_EDGE('',*,*,#953,.F.);
#244=ORIENTED_EDGE('',*,*,#997,.T.);
#245=ORIENTED_EDGE('',*,*,#998,.T.);
#246=ORIENTED_EDGE('',*,*,#914,.T.);
#247=ORIENTED_EDGE('',*,*,#944,.T.);
#248=ORIENTED_EDGE('',*,*,#999,.T.);
#249=ORIENTED_EDGE('',*,*,#1000,.F.);
#250=ORIENTED_EDGE('',*,*,#885,.T.);
#251=ORIENTED_EDGE('',*,*,#1001,.F.);
#252=ORIENTED_EDGE('',*,*,#1002,.T.);
#253=ORIENTED_EDGE('',*,*,#948,.T.);
#254=ORIENTED_EDGE('',*,*,#916,.T.);
#255=ORIENTED_EDGE('',*,*,#974,.T.);
#256=ORIENTED_EDGE('',*,*,#1003,.T.);
#257=ORIENTED_EDGE('',*,*,#1004,.F.);
#258=ORIENTED_EDGE('',*,*,#906,.T.);
#259=ORIENTED_EDGE('',*,*,#1005,.F.);
#260=ORIENTED_EDGE('',*,*,#1006,.T.);
#261=ORIENTED_EDGE('',*,*,#978,.T.);
#262=ORIENTED_EDGE('',*,*,#929,.T.);
#263=ORIENTED_EDGE('',*,*,#1007,.T.);
#264=ORIENTED_EDGE('',*,*,#1008,.T.);
#265=ORIENTED_EDGE('',*,*,#969,.F.);
#266=ORIENTED_EDGE('',*,*,#908,.T.);
#267=ORIENTED_EDGE('',*,*,#971,.F.);
#268=ORIENTED_EDGE('',*,*,#1009,.T.);
#269=ORIENTED_EDGE('',*,*,#1010,.T.);
#270=ORIENTED_EDGE('',*,*,#927,.T.);
#271=ORIENTED_EDGE('',*,*,#1011,.T.);
#272=ORIENTED_EDGE('',*,*,#1012,.T.);
#273=ORIENTED_EDGE('',*,*,#957,.T.);
#274=ORIENTED_EDGE('',*,*,#895,.T.);
#275=ORIENTED_EDGE('',*,*,#959,.T.);
#276=ORIENTED_EDGE('',*,*,#1013,.T.);
#277=ORIENTED_EDGE('',*,*,#1014,.T.);
#278=ORIENTED_EDGE('',*,*,#938,.T.);
#279=ORIENTED_EDGE('',*,*,#962,.T.);
#280=ORIENTED_EDGE('',*,*,#1015,.T.);
#281=ORIENTED_EDGE('',*,*,#1016,.F.);
#282=ORIENTED_EDGE('',*,*,#893,.T.);
#283=ORIENTED_EDGE('',*,*,#1017,.F.);
#284=ORIENTED_EDGE('',*,*,#1018,.T.);
#285=ORIENTED_EDGE('',*,*,#966,.T.);
#286=ORIENTED_EDGE('',*,*,#940,.T.);
#287=ORIENTED_EDGE('',*,*,#1019,.T.);
#288=ORIENTED_EDGE('',*,*,#1020,.T.);
#289=ORIENTED_EDGE('',*,*,#1021,.F.);
#290=ORIENTED_EDGE('',*,*,#1022,.T.);
#291=ORIENTED_EDGE('',*,*,#1021,.T.);
#292=ORIENTED_EDGE('',*,*,#1023,.T.);
#293=ORIENTED_EDGE('',*,*,#1024,.F.);
#294=ORIENTED_EDGE('',*,*,#1025,.T.);
#295=ORIENTED_EDGE('',*,*,#1024,.T.);
#296=ORIENTED_EDGE('',*,*,#1026,.T.);
#297=ORIENTED_EDGE('',*,*,#1027,.F.);
#298=ORIENTED_EDGE('',*,*,#1028,.T.);
#299=ORIENTED_EDGE('',*,*,#1029,.T.);
#300=ORIENTED_EDGE('',*,*,#1030,.T.);
#301=ORIENTED_EDGE('',*,*,#1031,.F.);
#302=ORIENTED_EDGE('',*,*,#1032,.T.);
#303=ORIENTED_EDGE('',*,*,#1031,.T.);
#304=ORIENTED_EDGE('',*,*,#1033,.T.);
#305=ORIENTED_EDGE('',*,*,#1034,.F.);
#306=ORIENTED_EDGE('',*,*,#1035,.T.);
#307=ORIENTED_EDGE('',*,*,#1034,.T.);
#308=ORIENTED_EDGE('',*,*,#1036,.T.);
#309=ORIENTED_EDGE('',*,*,#1037,.F.);
#310=ORIENTED_EDGE('',*,*,#1038,.T.);
#311=ORIENTED_EDGE('',*,*,#1039,.T.);
#312=ORIENTED_EDGE('',*,*,#1040,.T.);
#313=ORIENTED_EDGE('',*,*,#1041,.F.);
#314=ORIENTED_EDGE('',*,*,#1042,.T.);
#315=ORIENTED_EDGE('',*,*,#1041,.T.);
#316=ORIENTED_EDGE('',*,*,#1043,.T.);
#317=ORIENTED_EDGE('',*,*,#1044,.F.);
#318=ORIENTED_EDGE('',*,*,#1045,.T.);
#319=ORIENTED_EDGE('',*,*,#1044,.T.);
#320=ORIENTED_EDGE('',*,*,#1046,.T.);
#321=ORIENTED_EDGE('',*,*,#1047,.F.);
#322=ORIENTED_EDGE('',*,*,#1048,.T.);
#323=ORIENTED_EDGE('',*,*,#1027,.T.);
#324=ORIENTED_EDGE('',*,*,#1049,.T.);
#325=ORIENTED_EDGE('',*,*,#1019,.F.);
#326=ORIENTED_EDGE('',*,*,#1050,.T.);
#327=ORIENTED_EDGE('',*,*,#1037,.T.);
#328=ORIENTED_EDGE('',*,*,#1051,.T.);
#329=ORIENTED_EDGE('',*,*,#1029,.F.);
#330=ORIENTED_EDGE('',*,*,#1052,.T.);
#331=ORIENTED_EDGE('',*,*,#1047,.T.);
#332=ORIENTED_EDGE('',*,*,#1053,.T.);
#333=ORIENTED_EDGE('',*,*,#1039,.F.);
#334=ORIENTED_EDGE('',*,*,#1054,.T.);
#335=ORIENTED_EDGE('',*,*,#1055,.F.);
#336=ORIENTED_EDGE('',*,*,#1056,.F.);
#337=ORIENTED_EDGE('',*,*,#1057,.F.);
#338=ORIENTED_EDGE('',*,*,#1058,.F.);
#339=ORIENTED_EDGE('',*,*,#1059,.F.);
#340=ORIENTED_EDGE('',*,*,#1060,.F.);
#341=ORIENTED_EDGE('',*,*,#1061,.F.);
#342=ORIENTED_EDGE('',*,*,#1062,.F.);
#343=ORIENTED_EDGE('',*,*,#1063,.F.);
#344=ORIENTED_EDGE('',*,*,#881,.F.);
#345=ORIENTED_EDGE('',*,*,#1064,.F.);
#346=ORIENTED_EDGE('',*,*,#1065,.F.);
#347=ORIENTED_EDGE('',*,*,#1066,.F.);
#348=ORIENTED_EDGE('',*,*,#1067,.F.);
#349=ORIENTED_EDGE('',*,*,#1068,.F.);
#350=ORIENTED_EDGE('',*,*,#920,.T.);
#351=ORIENTED_EDGE('',*,*,#1069,.F.);
#352=ORIENTED_EDGE('',*,*,#934,.F.);
#353=ORIENTED_EDGE('',*,*,#1070,.F.);
#354=ORIENTED_EDGE('',*,*,#899,.T.);
#355=ORIENTED_EDGE('',*,*,#1060,.T.);
#356=ORIENTED_EDGE('',*,*,#1071,.T.);
#357=ORIENTED_EDGE('',*,*,#1065,.T.);
#358=ORIENTED_EDGE('',*,*,#1072,.F.);
#359=ORIENTED_EDGE('',*,*,#1067,.T.);
#360=ORIENTED_EDGE('',*,*,#1073,.T.);
#361=ORIENTED_EDGE('',*,*,#1062,.T.);
#362=ORIENTED_EDGE('',*,*,#1074,.T.);
#363=ORIENTED_EDGE('',*,*,#1042,.F.);
#364=ORIENTED_EDGE('',*,*,#1045,.F.);
#365=ORIENTED_EDGE('',*,*,#1048,.F.);
#366=ORIENTED_EDGE('',*,*,#1054,.F.);
#367=ORIENTED_EDGE('',*,*,#1061,.T.);
#368=ORIENTED_EDGE('',*,*,#1072,.T.);
#369=ORIENTED_EDGE('',*,*,#1064,.T.);
#370=ORIENTED_EDGE('',*,*,#880,.T.);
#371=ORIENTED_EDGE('',*,*,#838,.T.);
#372=ORIENTED_EDGE('',*,*,#921,.T.);
#373=ORIENTED_EDGE('',*,*,#1068,.T.);
#374=ORIENTED_EDGE('',*,*,#1074,.F.);
#375=ORIENTED_EDGE('',*,*,#1032,.F.);
#376=ORIENTED_EDGE('',*,*,#1035,.F.);
#377=ORIENTED_EDGE('',*,*,#1038,.F.);
#378=ORIENTED_EDGE('',*,*,#1052,.F.);
#379=ORIENTED_EDGE('',*,*,#923,.T.);
#380=ORIENTED_EDGE('',*,*,#846,.T.);
#381=ORIENTED_EDGE('',*,*,#902,.T.);
#382=ORIENTED_EDGE('',*,*,#837,.T.);
#383=ORIENTED_EDGE('',*,*,#1022,.F.);
#384=ORIENTED_EDGE('',*,*,#1025,.F.);
#385=ORIENTED_EDGE('',*,*,#1028,.F.);
#386=ORIENTED_EDGE('',*,*,#1050,.F.);
#387=ORIENTED_EDGE('',*,*,#933,.T.);
#388=ORIENTED_EDGE('',*,*,#829,.T.);
#389=ORIENTED_EDGE('',*,*,#900,.T.);
#390=ORIENTED_EDGE('',*,*,#1070,.T.);
#391=ORIENTED_EDGE('',*,*,#1075,.F.);
#392=ORIENTED_EDGE('',*,*,#1055,.T.);
#393=ORIENTED_EDGE('',*,*,#1076,.T.);
#394=ORIENTED_EDGE('',*,*,#1077,.T.);
#395=ORIENTED_EDGE('',*,*,#1078,.F.);
#396=ORIENTED_EDGE('',*,*,#1056,.T.);
#397=ORIENTED_EDGE('',*,*,#1075,.T.);
#398=ORIENTED_EDGE('',*,*,#1079,.T.);
#399=ORIENTED_EDGE('',*,*,#1080,.F.);
#400=ORIENTED_EDGE('',*,*,#1057,.T.);
#401=ORIENTED_EDGE('',*,*,#1078,.T.);
#402=ORIENTED_EDGE('',*,*,#1081,.T.);
#403=ORIENTED_EDGE('',*,*,#1076,.F.);
#404=ORIENTED_EDGE('',*,*,#1058,.T.);
#405=ORIENTED_EDGE('',*,*,#1080,.T.);
#406=ORIENTED_EDGE('',*,*,#1082,.T.);
#407=ORIENTED_EDGE('',*,*,#1077,.F.);
#408=ORIENTED_EDGE('',*,*,#1082,.F.);
#409=ORIENTED_EDGE('',*,*,#1081,.F.);
#410=ORIENTED_EDGE('',*,*,#1079,.F.);
#411=ORIENTED_EDGE('',*,*,#1083,.T.);
#412=ORIENTED_EDGE('',*,*,#987,.F.);
#413=ORIENTED_EDGE('',*,*,#882,.T.);
#414=ORIENTED_EDGE('',*,*,#1063,.T.);
#415=ORIENTED_EDGE('',*,*,#1071,.F.);
#416=ORIENTED_EDGE('',*,*,#1059,.T.);
#417=ORIENTED_EDGE('',*,*,#1073,.F.);
#418=ORIENTED_EDGE('',*,*,#1066,.T.);
#419=ORIENTED_EDGE('',*,*,#919,.T.);
#420=ORIENTED_EDGE('',*,*,#990,.F.);
#421=ORIENTED_EDGE('',*,*,#1084,.F.);
#422=ORIENTED_EDGE('',*,*,#1001,.T.);
#423=ORIENTED_EDGE('',*,*,#915,.T.);
#424=ORIENTED_EDGE('',*,*,#998,.F.);
#425=ORIENTED_EDGE('',*,*,#1085,.F.);
#426=ORIENTED_EDGE('',*,*,#860,.F.);
#427=ORIENTED_EDGE('',*,*,#1086,.T.);
#428=ORIENTED_EDGE('',*,*,#995,.F.);
#429=ORIENTED_EDGE('',*,*,#886,.T.);
#430=ORIENTED_EDGE('',*,*,#1000,.T.);
#431=ORIENTED_EDGE('',*,*,#1053,.F.);
#432=ORIENTED_EDGE('',*,*,#1046,.F.);
#433=ORIENTED_EDGE('',*,*,#1043,.F.);
#434=ORIENTED_EDGE('',*,*,#1040,.F.);
#435=ORIENTED_EDGE('',*,*,#1069,.T.);
#436=ORIENTED_EDGE('',*,*,#898,.T.);
#437=ORIENTED_EDGE('',*,*,#992,.T.);
#438=ORIENTED_EDGE('',*,*,#1087,.T.);
#439=ORIENTED_EDGE('',*,*,#1011,.F.);
#440=ORIENTED_EDGE('',*,*,#894,.T.);
#441=ORIENTED_EDGE('',*,*,#1016,.T.);
#442=ORIENTED_EDGE('',*,*,#1088,.T.);
#443=ORIENTED_EDGE('',*,*,#871,.F.);
#444=ORIENTED_EDGE('',*,*,#1089,.F.);
#445=ORIENTED_EDGE('',*,*,#1017,.T.);
#446=ORIENTED_EDGE('',*,*,#939,.T.);
#447=ORIENTED_EDGE('',*,*,#1014,.F.);
#448=ORIENTED_EDGE('',*,*,#1090,.F.);
#449=ORIENTED_EDGE('',*,*,#993,.T.);
#450=ORIENTED_EDGE('',*,*,#935,.T.);
#451=ORIENTED_EDGE('',*,*,#1049,.F.);
#452=ORIENTED_EDGE('',*,*,#1026,.F.);
#453=ORIENTED_EDGE('',*,*,#1023,.F.);
#454=ORIENTED_EDGE('',*,*,#1020,.F.);
#455=ORIENTED_EDGE('',*,*,#1091,.T.);
#456=ORIENTED_EDGE('',*,*,#1007,.F.);
#457=ORIENTED_EDGE('',*,*,#907,.T.);
#458=ORIENTED_EDGE('',*,*,#1004,.T.);
#459=ORIENTED_EDGE('',*,*,#1092,.T.);
#460=ORIENTED_EDGE('',*,*,#856,.F.);
#461=ORIENTED_EDGE('',*,*,#1093,.F.);
#462=ORIENTED_EDGE('',*,*,#1005,.T.);
#463=ORIENTED_EDGE('',*,*,#928,.T.);
#464=ORIENTED_EDGE('',*,*,#1010,.F.);
#465=ORIENTED_EDGE('',*,*,#1094,.F.);
#466=ORIENTED_EDGE('',*,*,#875,.F.);
#467=ORIENTED_EDGE('',*,*,#1051,.F.);
#468=ORIENTED_EDGE('',*,*,#1036,.F.);
#469=ORIENTED_EDGE('',*,*,#1033,.F.);
#470=ORIENTED_EDGE('',*,*,#1030,.F.);
#471=ORIENTED_EDGE('',*,*,#964,.T.);
#472=ORIENTED_EDGE('',*,*,#1018,.F.);
#473=ORIENTED_EDGE('',*,*,#1089,.T.);
#474=ORIENTED_EDGE('',*,*,#984,.F.);
#475=ORIENTED_EDGE('',*,*,#1088,.F.);
#476=ORIENTED_EDGE('',*,*,#1015,.F.);
#477=ORIENTED_EDGE('',*,*,#961,.T.);
#478=ORIENTED_EDGE('',*,*,#983,.F.);
#479=ORIENTED_EDGE('',*,*,#1090,.T.);
#480=ORIENTED_EDGE('',*,*,#1013,.F.);
#481=ORIENTED_EDGE('',*,*,#958,.T.);
#482=ORIENTED_EDGE('',*,*,#994,.F.);
#483=ORIENTED_EDGE('',*,*,#955,.T.);
#484=ORIENTED_EDGE('',*,*,#1012,.F.);
#485=ORIENTED_EDGE('',*,*,#1087,.F.);
#486=ORIENTED_EDGE('',*,*,#991,.F.);
#487=ORIENTED_EDGE('',*,*,#1094,.T.);
#488=ORIENTED_EDGE('',*,*,#1009,.F.);
#489=ORIENTED_EDGE('',*,*,#970,.T.);
#490=ORIENTED_EDGE('',*,*,#986,.F.);
#491=ORIENTED_EDGE('',*,*,#967,.T.);
#492=ORIENTED_EDGE('',*,*,#1008,.F.);
#493=ORIENTED_EDGE('',*,*,#1091,.F.);
#494=ORIENTED_EDGE('',*,*,#985,.F.);
#495=ORIENTED_EDGE('',*,*,#976,.T.);
#496=ORIENTED_EDGE('',*,*,#1006,.F.);
#497=ORIENTED_EDGE('',*,*,#1093,.T.);
#498=ORIENTED_EDGE('',*,*,#980,.F.);
#499=ORIENTED_EDGE('',*,*,#1092,.F.);
#500=ORIENTED_EDGE('',*,*,#1003,.F.);
#501=ORIENTED_EDGE('',*,*,#973,.T.);
#502=ORIENTED_EDGE('',*,*,#979,.F.);
#503=ORIENTED_EDGE('',*,*,#946,.T.);
#504=ORIENTED_EDGE('',*,*,#1002,.F.);
#505=ORIENTED_EDGE('',*,*,#1084,.T.);
#506=ORIENTED_EDGE('',*,*,#989,.F.);
#507=ORIENTED_EDGE('',*,*,#1083,.F.);
#508=ORIENTED_EDGE('',*,*,#999,.F.);
#509=ORIENTED_EDGE('',*,*,#943,.T.);
#510=ORIENTED_EDGE('',*,*,#988,.F.);
#511=ORIENTED_EDGE('',*,*,#949,.T.);
#512=ORIENTED_EDGE('',*,*,#996,.F.);
#513=ORIENTED_EDGE('',*,*,#1086,.F.);
#514=ORIENTED_EDGE('',*,*,#981,.F.);
#515=ORIENTED_EDGE('',*,*,#1085,.T.);
#516=ORIENTED_EDGE('',*,*,#997,.F.);
#517=ORIENTED_EDGE('',*,*,#952,.T.);
#518=ORIENTED_EDGE('',*,*,#982,.F.);
#519=ORIENTED_EDGE('',*,*,#1095,.T.);
#520=ORIENTED_EDGE('',*,*,#868,.F.);
#521=ORIENTED_EDGE('',*,*,#878,.F.);
#522=ORIENTED_EDGE('',*,*,#1096,.F.);
#523=ORIENTED_EDGE('',*,*,#835,.F.);
#524=ORIENTED_EDGE('',*,*,#831,.F.);
#525=ORIENTED_EDGE('',*,*,#1096,.T.);
#526=ORIENTED_EDGE('',*,*,#877,.F.);
#527=ORIENTED_EDGE('',*,*,#924,.F.);
#528=ORIENTED_EDGE('',*,*,#836,.F.);
#529=ORIENTED_EDGE('',*,*,#932,.T.);
#530=ORIENTED_EDGE('',*,*,#869,.F.);
#531=ORIENTED_EDGE('',*,*,#1095,.F.);
#532=ORIENTED_EDGE('',*,*,#830,.F.);
#533=ORIENTED_EDGE('',*,*,#1097,.T.);
#534=ORIENTED_EDGE('',*,*,#862,.F.);
#535=ORIENTED_EDGE('',*,*,#911,.F.);
#536=ORIENTED_EDGE('',*,*,#843,.F.);
#537=ORIENTED_EDGE('',*,*,#848,.F.);
#538=ORIENTED_EDGE('',*,*,#1098,.T.);
#539=ORIENTED_EDGE('',*,*,#853,.F.);
#540=ORIENTED_EDGE('',*,*,#863,.F.);
#541=ORIENTED_EDGE('',*,*,#1097,.F.);
#542=ORIENTED_EDGE('',*,*,#842,.F.);
#543=ORIENTED_EDGE('',*,*,#922,.T.);
#544=ORIENTED_EDGE('',*,*,#854,.F.);
#545=ORIENTED_EDGE('',*,*,#1098,.F.);
#546=ORIENTED_EDGE('',*,*,#847,.F.);
#547=ORIENTED_EDGE('',*,*,#1099,.T.);
#548=ORIENTED_EDGE('',*,*,#850,.F.);
#549=ORIENTED_EDGE('',*,*,#903,.F.);
#550=ORIENTED_EDGE('',*,*,#845,.F.);
#551=ORIENTED_EDGE('',*,*,#879,.T.);
#552=ORIENTED_EDGE('',*,*,#858,.F.);
#553=ORIENTED_EDGE('',*,*,#1100,.F.);
#554=ORIENTED_EDGE('',*,*,#839,.F.);
#555=ORIENTED_EDGE('',*,*,#1100,.T.);
#556=ORIENTED_EDGE('',*,*,#857,.F.);
#557=ORIENTED_EDGE('',*,*,#851,.F.);
#558=ORIENTED_EDGE('',*,*,#1099,.F.);
#559=ORIENTED_EDGE('',*,*,#844,.F.);
#560=ORIENTED_EDGE('',*,*,#840,.F.);
#561=ORIENTED_EDGE('',*,*,#1101,.T.);
#562=ORIENTED_EDGE('',*,*,#865,.F.);
#563=ORIENTED_EDGE('',*,*,#890,.F.);
#564=ORIENTED_EDGE('',*,*,#828,.F.);
#565=ORIENTED_EDGE('',*,*,#834,.F.);
#566=ORIENTED_EDGE('',*,*,#1102,.T.);
#567=ORIENTED_EDGE('',*,*,#872,.F.);
#568=ORIENTED_EDGE('',*,*,#866,.F.);
#569=ORIENTED_EDGE('',*,*,#1101,.F.);
#570=ORIENTED_EDGE('',*,*,#827,.F.);
#571=ORIENTED_EDGE('',*,*,#901,.T.);
#572=ORIENTED_EDGE('',*,*,#873,.F.);
#573=ORIENTED_EDGE('',*,*,#1102,.F.);
#574=ORIENTED_EDGE('',*,*,#833,.F.);
#575=ORIENTED_EDGE('',*,*,#1103,.T.);
#576=ORIENTED_EDGE('',*,*,#1104,.T.);
#577=ORIENTED_EDGE('',*,*,#1105,.F.);
#578=ORIENTED_EDGE('',*,*,#1106,.F.);
#579=ORIENTED_EDGE('',*,*,#1107,.F.);
#580=ORIENTED_EDGE('',*,*,#1108,.F.);
#581=ORIENTED_EDGE('',*,*,#1109,.T.);
#582=ORIENTED_EDGE('',*,*,#1110,.T.);
#583=ORIENTED_EDGE('',*,*,#1111,.F.);
#584=ORIENTED_EDGE('',*,*,#1112,.F.);
#585=ORIENTED_EDGE('',*,*,#1113,.T.);
#586=ORIENTED_EDGE('',*,*,#1114,.T.);
#587=ORIENTED_EDGE('',*,*,#1115,.F.);
#588=ORIENTED_EDGE('',*,*,#1116,.F.);
#589=ORIENTED_EDGE('',*,*,#1117,.F.);
#590=ORIENTED_EDGE('',*,*,#1118,.F.);
#591=ORIENTED_EDGE('',*,*,#1119,.F.);
#592=ORIENTED_EDGE('',*,*,#1104,.F.);
#593=ORIENTED_EDGE('',*,*,#1120,.F.);
#594=ORIENTED_EDGE('',*,*,#1110,.F.);
#595=ORIENTED_EDGE('',*,*,#1121,.F.);
#596=ORIENTED_EDGE('',*,*,#1122,.F.);
#597=ORIENTED_EDGE('',*,*,#1123,.F.);
#598=ORIENTED_EDGE('',*,*,#1124,.F.);
#599=ORIENTED_EDGE('',*,*,#1125,.F.);
#600=ORIENTED_EDGE('',*,*,#1114,.F.);
#601=ORIENTED_EDGE('',*,*,#1126,.F.);
#602=ORIENTED_EDGE('',*,*,#1127,.F.);
#603=ORIENTED_EDGE('',*,*,#1128,.F.);
#604=ORIENTED_EDGE('',*,*,#1129,.F.);
#605=ORIENTED_EDGE('',*,*,#1130,.T.);
#606=ORIENTED_EDGE('',*,*,#1131,.T.);
#607=ORIENTED_EDGE('',*,*,#1106,.T.);
#608=ORIENTED_EDGE('',*,*,#1132,.T.);
#609=ORIENTED_EDGE('',*,*,#1133,.T.);
#610=ORIENTED_EDGE('',*,*,#1134,.T.);
#611=ORIENTED_EDGE('',*,*,#1108,.T.);
#612=ORIENTED_EDGE('',*,*,#1135,.T.);
#613=ORIENTED_EDGE('',*,*,#1136,.T.);
#614=ORIENTED_EDGE('',*,*,#1137,.T.);
#615=ORIENTED_EDGE('',*,*,#1138,.T.);
#616=ORIENTED_EDGE('',*,*,#1139,.T.);
#617=ORIENTED_EDGE('',*,*,#1112,.T.);
#618=ORIENTED_EDGE('',*,*,#1140,.T.);
#619=ORIENTED_EDGE('',*,*,#1141,.T.);
#620=ORIENTED_EDGE('',*,*,#1142,.T.);
#621=ORIENTED_EDGE('',*,*,#1143,.T.);
#622=ORIENTED_EDGE('',*,*,#1144,.T.);
#623=ORIENTED_EDGE('',*,*,#1145,.F.);
#624=ORIENTED_EDGE('',*,*,#1124,.T.);
#625=ORIENTED_EDGE('',*,*,#1146,.F.);
#626=ORIENTED_EDGE('',*,*,#1136,.F.);
#627=ORIENTED_EDGE('',*,*,#1147,.F.);
#628=ORIENTED_EDGE('',*,*,#1130,.F.);
#629=ORIENTED_EDGE('',*,*,#1148,.F.);
#630=ORIENTED_EDGE('',*,*,#1116,.T.);
#631=ORIENTED_EDGE('',*,*,#1127,.T.);
#632=ORIENTED_EDGE('',*,*,#1149,.F.);
#633=ORIENTED_EDGE('',*,*,#1143,.F.);
#634=ORIENTED_EDGE('',*,*,#1150,.T.);
#635=ORIENTED_EDGE('',*,*,#1133,.F.);
#636=ORIENTED_EDGE('',*,*,#1151,.T.);
#637=ORIENTED_EDGE('',*,*,#1118,.T.);
#638=ORIENTED_EDGE('',*,*,#1152,.F.);
#639=ORIENTED_EDGE('',*,*,#1122,.T.);
#640=ORIENTED_EDGE('',*,*,#1153,.F.);
#641=ORIENTED_EDGE('',*,*,#1138,.F.);
#642=ORIENTED_EDGE('',*,*,#1154,.T.);
#643=ORIENTED_EDGE('',*,*,#1141,.F.);
#644=ORIENTED_EDGE('',*,*,#1155,.T.);
#645=ORIENTED_EDGE('',*,*,#1129,.T.);
#646=ORIENTED_EDGE('',*,*,#1156,.F.);
#647=ORIENTED_EDGE('',*,*,#1157,.F.);
#648=ORIENTED_EDGE('',*,*,#1158,.F.);
#649=ORIENTED_EDGE('',*,*,#1159,.T.);
#650=ORIENTED_EDGE('',*,*,#1160,.T.);
#651=ORIENTED_EDGE('',*,*,#1161,.F.);
#652=ORIENTED_EDGE('',*,*,#1162,.F.);
#653=ORIENTED_EDGE('',*,*,#1163,.T.);
#654=ORIENTED_EDGE('',*,*,#1164,.T.);
#655=ORIENTED_EDGE('',*,*,#1165,.F.);
#656=ORIENTED_EDGE('',*,*,#1166,.F.);
#657=ORIENTED_EDGE('',*,*,#1167,.T.);
#658=ORIENTED_EDGE('',*,*,#1168,.T.);
#659=ORIENTED_EDGE('',*,*,#1169,.T.);
#660=ORIENTED_EDGE('',*,*,#1170,.T.);
#661=ORIENTED_EDGE('',*,*,#1171,.F.);
#662=ORIENTED_EDGE('',*,*,#1172,.F.);
#663=ORIENTED_EDGE('',*,*,#1173,.F.);
#664=ORIENTED_EDGE('',*,*,#1174,.F.);
#665=ORIENTED_EDGE('',*,*,#1175,.F.);
#666=ORIENTED_EDGE('',*,*,#1176,.T.);
#667=ORIENTED_EDGE('',*,*,#1177,.T.);
#668=ORIENTED_EDGE('',*,*,#1178,.F.);
#669=ORIENTED_EDGE('',*,*,#1179,.F.);
#670=ORIENTED_EDGE('',*,*,#1180,.T.);
#671=ORIENTED_EDGE('',*,*,#1181,.F.);
#672=ORIENTED_EDGE('',*,*,#1182,.T.);
#673=ORIENTED_EDGE('',*,*,#1183,.T.);
#674=ORIENTED_EDGE('',*,*,#1184,.F.);
#675=ORIENTED_EDGE('',*,*,#1185,.F.);
#676=ORIENTED_EDGE('',*,*,#1186,.T.);
#677=ORIENTED_EDGE('',*,*,#1187,.T.);
#678=ORIENTED_EDGE('',*,*,#1188,.F.);
#679=ORIENTED_EDGE('',*,*,#1189,.T.);
#680=ORIENTED_EDGE('',*,*,#1190,.F.);
#681=ORIENTED_EDGE('',*,*,#1191,.F.);
#682=ORIENTED_EDGE('',*,*,#1192,.T.);
#683=ORIENTED_EDGE('',*,*,#1193,.T.);
#684=ORIENTED_EDGE('',*,*,#1194,.T.);
#685=ORIENTED_EDGE('',*,*,#1160,.F.);
#686=ORIENTED_EDGE('',*,*,#1195,.T.);
#687=ORIENTED_EDGE('',*,*,#1158,.T.);
#688=ORIENTED_EDGE('',*,*,#1196,.T.);
#689=ORIENTED_EDGE('',*,*,#1197,.F.);
#690=ORIENTED_EDGE('',*,*,#1198,.T.);
#691=ORIENTED_EDGE('',*,*,#1199,.T.);
#692=ORIENTED_EDGE('',*,*,#1200,.T.);
#693=ORIENTED_EDGE('',*,*,#1164,.F.);
#694=ORIENTED_EDGE('',*,*,#1201,.T.);
#695=ORIENTED_EDGE('',*,*,#1162,.T.);
#696=ORIENTED_EDGE('',*,*,#1202,.T.);
#697=ORIENTED_EDGE('',*,*,#1203,.F.);
#698=ORIENTED_EDGE('',*,*,#1204,.T.);
#699=ORIENTED_EDGE('',*,*,#1205,.T.);
#700=ORIENTED_EDGE('',*,*,#1206,.T.);
#701=ORIENTED_EDGE('',*,*,#1168,.F.);
#702=ORIENTED_EDGE('',*,*,#1207,.T.);
#703=ORIENTED_EDGE('',*,*,#1166,.T.);
#704=ORIENTED_EDGE('',*,*,#1208,.T.);
#705=ORIENTED_EDGE('',*,*,#1209,.F.);
#706=ORIENTED_EDGE('',*,*,#1210,.T.);
#707=ORIENTED_EDGE('',*,*,#1191,.T.);
#708=ORIENTED_EDGE('',*,*,#1197,.T.);
#709=ORIENTED_EDGE('',*,*,#1172,.T.);
#710=ORIENTED_EDGE('',*,*,#1211,.T.);
#711=ORIENTED_EDGE('',*,*,#1179,.T.);
#712=ORIENTED_EDGE('',*,*,#1203,.T.);
#713=ORIENTED_EDGE('',*,*,#1185,.T.);
#714=ORIENTED_EDGE('',*,*,#1212,.T.);
#715=ORIENTED_EDGE('',*,*,#1174,.T.);
#716=ORIENTED_EDGE('',*,*,#1209,.T.);
#717=ORIENTED_EDGE('',*,*,#1181,.T.);
#718=ORIENTED_EDGE('',*,*,#1213,.T.);
#719=ORIENTED_EDGE('',*,*,#1193,.F.);
#720=ORIENTED_EDGE('',*,*,#1189,.F.);
#721=ORIENTED_EDGE('',*,*,#1214,.F.);
#722=ORIENTED_EDGE('',*,*,#1170,.F.);
#723=ORIENTED_EDGE('',*,*,#1199,.F.);
#724=ORIENTED_EDGE('',*,*,#1177,.F.);
#725=ORIENTED_EDGE('',*,*,#1215,.F.);
#726=ORIENTED_EDGE('',*,*,#1187,.F.);
#727=ORIENTED_EDGE('',*,*,#1205,.F.);
#728=ORIENTED_EDGE('',*,*,#1176,.F.);
#729=ORIENTED_EDGE('',*,*,#1216,.F.);
#730=ORIENTED_EDGE('',*,*,#1183,.F.);
#731=ORIENTED_EDGE('',*,*,#1192,.F.);
#732=ORIENTED_EDGE('',*,*,#1211,.F.);
#733=ORIENTED_EDGE('',*,*,#1171,.T.);
#734=ORIENTED_EDGE('',*,*,#1214,.T.);
#735=ORIENTED_EDGE('',*,*,#1180,.F.);
#736=ORIENTED_EDGE('',*,*,#1212,.F.);
#737=ORIENTED_EDGE('',*,*,#1188,.T.);
#738=ORIENTED_EDGE('',*,*,#1215,.T.);
#739=ORIENTED_EDGE('',*,*,#1213,.F.);
#740=ORIENTED_EDGE('',*,*,#1184,.T.);
#741=ORIENTED_EDGE('',*,*,#1216,.T.);
#742=ORIENTED_EDGE('',*,*,#1175,.T.);
#743=ORIENTED_EDGE('',*,*,#1217,.T.);
#744=ORIENTED_EDGE('',*,*,#1218,.T.);
#745=ORIENTED_EDGE('',*,*,#1219,.F.);
#746=ORIENTED_EDGE('',*,*,#1220,.F.);
#747=ORIENTED_EDGE('',*,*,#1221,.T.);
#748=ORIENTED_EDGE('',*,*,#1222,.F.);
#749=ORIENTED_EDGE('',*,*,#1223,.F.);
#750=ORIENTED_EDGE('',*,*,#1219,.T.);
#751=ORIENTED_EDGE('',*,*,#1134,.F.);
#752=ORIENTED_EDGE('',*,*,#1152,.T.);
#753=ORIENTED_EDGE('',*,*,#1117,.T.);
#754=ORIENTED_EDGE('',*,*,#1148,.T.);
#755=ORIENTED_EDGE('',*,*,#1123,.T.);
#756=ORIENTED_EDGE('',*,*,#1154,.F.);
#757=ORIENTED_EDGE('',*,*,#1137,.F.);
#758=ORIENTED_EDGE('',*,*,#1146,.T.);
#759=ORIENTED_EDGE('',*,*,#1142,.F.);
#760=ORIENTED_EDGE('',*,*,#1156,.T.);
#761=ORIENTED_EDGE('',*,*,#1128,.T.);
#762=ORIENTED_EDGE('',*,*,#1150,.F.);
#763=ORIENTED_EDGE('',*,*,#1224,.T.);
#764=ORIENTED_EDGE('',*,*,#1225,.F.);
#765=ORIENTED_EDGE('',*,*,#1226,.F.);
#766=ORIENTED_EDGE('',*,*,#1222,.T.);
#767=ORIENTED_EDGE('',*,*,#1227,.T.);
#768=ORIENTED_EDGE('',*,*,#1217,.F.);
#769=ORIENTED_EDGE('',*,*,#1228,.F.);
#770=ORIENTED_EDGE('',*,*,#1225,.T.);
#771=ORIENTED_EDGE('',*,*,#1220,.T.);
#772=ORIENTED_EDGE('',*,*,#1223,.T.);
#773=ORIENTED_EDGE('',*,*,#1226,.T.);
#774=ORIENTED_EDGE('',*,*,#1228,.T.);
#775=ORIENTED_EDGE('',*,*,#1218,.F.);
#776=ORIENTED_EDGE('',*,*,#1227,.F.);
#777=ORIENTED_EDGE('',*,*,#1224,.F.);
#778=ORIENTED_EDGE('',*,*,#1221,.F.);
#779=ORIENTED_EDGE('',*,*,#1167,.F.);
#780=ORIENTED_EDGE('',*,*,#1210,.F.);
#781=ORIENTED_EDGE('',*,*,#1173,.T.);
#782=ORIENTED_EDGE('',*,*,#1207,.F.);
#783=ORIENTED_EDGE('',*,*,#1182,.F.);
#784=ORIENTED_EDGE('',*,*,#1208,.F.);
#785=ORIENTED_EDGE('',*,*,#1165,.T.);
#786=ORIENTED_EDGE('',*,*,#1206,.F.);
#787=ORIENTED_EDGE('',*,*,#1163,.F.);
#788=ORIENTED_EDGE('',*,*,#1204,.F.);
#789=ORIENTED_EDGE('',*,*,#1178,.T.);
#790=ORIENTED_EDGE('',*,*,#1201,.F.);
#791=ORIENTED_EDGE('',*,*,#1186,.F.);
#792=ORIENTED_EDGE('',*,*,#1202,.F.);
#793=ORIENTED_EDGE('',*,*,#1161,.T.);
#794=ORIENTED_EDGE('',*,*,#1200,.F.);
#795=ORIENTED_EDGE('',*,*,#1159,.F.);
#796=ORIENTED_EDGE('',*,*,#1198,.F.);
#797=ORIENTED_EDGE('',*,*,#1190,.T.);
#798=ORIENTED_EDGE('',*,*,#1195,.F.);
#799=ORIENTED_EDGE('',*,*,#1169,.F.);
#800=ORIENTED_EDGE('',*,*,#1196,.F.);
#801=ORIENTED_EDGE('',*,*,#1157,.T.);
#802=ORIENTED_EDGE('',*,*,#1194,.F.);
#803=ORIENTED_EDGE('',*,*,#1125,.T.);
#804=ORIENTED_EDGE('',*,*,#1155,.F.);
#805=ORIENTED_EDGE('',*,*,#1140,.F.);
#806=ORIENTED_EDGE('',*,*,#1111,.T.);
#807=ORIENTED_EDGE('',*,*,#1121,.T.);
#808=ORIENTED_EDGE('',*,*,#1109,.F.);
#809=ORIENTED_EDGE('',*,*,#1139,.F.);
#810=ORIENTED_EDGE('',*,*,#1153,.T.);
#811=ORIENTED_EDGE('',*,*,#1119,.T.);
#812=ORIENTED_EDGE('',*,*,#1151,.F.);
#813=ORIENTED_EDGE('',*,*,#1132,.F.);
#814=ORIENTED_EDGE('',*,*,#1105,.T.);
#815=ORIENTED_EDGE('',*,*,#1126,.T.);
#816=ORIENTED_EDGE('',*,*,#1113,.F.);
#817=ORIENTED_EDGE('',*,*,#1144,.F.);
#818=ORIENTED_EDGE('',*,*,#1149,.T.);
#819=ORIENTED_EDGE('',*,*,#1115,.T.);
#820=ORIENTED_EDGE('',*,*,#1103,.F.);
#821=ORIENTED_EDGE('',*,*,#1131,.F.);
#822=ORIENTED_EDGE('',*,*,#1147,.T.);
#823=ORIENTED_EDGE('',*,*,#1120,.T.);
#824=ORIENTED_EDGE('',*,*,#1145,.T.);
#825=ORIENTED_EDGE('',*,*,#1135,.F.);
#826=ORIENTED_EDGE('',*,*,#1107,.T.);
#827=EDGE_CURVE('',#1229,#1230,#1485,.T.);
#828=EDGE_CURVE('',#1230,#1231,#1486,.T.);
#829=EDGE_CURVE('',#1232,#1231,#1487,.T.);
#830=EDGE_CURVE('',#1232,#1233,#1488,.T.);
#831=EDGE_CURVE('',#1233,#1234,#1489,.T.);
#832=EDGE_CURVE('',#1229,#1234,#1490,.T.);
#833=EDGE_CURVE('',#1235,#1236,#1491,.T.);
#834=EDGE_CURVE('',#1236,#1229,#1492,.T.);
#835=EDGE_CURVE('',#1234,#1237,#1493,.T.);
#836=EDGE_CURVE('',#1237,#1238,#1494,.T.);
#837=EDGE_CURVE('',#1235,#1238,#1495,.T.);
#838=EDGE_CURVE('',#1239,#1240,#1496,.T.);
#839=EDGE_CURVE('',#1239,#1241,#1497,.T.);
#840=EDGE_CURVE('',#1241,#1242,#1498,.T.);
#841=EDGE_CURVE('',#1242,#1243,#1499,.T.);
#842=EDGE_CURVE('',#1243,#1244,#1500,.T.);
#843=EDGE_CURVE('',#1244,#1240,#1501,.T.);
#844=EDGE_CURVE('',#1242,#1245,#1502,.T.);
#845=EDGE_CURVE('',#1245,#1246,#1503,.T.);
#846=EDGE_CURVE('',#1247,#1246,#1504,.T.);
#847=EDGE_CURVE('',#1247,#1248,#1505,.T.);
#848=EDGE_CURVE('',#1248,#1243,#1506,.T.);
#849=EDGE_CURVE('',#1249,#1250,#1507,.T.);
#850=EDGE_CURVE('',#1249,#1251,#1508,.T.);
#851=EDGE_CURVE('',#1251,#1252,#1509,.T.);
#852=EDGE_CURVE('',#1252,#1253,#1510,.T.);
#853=EDGE_CURVE('',#1253,#1254,#1511,.T.);
#854=EDGE_CURVE('',#1254,#1255,#1512,.T.);
#855=EDGE_CURVE('',#1256,#1255,#1513,.T.);
#856=EDGE_CURVE('',#1256,#1250,#1514,.T.);
#857=EDGE_CURVE('',#1252,#1257,#1515,.T.);
#858=EDGE_CURVE('',#1257,#1258,#1516,.T.);
#859=EDGE_CURVE('',#1258,#1259,#1517,.T.);
#860=EDGE_CURVE('',#1259,#1260,#1518,.T.);
#861=EDGE_CURVE('',#1260,#1261,#1519,.T.);
#862=EDGE_CURVE('',#1261,#1262,#1520,.T.);
#863=EDGE_CURVE('',#1262,#1253,#1521,.T.);
#864=EDGE_CURVE('',#1263,#1264,#1522,.T.);
#865=EDGE_CURVE('',#1263,#1265,#1523,.T.);
#866=EDGE_CURVE('',#1265,#1266,#1524,.T.);
#867=EDGE_CURVE('',#1266,#1267,#1525,.T.);
#868=EDGE_CURVE('',#1267,#1268,#1526,.T.);
#869=EDGE_CURVE('',#1268,#1269,#1527,.T.);
#870=EDGE_CURVE('',#1270,#1269,#1528,.T.);
#871=EDGE_CURVE('',#1270,#1264,#1529,.T.);
#872=EDGE_CURVE('',#1266,#1271,#1530,.T.);
#873=EDGE_CURVE('',#1271,#1272,#1531,.T.);
#874=EDGE_CURVE('',#1272,#1273,#1532,.T.);
#875=EDGE_CURVE('',#1273,#1274,#1533,.T.);
#876=EDGE_CURVE('',#1274,#1275,#1534,.T.);
#877=EDGE_CURVE('',#1275,#1276,#1535,.T.);
#878=EDGE_CURVE('',#1276,#1267,#1536,.T.);
#879=EDGE_CURVE('',#1239,#1258,#1537,.T.);
#880=EDGE_CURVE('',#1277,#1239,#1538,.T.);
#881=EDGE_CURVE('',#1277,#1278,#1539,.T.);
#882=EDGE_CURVE('',#1279,#1278,#1540,.T.);
#883=EDGE_CURVE('',#1280,#1279,#1541,.T.);
#884=EDGE_CURVE('',#1280,#1281,#1542,.T.);
#885=EDGE_CURVE('',#1282,#1281,#1543,.T.);
#886=EDGE_CURVE('',#1283,#1282,#1544,.T.);
#887=EDGE_CURVE('',#1284,#1283,#1545,.T.);
#888=EDGE_CURVE('',#1284,#1285,#1546,.T.);
#889=EDGE_CURVE('',#1258,#1285,#1547,.T.);
#890=EDGE_CURVE('',#1231,#1263,#1548,.T.);
#891=EDGE_CURVE('',#1286,#1263,#1549,.T.);
#892=EDGE_CURVE('',#1286,#1287,#1550,.T.);
#893=EDGE_CURVE('',#1288,#1287,#1551,.T.);
#894=EDGE_CURVE('',#1289,#1288,#1552,.T.);
#895=EDGE_CURVE('',#1290,#1289,#1553,.T.);
#896=EDGE_CURVE('',#1290,#1291,#1554,.T.);
#897=EDGE_CURVE('',#1292,#1291,#1555,.T.);
#898=EDGE_CURVE('',#1293,#1292,#1556,.T.);
#899=EDGE_CURVE('',#1294,#1293,#1557,.T.);
#900=EDGE_CURVE('',#1231,#1294,#1558,.T.);
#901=EDGE_CURVE('',#1235,#1272,#1559,.T.);
#902=EDGE_CURVE('',#1246,#1235,#1560,.T.);
#903=EDGE_CURVE('',#1246,#1249,#1561,.T.);
#904=EDGE_CURVE('',#1295,#1249,#1562,.T.);
#905=EDGE_CURVE('',#1295,#1296,#1563,.T.);
#906=EDGE_CURVE('',#1297,#1296,#1564,.T.);
#907=EDGE_CURVE('',#1298,#1297,#1565,.T.);
#908=EDGE_CURVE('',#1299,#1298,#1566,.T.);
#909=EDGE_CURVE('',#1299,#1300,#1567,.T.);
#910=EDGE_CURVE('',#1272,#1300,#1568,.T.);
#911=EDGE_CURVE('',#1240,#1261,#1569,.T.);
#912=EDGE_CURVE('',#1301,#1261,#1570,.T.);
#913=EDGE_CURVE('',#1301,#1302,#1571,.T.);
#914=EDGE_CURVE('',#1303,#1302,#1572,.T.);
#915=EDGE_CURVE('',#1304,#1303,#1573,.T.);
#916=EDGE_CURVE('',#1305,#1304,#1574,.T.);
#917=EDGE_CURVE('',#1305,#1306,#1575,.T.);
#918=EDGE_CURVE('',#1307,#1306,#1576,.T.);
#919=EDGE_CURVE('',#1308,#1307,#1577,.T.);
#920=EDGE_CURVE('',#1309,#1308,#1578,.T.);
#921=EDGE_CURVE('',#1240,#1309,#1579,.T.);
#922=EDGE_CURVE('',#1247,#1255,#1580,.T.);
#923=EDGE_CURVE('',#1238,#1247,#1581,.T.);
#924=EDGE_CURVE('',#1238,#1275,#1582,.T.);
#925=EDGE_CURVE('',#1310,#1275,#1583,.T.);
#926=EDGE_CURVE('',#1310,#1311,#1584,.T.);
#927=EDGE_CURVE('',#1312,#1311,#1585,.T.);
#928=EDGE_CURVE('',#1313,#1312,#1586,.T.);
#929=EDGE_CURVE('',#1314,#1313,#1587,.T.);
#930=EDGE_CURVE('',#1314,#1315,#1588,.T.);
#931=EDGE_CURVE('',#1255,#1315,#1589,.T.);
#932=EDGE_CURVE('',#1232,#1269,#1590,.T.);
#933=EDGE_CURVE('',#1316,#1232,#1591,.T.);
#934=EDGE_CURVE('',#1316,#1317,#1592,.T.);
#935=EDGE_CURVE('',#1318,#1317,#1593,.T.);
#936=EDGE_CURVE('',#1319,#1318,#1594,.T.);
#937=EDGE_CURVE('',#1319,#1320,#1595,.T.);
#938=EDGE_CURVE('',#1321,#1320,#1596,.T.);
#939=EDGE_CURVE('',#1322,#1321,#1597,.T.);
#940=EDGE_CURVE('',#1323,#1322,#1598,.T.);
#941=EDGE_CURVE('',#1323,#1324,#1599,.T.);
#942=EDGE_CURVE('',#1269,#1324,#1600,.T.);
#943=EDGE_CURVE('',#1325,#1326,#1601,.T.);
#944=EDGE_CURVE('',#1281,#1325,#1602,.T.);
#945=EDGE_CURVE('',#1280,#1326,#1603,.T.);
#946=EDGE_CURVE('',#1327,#1328,#1604,.T.);
#947=EDGE_CURVE('',#1327,#1306,#1605,.T.);
#948=EDGE_CURVE('',#1328,#1305,#1606,.T.);
#949=EDGE_CURVE('',#1329,#1330,#1607,.T.);
#950=EDGE_CURVE('',#1285,#1329,#1608,.T.);
#951=EDGE_CURVE('',#1284,#1330,#1609,.T.);
#952=EDGE_CURVE('',#1331,#1332,#1610,.T.);
#953=EDGE_CURVE('',#1331,#1302,#1611,.T.);
#954=EDGE_CURVE('',#1332,#1301,#1612,.T.);
#955=EDGE_CURVE('',#1333,#1334,#1613,.T.);
#956=EDGE_CURVE('',#1291,#1333,#1614,.T.);
#957=EDGE_CURVE('',#1334,#1290,#1615,.T.);
#958=EDGE_CURVE('',#1335,#1336,#1616,.T.);
#959=EDGE_CURVE('',#1320,#1335,#1617,.T.);
#960=EDGE_CURVE('',#1336,#1319,#1618,.T.);
#961=EDGE_CURVE('',#1337,#1338,#1619,.T.);
#962=EDGE_CURVE('',#1287,#1337,#1620,.T.);
#963=EDGE_CURVE('',#1338,#1286,#1621,.T.);
#964=EDGE_CURVE('',#1339,#1340,#1622,.T.);
#965=EDGE_CURVE('',#1324,#1339,#1623,.T.);
#966=EDGE_CURVE('',#1340,#1323,#1624,.T.);
#967=EDGE_CURVE('',#1341,#1342,#1625,.T.);
#968=EDGE_CURVE('',#1300,#1341,#1626,.T.);
#969=EDGE_CURVE('',#1299,#1342,#1627,.T.);
#970=EDGE_CURVE('',#1343,#1344,#1628,.T.);
#971=EDGE_CURVE('',#1343,#1311,#1629,.T.);
#972=EDGE_CURVE('',#1344,#1310,#1630,.T.);
#973=EDGE_CURVE('',#1345,#1346,#1631,.T.);
#974=EDGE_CURVE('',#1296,#1345,#1632,.T.);
#975=EDGE_CURVE('',#1346,#1295,#1633,.T.);
#976=EDGE_CURVE('',#1347,#1348,#1634,.T.);
#977=EDGE_CURVE('',#1315,#1347,#1635,.T.);
#978=EDGE_CURVE('',#1348,#1314,#1636,.T.);
#979=EDGE_CURVE('',#1250,#1346,#1637,.T.);
#980=EDGE_CURVE('',#1347,#1256,#1638,.T.);
#981=EDGE_CURVE('',#1329,#1259,#1639,.T.);
#982=EDGE_CURVE('',#1260,#1332,#1640,.T.);
#983=EDGE_CURVE('',#1264,#1338,#1641,.T.);
#984=EDGE_CURVE('',#1339,#1270,#1642,.T.);
#985=EDGE_CURVE('',#1341,#1273,#1643,.T.);
#986=EDGE_CURVE('',#1274,#1344,#1644,.T.);
#987=EDGE_CURVE('',#1279,#1349,#1645,.T.);
#988=EDGE_CURVE('',#1349,#1326,#1646,.T.);
#989=EDGE_CURVE('',#1327,#1350,#1647,.T.);
#990=EDGE_CURVE('',#1350,#1307,#1648,.T.);
#991=EDGE_CURVE('',#1333,#1351,#1649,.T.);
#992=EDGE_CURVE('',#1292,#1351,#1650,.T.);
#993=EDGE_CURVE('',#1352,#1318,#1651,.T.);
#994=EDGE_CURVE('',#1352,#1336,#1652,.T.);
#995=EDGE_CURVE('',#1283,#1353,#1653,.T.);
#996=EDGE_CURVE('',#1353,#1330,#1654,.T.);
#997=EDGE_CURVE('',#1331,#1354,#1655,.T.);
#998=EDGE_CURVE('',#1354,#1303,#1656,.T.);
#999=EDGE_CURVE('',#1325,#1355,#1657,.T.);
#1000=EDGE_CURVE('',#1282,#1355,#1658,.T.);
#1001=EDGE_CURVE('',#1356,#1304,#1659,.T.);
#1002=EDGE_CURVE('',#1356,#1328,#1660,.T.);
#1003=EDGE_CURVE('',#1345,#1357,#1661,.T.);
#1004=EDGE_CURVE('',#1297,#1357,#1662,.T.);
#1005=EDGE_CURVE('',#1358,#1313,#1663,.T.);
#1006=EDGE_CURVE('',#1358,#1348,#1664,.T.);
#1007=EDGE_CURVE('',#1298,#1359,#1665,.T.);
#1008=EDGE_CURVE('',#1359,#1342,#1666,.T.);
#1009=EDGE_CURVE('',#1343,#1360,#1667,.T.);
#1010=EDGE_CURVE('',#1360,#1312,#1668,.T.);
#1011=EDGE_CURVE('',#1289,#1361,#1669,.T.);
#1012=EDGE_CURVE('',#1361,#1334,#1670,.T.);
#1013=EDGE_CURVE('',#1335,#1362,#1671,.T.);
#1014=EDGE_CURVE('',#1362,#1321,#1672,.T.);
#1015=EDGE_CURVE('',#1337,#1363,#1673,.T.);
#1016=EDGE_CURVE('',#1288,#1363,#1674,.T.);
#1017=EDGE_CURVE('',#1364,#1322,#1675,.T.);
#1018=EDGE_CURVE('',#1364,#1340,#1676,.T.);
#1019=EDGE_CURVE('',#1365,#1366,#1677,.T.);
#1020=EDGE_CURVE('',#1366,#1367,#1678,.T.);
#1021=EDGE_CURVE('',#1368,#1367,#1679,.T.);
#1022=EDGE_CURVE('',#1368,#1365,#1680,.T.);
#1023=EDGE_CURVE('',#1367,#1369,#1681,.T.);
#1024=EDGE_CURVE('',#1370,#1369,#1682,.T.);
#1025=EDGE_CURVE('',#1370,#1368,#1683,.T.);
#1026=EDGE_CURVE('',#1369,#1371,#1684,.T.);
#1027=EDGE_CURVE('',#1372,#1371,#1685,.T.);
#1028=EDGE_CURVE('',#1372,#1370,#1686,.T.);
#1029=EDGE_CURVE('',#1373,#1374,#1687,.T.);
#1030=EDGE_CURVE('',#1374,#1375,#1688,.T.);
#1031=EDGE_CURVE('',#1376,#1375,#1689,.T.);
#1032=EDGE_CURVE('',#1376,#1373,#1690,.T.);
#1033=EDGE_CURVE('',#1375,#1377,#1691,.T.);
#1034=EDGE_CURVE('',#1378,#1377,#1692,.T.);
#1035=EDGE_CURVE('',#1378,#1376,#1693,.T.);
#1036=EDGE_CURVE('',#1377,#1379,#1694,.T.);
#1037=EDGE_CURVE('',#1380,#1379,#1695,.T.);
#1038=EDGE_CURVE('',#1380,#1378,#1696,.T.);
#1039=EDGE_CURVE('',#1381,#1382,#1697,.T.);
#1040=EDGE_CURVE('',#1382,#1383,#1698,.T.);
#1041=EDGE_CURVE('',#1384,#1383,#1699,.T.);
#1042=EDGE_CURVE('',#1384,#1381,#1700,.T.);
#1043=EDGE_CURVE('',#1383,#1385,#1701,.T.);
#1044=EDGE_CURVE('',#1386,#1385,#1702,.T.);
#1045=EDGE_CURVE('',#1386,#1384,#1703,.T.);
#1046=EDGE_CURVE('',#1385,#1387,#1704,.T.);
#1047=EDGE_CURVE('',#1388,#1387,#1705,.T.);
#1048=EDGE_CURVE('',#1388,#1386,#1706,.T.);
#1049=EDGE_CURVE('',#1371,#1366,#1707,.T.);
#1050=EDGE_CURVE('',#1365,#1372,#1708,.T.);
#1051=EDGE_CURVE('',#1379,#1374,#1709,.T.);
#1052=EDGE_CURVE('',#1373,#1380,#1710,.T.);
#1053=EDGE_CURVE('',#1387,#1382,#1711,.T.);
#1054=EDGE_CURVE('',#1381,#1388,#1712,.T.);
#1055=EDGE_CURVE('',#1389,#1390,#1713,.T.);
#1056=EDGE_CURVE('',#1391,#1389,#1714,.T.);
#1057=EDGE_CURVE('',#1392,#1391,#1715,.T.);
#1058=EDGE_CURVE('',#1390,#1392,#1716,.T.);
#1059=EDGE_CURVE('',#1393,#1394,#1717,.T.);
#1060=EDGE_CURVE('',#1395,#1393,#1718,.T.);
#1061=EDGE_CURVE('',#1396,#1395,#1719,.T.);
#1062=EDGE_CURVE('',#1394,#1396,#1720,.T.);
#1063=EDGE_CURVE('',#1278,#1397,#1721,.T.);
#1064=EDGE_CURVE('',#1398,#1277,#1722,.T.);
#1065=EDGE_CURVE('',#1397,#1398,#1723,.T.);
#1066=EDGE_CURVE('',#1399,#1308,#1724,.T.);
#1067=EDGE_CURVE('',#1400,#1399,#1725,.T.);
#1068=EDGE_CURVE('',#1309,#1400,#1726,.T.);
#1069=EDGE_CURVE('',#1317,#1293,#1727,.T.);
#1070=EDGE_CURVE('',#1294,#1316,#1728,.T.);
#1071=EDGE_CURVE('',#1393,#1397,#1729,.T.);
#1072=EDGE_CURVE('',#1395,#1398,#1730,.T.);
#1073=EDGE_CURVE('',#1399,#1394,#1731,.T.);
#1074=EDGE_CURVE('',#1396,#1400,#1732,.T.);
#1075=EDGE_CURVE('',#1389,#1401,#1733,.T.);
#1076=EDGE_CURVE('',#1390,#1402,#1734,.T.);
#1077=EDGE_CURVE('',#1402,#1401,#1735,.T.);
#1078=EDGE_CURVE('',#1391,#1403,#1736,.T.);
#1079=EDGE_CURVE('',#1401,#1403,#1737,.T.);
#1080=EDGE_CURVE('',#1392,#1404,#1738,.T.);
#1081=EDGE_CURVE('',#1403,#1404,#1739,.T.);
#1082=EDGE_CURVE('',#1404,#1402,#1740,.T.);
#1083=EDGE_CURVE('',#1355,#1349,#1741,.T.);
#1084=EDGE_CURVE('',#1356,#1350,#1742,.T.);
#1085=EDGE_CURVE('',#1260,#1354,#1743,.T.);
#1086=EDGE_CURVE('',#1259,#1353,#1744,.T.);
#1087=EDGE_CURVE('',#1351,#1361,#1745,.T.);
#1088=EDGE_CURVE('',#1363,#1264,#1746,.T.);
#1089=EDGE_CURVE('',#1364,#1270,#1747,.T.);
#1090=EDGE_CURVE('',#1352,#1362,#1748,.T.);
#1091=EDGE_CURVE('',#1273,#1359,#1749,.T.);
#1092=EDGE_CURVE('',#1357,#1250,#1750,.T.);
#1093=EDGE_CURVE('',#1358,#1256,#1751,.T.);
#1094=EDGE_CURVE('',#1274,#1360,#1752,.T.);
#1095=EDGE_CURVE('',#1233,#1268,#1753,.T.);
#1096=EDGE_CURVE('',#1237,#1276,#1754,.T.);
#1097=EDGE_CURVE('',#1244,#1262,#1755,.T.);
#1098=EDGE_CURVE('',#1248,#1254,#1756,.T.);
#1099=EDGE_CURVE('',#1245,#1251,#1757,.T.);
#1100=EDGE_CURVE('',#1241,#1257,#1758,.T.);
#1101=EDGE_CURVE('',#1230,#1265,#1759,.T.);
#1102=EDGE_CURVE('',#1236,#1271,#1760,.T.);
#1103=EDGE_CURVE('',#1405,#1406,#1761,.T.);
#1104=EDGE_CURVE('',#1406,#1407,#1762,.T.);
#1105=EDGE_CURVE('',#1408,#1407,#1763,.T.);
#1106=EDGE_CURVE('',#1405,#1408,#1764,.T.);
#1107=EDGE_CURVE('',#1409,#1410,#1765,.T.);
#1108=EDGE_CURVE('',#1411,#1409,#1766,.T.);
#1109=EDGE_CURVE('',#1411,#1412,#1767,.T.);
#1110=EDGE_CURVE('',#1412,#1410,#1768,.T.);
#1111=EDGE_CURVE('',#1413,#1414,#1769,.T.);
#1112=EDGE_CURVE('',#1415,#1413,#1770,.T.);
#1113=EDGE_CURVE('',#1415,#1416,#1771,.T.);
#1114=EDGE_CURVE('',#1416,#1414,#1772,.T.);
#1115=EDGE_CURVE('',#1417,#1406,#1773,.T.);
#1116=EDGE_CURVE('',#1418,#1417,#1774,.T.);
#1117=EDGE_CURVE('',#1419,#1418,#1775,.T.);
#1118=EDGE_CURVE('',#1420,#1419,#1776,.T.);
#1119=EDGE_CURVE('',#1407,#1420,#1777,.T.);
#1120=EDGE_CURVE('',#1410,#1421,#1778,.T.);
#1121=EDGE_CURVE('',#1422,#1412,#1779,.T.);
#1122=EDGE_CURVE('',#1423,#1422,#1780,.T.);
#1123=EDGE_CURVE('',#1424,#1423,#1781,.T.);
#1124=EDGE_CURVE('',#1421,#1424,#1782,.T.);
#1125=EDGE_CURVE('',#1414,#1425,#1783,.T.);
#1126=EDGE_CURVE('',#1426,#1416,#1784,.T.);
#1127=EDGE_CURVE('',#1427,#1426,#1785,.T.);
#1128=EDGE_CURVE('',#1428,#1427,#1786,.T.);
#1129=EDGE_CURVE('',#1425,#1428,#1787,.T.);
#1130=EDGE_CURVE('',#1429,#1430,#1788,.T.);
#1131=EDGE_CURVE('',#1430,#1405,#1789,.T.);
#1132=EDGE_CURVE('',#1408,#1431,#1790,.T.);
#1133=EDGE_CURVE('',#1431,#1432,#1791,.T.);
#1134=EDGE_CURVE('',#1432,#1429,#1792,.T.);
#1135=EDGE_CURVE('',#1409,#1433,#1793,.T.);
#1136=EDGE_CURVE('',#1433,#1434,#1794,.T.);
#1137=EDGE_CURVE('',#1434,#1435,#1795,.T.);
#1138=EDGE_CURVE('',#1435,#1436,#1796,.T.);
#1139=EDGE_CURVE('',#1436,#1411,#1797,.T.);
#1140=EDGE_CURVE('',#1413,#1437,#1798,.T.);
#1141=EDGE_CURVE('',#1437,#1438,#1799,.T.);
#1142=EDGE_CURVE('',#1438,#1439,#1800,.T.);
#1143=EDGE_CURVE('',#1439,#1440,#1801,.T.);
#1144=EDGE_CURVE('',#1440,#1415,#1802,.T.);
#1145=EDGE_CURVE('',#1421,#1433,#1803,.T.);
#1146=EDGE_CURVE('',#1434,#1424,#1804,.T.);
#1147=EDGE_CURVE('',#1430,#1417,#1805,.T.);
#1148=EDGE_CURVE('',#1418,#1429,#1806,.T.);
#1149=EDGE_CURVE('',#1440,#1426,#1807,.T.);
#1150=EDGE_CURVE('',#1439,#1427,#1808,.T.);
#1151=EDGE_CURVE('',#1431,#1420,#1809,.T.);
#1152=EDGE_CURVE('',#1432,#1419,#1810,.T.);
#1153=EDGE_CURVE('',#1436,#1422,#1811,.T.);
#1154=EDGE_CURVE('',#1435,#1423,#1812,.T.);
#1155=EDGE_CURVE('',#1437,#1425,#1813,.T.);
#1156=EDGE_CURVE('',#1438,#1428,#1814,.T.);
#1157=EDGE_CURVE('',#1441,#1442,#1815,.T.);
#1158=EDGE_CURVE('',#1443,#1441,#1816,.T.);
#1159=EDGE_CURVE('',#1443,#1444,#1817,.T.);
#1160=EDGE_CURVE('',#1444,#1442,#1818,.T.);
#1161=EDGE_CURVE('',#1445,#1446,#1819,.T.);
#1162=EDGE_CURVE('',#1447,#1445,#1820,.T.);
#1163=EDGE_CURVE('',#1447,#1448,#1821,.T.);
#1164=EDGE_CURVE('',#1448,#1446,#1822,.T.);
#1165=EDGE_CURVE('',#1449,#1450,#1823,.T.);
#1166=EDGE_CURVE('',#1451,#1449,#1824,.T.);
#1167=EDGE_CURVE('',#1451,#1452,#1825,.T.);
#1168=EDGE_CURVE('',#1452,#1450,#1826,.T.);
#1169=EDGE_CURVE('',#1453,#1454,#1827,.T.);
#1170=EDGE_CURVE('',#1454,#1455,#1828,.T.);
#1171=EDGE_CURVE('',#1456,#1455,#1829,.T.);
#1172=EDGE_CURVE('',#1453,#1456,#1830,.T.);
#1173=EDGE_CURVE('',#1457,#1458,#1831,.T.);
#1174=EDGE_CURVE('',#1459,#1457,#1832,.T.);
#1175=EDGE_CURVE('',#1460,#1459,#1833,.T.);
#1176=EDGE_CURVE('',#1460,#1458,#1834,.T.);
#1177=EDGE_CURVE('',#1461,#1462,#1835,.T.);
#1178=EDGE_CURVE('',#1463,#1462,#1836,.T.);
#1179=EDGE_CURVE('',#1464,#1463,#1837,.T.);
#1180=EDGE_CURVE('',#1464,#1461,#1838,.T.);
#1181=EDGE_CURVE('',#1465,#1466,#1839,.T.);
#1182=EDGE_CURVE('',#1465,#1467,#1840,.T.);
#1183=EDGE_CURVE('',#1467,#1468,#1841,.T.);
#1184=EDGE_CURVE('',#1466,#1468,#1842,.T.);
#1185=EDGE_CURVE('',#1469,#1470,#1843,.T.);
#1186=EDGE_CURVE('',#1469,#1471,#1844,.T.);
#1187=EDGE_CURVE('',#1471,#1472,#1845,.T.);
#1188=EDGE_CURVE('',#1470,#1472,#1846,.T.);
#1189=EDGE_CURVE('',#1473,#1474,#1847,.T.);
#1190=EDGE_CURVE('',#1475,#1474,#1848,.T.);
#1191=EDGE_CURVE('',#1476,#1475,#1849,.T.);
#1192=EDGE_CURVE('',#1476,#1473,#1850,.T.);
#1193=EDGE_CURVE('',#1474,#1454,#1851,.T.);
#1194=EDGE_CURVE('',#1454,#1442,#1852,.T.);
#1195=EDGE_CURVE('',#1444,#1474,#1853,.T.);
#1196=EDGE_CURVE('',#1441,#1453,#1854,.T.);
#1197=EDGE_CURVE('',#1475,#1453,#1855,.T.);
#1198=EDGE_CURVE('',#1475,#1443,#1856,.T.);
#1199=EDGE_CURVE('',#1462,#1471,#1857,.T.);
#1200=EDGE_CURVE('',#1471,#1446,#1858,.T.);
#1201=EDGE_CURVE('',#1448,#1462,#1859,.T.);
#1202=EDGE_CURVE('',#1445,#1469,#1860,.T.);
#1203=EDGE_CURVE('',#1463,#1469,#1861,.T.);
#1204=EDGE_CURVE('',#1463,#1447,#1862,.T.);
#1205=EDGE_CURVE('',#1458,#1467,#1863,.T.);
#1206=EDGE_CURVE('',#1467,#1450,#1864,.T.);
#1207=EDGE_CURVE('',#1452,#1458,#1865,.T.);
#1208=EDGE_CURVE('',#1449,#1465,#1866,.T.);
#1209=EDGE_CURVE('',#1457,#1465,#1867,.T.);
#1210=EDGE_CURVE('',#1457,#1451,#1868,.T.);
#1211=EDGE_CURVE('',#1456,#1476,#1869,.T.);
#1212=EDGE_CURVE('',#1470,#1464,#1870,.T.);
#1213=EDGE_CURVE('',#1466,#1459,#1871,.T.);
#1214=EDGE_CURVE('',#1455,#1473,#1872,.T.);
#1215=EDGE_CURVE('',#1472,#1461,#1873,.T.);
#1216=EDGE_CURVE('',#1468,#1460,#1874,.T.);
#1217=EDGE_CURVE('',#1477,#1478,#1875,.T.);
#1218=EDGE_CURVE('',#1478,#1479,#1876,.T.);
#1219=EDGE_CURVE('',#1480,#1479,#1877,.T.);
#1220=EDGE_CURVE('',#1477,#1480,#1878,.T.);
#1221=EDGE_CURVE('',#1479,#1481,#1879,.T.);
#1222=EDGE_CURVE('',#1482,#1481,#1880,.T.);
#1223=EDGE_CURVE('',#1480,#1482,#1881,.T.);
#1224=EDGE_CURVE('',#1481,#1483,#1882,.T.);
#1225=EDGE_CURVE('',#1484,#1483,#1883,.T.);
#1226=EDGE_CURVE('',#1482,#1484,#1884,.T.);
#1227=EDGE_CURVE('',#1483,#1478,#1885,.T.);
#1228=EDGE_CURVE('',#1484,#1477,#1886,.T.);
#1229=VERTEX_POINT('',#3853);
#1230=VERTEX_POINT('',#3854);
#1231=VERTEX_POINT('',#3856);
#1232=VERTEX_POINT('',#3858);
#1233=VERTEX_POINT('',#3860);
#1234=VERTEX_POINT('',#3862);
#1235=VERTEX_POINT('',#3866);
#1236=VERTEX_POINT('',#3867);
#1237=VERTEX_POINT('',#3870);
#1238=VERTEX_POINT('',#3872);
#1239=VERTEX_POINT('',#3876);
#1240=VERTEX_POINT('',#3877);
#1241=VERTEX_POINT('',#3879);
#1242=VERTEX_POINT('',#3881);
#1243=VERTEX_POINT('',#3883);
#1244=VERTEX_POINT('',#3885);
#1245=VERTEX_POINT('',#3889);
#1246=VERTEX_POINT('',#3891);
#1247=VERTEX_POINT('',#3893);
#1248=VERTEX_POINT('',#3895);
#1249=VERTEX_POINT('',#3899);
#1250=VERTEX_POINT('',#3900);
#1251=VERTEX_POINT('',#3902);
#1252=VERTEX_POINT('',#3904);
#1253=VERTEX_POINT('',#3906);
#1254=VERTEX_POINT('',#3908);
#1255=VERTEX_POINT('',#3910);
#1256=VERTEX_POINT('',#3912);
#1257=VERTEX_POINT('',#3916);
#1258=VERTEX_POINT('',#3918);
#1259=VERTEX_POINT('',#3920);
#1260=VERTEX_POINT('',#3922);
#1261=VERTEX_POINT('',#3924);
#1262=VERTEX_POINT('',#3926);
#1263=VERTEX_POINT('',#3930);
#1264=VERTEX_POINT('',#3931);
#1265=VERTEX_POINT('',#3933);
#1266=VERTEX_POINT('',#3935);
#1267=VERTEX_POINT('',#3937);
#1268=VERTEX_POINT('',#3939);
#1269=VERTEX_POINT('',#3941);
#1270=VERTEX_POINT('',#3943);
#1271=VERTEX_POINT('',#3947);
#1272=VERTEX_POINT('',#3949);
#1273=VERTEX_POINT('',#3951);
#1274=VERTEX_POINT('',#3953);
#1275=VERTEX_POINT('',#3955);
#1276=VERTEX_POINT('',#3957);
#1277=VERTEX_POINT('',#3962);
#1278=VERTEX_POINT('',#3964);
#1279=VERTEX_POINT('',#3966);
#1280=VERTEX_POINT('',#3968);
#1281=VERTEX_POINT('',#3970);
#1282=VERTEX_POINT('',#3972);
#1283=VERTEX_POINT('',#3974);
#1284=VERTEX_POINT('',#3976);
#1285=VERTEX_POINT('',#3978);
#1286=VERTEX_POINT('',#3983);
#1287=VERTEX_POINT('',#3985);
#1288=VERTEX_POINT('',#3987);
#1289=VERTEX_POINT('',#3989);
#1290=VERTEX_POINT('',#3991);
#1291=VERTEX_POINT('',#3993);
#1292=VERTEX_POINT('',#3995);
#1293=VERTEX_POINT('',#3997);
#1294=VERTEX_POINT('',#3999);
#1295=VERTEX_POINT('',#4006);
#1296=VERTEX_POINT('',#4008);
#1297=VERTEX_POINT('',#4010);
#1298=VERTEX_POINT('',#4012);
#1299=VERTEX_POINT('',#4014);
#1300=VERTEX_POINT('',#4016);
#1301=VERTEX_POINT('',#4021);
#1302=VERTEX_POINT('',#4023);
#1303=VERTEX_POINT('',#4025);
#1304=VERTEX_POINT('',#4027);
#1305=VERTEX_POINT('',#4029);
#1306=VERTEX_POINT('',#4031);
#1307=VERTEX_POINT('',#4033);
#1308=VERTEX_POINT('',#4035);
#1309=VERTEX_POINT('',#4037);
#1310=VERTEX_POINT('',#4044);
#1311=VERTEX_POINT('',#4046);
#1312=VERTEX_POINT('',#4048);
#1313=VERTEX_POINT('',#4050);
#1314=VERTEX_POINT('',#4052);
#1315=VERTEX_POINT('',#4054);
#1316=VERTEX_POINT('',#4059);
#1317=VERTEX_POINT('',#4061);
#1318=VERTEX_POINT('',#4063);
#1319=VERTEX_POINT('',#4065);
#1320=VERTEX_POINT('',#4067);
#1321=VERTEX_POINT('',#4069);
#1322=VERTEX_POINT('',#4071);
#1323=VERTEX_POINT('',#4073);
#1324=VERTEX_POINT('',#4075);
#1325=VERTEX_POINT('',#4079);
#1326=VERTEX_POINT('',#4080);
#1327=VERTEX_POINT('',#4085);
#1328=VERTEX_POINT('',#4086);
#1329=VERTEX_POINT('',#4091);
#1330=VERTEX_POINT('',#4092);
#1331=VERTEX_POINT('',#4097);
#1332=VERTEX_POINT('',#4098);
#1333=VERTEX_POINT('',#4103);
#1334=VERTEX_POINT('',#4104);
#1335=VERTEX_POINT('',#4109);
#1336=VERTEX_POINT('',#4110);
#1337=VERTEX_POINT('',#4115);
#1338=VERTEX_POINT('',#4116);
#1339=VERTEX_POINT('',#4121);
#1340=VERTEX_POINT('',#4122);
#1341=VERTEX_POINT('',#4127);
#1342=VERTEX_POINT('',#4128);
#1343=VERTEX_POINT('',#4133);
#1344=VERTEX_POINT('',#4134);
#1345=VERTEX_POINT('',#4139);
#1346=VERTEX_POINT('',#4140);
#1347=VERTEX_POINT('',#4145);
#1348=VERTEX_POINT('',#4146);
#1349=VERTEX_POINT('',#4167);
#1350=VERTEX_POINT('',#4171);
#1351=VERTEX_POINT('',#4175);
#1352=VERTEX_POINT('',#4179);
#1353=VERTEX_POINT('',#4183);
#1354=VERTEX_POINT('',#4187);
#1355=VERTEX_POINT('',#4191);
#1356=VERTEX_POINT('',#4195);
#1357=VERTEX_POINT('',#4199);
#1358=VERTEX_POINT('',#4203);
#1359=VERTEX_POINT('',#4207);
#1360=VERTEX_POINT('',#4211);
#1361=VERTEX_POINT('',#4215);
#1362=VERTEX_POINT('',#4219);
#1363=VERTEX_POINT('',#4223);
#1364=VERTEX_POINT('',#4227);
#1365=VERTEX_POINT('',#4231);
#1366=VERTEX_POINT('',#4232);
#1367=VERTEX_POINT('',#4234);
#1368=VERTEX_POINT('',#4236);
#1369=VERTEX_POINT('',#4240);
#1370=VERTEX_POINT('',#4242);
#1371=VERTEX_POINT('',#4246);
#1372=VERTEX_POINT('',#4248);
#1373=VERTEX_POINT('',#4252);
#1374=VERTEX_POINT('',#4253);
#1375=VERTEX_POINT('',#4255);
#1376=VERTEX_POINT('',#4257);
#1377=VERTEX_POINT('',#4261);
#1378=VERTEX_POINT('',#4263);
#1379=VERTEX_POINT('',#4267);
#1380=VERTEX_POINT('',#4269);
#1381=VERTEX_POINT('',#4273);
#1382=VERTEX_POINT('',#4274);
#1383=VERTEX_POINT('',#4276);
#1384=VERTEX_POINT('',#4278);
#1385=VERTEX_POINT('',#4282);
#1386=VERTEX_POINT('',#4284);
#1387=VERTEX_POINT('',#4288);
#1388=VERTEX_POINT('',#4290);
#1389=VERTEX_POINT('',#4303);
#1390=VERTEX_POINT('',#4304);
#1391=VERTEX_POINT('',#4306);
#1392=VERTEX_POINT('',#4308);
#1393=VERTEX_POINT('',#4311);
#1394=VERTEX_POINT('',#4312);
#1395=VERTEX_POINT('',#4314);
#1396=VERTEX_POINT('',#4316);
#1397=VERTEX_POINT('',#4320);
#1398=VERTEX_POINT('',#4322);
#1399=VERTEX_POINT('',#4326);
#1400=VERTEX_POINT('',#4328);
#1401=VERTEX_POINT('',#4344);
#1402=VERTEX_POINT('',#4346);
#1403=VERTEX_POINT('',#4350);
#1404=VERTEX_POINT('',#4354);
#1405=VERTEX_POINT('',#4409);
#1406=VERTEX_POINT('',#4410);
#1407=VERTEX_POINT('',#4412);
#1408=VERTEX_POINT('',#4414);
#1409=VERTEX_POINT('',#4418);
#1410=VERTEX_POINT('',#4419);
#1411=VERTEX_POINT('',#4421);
#1412=VERTEX_POINT('',#4423);
#1413=VERTEX_POINT('',#4427);
#1414=VERTEX_POINT('',#4428);
#1415=VERTEX_POINT('',#4430);
#1416=VERTEX_POINT('',#4432);
#1417=VERTEX_POINT('',#4436);
#1418=VERTEX_POINT('',#4438);
#1419=VERTEX_POINT('',#4440);
#1420=VERTEX_POINT('',#4442);
#1421=VERTEX_POINT('',#4446);
#1422=VERTEX_POINT('',#4448);
#1423=VERTEX_POINT('',#4450);
#1424=VERTEX_POINT('',#4452);
#1425=VERTEX_POINT('',#4456);
#1426=VERTEX_POINT('',#4458);
#1427=VERTEX_POINT('',#4460);
#1428=VERTEX_POINT('',#4462);
#1429=VERTEX_POINT('',#4466);
#1430=VERTEX_POINT('',#4467);
#1431=VERTEX_POINT('',#4470);
#1432=VERTEX_POINT('',#4472);
#1433=VERTEX_POINT('',#4476);
#1434=VERTEX_POINT('',#4478);
#1435=VERTEX_POINT('',#4480);
#1436=VERTEX_POINT('',#4482);
#1437=VERTEX_POINT('',#4486);
#1438=VERTEX_POINT('',#4488);
#1439=VERTEX_POINT('',#4490);
#1440=VERTEX_POINT('',#4492);
#1441=VERTEX_POINT('',#4514);
#1442=VERTEX_POINT('',#4515);
#1443=VERTEX_POINT('',#4517);
#1444=VERTEX_POINT('',#4519);
#1445=VERTEX_POINT('',#4523);
#1446=VERTEX_POINT('',#4524);
#1447=VERTEX_POINT('',#4526);
#1448=VERTEX_POINT('',#4528);
#1449=VERTEX_POINT('',#4532);
#1450=VERTEX_POINT('',#4533);
#1451=VERTEX_POINT('',#4535);
#1452=VERTEX_POINT('',#4537);
#1453=VERTEX_POINT('',#4541);
#1454=VERTEX_POINT('',#4542);
#1455=VERTEX_POINT('',#4544);
#1456=VERTEX_POINT('',#4546);
#1457=VERTEX_POINT('',#4550);
#1458=VERTEX_POINT('',#4551);
#1459=VERTEX_POINT('',#4553);
#1460=VERTEX_POINT('',#4555);
#1461=VERTEX_POINT('',#4559);
#1462=VERTEX_POINT('',#4560);
#1463=VERTEX_POINT('',#4562);
#1464=VERTEX_POINT('',#4564);
#1465=VERTEX_POINT('',#4568);
#1466=VERTEX_POINT('',#4569);
#1467=VERTEX_POINT('',#4571);
#1468=VERTEX_POINT('',#4573);
#1469=VERTEX_POINT('',#4577);
#1470=VERTEX_POINT('',#4578);
#1471=VERTEX_POINT('',#4580);
#1472=VERTEX_POINT('',#4582);
#1473=VERTEX_POINT('',#4586);
#1474=VERTEX_POINT('',#4587);
#1475=VERTEX_POINT('',#4589);
#1476=VERTEX_POINT('',#4591);
#1477=VERTEX_POINT('',#4631);
#1478=VERTEX_POINT('',#4632);
#1479=VERTEX_POINT('',#4634);
#1480=VERTEX_POINT('',#4636);
#1481=VERTEX_POINT('',#4640);
#1482=VERTEX_POINT('',#4642);
#1483=VERTEX_POINT('',#4646);
#1484=VERTEX_POINT('',#4648);
#1485=LINE('',#3852,#1887);
#1486=LINE('',#3855,#1888);
#1487=LINE('',#3857,#1889);
#1488=LINE('',#3859,#1890);
#1489=LINE('',#3861,#1891);
#1490=LINE('',#3863,#1892);
#1491=LINE('',#3865,#1893);
#1492=LINE('',#3868,#1894);
#1493=LINE('',#3869,#1895);
#1494=LINE('',#3871,#1896);
#1495=LINE('',#3873,#1897);
#1496=LINE('',#3875,#1898);
#1497=LINE('',#3878,#1899);
#1498=LINE('',#3880,#1900);
#1499=LINE('',#3882,#1901);
#1500=LINE('',#3884,#1902);
#1501=LINE('',#3886,#1903);
#1502=LINE('',#3888,#1904);
#1503=LINE('',#3890,#1905);
#1504=LINE('',#3892,#1906);
#1505=LINE('',#3894,#1907);
#1506=LINE('',#3896,#1908);
#1507=LINE('',#3898,#1909);
#1508=LINE('',#3901,#1910);
#1509=LINE('',#3903,#1911);
#1510=LINE('',#3905,#1912);
#1511=LINE('',#3907,#1913);
#1512=LINE('',#3909,#1914);
#1513=LINE('',#3911,#1915);
#1514=LINE('',#3913,#1916);
#1515=LINE('',#3915,#1917);
#1516=LINE('',#3917,#1918);
#1517=LINE('',#3919,#1919);
#1518=LINE('',#3921,#1920);
#1519=LINE('',#3923,#1921);
#1520=LINE('',#3925,#1922);
#1521=LINE('',#3927,#1923);
#1522=LINE('',#3929,#1924);
#1523=LINE('',#3932,#1925);
#1524=LINE('',#3934,#1926);
#1525=LINE('',#3936,#1927);
#1526=LINE('',#3938,#1928);
#1527=LINE('',#3940,#1929);
#1528=LINE('',#3942,#1930);
#1529=LINE('',#3944,#1931);
#1530=LINE('',#3946,#1932);
#1531=LINE('',#3948,#1933);
#1532=LINE('',#3950,#1934);
#1533=LINE('',#3952,#1935);
#1534=LINE('',#3954,#1936);
#1535=LINE('',#3956,#1937);
#1536=LINE('',#3958,#1938);
#1537=LINE('',#3960,#1939);
#1538=LINE('',#3961,#1940);
#1539=LINE('',#3963,#1941);
#1540=LINE('',#3965,#1942);
#1541=LINE('',#3967,#1943);
#1542=LINE('',#3969,#1944);
#1543=LINE('',#3971,#1945);
#1544=LINE('',#3973,#1946);
#1545=LINE('',#3975,#1947);
#1546=LINE('',#3977,#1948);
#1547=LINE('',#3979,#1949);
#1548=LINE('',#3981,#1950);
#1549=LINE('',#3982,#1951);
#1550=LINE('',#3984,#1952);
#1551=LINE('',#3986,#1953);
#1552=LINE('',#3988,#1954);
#1553=LINE('',#3990,#1955);
#1554=LINE('',#3992,#1956);
#1555=LINE('',#3994,#1957);
#1556=LINE('',#3996,#1958);
#1557=LINE('',#3998,#1959);
#1558=LINE('',#4000,#1960);
#1559=LINE('',#4002,#1961);
#1560=LINE('',#4003,#1962);
#1561=LINE('',#4004,#1963);
#1562=LINE('',#4005,#1964);
#1563=LINE('',#4007,#1965);
#1564=LINE('',#4009,#1966);
#1565=LINE('',#4011,#1967);
#1566=LINE('',#4013,#1968);
#1567=LINE('',#4015,#1969);
#1568=LINE('',#4017,#1970);
#1569=LINE('',#4019,#1971);
#1570=LINE('',#4020,#1972);
#1571=LINE('',#4022,#1973);
#1572=LINE('',#4024,#1974);
#1573=LINE('',#4026,#1975);
#1574=LINE('',#4028,#1976);
#1575=LINE('',#4030,#1977);
#1576=LINE('',#4032,#1978);
#1577=LINE('',#4034,#1979);
#1578=LINE('',#4036,#1980);
#1579=LINE('',#4038,#1981);
#1580=LINE('',#4040,#1982);
#1581=LINE('',#4041,#1983);
#1582=LINE('',#4042,#1984);
#1583=LINE('',#4043,#1985);
#1584=LINE('',#4045,#1986);
#1585=LINE('',#4047,#1987);
#1586=LINE('',#4049,#1988);
#1587=LINE('',#4051,#1989);
#1588=LINE('',#4053,#1990);
#1589=LINE('',#4055,#1991);
#1590=LINE('',#4057,#1992);
#1591=LINE('',#4058,#1993);
#1592=LINE('',#4060,#1994);
#1593=LINE('',#4062,#1995);
#1594=LINE('',#4064,#1996);
#1595=LINE('',#4066,#1997);
#1596=LINE('',#4068,#1998);
#1597=LINE('',#4070,#1999);
#1598=LINE('',#4072,#2000);
#1599=LINE('',#4074,#2001);
#1600=LINE('',#4076,#2002);
#1601=LINE('',#4078,#2003);
#1602=LINE('',#4081,#2004);
#1603=LINE('',#4082,#2005);
#1604=LINE('',#4084,#2006);
#1605=LINE('',#4087,#2007);
#1606=LINE('',#4088,#2008);
#1607=LINE('',#4090,#2009);
#1608=LINE('',#4093,#2010);
#1609=LINE('',#4094,#2011);
#1610=LINE('',#4096,#2012);
#1611=LINE('',#4099,#2013);
#1612=LINE('',#4100,#2014);
#1613=LINE('',#4102,#2015);
#1614=LINE('',#4105,#2016);
#1615=LINE('',#4106,#2017);
#1616=LINE('',#4108,#2018);
#1617=LINE('',#4111,#2019);
#1618=LINE('',#4112,#2020);
#1619=LINE('',#4114,#2021);
#1620=LINE('',#4117,#2022);
#1621=LINE('',#4118,#2023);
#1622=LINE('',#4120,#2024);
#1623=LINE('',#4123,#2025);
#1624=LINE('',#4124,#2026);
#1625=LINE('',#4126,#2027);
#1626=LINE('',#4129,#2028);
#1627=LINE('',#4130,#2029);
#1628=LINE('',#4132,#2030);
#1629=LINE('',#4135,#2031);
#1630=LINE('',#4136,#2032);
#1631=LINE('',#4138,#2033);
#1632=LINE('',#4141,#2034);
#1633=LINE('',#4142,#2035);
#1634=LINE('',#4144,#2036);
#1635=LINE('',#4147,#2037);
#1636=LINE('',#4148,#2038);
#1637=LINE('',#4150,#2039);
#1638=LINE('',#4152,#2040);
#1639=LINE('',#4154,#2041);
#1640=LINE('',#4156,#2042);
#1641=LINE('',#4158,#2043);
#1642=LINE('',#4160,#2044);
#1643=LINE('',#4162,#2045);
#1644=LINE('',#4164,#2046);
#1645=LINE('',#4166,#2047);
#1646=LINE('',#4168,#2048);
#1647=LINE('',#4170,#2049);
#1648=LINE('',#4172,#2050);
#1649=LINE('',#4174,#2051);
#1650=LINE('',#4176,#2052);
#1651=LINE('',#4178,#2053);
#1652=LINE('',#4180,#2054);
#1653=LINE('',#4182,#2055);
#1654=LINE('',#4184,#2056);
#1655=LINE('',#4186,#2057);
#1656=LINE('',#4188,#2058);
#1657=LINE('',#4190,#2059);
#1658=LINE('',#4192,#2060);
#1659=LINE('',#4194,#2061);
#1660=LINE('',#4196,#2062);
#1661=LINE('',#4198,#2063);
#1662=LINE('',#4200,#2064);
#1663=LINE('',#4202,#2065);
#1664=LINE('',#4204,#2066);
#1665=LINE('',#4206,#2067);
#1666=LINE('',#4208,#2068);
#1667=LINE('',#4210,#2069);
#1668=LINE('',#4212,#2070);
#1669=LINE('',#4214,#2071);
#1670=LINE('',#4216,#2072);
#1671=LINE('',#4218,#2073);
#1672=LINE('',#4220,#2074);
#1673=LINE('',#4222,#2075);
#1674=LINE('',#4224,#2076);
#1675=LINE('',#4226,#2077);
#1676=LINE('',#4228,#2078);
#1677=LINE('',#4230,#2079);
#1678=LINE('',#4233,#2080);
#1679=LINE('',#4235,#2081);
#1680=LINE('',#4237,#2082);
#1681=LINE('',#4239,#2083);
#1682=LINE('',#4241,#2084);
#1683=LINE('',#4243,#2085);
#1684=LINE('',#4245,#2086);
#1685=LINE('',#4247,#2087);
#1686=LINE('',#4249,#2088);
#1687=LINE('',#4251,#2089);
#1688=LINE('',#4254,#2090);
#1689=LINE('',#4256,#2091);
#1690=LINE('',#4258,#2092);
#1691=LINE('',#4260,#2093);
#1692=LINE('',#4262,#2094);
#1693=LINE('',#4264,#2095);
#1694=LINE('',#4266,#2096);
#1695=LINE('',#4268,#2097);
#1696=LINE('',#4270,#2098);
#1697=LINE('',#4272,#2099);
#1698=LINE('',#4275,#2100);
#1699=LINE('',#4277,#2101);
#1700=LINE('',#4279,#2102);
#1701=LINE('',#4281,#2103);
#1702=LINE('',#4283,#2104);
#1703=LINE('',#4285,#2105);
#1704=LINE('',#4287,#2106);
#1705=LINE('',#4289,#2107);
#1706=LINE('',#4291,#2108);
#1707=LINE('',#4293,#2109);
#1708=LINE('',#4294,#2110);
#1709=LINE('',#4296,#2111);
#1710=LINE('',#4297,#2112);
#1711=LINE('',#4299,#2113);
#1712=LINE('',#4300,#2114);
#1713=LINE('',#4302,#2115);
#1714=LINE('',#4305,#2116);
#1715=LINE('',#4307,#2117);
#1716=LINE('',#4309,#2118);
#1717=LINE('',#4310,#2119);
#1718=LINE('',#4313,#2120);
#1719=LINE('',#4315,#2121);
#1720=LINE('',#4317,#2122);
#1721=LINE('',#4319,#2123);
#1722=LINE('',#4321,#2124);
#1723=LINE('',#4323,#2125);
#1724=LINE('',#4325,#2126);
#1725=LINE('',#4327,#2127);
#1726=LINE('',#4329,#2128);
#1727=LINE('',#4331,#2129);
#1728=LINE('',#4332,#2130);
#1729=LINE('',#4334,#2131);
#1730=LINE('',#4335,#2132);
#1731=LINE('',#4337,#2133);
#1732=LINE('',#4338,#2134);
#1733=LINE('',#4343,#2135);
#1734=LINE('',#4345,#2136);
#1735=LINE('',#4347,#2137);
#1736=LINE('',#4349,#2138);
#1737=LINE('',#4351,#2139);
#1738=LINE('',#4353,#2140);
#1739=LINE('',#4355,#2141);
#1740=LINE('',#4357,#2142);
#1741=LINE('',#4360,#2143);
#1742=LINE('',#4361,#2144);
#1743=LINE('',#4362,#2145);
#1744=LINE('',#4363,#2146);
#1745=LINE('',#4365,#2147);
#1746=LINE('',#4366,#2148);
#1747=LINE('',#4367,#2149);
#1748=LINE('',#4368,#2150);
#1749=LINE('',#4370,#2151);
#1750=LINE('',#4371,#2152);
#1751=LINE('',#4372,#2153);
#1752=LINE('',#4373,#2154);
#1753=LINE('',#4387,#2155);
#1754=LINE('',#4388,#2156);
#1755=LINE('',#4392,#2157);
#1756=LINE('',#4394,#2158);
#1757=LINE('',#4397,#2159);
#1758=LINE('',#4399,#2160);
#1759=LINE('',#4402,#2161);
#1760=LINE('',#4404,#2162);
#1761=LINE('',#4408,#2163);
#1762=LINE('',#4411,#2164);
#1763=LINE('',#4413,#2165);
#1764=LINE('',#4415,#2166);
#1765=LINE('',#4417,#2167);
#1766=LINE('',#4420,#2168);
#1767=LINE('',#4422,#2169);
#1768=LINE('',#4424,#2170);
#1769=LINE('',#4426,#2171);
#1770=LINE('',#4429,#2172);
#1771=LINE('',#4431,#2173);
#1772=LINE('',#4433,#2174);
#1773=LINE('',#4435,#2175);
#1774=LINE('',#4437,#2176);
#1775=LINE('',#4439,#2177);
#1776=LINE('',#4441,#2178);
#1777=LINE('',#4443,#2179);
#1778=LINE('',#4445,#2180);
#1779=LINE('',#4447,#2181);
#1780=LINE('',#4449,#2182);
#1781=LINE('',#4451,#2183);
#1782=LINE('',#4453,#2184);
#1783=LINE('',#4455,#2185);
#1784=LINE('',#4457,#2186);
#1785=LINE('',#4459,#2187);
#1786=LINE('',#4461,#2188);
#1787=LINE('',#4463,#2189);
#1788=LINE('',#4465,#2190);
#1789=LINE('',#4468,#2191);
#1790=LINE('',#4469,#2192);
#1791=LINE('',#4471,#2193);
#1792=LINE('',#4473,#2194);
#1793=LINE('',#4475,#2195);
#1794=LINE('',#4477,#2196);
#1795=LINE('',#4479,#2197);
#1796=LINE('',#4481,#2198);
#1797=LINE('',#4483,#2199);
#1798=LINE('',#4485,#2200);
#1799=LINE('',#4487,#2201);
#1800=LINE('',#4489,#2202);
#1801=LINE('',#4491,#2203);
#1802=LINE('',#4493,#2204);
#1803=LINE('',#4495,#2205);
#1804=LINE('',#4496,#2206);
#1805=LINE('',#4498,#2207);
#1806=LINE('',#4499,#2208);
#1807=LINE('',#4501,#2209);
#1808=LINE('',#4502,#2210);
#1809=LINE('',#4504,#2211);
#1810=LINE('',#4505,#2212);
#1811=LINE('',#4507,#2213);
#1812=LINE('',#4508,#2214);
#1813=LINE('',#4510,#2215);
#1814=LINE('',#4511,#2216);
#1815=LINE('',#4513,#2217);
#1816=LINE('',#4516,#2218);
#1817=LINE('',#4518,#2219);
#1818=LINE('',#4520,#2220);
#1819=LINE('',#4522,#2221);
#1820=LINE('',#4525,#2222);
#1821=LINE('',#4527,#2223);
#1822=LINE('',#4529,#2224);
#1823=LINE('',#4531,#2225);
#1824=LINE('',#4534,#2226);
#1825=LINE('',#4536,#2227);
#1826=LINE('',#4538,#2228);
#1827=LINE('',#4540,#2229);
#1828=LINE('',#4543,#2230);
#1829=LINE('',#4545,#2231);
#1830=LINE('',#4547,#2232);
#1831=LINE('',#4549,#2233);
#1832=LINE('',#4552,#2234);
#1833=LINE('',#4554,#2235);
#1834=LINE('',#4556,#2236);
#1835=LINE('',#4558,#2237);
#1836=LINE('',#4561,#2238);
#1837=LINE('',#4563,#2239);
#1838=LINE('',#4565,#2240);
#1839=LINE('',#4567,#2241);
#1840=LINE('',#4570,#2242);
#1841=LINE('',#4572,#2243);
#1842=LINE('',#4574,#2244);
#1843=LINE('',#4576,#2245);
#1844=LINE('',#4579,#2246);
#1845=LINE('',#4581,#2247);
#1846=LINE('',#4583,#2248);
#1847=LINE('',#4585,#2249);
#1848=LINE('',#4588,#2250);
#1849=LINE('',#4590,#2251);
#1850=LINE('',#4592,#2252);
#1851=LINE('',#4594,#2253);
#1852=LINE('',#4595,#2254);
#1853=LINE('',#4596,#2255);
#1854=LINE('',#4598,#2256);
#1855=LINE('',#4599,#2257);
#1856=LINE('',#4600,#2258);
#1857=LINE('',#4602,#2259);
#1858=LINE('',#4603,#2260);
#1859=LINE('',#4604,#2261);
#1860=LINE('',#4606,#2262);
#1861=LINE('',#4607,#2263);
#1862=LINE('',#4608,#2264);
#1863=LINE('',#4610,#2265);
#1864=LINE('',#4611,#2266);
#1865=LINE('',#4612,#2267);
#1866=LINE('',#4614,#2268);
#1867=LINE('',#4615,#2269);
#1868=LINE('',#4616,#2270);
#1869=LINE('',#4618,#2271);
#1870=LINE('',#4620,#2272);
#1871=LINE('',#4622,#2273);
#1872=LINE('',#4624,#2274);
#1873=LINE('',#4626,#2275);
#1874=LINE('',#4628,#2276);
#1875=LINE('',#4630,#2277);
#1876=LINE('',#4633,#2278);
#1877=LINE('',#4635,#2279);
#1878=LINE('',#4637,#2280);
#1879=LINE('',#4639,#2281);
#1880=LINE('',#4641,#2282);
#1881=LINE('',#4643,#2283);
#1882=LINE('',#4645,#2284);
#1883=LINE('',#4647,#2285);
#1884=LINE('',#4649,#2286);
#1885=LINE('',#4651,#2287);
#1886=LINE('',#4652,#2288);
#1887=VECTOR('',#3132,39.3700787401575);
#1888=VECTOR('',#3133,39.3700787401575);
#1889=VECTOR('',#3134,39.3700787401575);
#1890=VECTOR('',#3135,39.3700787401575);
#1891=VECTOR('',#3136,39.3700787401575);
#1892=VECTOR('',#3137,39.3700787401575);
#1893=VECTOR('',#3140,39.3700787401575);
#1894=VECTOR('',#3141,39.3700787401575);
#1895=VECTOR('',#3142,39.3700787401575);
#1896=VECTOR('',#3143,39.3700787401575);
#1897=VECTOR('',#3144,39.3700787401575);
#1898=VECTOR('',#3147,39.3700787401575);
#1899=VECTOR('',#3148,39.3700787401575);
#1900=VECTOR('',#3149,39.3700787401575);
#1901=VECTOR('',#3150,39.3700787401575);
#1902=VECTOR('',#3151,39.3700787401575);
#1903=VECTOR('',#3152,39.3700787401575);
#1904=VECTOR('',#3155,39.3700787401575);
#1905=VECTOR('',#3156,39.3700787401575);
#1906=VECTOR('',#3157,39.3700787401575);
#1907=VECTOR('',#3158,39.3700787401575);
#1908=VECTOR('',#3159,39.3700787401575);
#1909=VECTOR('',#3162,39.3700787401575);
#1910=VECTOR('',#3163,39.3700787401575);
#1911=VECTOR('',#3164,39.3700787401575);
#1912=VECTOR('',#3165,39.3700787401575);
#1913=VECTOR('',#3166,39.3700787401575);
#1914=VECTOR('',#3167,39.3700787401575);
#1915=VECTOR('',#3168,39.3700787401575);
#1916=VECTOR('',#3169,39.3700787401575);
#1917=VECTOR('',#3172,39.3700787401575);
#1918=VECTOR('',#3173,39.3700787401575);
#1919=VECTOR('',#3174,39.3700787401575);
#1920=VECTOR('',#3175,39.3700787401575);
#1921=VECTOR('',#3176,39.3700787401575);
#1922=VECTOR('',#3177,39.3700787401575);
#1923=VECTOR('',#3178,39.3700787401575);
#1924=VECTOR('',#3181,39.3700787401575);
#1925=VECTOR('',#3182,39.3700787401575);
#1926=VECTOR('',#3183,39.3700787401575);
#1927=VECTOR('',#3184,39.3700787401575);
#1928=VECTOR('',#3185,39.3700787401575);
#1929=VECTOR('',#3186,39.3700787401575);
#1930=VECTOR('',#3187,39.3700787401575);
#1931=VECTOR('',#3188,39.3700787401575);
#1932=VECTOR('',#3191,39.3700787401575);
#1933=VECTOR('',#3192,39.3700787401575);
#1934=VECTOR('',#3193,39.3700787401575);
#1935=VECTOR('',#3194,39.3700787401575);
#1936=VECTOR('',#3195,39.3700787401575);
#1937=VECTOR('',#3196,39.3700787401575);
#1938=VECTOR('',#3197,39.3700787401575);
#1939=VECTOR('',#3200,39.3700787401575);
#1940=VECTOR('',#3201,39.3700787401575);
#1941=VECTOR('',#3202,39.3700787401575);
#1942=VECTOR('',#3203,39.3700787401575);
#1943=VECTOR('',#3204,39.3700787401575);
#1944=VECTOR('',#3205,39.3700787401575);
#1945=VECTOR('',#3206,39.3700787401575);
#1946=VECTOR('',#3207,39.3700787401575);
#1947=VECTOR('',#3208,39.3700787401575);
#1948=VECTOR('',#3209,39.3700787401575);
#1949=VECTOR('',#3210,39.3700787401575);
#1950=VECTOR('',#3213,39.3700787401575);
#1951=VECTOR('',#3214,39.3700787401575);
#1952=VECTOR('',#3215,39.3700787401575);
#1953=VECTOR('',#3216,39.3700787401575);
#1954=VECTOR('',#3217,39.3700787401575);
#1955=VECTOR('',#3218,39.3700787401575);
#1956=VECTOR('',#3219,39.3700787401575);
#1957=VECTOR('',#3220,39.3700787401575);
#1958=VECTOR('',#3221,39.3700787401575);
#1959=VECTOR('',#3222,39.3700787401575);
#1960=VECTOR('',#3223,39.3700787401575);
#1961=VECTOR('',#3226,39.3700787401575);
#1962=VECTOR('',#3227,39.3700787401575);
#1963=VECTOR('',#3228,39.3700787401575);
#1964=VECTOR('',#3229,39.3700787401575);
#1965=VECTOR('',#3230,39.3700787401575);
#1966=VECTOR('',#3231,39.3700787401575);
#1967=VECTOR('',#3232,39.3700787401575);
#1968=VECTOR('',#3233,39.3700787401575);
#1969=VECTOR('',#3234,39.3700787401575);
#1970=VECTOR('',#3235,39.3700787401575);
#1971=VECTOR('',#3238,39.3700787401575);
#1972=VECTOR('',#3239,39.3700787401575);
#1973=VECTOR('',#3240,39.3700787401575);
#1974=VECTOR('',#3241,39.3700787401575);
#1975=VECTOR('',#3242,39.3700787401575);
#1976=VECTOR('',#3243,39.3700787401575);
#1977=VECTOR('',#3244,39.3700787401575);
#1978=VECTOR('',#3245,39.3700787401575);
#1979=VECTOR('',#3246,39.3700787401575);
#1980=VECTOR('',#3247,39.3700787401575);
#1981=VECTOR('',#3248,39.3700787401575);
#1982=VECTOR('',#3251,39.3700787401575);
#1983=VECTOR('',#3252,39.3700787401575);
#1984=VECTOR('',#3253,39.3700787401575);
#1985=VECTOR('',#3254,39.3700787401575);
#1986=VECTOR('',#3255,39.3700787401575);
#1987=VECTOR('',#3256,39.3700787401575);
#1988=VECTOR('',#3257,39.3700787401575);
#1989=VECTOR('',#3258,39.3700787401575);
#1990=VECTOR('',#3259,39.3700787401575);
#1991=VECTOR('',#3260,39.3700787401575);
#1992=VECTOR('',#3263,39.3700787401575);
#1993=VECTOR('',#3264,39.3700787401575);
#1994=VECTOR('',#3265,39.3700787401575);
#1995=VECTOR('',#3266,39.3700787401575);
#1996=VECTOR('',#3267,39.3700787401575);
#1997=VECTOR('',#3268,39.3700787401575);
#1998=VECTOR('',#3269,39.3700787401575);
#1999=VECTOR('',#3270,39.3700787401575);
#2000=VECTOR('',#3271,39.3700787401575);
#2001=VECTOR('',#3272,39.3700787401575);
#2002=VECTOR('',#3273,39.3700787401575);
#2003=VECTOR('',#3276,39.3700787401575);
#2004=VECTOR('',#3277,39.3700787401575);
#2005=VECTOR('',#3278,39.3700787401575);
#2006=VECTOR('',#3281,39.3700787401575);
#2007=VECTOR('',#3282,39.3700787401575);
#2008=VECTOR('',#3283,39.3700787401575);
#2009=VECTOR('',#3286,39.3700787401575);
#2010=VECTOR('',#3287,39.3700787401575);
#2011=VECTOR('',#3288,39.3700787401575);
#2012=VECTOR('',#3291,39.3700787401575);
#2013=VECTOR('',#3292,39.3700787401575);
#2014=VECTOR('',#3293,39.3700787401575);
#2015=VECTOR('',#3296,39.3700787401575);
#2016=VECTOR('',#3297,39.3700787401575);
#2017=VECTOR('',#3298,39.3700787401575);
#2018=VECTOR('',#3301,39.3700787401575);
#2019=VECTOR('',#3302,39.3700787401575);
#2020=VECTOR('',#3303,39.3700787401575);
#2021=VECTOR('',#3306,39.3700787401575);
#2022=VECTOR('',#3307,39.3700787401575);
#2023=VECTOR('',#3308,39.3700787401575);
#2024=VECTOR('',#3311,39.3700787401575);
#2025=VECTOR('',#3312,39.3700787401575);
#2026=VECTOR('',#3313,39.3700787401575);
#2027=VECTOR('',#3316,39.3700787401575);
#2028=VECTOR('',#3317,39.3700787401575);
#2029=VECTOR('',#3318,39.3700787401575);
#2030=VECTOR('',#3321,39.3700787401575);
#2031=VECTOR('',#3322,39.3700787401575);
#2032=VECTOR('',#3323,39.3700787401575);
#2033=VECTOR('',#3326,39.3700787401575);
#2034=VECTOR('',#3327,39.3700787401575);
#2035=VECTOR('',#3328,39.3700787401575);
#2036=VECTOR('',#3331,39.3700787401575);
#2037=VECTOR('',#3332,39.3700787401575);
#2038=VECTOR('',#3333,39.3700787401575);
#2039=VECTOR('',#3336,39.3700787401575);
#2040=VECTOR('',#3339,39.3700787401575);
#2041=VECTOR('',#3342,39.3700787401575);
#2042=VECTOR('',#3345,39.3700787401575);
#2043=VECTOR('',#3348,39.3700787401575);
#2044=VECTOR('',#3351,39.3700787401575);
#2045=VECTOR('',#3354,39.3700787401575);
#2046=VECTOR('',#3357,39.3700787401575);
#2047=VECTOR('',#3360,39.3700787401575);
#2048=VECTOR('',#3361,39.3700787401575);
#2049=VECTOR('',#3364,39.3700787401575);
#2050=VECTOR('',#3365,39.3700787401575);
#2051=VECTOR('',#3368,39.3700787401575);
#2052=VECTOR('',#3369,39.3700787401575);
#2053=VECTOR('',#3372,39.3700787401575);
#2054=VECTOR('',#3373,39.3700787401575);
#2055=VECTOR('',#3376,39.3700787401575);
#2056=VECTOR('',#3377,39.3700787401575);
#2057=VECTOR('',#3380,39.3700787401575);
#2058=VECTOR('',#3381,39.3700787401575);
#2059=VECTOR('',#3384,39.3700787401575);
#2060=VECTOR('',#3385,39.3700787401575);
#2061=VECTOR('',#3388,39.3700787401575);
#2062=VECTOR('',#3389,39.3700787401575);
#2063=VECTOR('',#3392,39.3700787401575);
#2064=VECTOR('',#3393,39.3700787401575);
#2065=VECTOR('',#3396,39.3700787401575);
#2066=VECTOR('',#3397,39.3700787401575);
#2067=VECTOR('',#3400,39.3700787401575);
#2068=VECTOR('',#3401,39.3700787401575);
#2069=VECTOR('',#3404,39.3700787401575);
#2070=VECTOR('',#3405,39.3700787401575);
#2071=VECTOR('',#3408,39.3700787401575);
#2072=VECTOR('',#3409,39.3700787401575);
#2073=VECTOR('',#3412,39.3700787401575);
#2074=VECTOR('',#3413,39.3700787401575);
#2075=VECTOR('',#3416,39.3700787401575);
#2076=VECTOR('',#3417,39.3700787401575);
#2077=VECTOR('',#3420,39.3700787401575);
#2078=VECTOR('',#3421,39.3700787401575);
#2079=VECTOR('',#3424,39.3700787401575);
#2080=VECTOR('',#3425,39.3700787401575);
#2081=VECTOR('',#3426,39.3700787401575);
#2082=VECTOR('',#3427,39.3700787401575);
#2083=VECTOR('',#3430,39.3700787401575);
#2084=VECTOR('',#3431,39.3700787401575);
#2085=VECTOR('',#3432,39.3700787401575);
#2086=VECTOR('',#3435,39.3700787401575);
#2087=VECTOR('',#3436,39.3700787401575);
#2088=VECTOR('',#3437,39.3700787401575);
#2089=VECTOR('',#3440,39.3700787401575);
#2090=VECTOR('',#3441,39.3700787401575);
#2091=VECTOR('',#3442,39.3700787401575);
#2092=VECTOR('',#3443,39.3700787401575);
#2093=VECTOR('',#3446,39.3700787401575);
#2094=VECTOR('',#3447,39.3700787401575);
#2095=VECTOR('',#3448,39.3700787401575);
#2096=VECTOR('',#3451,39.3700787401575);
#2097=VECTOR('',#3452,39.3700787401575);
#2098=VECTOR('',#3453,39.3700787401575);
#2099=VECTOR('',#3456,39.3700787401575);
#2100=VECTOR('',#3457,39.3700787401575);
#2101=VECTOR('',#3458,39.3700787401575);
#2102=VECTOR('',#3459,39.3700787401575);
#2103=VECTOR('',#3462,39.3700787401575);
#2104=VECTOR('',#3463,39.3700787401575);
#2105=VECTOR('',#3464,39.3700787401575);
#2106=VECTOR('',#3467,39.3700787401575);
#2107=VECTOR('',#3468,39.3700787401575);
#2108=VECTOR('',#3469,39.3700787401575);
#2109=VECTOR('',#3472,39.3700787401575);
#2110=VECTOR('',#3473,39.3700787401575);
#2111=VECTOR('',#3476,39.3700787401575);
#2112=VECTOR('',#3477,39.3700787401575);
#2113=VECTOR('',#3480,39.3700787401575);
#2114=VECTOR('',#3481,39.3700787401575);
#2115=VECTOR('',#3484,39.3700787401575);
#2116=VECTOR('',#3485,39.3700787401575);
#2117=VECTOR('',#3486,39.3700787401575);
#2118=VECTOR('',#3487,39.3700787401575);
#2119=VECTOR('',#3488,39.3700787401575);
#2120=VECTOR('',#3489,39.3700787401575);
#2121=VECTOR('',#3490,39.3700787401575);
#2122=VECTOR('',#3491,39.3700787401575);
#2123=VECTOR('',#3494,39.3700787401575);
#2124=VECTOR('',#3495,39.3700787401575);
#2125=VECTOR('',#3496,39.3700787401575);
#2126=VECTOR('',#3499,39.3700787401575);
#2127=VECTOR('',#3500,39.3700787401575);
#2128=VECTOR('',#3501,39.3700787401575);
#2129=VECTOR('',#3504,39.3700787401575);
#2130=VECTOR('',#3505,39.3700787401575);
#2131=VECTOR('',#3508,39.3700787401575);
#2132=VECTOR('',#3509,39.3700787401575);
#2133=VECTOR('',#3512,39.3700787401575);
#2134=VECTOR('',#3513,39.3700787401575);
#2135=VECTOR('',#3522,39.3700787401575);
#2136=VECTOR('',#3523,39.3700787401575);
#2137=VECTOR('',#3524,39.3700787401575);
#2138=VECTOR('',#3527,39.3700787401575);
#2139=VECTOR('',#3528,39.3700787401575);
#2140=VECTOR('',#3531,39.3700787401575);
#2141=VECTOR('',#3532,39.3700787401575);
#2142=VECTOR('',#3535,39.3700787401575);
#2143=VECTOR('',#3540,39.3700787401575);
#2144=VECTOR('',#3541,39.3700787401575);
#2145=VECTOR('',#3542,39.3700787401575);
#2146=VECTOR('',#3543,39.3700787401575);
#2147=VECTOR('',#3546,39.3700787401575);
#2148=VECTOR('',#3547,39.3700787401575);
#2149=VECTOR('',#3548,39.3700787401575);
#2150=VECTOR('',#3549,39.3700787401575);
#2151=VECTOR('',#3552,39.3700787401575);
#2152=VECTOR('',#3553,39.3700787401575);
#2153=VECTOR('',#3554,39.3700787401575);
#2154=VECTOR('',#3555,39.3700787401575);
#2155=VECTOR('',#3582,39.3700787401575);
#2156=VECTOR('',#3583,39.3700787401575);
#2157=VECTOR('',#3590,39.3700787401575);
#2158=VECTOR('',#3593,39.3700787401575);
#2159=VECTOR('',#3598,39.3700787401575);
#2160=VECTOR('',#3601,39.3700787401575);
#2161=VECTOR('',#3606,39.3700787401575);
#2162=VECTOR('',#3609,39.3700787401575);
#2163=VECTOR('',#3616,39.3700787401575);
#2164=VECTOR('',#3617,39.3700787401575);
#2165=VECTOR('',#3618,39.3700787401575);
#2166=VECTOR('',#3619,39.3700787401575);
#2167=VECTOR('',#3622,39.3700787401575);
#2168=VECTOR('',#3623,39.3700787401575);
#2169=VECTOR('',#3624,39.3700787401575);
#2170=VECTOR('',#3625,39.3700787401575);
#2171=VECTOR('',#3628,39.3700787401575);
#2172=VECTOR('',#3629,39.3700787401575);
#2173=VECTOR('',#3630,39.3700787401575);
#2174=VECTOR('',#3631,39.3700787401575);
#2175=VECTOR('',#3634,39.3700787401575);
#2176=VECTOR('',#3635,39.3700787401575);
#2177=VECTOR('',#3636,39.3700787401575);
#2178=VECTOR('',#3637,39.3700787401575);
#2179=VECTOR('',#3638,39.3700787401575);
#2180=VECTOR('',#3641,39.3700787401575);
#2181=VECTOR('',#3642,39.3700787401575);
#2182=VECTOR('',#3643,39.3700787401575);
#2183=VECTOR('',#3644,39.3700787401575);
#2184=VECTOR('',#3645,39.3700787401575);
#2185=VECTOR('',#3648,39.3700787401575);
#2186=VECTOR('',#3649,39.3700787401575);
#2187=VECTOR('',#3650,39.3700787401575);
#2188=VECTOR('',#3651,39.3700787401575);
#2189=VECTOR('',#3652,39.3700787401575);
#2190=VECTOR('',#3655,39.3700787401575);
#2191=VECTOR('',#3656,39.3700787401575);
#2192=VECTOR('',#3657,39.3700787401575);
#2193=VECTOR('',#3658,39.3700787401575);
#2194=VECTOR('',#3659,39.3700787401575);
#2195=VECTOR('',#3662,39.3700787401575);
#2196=VECTOR('',#3663,39.3700787401575);
#2197=VECTOR('',#3664,39.3700787401575);
#2198=VECTOR('',#3665,39.3700787401575);
#2199=VECTOR('',#3666,39.3700787401575);
#2200=VECTOR('',#3669,39.3700787401575);
#2201=VECTOR('',#3670,39.3700787401575);
#2202=VECTOR('',#3671,39.3700787401575);
#2203=VECTOR('',#3672,39.3700787401575);
#2204=VECTOR('',#3673,39.3700787401575);
#2205=VECTOR('',#3676,39.3700787401575);
#2206=VECTOR('',#3677,39.3700787401575);
#2207=VECTOR('',#3680,39.3700787401575);
#2208=VECTOR('',#3681,39.3700787401575);
#2209=VECTOR('',#3684,39.3700787401575);
#2210=VECTOR('',#3685,39.3700787401575);
#2211=VECTOR('',#3688,39.3700787401575);
#2212=VECTOR('',#3689,39.3700787401575);
#2213=VECTOR('',#3692,39.3700787401575);
#2214=VECTOR('',#3693,39.3700787401575);
#2215=VECTOR('',#3696,39.3700787401575);
#2216=VECTOR('',#3697,39.3700787401575);
#2217=VECTOR('',#3700,39.3700787401575);
#2218=VECTOR('',#3701,39.3700787401575);
#2219=VECTOR('',#3702,39.3700787401575);
#2220=VECTOR('',#3703,39.3700787401575);
#2221=VECTOR('',#3706,39.3700787401575);
#2222=VECTOR('',#3707,39.3700787401575);
#2223=VECTOR('',#3708,39.3700787401575);
#2224=VECTOR('',#3709,39.3700787401575);
#2225=VECTOR('',#3712,39.3700787401575);
#2226=VECTOR('',#3713,39.3700787401575);
#2227=VECTOR('',#3714,39.3700787401575);
#2228=VECTOR('',#3715,39.3700787401575);
#2229=VECTOR('',#3718,39.3700787401575);
#2230=VECTOR('',#3719,39.3700787401575);
#2231=VECTOR('',#3720,39.3700787401575);
#2232=VECTOR('',#3721,39.3700787401575);
#2233=VECTOR('',#3724,39.3700787401575);
#2234=VECTOR('',#3725,39.3700787401575);
#2235=VECTOR('',#3726,39.3700787401575);
#2236=VECTOR('',#3727,39.3700787401575);
#2237=VECTOR('',#3730,39.3700787401575);
#2238=VECTOR('',#3731,39.3700787401575);
#2239=VECTOR('',#3732,39.3700787401575);
#2240=VECTOR('',#3733,39.3700787401575);
#2241=VECTOR('',#3736,39.3700787401575);
#2242=VECTOR('',#3737,39.3700787401575);
#2243=VECTOR('',#3738,39.3700787401575);
#2244=VECTOR('',#3739,39.3700787401575);
#2245=VECTOR('',#3742,39.3700787401575);
#2246=VECTOR('',#3743,39.3700787401575);
#2247=VECTOR('',#3744,39.3700787401575);
#2248=VECTOR('',#3745,39.3700787401575);
#2249=VECTOR('',#3748,39.3700787401575);
#2250=VECTOR('',#3749,39.3700787401575);
#2251=VECTOR('',#3750,39.3700787401575);
#2252=VECTOR('',#3751,39.3700787401575);
#2253=VECTOR('',#3754,39.3700787401575);
#2254=VECTOR('',#3755,39.3700787401575);
#2255=VECTOR('',#3756,39.3700787401575);
#2256=VECTOR('',#3759,39.3700787401575);
#2257=VECTOR('',#3760,39.3700787401575);
#2258=VECTOR('',#3761,39.3700787401575);
#2259=VECTOR('',#3764,39.3700787401575);
#2260=VECTOR('',#3765,39.3700787401575);
#2261=VECTOR('',#3766,39.3700787401575);
#2262=VECTOR('',#3769,39.3700787401575);
#2263=VECTOR('',#3770,39.3700787401575);
#2264=VECTOR('',#3771,39.3700787401575);
#2265=VECTOR('',#3774,39.3700787401575);
#2266=VECTOR('',#3775,39.3700787401575);
#2267=VECTOR('',#3776,39.3700787401575);
#2268=VECTOR('',#3779,39.3700787401575);
#2269=VECTOR('',#3780,39.3700787401575);
#2270=VECTOR('',#3781,39.3700787401575);
#2271=VECTOR('',#3784,39.3700787401575);
#2272=VECTOR('',#3787,39.3700787401575);
#2273=VECTOR('',#3790,39.3700787401575);
#2274=VECTOR('',#3793,39.3700787401575);
#2275=VECTOR('',#3796,39.3700787401575);
#2276=VECTOR('',#3799,39.3700787401575);
#2277=VECTOR('',#3802,39.3700787401575);
#2278=VECTOR('',#3803,39.3700787401575);
#2279=VECTOR('',#3804,39.3700787401575);
#2280=VECTOR('',#3805,39.3700787401575);
#2281=VECTOR('',#3808,39.3700787401575);
#2282=VECTOR('',#3809,39.3700787401575);
#2283=VECTOR('',#3810,39.3700787401575);
#2284=VECTOR('',#3813,39.3700787401575);
#2285=VECTOR('',#3814,39.3700787401575);
#2286=VECTOR('',#3815,39.3700787401575);
#2287=VECTOR('',#3818,39.3700787401575);
#2288=VECTOR('',#3819,39.3700787401575);
#2289=EDGE_LOOP('',(#23,#24,#25,#26,#27,#28));
#2290=EDGE_LOOP('',(#29,#30,#31,#32,#33,#34));
#2291=EDGE_LOOP('',(#35,#36,#37,#38,#39,#40));
#2292=EDGE_LOOP('',(#41,#42,#43,#44,#45,#46));
#2293=EDGE_LOOP('',(#47,#48,#49,#50,#51,#52,#53,#54));
#2294=EDGE_LOOP('',(#55,#56,#57,#58,#59,#60,#61,#62));
#2295=EDGE_LOOP('',(#63,#64,#65,#66,#67,#68,#69,#70));
#2296=EDGE_LOOP('',(#71,#72,#73,#74,#75,#76,#77,#78));
#2297=EDGE_LOOP('',(#79,#80,#81,#82,#83,#84,#85,#86,#87,#88,#89));
#2298=EDGE_LOOP('',(#90,#91,#92,#93,#94,#95,#96,#97,#98,#99,#100));
#2299=EDGE_LOOP('',(#101,#102,#103,#104,#105,#106,#107,#108,#109,#110));
#2300=EDGE_LOOP('',(#111,#112,#113,#114,#115,#116,#117,#118,#119,#120,#121));
#2301=EDGE_LOOP('',(#122,#123,#124,#125,#126,#127,#128,#129,#130,#131));
#2302=EDGE_LOOP('',(#132,#133,#134,#135,#136,#137,#138,#139,#140,#141,#142));
#2303=EDGE_LOOP('',(#143,#144,#145,#146));
#2304=EDGE_LOOP('',(#147,#148,#149,#150));
#2305=EDGE_LOOP('',(#151,#152,#153,#154));
#2306=EDGE_LOOP('',(#155,#156,#157,#158));
#2307=EDGE_LOOP('',(#159,#160,#161,#162));
#2308=EDGE_LOOP('',(#163,#164,#165,#166));
#2309=EDGE_LOOP('',(#167,#168,#169,#170));
#2310=EDGE_LOOP('',(#171,#172,#173,#174));
#2311=EDGE_LOOP('',(#175,#176,#177,#178));
#2312=EDGE_LOOP('',(#179,#180,#181,#182));
#2313=EDGE_LOOP('',(#183,#184,#185,#186));
#2314=EDGE_LOOP('',(#187,#188,#189,#190));
#2315=EDGE_LOOP('',(#191,#192,#193,#194));
#2316=EDGE_LOOP('',(#195,#196,#197,#198));
#2317=EDGE_LOOP('',(#199,#200,#201,#202));
#2318=EDGE_LOOP('',(#203,#204,#205,#206));
#2319=EDGE_LOOP('',(#207,#208,#209,#210));
#2320=EDGE_LOOP('',(#211,#212,#213,#214));
#2321=EDGE_LOOP('',(#215,#216,#217,#218));
#2322=EDGE_LOOP('',(#219,#220,#221,#222));
#2323=EDGE_LOOP('',(#223,#224,#225,#226));
#2324=EDGE_LOOP('',(#227,#228,#229,#230));
#2325=EDGE_LOOP('',(#231,#232,#233,#234));
#2326=EDGE_LOOP('',(#235,#236,#237,#238));
#2327=EDGE_LOOP('',(#239,#240,#241,#242));
#2328=EDGE_LOOP('',(#243,#244,#245,#246));
#2329=EDGE_LOOP('',(#247,#248,#249,#250));
#2330=EDGE_LOOP('',(#251,#252,#253,#254));
#2331=EDGE_LOOP('',(#255,#256,#257,#258));
#2332=EDGE_LOOP('',(#259,#260,#261,#262));
#2333=EDGE_LOOP('',(#263,#264,#265,#266));
#2334=EDGE_LOOP('',(#267,#268,#269,#270));
#2335=EDGE_LOOP('',(#271,#272,#273,#274));
#2336=EDGE_LOOP('',(#275,#276,#277,#278));
#2337=EDGE_LOOP('',(#279,#280,#281,#282));
#2338=EDGE_LOOP('',(#283,#284,#285,#286));
#2339=EDGE_LOOP('',(#287,#288,#289,#290));
#2340=EDGE_LOOP('',(#291,#292,#293,#294));
#2341=EDGE_LOOP('',(#295,#296,#297,#298));
#2342=EDGE_LOOP('',(#299,#300,#301,#302));
#2343=EDGE_LOOP('',(#303,#304,#305,#306));
#2344=EDGE_LOOP('',(#307,#308,#309,#310));
#2345=EDGE_LOOP('',(#311,#312,#313,#314));
#2346=EDGE_LOOP('',(#315,#316,#317,#318));
#2347=EDGE_LOOP('',(#319,#320,#321,#322));
#2348=EDGE_LOOP('',(#323,#324,#325,#326));
#2349=EDGE_LOOP('',(#327,#328,#329,#330));
#2350=EDGE_LOOP('',(#331,#332,#333,#334));
#2351=EDGE_LOOP('',(#335,#336,#337,#338));
#2352=EDGE_LOOP('',(#339,#340,#341,#342));
#2353=EDGE_LOOP('',(#343,#344,#345,#346));
#2354=EDGE_LOOP('',(#347,#348,#349,#350));
#2355=EDGE_LOOP('',(#351,#352,#353,#354));
#2356=EDGE_LOOP('',(#355,#356,#357,#358));
#2357=EDGE_LOOP('',(#359,#360,#361,#362));
#2358=EDGE_LOOP('',(#363,#364,#365,#366));
#2359=EDGE_LOOP('',(#367,#368,#369,#370,#371,#372,#373,#374));
#2360=EDGE_LOOP('',(#375,#376,#377,#378));
#2361=EDGE_LOOP('',(#379,#380,#381,#382));
#2362=EDGE_LOOP('',(#383,#384,#385,#386));
#2363=EDGE_LOOP('',(#387,#388,#389,#390));
#2364=EDGE_LOOP('',(#391,#392,#393,#394));
#2365=EDGE_LOOP('',(#395,#396,#397,#398));
#2366=EDGE_LOOP('',(#399,#400,#401,#402));
#2367=EDGE_LOOP('',(#403,#404,#405,#406));
#2368=EDGE_LOOP('',(#407,#408,#409,#410));
#2369=EDGE_LOOP('',(#411,#412,#413,#414,#415,#416,#417,#418,#419,#420,#421,
#422,#423,#424,#425,#426,#427,#428,#429,#430));
#2370=EDGE_LOOP('',(#431,#432,#433,#434));
#2371=EDGE_LOOP('',(#435,#436,#437,#438,#439,#440,#441,#442,#443,#444,#445,
#446,#447,#448,#449,#450));
#2372=EDGE_LOOP('',(#451,#452,#453,#454));
#2373=EDGE_LOOP('',(#455,#456,#457,#458,#459,#460,#461,#462,#463,#464,#465,
#466));
#2374=EDGE_LOOP('',(#467,#468,#469,#470));
#2375=EDGE_LOOP('',(#471,#472,#473,#474));
#2376=EDGE_LOOP('',(#475,#476,#477,#478));
#2377=EDGE_LOOP('',(#479,#480,#481,#482));
#2378=EDGE_LOOP('',(#483,#484,#485,#486));
#2379=EDGE_LOOP('',(#487,#488,#489,#490));
#2380=EDGE_LOOP('',(#491,#492,#493,#494));
#2381=EDGE_LOOP('',(#495,#496,#497,#498));
#2382=EDGE_LOOP('',(#499,#500,#501,#502));
#2383=EDGE_LOOP('',(#503,#504,#505,#506));
#2384=EDGE_LOOP('',(#507,#508,#509,#510));
#2385=EDGE_LOOP('',(#511,#512,#513,#514));
#2386=EDGE_LOOP('',(#515,#516,#517,#518));
#2387=EDGE_LOOP('',(#519,#520,#521,#522,#523,#524));
#2388=EDGE_LOOP('',(#525,#526,#527,#528));
#2389=EDGE_LOOP('',(#529,#530,#531,#532));
#2390=EDGE_LOOP('',(#533,#534,#535,#536));
#2391=EDGE_LOOP('',(#537,#538,#539,#540,#541,#542));
#2392=EDGE_LOOP('',(#543,#544,#545,#546));
#2393=EDGE_LOOP('',(#547,#548,#549,#550));
#2394=EDGE_LOOP('',(#551,#552,#553,#554));
#2395=EDGE_LOOP('',(#555,#556,#557,#558,#559,#560));
#2396=EDGE_LOOP('',(#561,#562,#563,#564));
#2397=EDGE_LOOP('',(#565,#566,#567,#568,#569,#570));
#2398=EDGE_LOOP('',(#571,#572,#573,#574));
#2399=EDGE_LOOP('',(#575,#576,#577,#578));
#2400=EDGE_LOOP('',(#579,#580,#581,#582));
#2401=EDGE_LOOP('',(#583,#584,#585,#586));
#2402=EDGE_LOOP('',(#587,#588,#589,#590,#591,#592));
#2403=EDGE_LOOP('',(#593,#594,#595,#596,#597,#598));
#2404=EDGE_LOOP('',(#599,#600,#601,#602,#603,#604));
#2405=EDGE_LOOP('',(#605,#606,#607,#608,#609,#610));
#2406=EDGE_LOOP('',(#611,#612,#613,#614,#615,#616));
#2407=EDGE_LOOP('',(#617,#618,#619,#620,#621,#622));
#2408=EDGE_LOOP('',(#623,#624,#625,#626));
#2409=EDGE_LOOP('',(#627,#628,#629,#630));
#2410=EDGE_LOOP('',(#631,#632,#633,#634));
#2411=EDGE_LOOP('',(#635,#636,#637,#638));
#2412=EDGE_LOOP('',(#639,#640,#641,#642));
#2413=EDGE_LOOP('',(#643,#644,#645,#646));
#2414=EDGE_LOOP('',(#647,#648,#649,#650));
#2415=EDGE_LOOP('',(#651,#652,#653,#654));
#2416=EDGE_LOOP('',(#655,#656,#657,#658));
#2417=EDGE_LOOP('',(#659,#660,#661,#662));
#2418=EDGE_LOOP('',(#663,#664,#665,#666));
#2419=EDGE_LOOP('',(#667,#668,#669,#670));
#2420=EDGE_LOOP('',(#671,#672,#673,#674));
#2421=EDGE_LOOP('',(#675,#676,#677,#678));
#2422=EDGE_LOOP('',(#679,#680,#681,#682));
#2423=EDGE_LOOP('',(#683,#684,#685,#686));
#2424=EDGE_LOOP('',(#687,#688,#689,#690));
#2425=EDGE_LOOP('',(#691,#692,#693,#694));
#2426=EDGE_LOOP('',(#695,#696,#697,#698));
#2427=EDGE_LOOP('',(#699,#700,#701,#702));
#2428=EDGE_LOOP('',(#703,#704,#705,#706));
#2429=EDGE_LOOP('',(#707,#708,#709,#710));
#2430=EDGE_LOOP('',(#711,#712,#713,#714));
#2431=EDGE_LOOP('',(#715,#716,#717,#718));
#2432=EDGE_LOOP('',(#719,#720,#721,#722));
#2433=EDGE_LOOP('',(#723,#724,#725,#726));
#2434=EDGE_LOOP('',(#727,#728,#729,#730));
#2435=EDGE_LOOP('',(#731,#732,#733,#734));
#2436=EDGE_LOOP('',(#735,#736,#737,#738));
#2437=EDGE_LOOP('',(#739,#740,#741,#742));
#2438=EDGE_LOOP('',(#743,#744,#745,#746));
#2439=EDGE_LOOP('',(#747,#748,#749,#750));
#2440=EDGE_LOOP('',(#751,#752,#753,#754));
#2441=EDGE_LOOP('',(#755,#756,#757,#758));
#2442=EDGE_LOOP('',(#759,#760,#761,#762));
#2443=EDGE_LOOP('',(#763,#764,#765,#766));
#2444=EDGE_LOOP('',(#767,#768,#769,#770));
#2445=EDGE_LOOP('',(#771,#772,#773,#774));
#2446=EDGE_LOOP('',(#775,#776,#777,#778));
#2447=EDGE_LOOP('',(#779,#780,#781,#782));
#2448=EDGE_LOOP('',(#783,#784,#785,#786));
#2449=EDGE_LOOP('',(#787,#788,#789,#790));
#2450=EDGE_LOOP('',(#791,#792,#793,#794));
#2451=EDGE_LOOP('',(#795,#796,#797,#798));
#2452=EDGE_LOOP('',(#799,#800,#801,#802));
#2453=EDGE_LOOP('',(#803,#804,#805,#806));
#2454=EDGE_LOOP('',(#807,#808,#809,#810));
#2455=EDGE_LOOP('',(#811,#812,#813,#814));
#2456=EDGE_LOOP('',(#815,#816,#817,#818));
#2457=EDGE_LOOP('',(#819,#820,#821,#822));
#2458=EDGE_LOOP('',(#823,#824,#825,#826));
#2459=FACE_BOUND('',#2289,.T.);
#2460=FACE_BOUND('',#2290,.T.);
#2461=FACE_BOUND('',#2291,.T.);
#2462=FACE_BOUND('',#2292,.T.);
#2463=FACE_BOUND('',#2293,.T.);
#2464=FACE_BOUND('',#2294,.T.);
#2465=FACE_BOUND('',#2295,.T.);
#2466=FACE_BOUND('',#2296,.T.);
#2467=FACE_BOUND('',#2297,.T.);
#2468=FACE_BOUND('',#2298,.T.);
#2469=FACE_BOUND('',#2299,.T.);
#2470=FACE_BOUND('',#2300,.T.);
#2471=FACE_BOUND('',#2301,.T.);
#2472=FACE_BOUND('',#2302,.T.);
#2473=FACE_BOUND('',#2303,.T.);
#2474=FACE_BOUND('',#2304,.T.);
#2475=FACE_BOUND('',#2305,.T.);
#2476=FACE_BOUND('',#2306,.T.);
#2477=FACE_BOUND('',#2307,.T.);
#2478=FACE_BOUND('',#2308,.T.);
#2479=FACE_BOUND('',#2309,.T.);
#2480=FACE_BOUND('',#2310,.T.);
#2481=FACE_BOUND('',#2311,.T.);
#2482=FACE_BOUND('',#2312,.T.);
#2483=FACE_BOUND('',#2313,.T.);
#2484=FACE_BOUND('',#2314,.T.);
#2485=FACE_BOUND('',#2315,.T.);
#2486=FACE_BOUND('',#2316,.T.);
#2487=FACE_BOUND('',#2317,.T.);
#2488=FACE_BOUND('',#2318,.T.);
#2489=FACE_BOUND('',#2319,.T.);
#2490=FACE_BOUND('',#2320,.T.);
#2491=FACE_BOUND('',#2321,.T.);
#2492=FACE_BOUND('',#2322,.T.);
#2493=FACE_BOUND('',#2323,.T.);
#2494=FACE_BOUND('',#2324,.T.);
#2495=FACE_BOUND('',#2325,.T.);
#2496=FACE_BOUND('',#2326,.T.);
#2497=FACE_BOUND('',#2327,.T.);
#2498=FACE_BOUND('',#2328,.T.);
#2499=FACE_BOUND('',#2329,.T.);
#2500=FACE_BOUND('',#2330,.T.);
#2501=FACE_BOUND('',#2331,.T.);
#2502=FACE_BOUND('',#2332,.T.);
#2503=FACE_BOUND('',#2333,.T.);
#2504=FACE_BOUND('',#2334,.T.);
#2505=FACE_BOUND('',#2335,.T.);
#2506=FACE_BOUND('',#2336,.T.);
#2507=FACE_BOUND('',#2337,.T.);
#2508=FACE_BOUND('',#2338,.T.);
#2509=FACE_BOUND('',#2339,.T.);
#2510=FACE_BOUND('',#2340,.T.);
#2511=FACE_BOUND('',#2341,.T.);
#2512=FACE_BOUND('',#2342,.T.);
#2513=FACE_BOUND('',#2343,.T.);
#2514=FACE_BOUND('',#2344,.T.);
#2515=FACE_BOUND('',#2345,.T.);
#2516=FACE_BOUND('',#2346,.T.);
#2517=FACE_BOUND('',#2347,.T.);
#2518=FACE_BOUND('',#2348,.T.);
#2519=FACE_BOUND('',#2349,.T.);
#2520=FACE_BOUND('',#2350,.T.);
#2521=FACE_BOUND('',#2351,.T.);
#2522=FACE_BOUND('',#2352,.T.);
#2523=FACE_BOUND('',#2353,.T.);
#2524=FACE_BOUND('',#2354,.T.);
#2525=FACE_BOUND('',#2355,.T.);
#2526=FACE_BOUND('',#2356,.T.);
#2527=FACE_BOUND('',#2357,.T.);
#2528=FACE_BOUND('',#2358,.T.);
#2529=FACE_BOUND('',#2359,.T.);
#2530=FACE_BOUND('',#2360,.T.);
#2531=FACE_BOUND('',#2361,.T.);
#2532=FACE_BOUND('',#2362,.T.);
#2533=FACE_BOUND('',#2363,.T.);
#2534=FACE_BOUND('',#2364,.T.);
#2535=FACE_BOUND('',#2365,.T.);
#2536=FACE_BOUND('',#2366,.T.);
#2537=FACE_BOUND('',#2367,.T.);
#2538=FACE_BOUND('',#2368,.T.);
#2539=FACE_BOUND('',#2369,.T.);
#2540=FACE_BOUND('',#2370,.T.);
#2541=FACE_BOUND('',#2371,.T.);
#2542=FACE_BOUND('',#2372,.T.);
#2543=FACE_BOUND('',#2373,.T.);
#2544=FACE_BOUND('',#2374,.T.);
#2545=FACE_BOUND('',#2375,.T.);
#2546=FACE_BOUND('',#2376,.T.);
#2547=FACE_BOUND('',#2377,.T.);
#2548=FACE_BOUND('',#2378,.T.);
#2549=FACE_BOUND('',#2379,.T.);
#2550=FACE_BOUND('',#2380,.T.);
#2551=FACE_BOUND('',#2381,.T.);
#2552=FACE_BOUND('',#2382,.T.);
#2553=FACE_BOUND('',#2383,.T.);
#2554=FACE_BOUND('',#2384,.T.);
#2555=FACE_BOUND('',#2385,.T.);
#2556=FACE_BOUND('',#2386,.T.);
#2557=FACE_BOUND('',#2387,.T.);
#2558=FACE_BOUND('',#2388,.T.);
#2559=FACE_BOUND('',#2389,.T.);
#2560=FACE_BOUND('',#2390,.T.);
#2561=FACE_BOUND('',#2391,.T.);
#2562=FACE_BOUND('',#2392,.T.);
#2563=FACE_BOUND('',#2393,.T.);
#2564=FACE_BOUND('',#2394,.T.);
#2565=FACE_BOUND('',#2395,.T.);
#2566=FACE_BOUND('',#2396,.T.);
#2567=FACE_BOUND('',#2397,.T.);
#2568=FACE_BOUND('',#2398,.T.);
#2569=FACE_BOUND('',#2399,.T.);
#2570=FACE_BOUND('',#2400,.T.);
#2571=FACE_BOUND('',#2401,.T.);
#2572=FACE_BOUND('',#2402,.T.);
#2573=FACE_BOUND('',#2403,.T.);
#2574=FACE_BOUND('',#2404,.T.);
#2575=FACE_BOUND('',#2405,.T.);
#2576=FACE_BOUND('',#2406,.T.);
#2577=FACE_BOUND('',#2407,.T.);
#2578=FACE_BOUND('',#2408,.T.);
#2579=FACE_BOUND('',#2409,.T.);
#2580=FACE_BOUND('',#2410,.T.);
#2581=FACE_BOUND('',#2411,.T.);
#2582=FACE_BOUND('',#2412,.T.);
#2583=FACE_BOUND('',#2413,.T.);
#2584=FACE_BOUND('',#2414,.T.);
#2585=FACE_BOUND('',#2415,.T.);
#2586=FACE_BOUND('',#2416,.T.);
#2587=FACE_BOUND('',#2417,.T.);
#2588=FACE_BOUND('',#2418,.T.);
#2589=FACE_BOUND('',#2419,.T.);
#2590=FACE_BOUND('',#2420,.T.);
#2591=FACE_BOUND('',#2421,.T.);
#2592=FACE_BOUND('',#2422,.T.);
#2593=FACE_BOUND('',#2423,.T.);
#2594=FACE_BOUND('',#2424,.T.);
#2595=FACE_BOUND('',#2425,.T.);
#2596=FACE_BOUND('',#2426,.T.);
#2597=FACE_BOUND('',#2427,.T.);
#2598=FACE_BOUND('',#2428,.T.);
#2599=FACE_BOUND('',#2429,.T.);
#2600=FACE_BOUND('',#2430,.T.);
#2601=FACE_BOUND('',#2431,.T.);
#2602=FACE_BOUND('',#2432,.T.);
#2603=FACE_BOUND('',#2433,.T.);
#2604=FACE_BOUND('',#2434,.T.);
#2605=FACE_BOUND('',#2435,.T.);
#2606=FACE_BOUND('',#2436,.T.);
#2607=FACE_BOUND('',#2437,.T.);
#2608=FACE_BOUND('',#2438,.T.);
#2609=FACE_BOUND('',#2439,.T.);
#2610=FACE_BOUND('',#2440,.T.);
#2611=FACE_BOUND('',#2441,.T.);
#2612=FACE_BOUND('',#2442,.T.);
#2613=FACE_BOUND('',#2443,.T.);
#2614=FACE_BOUND('',#2444,.T.);
#2615=FACE_BOUND('',#2445,.T.);
#2616=FACE_BOUND('',#2446,.T.);
#2617=FACE_BOUND('',#2447,.T.);
#2618=FACE_BOUND('',#2448,.T.);
#2619=FACE_BOUND('',#2449,.T.);
#2620=FACE_BOUND('',#2450,.T.);
#2621=FACE_BOUND('',#2451,.T.);
#2622=FACE_BOUND('',#2452,.T.);
#2623=FACE_BOUND('',#2453,.T.);
#2624=FACE_BOUND('',#2454,.T.);
#2625=FACE_BOUND('',#2455,.T.);
#2626=FACE_BOUND('',#2456,.T.);
#2627=FACE_BOUND('',#2457,.T.);
#2628=FACE_BOUND('',#2458,.T.);
#2629=PLANE('',#2969);
#2630=PLANE('',#2970);
#2631=PLANE('',#2971);
#2632=PLANE('',#2972);
#2633=PLANE('',#2973);
#2634=PLANE('',#2974);
#2635=PLANE('',#2975);
#2636=PLANE('',#2976);
#2637=PLANE('',#2977);
#2638=PLANE('',#2978);
#2639=PLANE('',#2979);
#2640=PLANE('',#2980);
#2641=PLANE('',#2981);
#2642=PLANE('',#2982);
#2643=PLANE('',#2983);
#2644=PLANE('',#2984);
#2645=PLANE('',#2985);
#2646=PLANE('',#2986);
#2647=PLANE('',#2987);
#2648=PLANE('',#2988);
#2649=PLANE('',#2989);
#2650=PLANE('',#2990);
#2651=PLANE('',#2991);
#2652=PLANE('',#2992);
#2653=PLANE('',#2993);
#2654=PLANE('',#2994);
#2655=PLANE('',#2995);
#2656=PLANE('',#2996);
#2657=PLANE('',#2997);
#2658=PLANE('',#2998);
#2659=PLANE('',#2999);
#2660=PLANE('',#3000);
#2661=PLANE('',#3001);
#2662=PLANE('',#3002);
#2663=PLANE('',#3003);
#2664=PLANE('',#3004);
#2665=PLANE('',#3005);
#2666=PLANE('',#3006);
#2667=PLANE('',#3007);
#2668=PLANE('',#3008);
#2669=PLANE('',#3009);
#2670=PLANE('',#3010);
#2671=PLANE('',#3011);
#2672=PLANE('',#3012);
#2673=PLANE('',#3013);
#2674=PLANE('',#3014);
#2675=PLANE('',#3015);
#2676=PLANE('',#3016);
#2677=PLANE('',#3017);
#2678=PLANE('',#3018);
#2679=PLANE('',#3019);
#2680=PLANE('',#3020);
#2681=PLANE('',#3021);
#2682=PLANE('',#3022);
#2683=PLANE('',#3023);
#2684=PLANE('',#3024);
#2685=PLANE('',#3025);
#2686=PLANE('',#3026);
#2687=PLANE('',#3027);
#2688=PLANE('',#3028);
#2689=PLANE('',#3029);
#2690=PLANE('',#3030);
#2691=PLANE('',#3031);
#2692=PLANE('',#3032);
#2693=PLANE('',#3033);
#2694=PLANE('',#3034);
#2695=PLANE('',#3035);
#2696=PLANE('',#3036);
#2697=PLANE('',#3037);
#2698=PLANE('',#3038);
#2699=PLANE('',#3039);
#2700=PLANE('',#3040);
#2701=PLANE('',#3041);
#2702=PLANE('',#3042);
#2703=PLANE('',#3043);
#2704=PLANE('',#3044);
#2705=PLANE('',#3045);
#2706=PLANE('',#3046);
#2707=PLANE('',#3047);
#2708=PLANE('',#3048);
#2709=PLANE('',#3049);
#2710=PLANE('',#3050);
#2711=PLANE('',#3051);
#2712=PLANE('',#3052);
#2713=PLANE('',#3053);
#2714=PLANE('',#3054);
#2715=PLANE('',#3055);
#2716=PLANE('',#3056);
#2717=PLANE('',#3057);
#2718=PLANE('',#3058);
#2719=PLANE('',#3059);
#2720=PLANE('',#3060);
#2721=PLANE('',#3061);
#2722=PLANE('',#3062);
#2723=PLANE('',#3063);
#2724=PLANE('',#3064);
#2725=PLANE('',#3065);
#2726=PLANE('',#3066);
#2727=PLANE('',#3067);
#2728=PLANE('',#3068);
#2729=PLANE('',#3069);
#2730=PLANE('',#3070);
#2731=PLANE('',#3071);
#2732=PLANE('',#3073);
#2733=PLANE('',#3074);
#2734=PLANE('',#3075);
#2735=PLANE('',#3076);
#2736=PLANE('',#3077);
#2737=PLANE('',#3078);
#2738=PLANE('',#3079);
#2739=PLANE('',#3080);
#2740=PLANE('',#3081);
#2741=PLANE('',#3082);
#2742=PLANE('',#3083);
#2743=PLANE('',#3084);
#2744=PLANE('',#3085);
#2745=PLANE('',#3086);
#2746=PLANE('',#3087);
#2747=PLANE('',#3088);
#2748=PLANE('',#3089);
#2749=PLANE('',#3090);
#2750=PLANE('',#3091);
#2751=PLANE('',#3092);
#2752=PLANE('',#3093);
#2753=PLANE('',#3094);
#2754=PLANE('',#3095);
#2755=PLANE('',#3096);
#2756=PLANE('',#3097);
#2757=PLANE('',#3098);
#2758=PLANE('',#3099);
#2759=PLANE('',#3100);
#2760=PLANE('',#3101);
#2761=PLANE('',#3102);
#2762=PLANE('',#3103);
#2763=PLANE('',#3104);
#2764=PLANE('',#3105);
#2765=PLANE('',#3106);
#2766=PLANE('',#3107);
#2767=PLANE('',#3108);
#2768=PLANE('',#3109);
#2769=PLANE('',#3110);
#2770=PLANE('',#3111);
#2771=PLANE('',#3112);
#2772=PLANE('',#3113);
#2773=PLANE('',#3114);
#2774=PLANE('',#3115);
#2775=PLANE('',#3116);
#2776=PLANE('',#3117);
#2777=PLANE('',#3118);
#2778=PLANE('',#3119);
#2779=PLANE('',#3120);
#2780=PLANE('',#3121);
#2781=PLANE('',#3122);
#2782=PLANE('',#3123);
#2783=PLANE('',#3124);
#2784=PLANE('',#3125);
#2785=PLANE('',#3126);
#2786=ADVANCED_FACE('',(#2459),#2629,.T.);
#2787=ADVANCED_FACE('',(#2460),#2630,.T.);
#2788=ADVANCED_FACE('',(#2461),#2631,.T.);
#2789=ADVANCED_FACE('',(#2462),#2632,.T.);
#2790=ADVANCED_FACE('',(#2463),#2633,.T.);
#2791=ADVANCED_FACE('',(#2464),#2634,.T.);
#2792=ADVANCED_FACE('',(#2465),#2635,.T.);
#2793=ADVANCED_FACE('',(#2466),#2636,.T.);
#2794=ADVANCED_FACE('',(#2467),#2637,.F.);
#2795=ADVANCED_FACE('',(#2468),#2638,.F.);
#2796=ADVANCED_FACE('',(#2469),#2639,.F.);
#2797=ADVANCED_FACE('',(#2470),#2640,.F.);
#2798=ADVANCED_FACE('',(#2471),#2641,.F.);
#2799=ADVANCED_FACE('',(#2472),#2642,.F.);
#2800=ADVANCED_FACE('',(#2473),#2643,.F.);
#2801=ADVANCED_FACE('',(#2474),#2644,.F.);
#2802=ADVANCED_FACE('',(#2475),#2645,.F.);
#2803=ADVANCED_FACE('',(#2476),#2646,.F.);
#2804=ADVANCED_FACE('',(#2477),#2647,.F.);
#2805=ADVANCED_FACE('',(#2478),#2648,.F.);
#2806=ADVANCED_FACE('',(#2479),#2649,.F.);
#2807=ADVANCED_FACE('',(#2480),#2650,.F.);
#2808=ADVANCED_FACE('',(#2481),#2651,.F.);
#2809=ADVANCED_FACE('',(#2482),#2652,.F.);
#2810=ADVANCED_FACE('',(#2483),#2653,.F.);
#2811=ADVANCED_FACE('',(#2484),#2654,.F.);
#2812=ADVANCED_FACE('',(#2485),#2655,.T.);
#2813=ADVANCED_FACE('',(#2486),#2656,.T.);
#2814=ADVANCED_FACE('',(#2487),#2657,.T.);
#2815=ADVANCED_FACE('',(#2488),#2658,.T.);
#2816=ADVANCED_FACE('',(#2489),#2659,.T.);
#2817=ADVANCED_FACE('',(#2490),#2660,.T.);
#2818=ADVANCED_FACE('',(#2491),#2661,.T.);
#2819=ADVANCED_FACE('',(#2492),#2662,.T.);
#2820=ADVANCED_FACE('',(#2493),#2663,.T.);
#2821=ADVANCED_FACE('',(#2494),#2664,.T.);
#2822=ADVANCED_FACE('',(#2495),#2665,.T.);
#2823=ADVANCED_FACE('',(#2496),#2666,.T.);
#2824=ADVANCED_FACE('',(#2497),#2667,.T.);
#2825=ADVANCED_FACE('',(#2498),#2668,.T.);
#2826=ADVANCED_FACE('',(#2499),#2669,.T.);
#2827=ADVANCED_FACE('',(#2500),#2670,.T.);
#2828=ADVANCED_FACE('',(#2501),#2671,.T.);
#2829=ADVANCED_FACE('',(#2502),#2672,.T.);
#2830=ADVANCED_FACE('',(#2503),#2673,.T.);
#2831=ADVANCED_FACE('',(#2504),#2674,.T.);
#2832=ADVANCED_FACE('',(#2505),#2675,.T.);
#2833=ADVANCED_FACE('',(#2506),#2676,.T.);
#2834=ADVANCED_FACE('',(#2507),#2677,.T.);
#2835=ADVANCED_FACE('',(#2508),#2678,.T.);
#2836=ADVANCED_FACE('',(#2509),#2679,.T.);
#2837=ADVANCED_FACE('',(#2510),#2680,.T.);
#2838=ADVANCED_FACE('',(#2511),#2681,.T.);
#2839=ADVANCED_FACE('',(#2512),#2682,.T.);
#2840=ADVANCED_FACE('',(#2513),#2683,.T.);
#2841=ADVANCED_FACE('',(#2514),#2684,.T.);
#2842=ADVANCED_FACE('',(#2515),#2685,.T.);
#2843=ADVANCED_FACE('',(#2516),#2686,.T.);
#2844=ADVANCED_FACE('',(#2517),#2687,.T.);
#2845=ADVANCED_FACE('',(#2518),#2688,.T.);
#2846=ADVANCED_FACE('',(#2519),#2689,.T.);
#2847=ADVANCED_FACE('',(#2520),#2690,.T.);
#2848=ADVANCED_FACE('',(#2521,#2522),#2691,.F.);
#2849=ADVANCED_FACE('',(#2523),#2692,.F.);
#2850=ADVANCED_FACE('',(#2524),#2693,.F.);
#2851=ADVANCED_FACE('',(#2525),#2694,.F.);
#2852=ADVANCED_FACE('',(#2526),#2695,.T.);
#2853=ADVANCED_FACE('',(#2527),#2696,.T.);
#2854=ADVANCED_FACE('',(#2528,#2529),#2697,.T.);
#2855=ADVANCED_FACE('',(#2530,#2531),#2698,.T.);
#2856=ADVANCED_FACE('',(#2532,#2533),#2699,.T.);
#2857=ADVANCED_FACE('',(#2534),#2700,.F.);
#2858=ADVANCED_FACE('',(#2535),#2701,.F.);
#2859=ADVANCED_FACE('',(#2536),#2702,.F.);
#2860=ADVANCED_FACE('',(#2537),#2703,.F.);
#2861=ADVANCED_FACE('',(#2538),#2704,.F.);
#2862=ADVANCED_FACE('',(#2539,#2540),#2705,.T.);
#2863=ADVANCED_FACE('',(#2541,#2542),#2706,.T.);
#2864=ADVANCED_FACE('',(#2543,#2544),#2707,.T.);
#2865=ADVANCED_FACE('',(#2545),#2708,.T.);
#2866=ADVANCED_FACE('',(#2546),#2709,.T.);
#2867=ADVANCED_FACE('',(#2547),#2710,.T.);
#2868=ADVANCED_FACE('',(#2548),#2711,.T.);
#2869=ADVANCED_FACE('',(#2549),#2712,.T.);
#2870=ADVANCED_FACE('',(#2550),#2713,.T.);
#2871=ADVANCED_FACE('',(#2551),#2714,.T.);
#2872=ADVANCED_FACE('',(#2552),#2715,.T.);
#2873=ADVANCED_FACE('',(#2553),#2716,.T.);
#2874=ADVANCED_FACE('',(#2554),#2717,.T.);
#2875=ADVANCED_FACE('',(#2555),#2718,.T.);
#2876=ADVANCED_FACE('',(#2556),#2719,.T.);
#2877=ADVANCED_FACE('',(#2557),#2720,.T.);
#2878=ADVANCED_FACE('',(#2558),#2721,.T.);
#2879=ADVANCED_FACE('',(#2559),#2722,.T.);
#2880=ADVANCED_FACE('',(#2560),#2723,.T.);
#2881=ADVANCED_FACE('',(#2561),#2724,.T.);
#2882=ADVANCED_FACE('',(#2562),#2725,.T.);
#2883=ADVANCED_FACE('',(#2563),#2726,.T.);
#2884=ADVANCED_FACE('',(#2564),#2727,.T.);
#2885=ADVANCED_FACE('',(#2565),#2728,.T.);
#2886=ADVANCED_FACE('',(#2566),#2729,.T.);
#2887=ADVANCED_FACE('',(#2567),#2730,.T.);
#2888=ADVANCED_FACE('',(#2568),#2731,.T.);
#2889=ADVANCED_FACE('',(#2569),#2732,.F.);
#2890=ADVANCED_FACE('',(#2570),#2733,.F.);
#2891=ADVANCED_FACE('',(#2571),#2734,.F.);
#2892=ADVANCED_FACE('',(#2572),#2735,.F.);
#2893=ADVANCED_FACE('',(#2573),#2736,.F.);
#2894=ADVANCED_FACE('',(#2574),#2737,.F.);
#2895=ADVANCED_FACE('',(#2575),#2738,.T.);
#2896=ADVANCED_FACE('',(#2576),#2739,.T.);
#2897=ADVANCED_FACE('',(#2577),#2740,.T.);
#2898=ADVANCED_FACE('',(#2578),#2741,.F.);
#2899=ADVANCED_FACE('',(#2579),#2742,.F.);
#2900=ADVANCED_FACE('',(#2580),#2743,.T.);
#2901=ADVANCED_FACE('',(#2581),#2744,.T.);
#2902=ADVANCED_FACE('',(#2582),#2745,.T.);
#2903=ADVANCED_FACE('',(#2583),#2746,.T.);
#2904=ADVANCED_FACE('',(#2584),#2747,.F.);
#2905=ADVANCED_FACE('',(#2585),#2748,.F.);
#2906=ADVANCED_FACE('',(#2586),#2749,.F.);
#2907=ADVANCED_FACE('',(#2587),#2750,.F.);
#2908=ADVANCED_FACE('',(#2588),#2751,.F.);
#2909=ADVANCED_FACE('',(#2589),#2752,.T.);
#2910=ADVANCED_FACE('',(#2590),#2753,.T.);
#2911=ADVANCED_FACE('',(#2591),#2754,.T.);
#2912=ADVANCED_FACE('',(#2592),#2755,.T.);
#2913=ADVANCED_FACE('',(#2593),#2756,.T.);
#2914=ADVANCED_FACE('',(#2594),#2757,.T.);
#2915=ADVANCED_FACE('',(#2595),#2758,.T.);
#2916=ADVANCED_FACE('',(#2596),#2759,.T.);
#2917=ADVANCED_FACE('',(#2597),#2760,.T.);
#2918=ADVANCED_FACE('',(#2598),#2761,.T.);
#2919=ADVANCED_FACE('',(#2599),#2762,.T.);
#2920=ADVANCED_FACE('',(#2600),#2763,.T.);
#2921=ADVANCED_FACE('',(#2601),#2764,.T.);
#2922=ADVANCED_FACE('',(#2602),#2765,.F.);
#2923=ADVANCED_FACE('',(#2603),#2766,.F.);
#2924=ADVANCED_FACE('',(#2604),#2767,.F.);
#2925=ADVANCED_FACE('',(#2605,#2606,#2607,#2608),#2768,.F.);
#2926=ADVANCED_FACE('',(#2609),#2769,.F.);
#2927=ADVANCED_FACE('',(#2610,#2611,#2612,#2613),#2770,.F.);
#2928=ADVANCED_FACE('',(#2614),#2771,.F.);
#2929=ADVANCED_FACE('',(#2615),#2772,.T.);
#2930=ADVANCED_FACE('',(#2616),#2773,.F.);
#2931=ADVANCED_FACE('',(#2617),#2774,.T.);
#2932=ADVANCED_FACE('',(#2618),#2775,.T.);
#2933=ADVANCED_FACE('',(#2619),#2776,.T.);
#2934=ADVANCED_FACE('',(#2620),#2777,.T.);
#2935=ADVANCED_FACE('',(#2621),#2778,.T.);
#2936=ADVANCED_FACE('',(#2622),#2779,.T.);
#2937=ADVANCED_FACE('',(#2623),#2780,.T.);
#2938=ADVANCED_FACE('',(#2624),#2781,.T.);
#2939=ADVANCED_FACE('',(#2625),#2782,.T.);
#2940=ADVANCED_FACE('',(#2626),#2783,.T.);
#2941=ADVANCED_FACE('',(#2627),#2784,.T.);
#2942=ADVANCED_FACE('',(#2628),#2785,.T.);
#2943=CLOSED_SHELL('',(#2786,#2787,#2788,#2789,#2790,#2791,#2792,#2793,
#2794,#2795,#2796,#2797,#2798,#2799,#2800,#2801,#2802,#2803,#2804,#2805,
#2806,#2807,#2808,#2809,#2810,#2811,#2812,#2813,#2814,#2815,#2816,#2817,
#2818,#2819,#2820,#2821,#2822,#2823,#2824,#2825,#2826,#2827,#2828,#2829,
#2830,#2831,#2832,#2833,#2834,#2835,#2836,#2837,#2838,#2839,#2840,#2841,
#2842,#2843,#2844,#2845,#2846,#2847,#2848,#2849,#2850,#2851,#2852,#2853,
#2854,#2855,#2856,#2857,#2858,#2859,#2860,#2861,#2862,#2863,#2864,#2865,
#2866,#2867,#2868,#2869,#2870,#2871,#2872,#2873,#2874,#2875,#2876,#2877,
#2878,#2879,#2880,#2881,#2882,#2883,#2884,#2885,#2886,#2887,#2888));
#2944=CLOSED_SHELL('',(#2889,#2890,#2891,#2892,#2893,#2894,#2895,#2896,
#2897,#2898,#2899,#2900,#2901,#2902,#2903,#2904,#2905,#2906,#2907,#2908,
#2909,#2910,#2911,#2912,#2913,#2914,#2915,#2916,#2917,#2918,#2919,#2920,
#2921,#2922,#2923,#2924,#2925,#2926,#2927,#2928,#2929,#2930,#2931,#2932,
#2933,#2934,#2935,#2936,#2937,#2938,#2939,#2940,#2941,#2942));
#2945=STYLED_ITEM('',(#2947),#2960);
#2946=STYLED_ITEM('',(#2948),#2961);
#2947=PRESENTATION_STYLE_ASSIGNMENT((#2949));
#2948=PRESENTATION_STYLE_ASSIGNMENT((#2950));
#2949=SURFACE_STYLE_USAGE(.BOTH.,#2951);
#2950=SURFACE_STYLE_USAGE(.BOTH.,#2952);
#2951=SURFACE_SIDE_STYLE('',(#2953));
#2952=SURFACE_SIDE_STYLE('',(#2954));
#2953=SURFACE_STYLE_FILL_AREA(#2955);
#2954=SURFACE_STYLE_FILL_AREA(#2956);
#2955=FILL_AREA_STYLE('',(#2957));
#2956=FILL_AREA_STYLE('',(#2958));
#2957=FILL_AREA_STYLE_COLOUR('',#2959);
#2958=FILL_AREA_STYLE_COLOUR('',#10);
#2959=COLOUR_RGB('',0.5,0.5,0.5);
#2960=MANIFOLD_SOLID_BREP('TSW-103-07-F-S_body',#2943);
#2961=MANIFOLD_SOLID_BREP('T-1S6-07-TSW-1-07-3-S',#2944);
#2962=SHAPE_DEFINITION_REPRESENTATION(#4681,#2965);
#2963=SHAPE_DEFINITION_REPRESENTATION(#4682,#2966);
#2964=SHAPE_DEFINITION_REPRESENTATION(#4684,#2967);
#2965=SHAPE_REPRESENTATION('TSW-103-07-F-S',(#2968,#3072,#3127),#4669);
#2966=SHAPE_REPRESENTATION('TSW-103-07-F-S_body',(#2968),#4670);
#2967=SHAPE_REPRESENTATION('T-1S6-07-TSW-1-07-3-S',(#2968),#4671);
#2968=AXIS2_PLACEMENT_3D('',#3850,#3128,#3129);
#2969=AXIS2_PLACEMENT_3D('',#3851,#3130,#3131);
#2970=AXIS2_PLACEMENT_3D('',#3864,#3138,#3139);
#2971=AXIS2_PLACEMENT_3D('',#3874,#3145,#3146);
#2972=AXIS2_PLACEMENT_3D('',#3887,#3153,#3154);
#2973=AXIS2_PLACEMENT_3D('',#3897,#3160,#3161);
#2974=AXIS2_PLACEMENT_3D('',#3914,#3170,#3171);
#2975=AXIS2_PLACEMENT_3D('',#3928,#3179,#3180);
#2976=AXIS2_PLACEMENT_3D('',#3945,#3189,#3190);
#2977=AXIS2_PLACEMENT_3D('',#3959,#3198,#3199);
#2978=AXIS2_PLACEMENT_3D('',#3980,#3211,#3212);
#2979=AXIS2_PLACEMENT_3D('',#4001,#3224,#3225);
#2980=AXIS2_PLACEMENT_3D('',#4018,#3236,#3237);
#2981=AXIS2_PLACEMENT_3D('',#4039,#3249,#3250);
#2982=AXIS2_PLACEMENT_3D('',#4056,#3261,#3262);
#2983=AXIS2_PLACEMENT_3D('',#4077,#3274,#3275);
#2984=AXIS2_PLACEMENT_3D('',#4083,#3279,#3280);
#2985=AXIS2_PLACEMENT_3D('',#4089,#3284,#3285);
#2986=AXIS2_PLACEMENT_3D('',#4095,#3289,#3290);
#2987=AXIS2_PLACEMENT_3D('',#4101,#3294,#3295);
#2988=AXIS2_PLACEMENT_3D('',#4107,#3299,#3300);
#2989=AXIS2_PLACEMENT_3D('',#4113,#3304,#3305);
#2990=AXIS2_PLACEMENT_3D('',#4119,#3309,#3310);
#2991=AXIS2_PLACEMENT_3D('',#4125,#3314,#3315);
#2992=AXIS2_PLACEMENT_3D('',#4131,#3319,#3320);
#2993=AXIS2_PLACEMENT_3D('',#4137,#3324,#3325);
#2994=AXIS2_PLACEMENT_3D('',#4143,#3329,#3330);
#2995=AXIS2_PLACEMENT_3D('',#4149,#3334,#3335);
#2996=AXIS2_PLACEMENT_3D('',#4151,#3337,#3338);
#2997=AXIS2_PLACEMENT_3D('',#4153,#3340,#3341);
#2998=AXIS2_PLACEMENT_3D('',#4155,#3343,#3344);
#2999=AXIS2_PLACEMENT_3D('',#4157,#3346,#3347);
#3000=AXIS2_PLACEMENT_3D('',#4159,#3349,#3350);
#3001=AXIS2_PLACEMENT_3D('',#4161,#3352,#3353);
#3002=AXIS2_PLACEMENT_3D('',#4163,#3355,#3356);
#3003=AXIS2_PLACEMENT_3D('',#4165,#3358,#3359);
#3004=AXIS2_PLACEMENT_3D('',#4169,#3362,#3363);
#3005=AXIS2_PLACEMENT_3D('',#4173,#3366,#3367);
#3006=AXIS2_PLACEMENT_3D('',#4177,#3370,#3371);
#3007=AXIS2_PLACEMENT_3D('',#4181,#3374,#3375);
#3008=AXIS2_PLACEMENT_3D('',#4185,#3378,#3379);
#3009=AXIS2_PLACEMENT_3D('',#4189,#3382,#3383);
#3010=AXIS2_PLACEMENT_3D('',#4193,#3386,#3387);
#3011=AXIS2_PLACEMENT_3D('',#4197,#3390,#3391);
#3012=AXIS2_PLACEMENT_3D('',#4201,#3394,#3395);
#3013=AXIS2_PLACEMENT_3D('',#4205,#3398,#3399);
#3014=AXIS2_PLACEMENT_3D('',#4209,#3402,#3403);
#3015=AXIS2_PLACEMENT_3D('',#4213,#3406,#3407);
#3016=AXIS2_PLACEMENT_3D('',#4217,#3410,#3411);
#3017=AXIS2_PLACEMENT_3D('',#4221,#3414,#3415);
#3018=AXIS2_PLACEMENT_3D('',#4225,#3418,#3419);
#3019=AXIS2_PLACEMENT_3D('',#4229,#3422,#3423);
#3020=AXIS2_PLACEMENT_3D('',#4238,#3428,#3429);
#3021=AXIS2_PLACEMENT_3D('',#4244,#3433,#3434);
#3022=AXIS2_PLACEMENT_3D('',#4250,#3438,#3439);
#3023=AXIS2_PLACEMENT_3D('',#4259,#3444,#3445);
#3024=AXIS2_PLACEMENT_3D('',#4265,#3449,#3450);
#3025=AXIS2_PLACEMENT_3D('',#4271,#3454,#3455);
#3026=AXIS2_PLACEMENT_3D('',#4280,#3460,#3461);
#3027=AXIS2_PLACEMENT_3D('',#4286,#3465,#3466);
#3028=AXIS2_PLACEMENT_3D('',#4292,#3470,#3471);
#3029=AXIS2_PLACEMENT_3D('',#4295,#3474,#3475);
#3030=AXIS2_PLACEMENT_3D('',#4298,#3478,#3479);
#3031=AXIS2_PLACEMENT_3D('',#4301,#3482,#3483);
#3032=AXIS2_PLACEMENT_3D('',#4318,#3492,#3493);
#3033=AXIS2_PLACEMENT_3D('',#4324,#3497,#3498);
#3034=AXIS2_PLACEMENT_3D('',#4330,#3502,#3503);
#3035=AXIS2_PLACEMENT_3D('',#4333,#3506,#3507);
#3036=AXIS2_PLACEMENT_3D('',#4336,#3510,#3511);
#3037=AXIS2_PLACEMENT_3D('',#4339,#3514,#3515);
#3038=AXIS2_PLACEMENT_3D('',#4340,#3516,#3517);
#3039=AXIS2_PLACEMENT_3D('',#4341,#3518,#3519);
#3040=AXIS2_PLACEMENT_3D('',#4342,#3520,#3521);
#3041=AXIS2_PLACEMENT_3D('',#4348,#3525,#3526);
#3042=AXIS2_PLACEMENT_3D('',#4352,#3529,#3530);
#3043=AXIS2_PLACEMENT_3D('',#4356,#3533,#3534);
#3044=AXIS2_PLACEMENT_3D('',#4358,#3536,#3537);
#3045=AXIS2_PLACEMENT_3D('',#4359,#3538,#3539);
#3046=AXIS2_PLACEMENT_3D('',#4364,#3544,#3545);
#3047=AXIS2_PLACEMENT_3D('',#4369,#3550,#3551);
#3048=AXIS2_PLACEMENT_3D('',#4374,#3556,#3557);
#3049=AXIS2_PLACEMENT_3D('',#4375,#3558,#3559);
#3050=AXIS2_PLACEMENT_3D('',#4376,#3560,#3561);
#3051=AXIS2_PLACEMENT_3D('',#4377,#3562,#3563);
#3052=AXIS2_PLACEMENT_3D('',#4378,#3564,#3565);
#3053=AXIS2_PLACEMENT_3D('',#4379,#3566,#3567);
#3054=AXIS2_PLACEMENT_3D('',#4380,#3568,#3569);
#3055=AXIS2_PLACEMENT_3D('',#4381,#3570,#3571);
#3056=AXIS2_PLACEMENT_3D('',#4382,#3572,#3573);
#3057=AXIS2_PLACEMENT_3D('',#4383,#3574,#3575);
#3058=AXIS2_PLACEMENT_3D('',#4384,#3576,#3577);
#3059=AXIS2_PLACEMENT_3D('',#4385,#3578,#3579);
#3060=AXIS2_PLACEMENT_3D('',#4386,#3580,#3581);
#3061=AXIS2_PLACEMENT_3D('',#4389,#3584,#3585);
#3062=AXIS2_PLACEMENT_3D('',#4390,#3586,#3587);
#3063=AXIS2_PLACEMENT_3D('',#4391,#3588,#3589);
#3064=AXIS2_PLACEMENT_3D('',#4393,#3591,#3592);
#3065=AXIS2_PLACEMENT_3D('',#4395,#3594,#3595);
#3066=AXIS2_PLACEMENT_3D('',#4396,#3596,#3597);
#3067=AXIS2_PLACEMENT_3D('',#4398,#3599,#3600);
#3068=AXIS2_PLACEMENT_3D('',#4400,#3602,#3603);
#3069=AXIS2_PLACEMENT_3D('',#4401,#3604,#3605);
#3070=AXIS2_PLACEMENT_3D('',#4403,#3607,#3608);
#3071=AXIS2_PLACEMENT_3D('',#4405,#3610,#3611);
#3072=AXIS2_PLACEMENT_3D('',#4406,#3612,#3613);
#3073=AXIS2_PLACEMENT_3D('',#4407,#3614,#3615);
#3074=AXIS2_PLACEMENT_3D('',#4416,#3620,#3621);
#3075=AXIS2_PLACEMENT_3D('',#4425,#3626,#3627);
#3076=AXIS2_PLACEMENT_3D('',#4434,#3632,#3633);
#3077=AXIS2_PLACEMENT_3D('',#4444,#3639,#3640);
#3078=AXIS2_PLACEMENT_3D('',#4454,#3646,#3647);
#3079=AXIS2_PLACEMENT_3D('',#4464,#3653,#3654);
#3080=AXIS2_PLACEMENT_3D('',#4474,#3660,#3661);
#3081=AXIS2_PLACEMENT_3D('',#4484,#3667,#3668);
#3082=AXIS2_PLACEMENT_3D('',#4494,#3674,#3675);
#3083=AXIS2_PLACEMENT_3D('',#4497,#3678,#3679);
#3084=AXIS2_PLACEMENT_3D('',#4500,#3682,#3683);
#3085=AXIS2_PLACEMENT_3D('',#4503,#3686,#3687);
#3086=AXIS2_PLACEMENT_3D('',#4506,#3690,#3691);
#3087=AXIS2_PLACEMENT_3D('',#4509,#3694,#3695);
#3088=AXIS2_PLACEMENT_3D('',#4512,#3698,#3699);
#3089=AXIS2_PLACEMENT_3D('',#4521,#3704,#3705);
#3090=AXIS2_PLACEMENT_3D('',#4530,#3710,#3711);
#3091=AXIS2_PLACEMENT_3D('',#4539,#3716,#3717);
#3092=AXIS2_PLACEMENT_3D('',#4548,#3722,#3723);
#3093=AXIS2_PLACEMENT_3D('',#4557,#3728,#3729);
#3094=AXIS2_PLACEMENT_3D('',#4566,#3734,#3735);
#3095=AXIS2_PLACEMENT_3D('',#4575,#3740,#3741);
#3096=AXIS2_PLACEMENT_3D('',#4584,#3746,#3747);
#3097=AXIS2_PLACEMENT_3D('',#4593,#3752,#3753);
#3098=AXIS2_PLACEMENT_3D('',#4597,#3757,#3758);
#3099=AXIS2_PLACEMENT_3D('',#4601,#3762,#3763);
#3100=AXIS2_PLACEMENT_3D('',#4605,#3767,#3768);
#3101=AXIS2_PLACEMENT_3D('',#4609,#3772,#3773);
#3102=AXIS2_PLACEMENT_3D('',#4613,#3777,#3778);
#3103=AXIS2_PLACEMENT_3D('',#4617,#3782,#3783);
#3104=AXIS2_PLACEMENT_3D('',#4619,#3785,#3786);
#3105=AXIS2_PLACEMENT_3D('',#4621,#3788,#3789);
#3106=AXIS2_PLACEMENT_3D('',#4623,#3791,#3792);
#3107=AXIS2_PLACEMENT_3D('',#4625,#3794,#3795);
#3108=AXIS2_PLACEMENT_3D('',#4627,#3797,#3798);
#3109=AXIS2_PLACEMENT_3D('',#4629,#3800,#3801);
#3110=AXIS2_PLACEMENT_3D('',#4638,#3806,#3807);
#3111=AXIS2_PLACEMENT_3D('',#4644,#3811,#3812);
#3112=AXIS2_PLACEMENT_3D('',#4650,#3816,#3817);
#3113=AXIS2_PLACEMENT_3D('',#4653,#3820,#3821);
#3114=AXIS2_PLACEMENT_3D('',#4654,#3822,#3823);
#3115=AXIS2_PLACEMENT_3D('',#4655,#3824,#3825);
#3116=AXIS2_PLACEMENT_3D('',#4656,#3826,#3827);
#3117=AXIS2_PLACEMENT_3D('',#4657,#3828,#3829);
#3118=AXIS2_PLACEMENT_3D('',#4658,#3830,#3831);
#3119=AXIS2_PLACEMENT_3D('',#4659,#3832,#3833);
#3120=AXIS2_PLACEMENT_3D('',#4660,#3834,#3835);
#3121=AXIS2_PLACEMENT_3D('',#4661,#3836,#3837);
#3122=AXIS2_PLACEMENT_3D('',#4662,#3838,#3839);
#3123=AXIS2_PLACEMENT_3D('',#4663,#3840,#3841);
#3124=AXIS2_PLACEMENT_3D('',#4664,#3842,#3843);
#3125=AXIS2_PLACEMENT_3D('',#4665,#3844,#3845);
#3126=AXIS2_PLACEMENT_3D('',#4666,#3846,#3847);
#3127=AXIS2_PLACEMENT_3D('',#4667,#3848,#3849);
#3128=DIRECTION('',(0.,0.,1.));
#3129=DIRECTION('',(1.,0.,0.));
#3130=DIRECTION('',(-0.707106781186547,0.707106781186548,0.));
#3131=DIRECTION('',(-0.707106781186548,-0.707106781186547,0.));
#3132=DIRECTION('',(0.707106781186548,0.707106781186547,-5.89202838197245E-16));
#3133=DIRECTION('',(0.401488399504225,0.401488399504225,0.823173207853044));
#3134=DIRECTION('',(0.,0.,1.));
#3135=DIRECTION('',(-0.401488399504228,-0.401488399504228,0.823173207853042));
#3136=DIRECTION('',(-0.707106781186548,-0.707106781186547,0.));
#3137=DIRECTION('',(0.,0.,-1.));
#3138=DIRECTION('',(0.707106781186547,0.707106781186548,0.));
#3139=DIRECTION('',(-0.707106781186548,0.707106781186547,0.));
#3140=DIRECTION('',(0.401488399504225,-0.401488399504225,-0.823173207853044));
#3141=DIRECTION('',(0.707106781186548,-0.707106781186547,-5.89202838197246E-16));
#3142=DIRECTION('',(-0.707106781186548,0.707106781186547,0.));
#3143=DIRECTION('',(-0.401488399504228,0.401488399504227,-0.823173207853042));
#3144=DIRECTION('',(0.,0.,-1.));
#3145=DIRECTION('',(0.707106781186547,0.707106781186548,0.));
#3146=DIRECTION('',(-0.707106781186548,0.707106781186547,0.));
#3147=DIRECTION('',(0.,0.,-1.));
#3148=DIRECTION('',(0.401488399504225,-0.401488399504225,-0.823173207853044));
#3149=DIRECTION('',(0.707106781186548,-0.707106781186547,-5.89202838197246E-16));
#3150=DIRECTION('',(0.,0.,-1.));
#3151=DIRECTION('',(-0.707106781186548,0.707106781186547,0.));
#3152=DIRECTION('',(-0.401488399504228,0.401488399504227,-0.823173207853042));
#3153=DIRECTION('',(-0.707106781186548,0.707106781186547,0.));
#3154=DIRECTION('',(-0.707106781186547,-0.707106781186548,0.));
#3155=DIRECTION('',(0.707106781186547,0.707106781186548,-5.89202838197245E-16));
#3156=DIRECTION('',(0.401488399504225,0.401488399504225,0.823173207853044));
#3157=DIRECTION('',(0.,0.,1.));
#3158=DIRECTION('',(-0.401488399504228,-0.401488399504228,0.823173207853041));
#3159=DIRECTION('',(-0.707106781186547,-0.707106781186548,0.));
#3160=DIRECTION('',(-0.707106781186547,-0.707106781186548,0.));
#3161=DIRECTION('',(0.707106781186548,-0.707106781186547,0.));
#3162=DIRECTION('',(0.,0.,-1.));
#3163=DIRECTION('',(-0.401488399504225,0.401488399504224,-0.823173207853045));
#3164=DIRECTION('',(-0.707106781186548,0.707106781186547,5.89202838197246E-16));
#3165=DIRECTION('',(0.,0.,-1.));
#3166=DIRECTION('',(0.707106781186548,-0.707106781186547,0.));
#3167=DIRECTION('',(0.401488399504228,-0.401488399504227,-0.823173207853042));
#3168=DIRECTION('',(0.,0.,-1.));
#3169=DIRECTION('',(0.,0.,1.));
#3170=DIRECTION('',(0.707106781186555,-0.70710678118654,0.));
#3171=DIRECTION('',(0.70710678118654,0.707106781186555,0.));
#3172=DIRECTION('',(-0.70710678118654,-0.707106781186555,5.89202838197239E-16));
#3173=DIRECTION('',(-0.401488399504224,-0.401488399504232,0.823173207853042));
#3174=DIRECTION('',(0.,0.,-1.));
#3175=DIRECTION('',(0.,0.,-1.));
#3176=DIRECTION('',(0.,0.,-1.));
#3177=DIRECTION('',(0.401488399504226,0.401488399504235,0.823173207853039));
#3178=DIRECTION('',(0.70710678118654,0.707106781186555,0.));
#3179=DIRECTION('',(-0.707106781186547,-0.707106781186548,0.));
#3180=DIRECTION('',(0.707106781186548,-0.707106781186547,0.));
#3181=DIRECTION('',(0.,0.,-1.));
#3182=DIRECTION('',(-0.401488399504225,0.401488399504224,-0.823173207853045));
#3183=DIRECTION('',(-0.707106781186548,0.707106781186547,5.89202838197246E-16));
#3184=DIRECTION('',(0.,0.,-1.));
#3185=DIRECTION('',(0.707106781186548,-0.707106781186547,0.));
#3186=DIRECTION('',(0.401488399504228,-0.401488399504227,-0.823173207853042));
#3187=DIRECTION('',(0.,0.,-1.));
#3188=DIRECTION('',(0.,0.,1.));
#3189=DIRECTION('',(0.707106781186555,-0.70710678118654,0.));
#3190=DIRECTION('',(0.70710678118654,0.707106781186555,0.));
#3191=DIRECTION('',(-0.70710678118654,-0.707106781186555,5.89202838197239E-16));
#3192=DIRECTION('',(-0.401488399504224,-0.401488399504232,0.823173207853042));
#3193=DIRECTION('',(0.,0.,-1.));
#3194=DIRECTION('',(0.,0.,-1.));
#3195=DIRECTION('',(0.,0.,-1.));
#3196=DIRECTION('',(0.401488399504226,0.401488399504235,0.823173207853039));
#3197=DIRECTION('',(0.70710678118654,0.707106781186555,0.));
#3198=DIRECTION('',(0.,0.,-1.));
#3199=DIRECTION('',(-1.,0.,0.));
#3200=DIRECTION('',(0.,-1.,0.));
#3201=DIRECTION('',(1.,0.,0.));
#3202=DIRECTION('',(0.,-1.,0.));
#3203=DIRECTION('',(-1.,-9.23014419849869E-17,0.));
#3204=DIRECTION('',(0.,1.,0.));
#3205=DIRECTION('',(1.,0.,0.));
#3206=DIRECTION('',(0.,-1.,0.));
#3207=DIRECTION('',(-1.,0.,0.));
#3208=DIRECTION('',(0.,1.,0.));
#3209=DIRECTION('',(1.,0.,0.));
#3210=DIRECTION('',(0.,-1.,0.));
#3211=DIRECTION('',(0.,0.,-1.));
#3212=DIRECTION('',(-1.,0.,0.));
#3213=DIRECTION('',(0.,-1.,0.));
#3214=DIRECTION('',(-4.48193811460543E-15,1.,0.));
#3215=DIRECTION('',(1.,0.,0.));
#3216=DIRECTION('',(0.,-1.,0.));
#3217=DIRECTION('',(-1.,0.,0.));
#3218=DIRECTION('',(1.13826999736011E-15,1.,0.));
#3219=DIRECTION('',(1.,0.,0.));
#3220=DIRECTION('',(0.,-1.,0.));
#3221=DIRECTION('',(-1.,0.,0.));
#3222=DIRECTION('',(0.,-1.,0.));
#3223=DIRECTION('',(1.,0.,0.));
#3224=DIRECTION('',(0.,0.,-1.));
#3225=DIRECTION('',(-1.,0.,0.));
#3226=DIRECTION('',(0.,-1.,0.));
#3227=DIRECTION('',(1.,0.,0.));
#3228=DIRECTION('',(0.,-1.,0.));
#3229=DIRECTION('',(-4.26851249010041E-16,1.,0.));
#3230=DIRECTION('',(1.,0.,0.));
#3231=DIRECTION('',(0.,-1.,0.));
#3232=DIRECTION('',(-1.,0.,0.));
#3233=DIRECTION('',(0.,1.,0.));
#3234=DIRECTION('',(1.,0.,0.));
#3235=DIRECTION('',(0.,-1.,0.));
#3236=DIRECTION('',(0.,0.,1.));
#3237=DIRECTION('',(1.,0.,0.));
#3238=DIRECTION('',(0.,-1.,0.));
#3239=DIRECTION('',(0.,1.,0.));
#3240=DIRECTION('',(-1.,0.,0.));
#3241=DIRECTION('',(0.,-1.,0.));
#3242=DIRECTION('',(1.,0.,0.));
#3243=DIRECTION('',(0.,1.,0.));
#3244=DIRECTION('',(-1.,0.,0.));
#3245=DIRECTION('',(0.,-1.,0.));
#3246=DIRECTION('',(1.,9.23014419849869E-17,0.));
#3247=DIRECTION('',(0.,-1.,0.));
#3248=DIRECTION('',(-1.,0.,0.));
#3249=DIRECTION('',(0.,0.,1.));
#3250=DIRECTION('',(1.,0.,0.));
#3251=DIRECTION('',(0.,-1.,0.));
#3252=DIRECTION('',(-1.,0.,0.));
#3253=DIRECTION('',(0.,-1.,0.));
#3254=DIRECTION('',(0.,1.,0.));
#3255=DIRECTION('',(-1.,0.,0.));
#3256=DIRECTION('',(0.,-1.,0.));
#3257=DIRECTION('',(1.,0.,0.));
#3258=DIRECTION('',(0.,1.,0.));
#3259=DIRECTION('',(-1.,0.,0.));
#3260=DIRECTION('',(4.26851249010041E-16,-1.,0.));
#3261=DIRECTION('',(0.,0.,1.));
#3262=DIRECTION('',(1.,0.,0.));
#3263=DIRECTION('',(0.,-1.,0.));
#3264=DIRECTION('',(-1.,0.,0.));
#3265=DIRECTION('',(0.,-1.,0.));
#3266=DIRECTION('',(1.,0.,0.));
#3267=DIRECTION('',(0.,1.,0.));
#3268=DIRECTION('',(-1.,0.,0.));
#3269=DIRECTION('',(-1.13826999736011E-15,-1.,0.));
#3270=DIRECTION('',(1.,0.,0.));
#3271=DIRECTION('',(0.,1.,0.));
#3272=DIRECTION('',(-1.,0.,0.));
#3273=DIRECTION('',(4.48193811460543E-15,-1.,0.));
#3274=DIRECTION('',(0.,1.,0.));
#3275=DIRECTION('',(0.,0.,1.));
#3276=DIRECTION('',(-1.,0.,0.));
#3277=DIRECTION('',(0.,0.,-1.));
#3278=DIRECTION('',(0.,0.,-1.));
#3279=DIRECTION('',(0.,1.,0.));
#3280=DIRECTION('',(0.,0.,1.));
#3281=DIRECTION('',(1.,0.,0.));
#3282=DIRECTION('',(0.,0.,-1.));
#3283=DIRECTION('',(0.,0.,-1.));
#3284=DIRECTION('',(0.,1.,0.));
#3285=DIRECTION('',(0.,0.,1.));
#3286=DIRECTION('',(-1.,0.,0.));
#3287=DIRECTION('',(0.,0.,-1.));
#3288=DIRECTION('',(0.,0.,-1.));
#3289=DIRECTION('',(0.,1.,0.));
#3290=DIRECTION('',(0.,0.,1.));
#3291=DIRECTION('',(1.,0.,0.));
#3292=DIRECTION('',(0.,0.,-1.));
#3293=DIRECTION('',(0.,0.,-1.));
#3294=DIRECTION('',(0.,1.,0.));
#3295=DIRECTION('',(0.,0.,1.));
#3296=DIRECTION('',(-1.,0.,0.));
#3297=DIRECTION('',(0.,0.,-1.));
#3298=DIRECTION('',(0.,0.,1.));
#3299=DIRECTION('',(0.,1.,0.));
#3300=DIRECTION('',(0.,0.,1.));
#3301=DIRECTION('',(1.,0.,0.));
#3302=DIRECTION('',(0.,0.,1.));
#3303=DIRECTION('',(0.,0.,-1.));
#3304=DIRECTION('',(0.,1.,0.));
#3305=DIRECTION('',(0.,0.,1.));
#3306=DIRECTION('',(-1.,0.,0.));
#3307=DIRECTION('',(0.,0.,-1.));
#3308=DIRECTION('',(0.,0.,1.));
#3309=DIRECTION('',(0.,1.,0.));
#3310=DIRECTION('',(0.,0.,1.));
#3311=DIRECTION('',(1.,0.,0.));
#3312=DIRECTION('',(0.,0.,1.));
#3313=DIRECTION('',(0.,0.,-1.));
#3314=DIRECTION('',(0.,1.,0.));
#3315=DIRECTION('',(0.,0.,1.));
#3316=DIRECTION('',(-1.,0.,0.));
#3317=DIRECTION('',(0.,0.,-1.));
#3318=DIRECTION('',(0.,0.,-1.));
#3319=DIRECTION('',(0.,1.,0.));
#3320=DIRECTION('',(0.,0.,1.));
#3321=DIRECTION('',(1.,0.,0.));
#3322=DIRECTION('',(0.,0.,-1.));
#3323=DIRECTION('',(0.,0.,-1.));
#3324=DIRECTION('',(0.,1.,0.));
#3325=DIRECTION('',(0.,0.,1.));
#3326=DIRECTION('',(-1.,0.,0.));
#3327=DIRECTION('',(0.,0.,-1.));
#3328=DIRECTION('',(0.,0.,1.));
#3329=DIRECTION('',(0.,1.,0.));
#3330=DIRECTION('',(0.,0.,1.));
#3331=DIRECTION('',(1.,0.,0.));
#3332=DIRECTION('',(0.,0.,1.));
#3333=DIRECTION('',(0.,0.,-1.));
#3334=DIRECTION('',(-1.,-4.26851249010041E-16,0.));
#3335=DIRECTION('',(4.26851249010041E-16,-1.,0.));
#3336=DIRECTION('',(4.26851249010041E-16,-1.,0.));
#3337=DIRECTION('',(-1.,-4.26851249010041E-16,0.));
#3338=DIRECTION('',(4.26851249010041E-16,-1.,0.));
#3339=DIRECTION('',(-4.26851249010041E-16,1.,0.));
#3340=DIRECTION('',(1.,0.,0.));
#3341=DIRECTION('',(0.,0.,-1.));
#3342=DIRECTION('',(0.,1.,0.));
#3343=DIRECTION('',(1.,0.,0.));
#3344=DIRECTION('',(0.,0.,-1.));
#3345=DIRECTION('',(0.,-1.,0.));
#3346=DIRECTION('',(-1.,-4.48193811460543E-15,0.));
#3347=DIRECTION('',(4.48193811460543E-15,-1.,0.));
#3348=DIRECTION('',(4.48193811460543E-15,-1.,0.));
#3349=DIRECTION('',(-1.,-4.48193811460543E-15,0.));
#3350=DIRECTION('',(4.48193811460543E-15,-1.,0.));
#3351=DIRECTION('',(-4.48193811460543E-15,1.,0.));
#3352=DIRECTION('',(1.,0.,0.));
#3353=DIRECTION('',(0.,0.,-1.));
#3354=DIRECTION('',(0.,1.,0.));
#3355=DIRECTION('',(1.,0.,0.));
#3356=DIRECTION('',(0.,0.,-1.));
#3357=DIRECTION('',(0.,-1.,0.));
#3358=DIRECTION('',(-1.,0.,0.));
#3359=DIRECTION('',(0.,0.,1.));
#3360=DIRECTION('',(0.,0.,-1.));
#3361=DIRECTION('',(0.,-1.,0.));
#3362=DIRECTION('',(-1.,0.,0.));
#3363=DIRECTION('',(0.,0.,1.));
#3364=DIRECTION('',(0.,1.,0.));
#3365=DIRECTION('',(0.,0.,-1.));
#3366=DIRECTION('',(1.,0.,0.));
#3367=DIRECTION('',(0.,0.,-1.));
#3368=DIRECTION('',(0.,1.,0.));
#3369=DIRECTION('',(0.,0.,-1.));
#3370=DIRECTION('',(1.,0.,0.));
#3371=DIRECTION('',(0.,0.,-1.));
#3372=DIRECTION('',(0.,0.,-1.));
#3373=DIRECTION('',(0.,-1.,0.));
#3374=DIRECTION('',(-1.,0.,0.));
#3375=DIRECTION('',(0.,0.,1.));
#3376=DIRECTION('',(0.,0.,-1.));
#3377=DIRECTION('',(0.,-1.,0.));
#3378=DIRECTION('',(-1.,0.,0.));
#3379=DIRECTION('',(0.,0.,1.));
#3380=DIRECTION('',(0.,1.,0.));
#3381=DIRECTION('',(0.,0.,-1.));
#3382=DIRECTION('',(1.,0.,0.));
#3383=DIRECTION('',(0.,0.,-1.));
#3384=DIRECTION('',(0.,1.,0.));
#3385=DIRECTION('',(0.,0.,-1.));
#3386=DIRECTION('',(1.,0.,0.));
#3387=DIRECTION('',(0.,0.,-1.));
#3388=DIRECTION('',(0.,0.,-1.));
#3389=DIRECTION('',(0.,-1.,0.));
#3390=DIRECTION('',(1.,0.,0.));
#3391=DIRECTION('',(0.,0.,-1.));
#3392=DIRECTION('',(0.,1.,0.));
#3393=DIRECTION('',(0.,0.,-1.));
#3394=DIRECTION('',(1.,0.,0.));
#3395=DIRECTION('',(0.,0.,-1.));
#3396=DIRECTION('',(0.,0.,-1.));
#3397=DIRECTION('',(0.,-1.,0.));
#3398=DIRECTION('',(-1.,0.,0.));
#3399=DIRECTION('',(0.,0.,1.));
#3400=DIRECTION('',(0.,0.,-1.));
#3401=DIRECTION('',(0.,-1.,0.));
#3402=DIRECTION('',(-1.,0.,0.));
#3403=DIRECTION('',(0.,0.,1.));
#3404=DIRECTION('',(0.,1.,0.));
#3405=DIRECTION('',(0.,0.,-1.));
#3406=DIRECTION('',(-1.,1.13826999736011E-15,0.));
#3407=DIRECTION('',(-1.13826999736011E-15,-1.,0.));
#3408=DIRECTION('',(0.,0.,-1.));
#3409=DIRECTION('',(-1.13826999736011E-15,-1.,0.));
#3410=DIRECTION('',(-1.,1.13826999736011E-15,0.));
#3411=DIRECTION('',(-1.13826999736011E-15,-1.,0.));
#3412=DIRECTION('',(1.13826999736011E-15,1.,0.));
#3413=DIRECTION('',(0.,0.,-1.));
#3414=DIRECTION('',(1.,0.,0.));
#3415=DIRECTION('',(0.,0.,-1.));
#3416=DIRECTION('',(0.,1.,0.));
#3417=DIRECTION('',(0.,0.,-1.));
#3418=DIRECTION('',(1.,0.,0.));
#3419=DIRECTION('',(0.,0.,-1.));
#3420=DIRECTION('',(0.,0.,-1.));
#3421=DIRECTION('',(0.,-1.,0.));
#3422=DIRECTION('',(0.,0.,1.));
#3423=DIRECTION('',(1.,0.,0.));
#3424=DIRECTION('',(0.,-1.,0.));
#3425=DIRECTION('',(1.,0.,0.));
#3426=DIRECTION('',(0.,-1.,0.));
#3427=DIRECTION('',(-1.,0.,0.));
#3428=DIRECTION('',(-1.,0.,0.));
#3429=DIRECTION('',(0.,0.,1.));
#3430=DIRECTION('',(0.,0.,1.));
#3431=DIRECTION('',(0.,-1.,0.));
#3432=DIRECTION('',(0.,0.,-1.));
#3433=DIRECTION('',(0.,0.,-1.));
#3434=DIRECTION('',(-1.,0.,0.));
#3435=DIRECTION('',(-1.,0.,0.));
#3436=DIRECTION('',(0.,-1.,0.));
#3437=DIRECTION('',(1.,0.,0.));
#3438=DIRECTION('',(0.,0.,1.));
#3439=DIRECTION('',(1.,0.,0.));
#3440=DIRECTION('',(0.,-1.,0.));
#3441=DIRECTION('',(1.,0.,0.));
#3442=DIRECTION('',(0.,-1.,0.));
#3443=DIRECTION('',(-1.,0.,0.));
#3444=DIRECTION('',(-1.,0.,0.));
#3445=DIRECTION('',(0.,0.,1.));
#3446=DIRECTION('',(0.,0.,1.));
#3447=DIRECTION('',(0.,-1.,0.));
#3448=DIRECTION('',(0.,0.,-1.));
#3449=DIRECTION('',(0.,0.,-1.));
#3450=DIRECTION('',(-1.,0.,0.));
#3451=DIRECTION('',(-1.,0.,0.));
#3452=DIRECTION('',(0.,-1.,0.));
#3453=DIRECTION('',(1.,0.,0.));
#3454=DIRECTION('',(0.,0.,1.));
#3455=DIRECTION('',(1.,0.,0.));
#3456=DIRECTION('',(0.,-1.,0.));
#3457=DIRECTION('',(1.,0.,0.));
#3458=DIRECTION('',(0.,-1.,0.));
#3459=DIRECTION('',(-1.,0.,0.));
#3460=DIRECTION('',(-1.,0.,0.));
#3461=DIRECTION('',(0.,0.,1.));
#3462=DIRECTION('',(0.,0.,1.));
#3463=DIRECTION('',(0.,-1.,0.));
#3464=DIRECTION('',(0.,0.,-1.));
#3465=DIRECTION('',(0.,0.,-1.));
#3466=DIRECTION('',(-1.,0.,0.));
#3467=DIRECTION('',(-1.,0.,0.));
#3468=DIRECTION('',(0.,-1.,0.));
#3469=DIRECTION('',(1.,0.,0.));
#3470=DIRECTION('',(1.,0.,0.));
#3471=DIRECTION('',(0.,0.,-1.));
#3472=DIRECTION('',(0.,0.,-1.));
#3473=DIRECTION('',(0.,0.,1.));
#3474=DIRECTION('',(1.,0.,0.));
#3475=DIRECTION('',(0.,0.,-1.));
#3476=DIRECTION('',(0.,0.,-1.));
#3477=DIRECTION('',(0.,0.,1.));
#3478=DIRECTION('',(1.,0.,0.));
#3479=DIRECTION('',(0.,0.,-1.));
#3480=DIRECTION('',(0.,0.,-1.));
#3481=DIRECTION('',(0.,0.,1.));
#3482=DIRECTION('',(1.,0.,0.));
#3483=DIRECTION('',(0.,0.,-1.));
#3484=DIRECTION('',(0.,0.,-1.));
#3485=DIRECTION('',(0.,1.,0.));
#3486=DIRECTION('',(0.,0.,1.));
#3487=DIRECTION('',(0.,-1.,0.));
#3488=DIRECTION('',(0.,0.,-1.));
#3489=DIRECTION('',(0.,-1.,0.));
#3490=DIRECTION('',(0.,0.,1.));
#3491=DIRECTION('',(0.,1.,0.));
#3492=DIRECTION('',(1.,0.,0.));
#3493=DIRECTION('',(0.,0.,-1.));
#3494=DIRECTION('',(0.,0.,-1.));
#3495=DIRECTION('',(0.,0.,1.));
#3496=DIRECTION('',(0.,1.,0.));
#3497=DIRECTION('',(1.,0.,0.));
#3498=DIRECTION('',(0.,0.,-1.));
#3499=DIRECTION('',(0.,0.,-1.));
#3500=DIRECTION('',(0.,-1.,0.));
#3501=DIRECTION('',(0.,0.,1.));
#3502=DIRECTION('',(-1.,0.,0.));
#3503=DIRECTION('',(0.,0.,1.));
#3504=DIRECTION('',(0.,0.,1.));
#3505=DIRECTION('',(0.,0.,-1.));
#3506=DIRECTION('',(0.,0.,-1.));
#3507=DIRECTION('',(-1.,0.,0.));
#3508=DIRECTION('',(-1.,-9.23014419849869E-17,0.));
#3509=DIRECTION('',(-1.,0.,0.));
#3510=DIRECTION('',(0.,0.,1.));
#3511=DIRECTION('',(1.,0.,0.));
#3512=DIRECTION('',(1.,9.23014419849869E-17,0.));
#3513=DIRECTION('',(-1.,0.,0.));
#3514=DIRECTION('',(0.,1.,0.));
#3515=DIRECTION('',(0.,0.,1.));
#3516=DIRECTION('',(0.,1.,0.));
#3517=DIRECTION('',(0.,0.,1.));
#3518=DIRECTION('',(0.,1.,0.));
#3519=DIRECTION('',(0.,0.,1.));
#3520=DIRECTION('',(0.,-1.,0.));
#3521=DIRECTION('',(0.,0.,-1.));
#3522=DIRECTION('',(-1.,0.,0.));
#3523=DIRECTION('',(-1.,0.,0.));
#3524=DIRECTION('',(0.,0.,1.));
#3525=DIRECTION('',(0.,0.,-1.));
#3526=DIRECTION('',(-1.,0.,0.));
#3527=DIRECTION('',(-1.,0.,0.));
#3528=DIRECTION('',(0.,-1.,0.));
#3529=DIRECTION('',(0.,1.,0.));
#3530=DIRECTION('',(0.,0.,1.));
#3531=DIRECTION('',(-1.,0.,0.));
#3532=DIRECTION('',(0.,0.,-1.));
#3533=DIRECTION('',(0.,0.,1.));
#3534=DIRECTION('',(1.,0.,0.));
#3535=DIRECTION('',(0.,1.,0.));
#3536=DIRECTION('',(1.,0.,0.));
#3537=DIRECTION('',(0.,0.,-1.));
#3538=DIRECTION('',(9.23014419849869E-17,-1.,0.));
#3539=DIRECTION('',(1.,9.23014419849869E-17,0.));
#3540=DIRECTION('',(-1.,0.,0.));
#3541=DIRECTION('',(-1.,0.,0.));
#3542=DIRECTION('',(-1.,0.,0.));
#3543=DIRECTION('',(-1.,0.,0.));
#3544=DIRECTION('',(0.,-1.,0.));
#3545=DIRECTION('',(0.,0.,-1.));
#3546=DIRECTION('',(-1.,0.,0.));
#3547=DIRECTION('',(-1.,0.,0.));
#3548=DIRECTION('',(-1.,0.,0.));
#3549=DIRECTION('',(-1.,0.,0.));
#3550=DIRECTION('',(0.,-1.,0.));
#3551=DIRECTION('',(0.,0.,-1.));
#3552=DIRECTION('',(-1.,0.,0.));
#3553=DIRECTION('',(-1.,0.,0.));
#3554=DIRECTION('',(-1.,0.,0.));
#3555=DIRECTION('',(-1.,0.,0.));
#3556=DIRECTION('',(0.,0.,1.));
#3557=DIRECTION('',(1.,0.,0.));
#3558=DIRECTION('',(0.,0.,-1.));
#3559=DIRECTION('',(-1.,0.,0.));
#3560=DIRECTION('',(0.,0.,1.));
#3561=DIRECTION('',(1.,0.,0.));
#3562=DIRECTION('',(0.,0.,-1.));
#3563=DIRECTION('',(-1.,0.,0.));
#3564=DIRECTION('',(0.,0.,1.));
#3565=DIRECTION('',(1.,0.,0.));
#3566=DIRECTION('',(0.,0.,-1.));
#3567=DIRECTION('',(-1.,0.,0.));
#3568=DIRECTION('',(0.,0.,1.));
#3569=DIRECTION('',(1.,0.,0.));
#3570=DIRECTION('',(0.,0.,-1.));
#3571=DIRECTION('',(-1.,0.,0.));
#3572=DIRECTION('',(0.,0.,1.));
#3573=DIRECTION('',(1.,0.,0.));
#3574=DIRECTION('',(0.,0.,-1.));
#3575=DIRECTION('',(-1.,0.,0.));
#3576=DIRECTION('',(0.,0.,-1.));
#3577=DIRECTION('',(-1.,0.,0.));
#3578=DIRECTION('',(0.,0.,1.));
#3579=DIRECTION('',(1.,0.,0.));
#3580=DIRECTION('',(0.,0.,-1.));
#3581=DIRECTION('',(-1.,0.,0.));
#3582=DIRECTION('',(0.,-1.,0.));
#3583=DIRECTION('',(0.,-1.,0.));
#3584=DIRECTION('',(0.898794046299167,0.,-0.438371146789077));
#3585=DIRECTION('',(-0.438371146789077,0.,-0.898794046299167));
#3586=DIRECTION('',(-0.898794046299167,0.,-0.438371146789078));
#3587=DIRECTION('',(-0.438371146789078,0.,0.898794046299167));
#3588=DIRECTION('',(0.898794046299167,0.,-0.438371146789077));
#3589=DIRECTION('',(-0.438371146789077,0.,-0.898794046299167));
#3590=DIRECTION('',(0.,-1.,0.));
#3591=DIRECTION('',(0.,0.,-1.));
#3592=DIRECTION('',(-1.,0.,0.));
#3593=DIRECTION('',(0.,-1.,0.));
#3594=DIRECTION('',(-0.898794046299167,0.,-0.438371146789078));
#3595=DIRECTION('',(-0.438371146789078,0.,0.898794046299167));
#3596=DIRECTION('',(-0.898794046299169,0.,0.438371146789074));
#3597=DIRECTION('',(0.438371146789074,0.,0.898794046299169));
#3598=DIRECTION('',(0.,-1.,0.));
#3599=DIRECTION('',(0.898794046299169,0.,0.438371146789074));
#3600=DIRECTION('',(0.438371146789074,0.,-0.898794046299169));
#3601=DIRECTION('',(0.,-1.,0.));
#3602=DIRECTION('',(8.33258644767265E-16,0.,1.));
#3603=DIRECTION('',(1.,0.,-8.33258644767265E-16));
#3604=DIRECTION('',(-0.898794046299169,0.,0.438371146789074));
#3605=DIRECTION('',(0.438371146789074,0.,0.898794046299169));
#3606=DIRECTION('',(0.,-1.,0.));
#3607=DIRECTION('',(8.33258644767265E-16,0.,1.));
#3608=DIRECTION('',(1.,0.,-8.33258644767265E-16));
#3609=DIRECTION('',(0.,-1.,0.));
#3610=DIRECTION('',(0.898794046299169,0.,0.438371146789074));
#3611=DIRECTION('',(0.438371146789074,0.,-0.898794046299169));
#3612=DIRECTION('',(0.,0.,1.));
#3613=DIRECTION('',(1.,0.,0.));
#3614=DIRECTION('',(0.,1.,0.));
#3615=DIRECTION('',(0.,0.,1.));
#3616=DIRECTION('',(0.,0.,-1.));
#3617=DIRECTION('',(1.,0.,0.));
#3618=DIRECTION('',(0.,0.,-1.));
#3619=DIRECTION('',(1.,0.,0.));
#3620=DIRECTION('',(0.,1.,0.));
#3621=DIRECTION('',(0.,0.,1.));
#3622=DIRECTION('',(0.,0.,-1.));
#3623=DIRECTION('',(1.,0.,0.));
#3624=DIRECTION('',(0.,0.,-1.));
#3625=DIRECTION('',(1.,0.,0.));
#3626=DIRECTION('',(0.,1.,0.));
#3627=DIRECTION('',(0.,0.,1.));
#3628=DIRECTION('',(0.,0.,-1.));
#3629=DIRECTION('',(1.,0.,0.));
#3630=DIRECTION('',(0.,0.,-1.));
#3631=DIRECTION('',(1.,0.,0.));
#3632=DIRECTION('',(0.,0.,1.));
#3633=DIRECTION('',(1.,0.,0.));
#3634=DIRECTION('',(0.500000000000004,-0.866025403784437,0.));
#3635=DIRECTION('',(0.,-1.,0.));
#3636=DIRECTION('',(-1.,0.,0.));
#3637=DIRECTION('',(0.,1.,0.));
#3638=DIRECTION('',(0.499999999999991,0.866025403784443,0.));
#3639=DIRECTION('',(0.,0.,1.));
#3640=DIRECTION('',(1.,0.,0.));
#3641=DIRECTION('',(0.500000000000004,0.866025403784436,0.));
#3642=DIRECTION('',(0.500000000000004,-0.866025403784437,0.));
#3643=DIRECTION('',(0.,-1.,0.));
#3644=DIRECTION('',(-1.,0.,0.));
#3645=DIRECTION('',(0.,1.,0.));
#3646=DIRECTION('',(0.,0.,1.));
#3647=DIRECTION('',(1.,0.,0.));
#3648=DIRECTION('',(0.500000000000004,0.866025403784437,0.));
#3649=DIRECTION('',(0.499999999999992,-0.866025403784443,0.));
#3650=DIRECTION('',(2.84567499340027E-17,-1.,0.));
#3651=DIRECTION('',(-1.,0.,0.));
#3652=DIRECTION('',(0.,1.,0.));
#3653=DIRECTION('',(0.,0.,1.));
#3654=DIRECTION('',(1.,0.,0.));
#3655=DIRECTION('',(0.,-1.,0.));
#3656=DIRECTION('',(0.500000000000004,-0.866025403784437,0.));
#3657=DIRECTION('',(0.499999999999991,0.866025403784443,0.));
#3658=DIRECTION('',(0.,1.,0.));
#3659=DIRECTION('',(-1.,0.,0.));
#3660=DIRECTION('',(0.,0.,1.));
#3661=DIRECTION('',(1.,0.,0.));
#3662=DIRECTION('',(0.500000000000004,0.866025403784436,0.));
#3663=DIRECTION('',(0.,1.,0.));
#3664=DIRECTION('',(-1.,0.,0.));
#3665=DIRECTION('',(0.,-1.,0.));
#3666=DIRECTION('',(0.500000000000004,-0.866025403784437,0.));
#3667=DIRECTION('',(0.,0.,1.));
#3668=DIRECTION('',(1.,0.,0.));
#3669=DIRECTION('',(0.500000000000004,0.866025403784437,0.));
#3670=DIRECTION('',(0.,1.,0.));
#3671=DIRECTION('',(-1.,0.,0.));
#3672=DIRECTION('',(2.84567499340027E-17,-1.,0.));
#3673=DIRECTION('',(0.499999999999992,-0.866025403784443,0.));
#3674=DIRECTION('',(-1.,0.,0.));
#3675=DIRECTION('',(0.,0.,1.));
#3676=DIRECTION('',(0.,0.,1.));
#3677=DIRECTION('',(0.,0.,-1.));
#3678=DIRECTION('',(1.,0.,0.));
#3679=DIRECTION('',(0.,0.,-1.));
#3680=DIRECTION('',(0.,0.,-1.));
#3681=DIRECTION('',(0.,0.,1.));
#3682=DIRECTION('',(-1.,-2.84567499340027E-17,0.));
#3683=DIRECTION('',(2.84567499340027E-17,-1.,0.));
#3684=DIRECTION('',(0.,0.,-1.));
#3685=DIRECTION('',(0.,0.,-1.));
#3686=DIRECTION('',(1.,0.,0.));
#3687=DIRECTION('',(0.,0.,-1.));
#3688=DIRECTION('',(0.,0.,-1.));
#3689=DIRECTION('',(0.,0.,-1.));
#3690=DIRECTION('',(-1.,0.,0.));
#3691=DIRECTION('',(0.,0.,1.));
#3692=DIRECTION('',(0.,0.,-1.));
#3693=DIRECTION('',(0.,0.,-1.));
#3694=DIRECTION('',(1.,0.,0.));
#3695=DIRECTION('',(0.,0.,-1.));
#3696=DIRECTION('',(0.,0.,-1.));
#3697=DIRECTION('',(0.,0.,-1.));
#3698=DIRECTION('',(0.,-1.,0.));
#3699=DIRECTION('',(0.,0.,-1.));
#3700=DIRECTION('',(0.,0.,-1.));
#3701=DIRECTION('',(-1.,0.,0.));
#3702=DIRECTION('',(0.,0.,-1.));
#3703=DIRECTION('',(-1.,0.,0.));
#3704=DIRECTION('',(0.,-1.,0.));
#3705=DIRECTION('',(0.,0.,-1.));
#3706=DIRECTION('',(0.,0.,-1.));
#3707=DIRECTION('',(-1.,0.,0.));
#3708=DIRECTION('',(0.,0.,-1.));
#3709=DIRECTION('',(-1.,0.,0.));
#3710=DIRECTION('',(0.,-1.,0.));
#3711=DIRECTION('',(0.,0.,-1.));
#3712=DIRECTION('',(0.,0.,-1.));
#3713=DIRECTION('',(-1.,0.,0.));
#3714=DIRECTION('',(0.,0.,-1.));
#3715=DIRECTION('',(-1.,0.,0.));
#3716=DIRECTION('',(1.,0.,0.));
#3717=DIRECTION('',(0.,0.,-1.));
#3718=DIRECTION('',(0.,0.,-1.));
#3719=DIRECTION('',(0.,-1.,0.));
#3720=DIRECTION('',(0.,0.,-1.));
#3721=DIRECTION('',(0.,-1.,0.));
#3722=DIRECTION('',(-1.,0.,0.));
#3723=DIRECTION('',(0.,0.,1.));
#3724=DIRECTION('',(0.,0.,-1.));
#3725=DIRECTION('',(0.,1.,0.));
#3726=DIRECTION('',(0.,0.,1.));
#3727=DIRECTION('',(0.,1.,0.));
#3728=DIRECTION('',(1.,0.,0.));
#3729=DIRECTION('',(0.,0.,-1.));
#3730=DIRECTION('',(0.,1.,0.));
#3731=DIRECTION('',(0.,0.,-1.));
#3732=DIRECTION('',(0.,1.,0.));
#3733=DIRECTION('',(0.,0.,-1.));
#3734=DIRECTION('',(-1.,0.,0.));
#3735=DIRECTION('',(0.,0.,1.));
#3736=DIRECTION('',(0.,-1.,0.));
#3737=DIRECTION('',(0.,0.,-1.));
#3738=DIRECTION('',(0.,-1.,0.));
#3739=DIRECTION('',(0.,0.,-1.));
#3740=DIRECTION('',(-1.,0.,0.));
#3741=DIRECTION('',(0.,0.,1.));
#3742=DIRECTION('',(0.,-1.,0.));
#3743=DIRECTION('',(0.,0.,-1.));
#3744=DIRECTION('',(0.,-1.,0.));
#3745=DIRECTION('',(0.,0.,-1.));
#3746=DIRECTION('',(1.,0.,0.));
#3747=DIRECTION('',(0.,0.,-1.));
#3748=DIRECTION('',(0.,1.,0.));
#3749=DIRECTION('',(0.,0.,-1.));
#3750=DIRECTION('',(0.,1.,0.));
#3751=DIRECTION('',(0.,0.,-1.));
#3752=DIRECTION('',(0.,0.499999999999998,-0.86602540378444));
#3753=DIRECTION('',(0.,0.86602540378444,0.499999999999998));
#3754=DIRECTION('',(-1.,0.,0.));
#3755=DIRECTION('',(0.447213595499957,0.774596669241484,0.447213595499956));
#3756=DIRECTION('',(0.447213595499957,-0.774596669241484,-0.447213595499956));
#3757=DIRECTION('',(0.,0.499999999999998,0.86602540378444));
#3758=DIRECTION('',(0.,-0.86602540378444,0.499999999999998));
#3759=DIRECTION('',(-0.447213595499957,-0.774596669241484,0.447213595499956));
#3760=DIRECTION('',(-1.,0.,0.));
#3761=DIRECTION('',(-0.447213595499957,0.774596669241484,-0.447213595499956));
#3762=DIRECTION('',(0.,0.499999999999998,-0.86602540378444));
#3763=DIRECTION('',(0.,0.86602540378444,0.499999999999998));
#3764=DIRECTION('',(-1.,0.,0.));
#3765=DIRECTION('',(0.447213595499957,0.774596669241485,0.447213595499957));
#3766=DIRECTION('',(0.447213595499957,-0.774596669241485,-0.447213595499957));
#3767=DIRECTION('',(0.,0.499999999999998,0.86602540378444));
#3768=DIRECTION('',(0.,-0.86602540378444,0.499999999999998));
#3769=DIRECTION('',(-0.447213595499957,-0.774596669241485,0.447213595499956));
#3770=DIRECTION('',(-1.,0.,0.));
#3771=DIRECTION('',(-0.447213595499957,0.774596669241485,-0.447213595499956));
#3772=DIRECTION('',(0.,0.499999999999998,-0.86602540378444));
#3773=DIRECTION('',(0.,0.86602540378444,0.499999999999998));
#3774=DIRECTION('',(-1.,0.,0.));
#3775=DIRECTION('',(0.447213595499956,0.774596669241485,0.447213595499957));
#3776=DIRECTION('',(0.447213595499958,-0.774596669241484,-0.447213595499956));
#3777=DIRECTION('',(0.,0.499999999999998,0.86602540378444));
#3778=DIRECTION('',(0.,-0.86602540378444,0.499999999999998));
#3779=DIRECTION('',(-0.447213595499957,-0.774596669241485,0.447213595499957));
#3780=DIRECTION('',(-1.,0.,0.));
#3781=DIRECTION('',(-0.447213595499958,0.774596669241484,-0.447213595499956));
#3782=DIRECTION('',(0.,0.,1.));
#3783=DIRECTION('',(1.,0.,0.));
#3784=DIRECTION('',(1.,0.,0.));
#3785=DIRECTION('',(0.,0.,1.));
#3786=DIRECTION('',(1.,0.,0.));
#3787=DIRECTION('',(1.,0.,0.));
#3788=DIRECTION('',(0.,0.,1.));
#3789=DIRECTION('',(1.,0.,0.));
#3790=DIRECTION('',(1.,0.,0.));
#3791=DIRECTION('',(0.,0.,1.));
#3792=DIRECTION('',(1.,0.,0.));
#3793=DIRECTION('',(1.,0.,0.));
#3794=DIRECTION('',(0.,0.,1.));
#3795=DIRECTION('',(1.,0.,0.));
#3796=DIRECTION('',(1.,0.,0.));
#3797=DIRECTION('',(0.,0.,1.));
#3798=DIRECTION('',(1.,0.,0.));
#3799=DIRECTION('',(1.,0.,0.));
#3800=DIRECTION('',(0.,-1.,0.));
#3801=DIRECTION('',(0.,0.,-1.));
#3802=DIRECTION('',(-1.,0.,0.));
#3803=DIRECTION('',(0.,0.,1.));
#3804=DIRECTION('',(-1.,0.,0.));
#3805=DIRECTION('',(0.,0.,1.));
#3806=DIRECTION('',(0.,0.,-1.));
#3807=DIRECTION('',(-1.,0.,0.));
#3808=DIRECTION('',(0.,-1.,0.));
#3809=DIRECTION('',(-1.,0.,0.));
#3810=DIRECTION('',(0.,-1.,0.));
#3811=DIRECTION('',(0.,1.,0.));
#3812=DIRECTION('',(0.,0.,1.));
#3813=DIRECTION('',(0.,0.,-1.));
#3814=DIRECTION('',(-1.,0.,0.));
#3815=DIRECTION('',(0.,0.,-1.));
#3816=DIRECTION('',(0.,0.,1.));
#3817=DIRECTION('',(1.,0.,0.));
#3818=DIRECTION('',(0.,1.,0.));
#3819=DIRECTION('',(0.,1.,0.));
#3820=DIRECTION('',(1.,0.,0.));
#3821=DIRECTION('',(0.,0.,-1.));
#3822=DIRECTION('',(1.,0.,0.));
#3823=DIRECTION('',(0.,0.,-1.));
#3824=DIRECTION('',(0.866025403784439,0.499999999999999,0.));
#3825=DIRECTION('',(-0.499999999999999,0.866025403784439,0.));
#3826=DIRECTION('',(-0.86602540378444,0.499999999999998,0.));
#3827=DIRECTION('',(-0.499999999999998,-0.86602540378444,0.));
#3828=DIRECTION('',(0.866025403784439,0.499999999999998,0.));
#3829=DIRECTION('',(-0.499999999999999,0.86602540378444,0.));
#3830=DIRECTION('',(-0.866025403784439,0.499999999999998,0.));
#3831=DIRECTION('',(-0.499999999999999,-0.86602540378444,0.));
#3832=DIRECTION('',(0.866025403784439,0.499999999999999,0.));
#3833=DIRECTION('',(-0.499999999999999,0.866025403784439,0.));
#3834=DIRECTION('',(-0.866025403784439,0.499999999999999,0.));
#3835=DIRECTION('',(-0.499999999999999,-0.866025403784439,0.));
#3836=DIRECTION('',(0.866025403784436,-0.500000000000004,0.));
#3837=DIRECTION('',(0.500000000000004,0.866025403784437,0.));
#3838=DIRECTION('',(-0.866025403784437,-0.500000000000003,0.));
#3839=DIRECTION('',(0.500000000000004,-0.866025403784437,0.));
#3840=DIRECTION('',(0.866025403784444,-0.499999999999992,0.));
#3841=DIRECTION('',(0.499999999999991,0.866025403784443,0.));
#3842=DIRECTION('',(-0.866025403784443,-0.499999999999992,0.));
#3843=DIRECTION('',(0.499999999999992,-0.866025403784443,0.));
#3844=DIRECTION('',(-0.866025403784437,-0.500000000000003,0.));
#3845=DIRECTION('',(0.500000000000004,-0.866025403784437,0.));
#3846=DIRECTION('',(0.866025403784436,-0.500000000000004,0.));
#3847=DIRECTION('',(0.500000000000004,0.866025403784436,0.));
#3848=DIRECTION('',(0.,0.,1.));
#3849=DIRECTION('',(1.,0.,0.));
#3850=CARTESIAN_POINT('',(0.,0.,0.));
#3851=CARTESIAN_POINT('',(0.05,0.09,0.3));
#3852=CARTESIAN_POINT('',(0.0499999999999999,0.0899999999999999,0.04));
#3853=CARTESIAN_POINT('',(0.05,0.09,0.04));
#3854=CARTESIAN_POINT('',(0.0551226741143414,0.0951226741143413,0.04));
#3855=CARTESIAN_POINT('',(0.13939976473519,0.17939976473519,0.212793642657054));
#3856=CARTESIAN_POINT('',(0.0599999999999999,0.1,0.05));
#3857=CARTESIAN_POINT('',(0.06,0.1,0.));
#3858=CARTESIAN_POINT('',(0.06,0.1,-0.05));
#3859=CARTESIAN_POINT('',(-0.0588969315062169,-0.0188969315062169,0.193774835419187));
#3860=CARTESIAN_POINT('',(0.0551226741143414,0.0951226741143414,-0.04));
#3861=CARTESIAN_POINT('',(0.05,0.09,-0.04));
#3862=CARTESIAN_POINT('',(0.05,0.09,-0.04));
#3863=CARTESIAN_POINT('',(0.05,0.09,0.3));
#3864=CARTESIAN_POINT('',(0.04,0.1,0.3));
#3865=CARTESIAN_POINT('',(-0.0426236234339193,0.182623623433919,0.219403532531768));
#3866=CARTESIAN_POINT('',(0.04,0.1,0.0500000000000001));
#3867=CARTESIAN_POINT('',(0.0448773258856587,0.0951226741143413,0.04));
#3868=CARTESIAN_POINT('',(0.0399999999999999,0.1,0.04));
#3869=CARTESIAN_POINT('',(0.04,0.1,-0.04));
#3870=CARTESIAN_POINT('',(0.0448773258856586,0.0951226741143414,-0.04));
#3871=CARTESIAN_POINT('',(0.155673072807488,-0.0156730728074875,0.187164945544474));
#3872=CARTESIAN_POINT('',(0.04,0.1,-0.05));
#3873=CARTESIAN_POINT('',(0.04,0.1,0.));
#3874=CARTESIAN_POINT('',(-0.06,0.1,0.3));
#3875=CARTESIAN_POINT('',(-0.06,0.1,0.));
#3876=CARTESIAN_POINT('',(-0.0599999999999999,0.1,0.05));
#3877=CARTESIAN_POINT('',(-0.06,0.1,-0.05));
#3878=CARTESIAN_POINT('',(-0.142623623433919,0.182623623433919,0.219403532531768));
#3879=CARTESIAN_POINT('',(-0.0551226741143413,0.0951226741143413,0.04));
#3880=CARTESIAN_POINT('',(-0.0600000000000001,0.1,0.04));
#3881=CARTESIAN_POINT('',(-0.05,0.09,0.04));
#3882=CARTESIAN_POINT('',(-0.05,0.09,0.3));
#3883=CARTESIAN_POINT('',(-0.05,0.09,-0.04));
#3884=CARTESIAN_POINT('',(-0.06,0.1,-0.04));
#3885=CARTESIAN_POINT('',(-0.0551226741143414,0.0951226741143414,-0.04));
#3886=CARTESIAN_POINT('',(0.0556730728074876,-0.0156730728074875,0.187164945544474));
#3887=CARTESIAN_POINT('',(-0.05,0.09,0.3));
#3888=CARTESIAN_POINT('',(-0.0500000000000001,0.0899999999999999,0.04));
#3889=CARTESIAN_POINT('',(-0.0448773258856586,0.0951226741143414,0.04));
#3890=CARTESIAN_POINT('',(0.03939976473519,0.17939976473519,0.212793642657054));
#3891=CARTESIAN_POINT('',(-0.0400000000000001,0.1,0.05));
#3892=CARTESIAN_POINT('',(-0.04,0.1,0.));
#3893=CARTESIAN_POINT('',(-0.04,0.1,-0.05));
#3894=CARTESIAN_POINT('',(-0.158896931506217,-0.018896931506217,0.193774835419187));
#3895=CARTESIAN_POINT('',(-0.0448773258856586,0.0951226741143414,-0.04));
#3896=CARTESIAN_POINT('',(-0.05,0.09,-0.04));
#3897=CARTESIAN_POINT('',(-0.0400000000000001,0.02,0.3));
#3898=CARTESIAN_POINT('',(-0.0400000000000001,0.02,0.3));
#3899=CARTESIAN_POINT('',(-0.0400000000000001,0.02,0.0500000000000001));
#3900=CARTESIAN_POINT('',(-0.04,0.02,0.033));
#3901=CARTESIAN_POINT('',(0.0426236234339194,-0.0626236234339193,0.219403532531768));
#3902=CARTESIAN_POINT('',(-0.0448773258856587,0.0248773258856586,0.04));
#3903=CARTESIAN_POINT('',(-0.0400000000000002,0.0200000000000001,0.04));
#3904=CARTESIAN_POINT('',(-0.0500000000000001,0.03,0.04));
#3905=CARTESIAN_POINT('',(-0.0500000000000001,0.03,0.3));
#3906=CARTESIAN_POINT('',(-0.0500000000000001,0.03,-0.0399999999999999));
#3907=CARTESIAN_POINT('',(-0.0400000000000001,0.02,-0.04));
#3908=CARTESIAN_POINT('',(-0.0448773258856586,0.0248773258856586,-0.04));
#3909=CARTESIAN_POINT('',(-0.155673072807488,0.135673072807487,0.187164945544474));
#3910=CARTESIAN_POINT('',(-0.04,0.0199999999999999,-0.05));
#3911=CARTESIAN_POINT('',(-0.0400000000000001,0.02,0.3));
#3912=CARTESIAN_POINT('',(-0.04,0.02,-0.033));
#3913=CARTESIAN_POINT('',(-0.0400000000000001,0.02,0.3));
#3914=CARTESIAN_POINT('',(-0.0500000000000001,0.03,0.3));
#3915=CARTESIAN_POINT('',(-0.0500000000000002,0.0299999999999999,0.04));
#3916=CARTESIAN_POINT('',(-0.0551226741143413,0.0248773258856587,0.04));
#3917=CARTESIAN_POINT('',(-0.139399764735189,-0.0593997647351912,0.212793642657053));
#3918=CARTESIAN_POINT('',(-0.0599999999999999,0.02,0.05));
#3919=CARTESIAN_POINT('',(-0.0599999999999999,0.02,0.3));
#3920=CARTESIAN_POINT('',(-0.0599999999999997,0.02,0.033));
#3921=CARTESIAN_POINT('',(-0.0599999999999999,0.02,0.3));
#3922=CARTESIAN_POINT('',(-0.0599999999999997,0.02,-0.033));
#3923=CARTESIAN_POINT('',(-0.0599999999999999,0.02,0.3));
#3924=CARTESIAN_POINT('',(-0.06,0.0199999999999999,-0.05));
#3925=CARTESIAN_POINT('',(0.0588969315062161,0.138896931506218,0.193774835419186));
#3926=CARTESIAN_POINT('',(-0.0551226741143414,0.0248773258856586,-0.04));
#3927=CARTESIAN_POINT('',(-0.0500000000000001,0.03,-0.04));
#3928=CARTESIAN_POINT('',(0.0599999999999999,0.02,0.3));
#3929=CARTESIAN_POINT('',(0.0599999999999999,0.02,0.3));
#3930=CARTESIAN_POINT('',(0.0599999999999999,0.02,0.05));
#3931=CARTESIAN_POINT('',(0.06,0.02,0.033));
#3932=CARTESIAN_POINT('',(0.142623623433919,-0.0626236234339193,0.219403532531768));
#3933=CARTESIAN_POINT('',(0.0551226741143413,0.0248773258856586,0.04));
#3934=CARTESIAN_POINT('',(0.0599999999999998,0.0200000000000001,0.04));
#3935=CARTESIAN_POINT('',(0.0499999999999999,0.03,0.04));
#3936=CARTESIAN_POINT('',(0.0499999999999999,0.03,0.3));
#3937=CARTESIAN_POINT('',(0.0499999999999999,0.03,-0.0399999999999999));
#3938=CARTESIAN_POINT('',(0.0599999999999999,0.02,-0.04));
#3939=CARTESIAN_POINT('',(0.0551226741143414,0.0248773258856586,-0.04));
#3940=CARTESIAN_POINT('',(-0.0556730728074877,0.135673072807487,0.187164945544474));
#3941=CARTESIAN_POINT('',(0.06,0.0199999999999999,-0.05));
#3942=CARTESIAN_POINT('',(0.0599999999999999,0.02,0.3));
#3943=CARTESIAN_POINT('',(0.06,0.02,-0.033));
#3944=CARTESIAN_POINT('',(0.0599999999999999,0.02,0.3));
#3945=CARTESIAN_POINT('',(0.0499999999999999,0.03,0.3));
#3946=CARTESIAN_POINT('',(0.0499999999999998,0.0299999999999999,0.04));
#3947=CARTESIAN_POINT('',(0.0448773258856587,0.0248773258856587,0.04));
#3948=CARTESIAN_POINT('',(-0.0393997647351895,-0.0593997647351912,0.212793642657053));
#3949=CARTESIAN_POINT('',(0.0400000000000001,0.02,0.05));
#3950=CARTESIAN_POINT('',(0.0400000000000001,0.02,0.3));
#3951=CARTESIAN_POINT('',(0.0400000000000002,0.02,0.033));
#3952=CARTESIAN_POINT('',(0.0400000000000001,0.02,0.3));
#3953=CARTESIAN_POINT('',(0.0400000000000002,0.02,-0.033));
#3954=CARTESIAN_POINT('',(0.0400000000000001,0.02,0.3));
#3955=CARTESIAN_POINT('',(0.04,0.0199999999999999,-0.05));
#3956=CARTESIAN_POINT('',(0.158896931506216,0.138896931506219,0.193774835419186));
#3957=CARTESIAN_POINT('',(0.0448773258856586,0.0248773258856586,-0.04));
#3958=CARTESIAN_POINT('',(0.0499999999999999,0.03,-0.04));
#3959=CARTESIAN_POINT('',(-0.15,0.1,0.05));
#3960=CARTESIAN_POINT('',(-0.0599999999999999,0.1,0.05));
#3961=CARTESIAN_POINT('',(-0.15,0.1,0.05));
#3962=CARTESIAN_POINT('',(-0.15,0.1,0.05));
#3963=CARTESIAN_POINT('',(-0.15,0.1,0.05));
#3964=CARTESIAN_POINT('',(-0.15,0.02,0.05));
#3965=CARTESIAN_POINT('',(-0.15,0.02,0.05));
#3966=CARTESIAN_POINT('',(-0.14012267,0.02,0.05));
#3967=CARTESIAN_POINT('',(-0.14012267,0.1,0.05));
#3968=CARTESIAN_POINT('',(-0.14012267,-1.73472347597681E-18,0.05));
#3969=CARTESIAN_POINT('',(-0.15,0.,0.05));
#3970=CARTESIAN_POINT('',(-0.12312267,0.,0.05));
#3971=CARTESIAN_POINT('',(-0.12312267,0.1,0.05));
#3972=CARTESIAN_POINT('',(-0.12312267,0.02,0.05));
#3973=CARTESIAN_POINT('',(-0.15,0.02,0.05));
#3974=CARTESIAN_POINT('',(-0.07687732,0.02,0.05));
#3975=CARTESIAN_POINT('',(-0.07687732,0.1,0.05));
#3976=CARTESIAN_POINT('',(-0.07687732,0.,0.05));
#3977=CARTESIAN_POINT('',(-0.15,0.,0.05));
#3978=CARTESIAN_POINT('',(-0.0599999999999999,0.,0.05));
#3979=CARTESIAN_POINT('',(-0.0599999999999999,0.1,0.05));
#3980=CARTESIAN_POINT('',(-0.15,0.1,0.05));
#3981=CARTESIAN_POINT('',(0.0599999999999999,0.1,0.05));
#3982=CARTESIAN_POINT('',(0.0599999999999995,0.100000000000001,0.05));
#3983=CARTESIAN_POINT('',(0.06,0.,0.05));
#3984=CARTESIAN_POINT('',(-0.15,0.,0.05));
#3985=CARTESIAN_POINT('',(0.0768773299999999,0.,0.05));
#3986=CARTESIAN_POINT('',(0.07687733,0.1,0.05));
#3987=CARTESIAN_POINT('',(0.07687733,0.02,0.05));
#3988=CARTESIAN_POINT('',(-0.15,0.02,0.05));
#3989=CARTESIAN_POINT('',(0.12312268,0.02,0.05));
#3990=CARTESIAN_POINT('',(0.12312268,0.0999999999999997,0.05));
#3991=CARTESIAN_POINT('',(0.12312268,0.,0.05));
#3992=CARTESIAN_POINT('',(-0.15,0.,0.05));
#3993=CARTESIAN_POINT('',(0.14012267,0.,0.05));
#3994=CARTESIAN_POINT('',(0.14012267,0.1,0.05));
#3995=CARTESIAN_POINT('',(0.14012267,0.02,0.05));
#3996=CARTESIAN_POINT('',(-0.15,0.02,0.05));
#3997=CARTESIAN_POINT('',(0.15,0.02,0.05));
#3998=CARTESIAN_POINT('',(0.15,0.1,0.05));
#3999=CARTESIAN_POINT('',(0.15,0.1,0.05));
#4000=CARTESIAN_POINT('',(-0.15,0.1,0.05));
#4001=CARTESIAN_POINT('',(-0.15,0.1,0.05));
#4002=CARTESIAN_POINT('',(0.0400000000000001,0.1,0.05));
#4003=CARTESIAN_POINT('',(-0.15,0.1,0.05));
#4004=CARTESIAN_POINT('',(-0.0400000000000001,0.1,0.05));
#4005=CARTESIAN_POINT('',(-0.0400000000000001,0.1,0.05));
#4006=CARTESIAN_POINT('',(-0.0400000000000001,0.,0.0500000000000001));
#4007=CARTESIAN_POINT('',(-0.15,0.,0.05));
#4008=CARTESIAN_POINT('',(-0.02312267,0.,0.05));
#4009=CARTESIAN_POINT('',(-0.02312267,0.1,0.05));
#4010=CARTESIAN_POINT('',(-0.02312267,0.02,0.05));
#4011=CARTESIAN_POINT('',(-0.15,0.02,0.05));
#4012=CARTESIAN_POINT('',(0.02312268,0.02,0.05));
#4013=CARTESIAN_POINT('',(0.02312268,0.1,0.05));
#4014=CARTESIAN_POINT('',(0.02312268,0.,0.05));
#4015=CARTESIAN_POINT('',(-0.15,0.,0.05));
#4016=CARTESIAN_POINT('',(0.04,0.,0.05));
#4017=CARTESIAN_POINT('',(0.0400000000000001,0.1,0.05));
#4018=CARTESIAN_POINT('',(0.15,0.1,-0.05));
#4019=CARTESIAN_POINT('',(-0.06,0.1,-0.05));
#4020=CARTESIAN_POINT('',(-0.0599999999999999,0.1,-0.05));
#4021=CARTESIAN_POINT('',(-0.0599999999999999,0.,-0.05));
#4022=CARTESIAN_POINT('',(0.15,0.,-0.05));
#4023=CARTESIAN_POINT('',(-0.07687732,0.,-0.05));
#4024=CARTESIAN_POINT('',(-0.07687732,0.1,-0.05));
#4025=CARTESIAN_POINT('',(-0.07687732,0.02,-0.05));
#4026=CARTESIAN_POINT('',(0.15,0.02,-0.05));
#4027=CARTESIAN_POINT('',(-0.12312267,0.02,-0.05));
#4028=CARTESIAN_POINT('',(-0.12312267,0.1,-0.05));
#4029=CARTESIAN_POINT('',(-0.12312267,0.,-0.05));
#4030=CARTESIAN_POINT('',(0.15,0.,-0.05));
#4031=CARTESIAN_POINT('',(-0.14012267,-1.73472347597681E-18,-0.05));
#4032=CARTESIAN_POINT('',(-0.14012267,0.1,-0.05));
#4033=CARTESIAN_POINT('',(-0.14012267,0.02,-0.05));
#4034=CARTESIAN_POINT('',(0.15,0.02,-0.05));
#4035=CARTESIAN_POINT('',(-0.15,0.02,-0.05));
#4036=CARTESIAN_POINT('',(-0.15,0.1,-0.05));
#4037=CARTESIAN_POINT('',(-0.15,0.1,-0.05));
#4038=CARTESIAN_POINT('',(0.15,0.1,-0.05));
#4039=CARTESIAN_POINT('',(0.15,0.1,-0.05));
#4040=CARTESIAN_POINT('',(-0.04,0.1,-0.05));
#4041=CARTESIAN_POINT('',(0.15,0.1,-0.05));
#4042=CARTESIAN_POINT('',(0.04,0.1,-0.05));
#4043=CARTESIAN_POINT('',(0.0400000000000001,0.1,-0.05));
#4044=CARTESIAN_POINT('',(0.0400000000000001,0.,-0.0499999999999998));
#4045=CARTESIAN_POINT('',(0.15,0.,-0.05));
#4046=CARTESIAN_POINT('',(0.02312268,0.,-0.05));
#4047=CARTESIAN_POINT('',(0.02312268,0.1,-0.05));
#4048=CARTESIAN_POINT('',(0.02312268,0.02,-0.05));
#4049=CARTESIAN_POINT('',(0.15,0.02,-0.05));
#4050=CARTESIAN_POINT('',(-0.02312267,0.02,-0.05));
#4051=CARTESIAN_POINT('',(-0.02312267,0.1,-0.05));
#4052=CARTESIAN_POINT('',(-0.02312267,0.,-0.05));
#4053=CARTESIAN_POINT('',(0.15,0.,-0.05));
#4054=CARTESIAN_POINT('',(-0.04,0.,-0.05));
#4055=CARTESIAN_POINT('',(-0.0400000000000001,0.0999999999999999,-0.05));
#4056=CARTESIAN_POINT('',(0.15,0.1,-0.05));
#4057=CARTESIAN_POINT('',(0.06,0.1,-0.05));
#4058=CARTESIAN_POINT('',(0.15,0.1,-0.05));
#4059=CARTESIAN_POINT('',(0.15,0.1,-0.05));
#4060=CARTESIAN_POINT('',(0.15,0.1,-0.05));
#4061=CARTESIAN_POINT('',(0.15,0.02,-0.05));
#4062=CARTESIAN_POINT('',(0.15,0.02,-0.05));
#4063=CARTESIAN_POINT('',(0.14012267,0.02,-0.05));
#4064=CARTESIAN_POINT('',(0.14012267,0.1,-0.05));
#4065=CARTESIAN_POINT('',(0.14012267,0.,-0.05));
#4066=CARTESIAN_POINT('',(0.15,0.,-0.05));
#4067=CARTESIAN_POINT('',(0.12312268,0.,-0.05));
#4068=CARTESIAN_POINT('',(0.12312268,0.1,-0.05));
#4069=CARTESIAN_POINT('',(0.12312268,0.02,-0.05));
#4070=CARTESIAN_POINT('',(0.15,0.02,-0.05));
#4071=CARTESIAN_POINT('',(0.07687733,0.02,-0.05));
#4072=CARTESIAN_POINT('',(0.07687733,0.1,-0.05));
#4073=CARTESIAN_POINT('',(0.07687733,0.,-0.05));
#4074=CARTESIAN_POINT('',(0.15,0.,-0.05));
#4075=CARTESIAN_POINT('',(0.06,0.,-0.05));
#4076=CARTESIAN_POINT('',(0.0599999999999996,0.0999999999999996,-0.05));
#4077=CARTESIAN_POINT('',(0.,0.,0.));
#4078=CARTESIAN_POINT('',(0.,0.,0.033));
#4079=CARTESIAN_POINT('',(-0.12312267,0.,0.033));
#4080=CARTESIAN_POINT('',(-0.14012267,0.,0.033));
#4081=CARTESIAN_POINT('',(-0.12312267,0.,0.));
#4082=CARTESIAN_POINT('',(-0.14012267,-1.73472347597681E-18,0.1));
#4083=CARTESIAN_POINT('',(0.,0.,0.));
#4084=CARTESIAN_POINT('',(0.,0.,-0.033));
#4085=CARTESIAN_POINT('',(-0.14012267,0.,-0.033));
#4086=CARTESIAN_POINT('',(-0.12312267,0.,-0.033));
#4087=CARTESIAN_POINT('',(-0.14012267,-1.73472347597681E-18,0.1));
#4088=CARTESIAN_POINT('',(-0.12312267,0.,0.));
#4089=CARTESIAN_POINT('',(0.,0.,0.));
#4090=CARTESIAN_POINT('',(0.,0.,0.033));
#4091=CARTESIAN_POINT('',(-0.0599999999999998,0.,0.033));
#4092=CARTESIAN_POINT('',(-0.07687732,0.,0.033));
#4093=CARTESIAN_POINT('',(-0.0599999999999999,0.,0.));
#4094=CARTESIAN_POINT('',(-0.07687732,0.,0.1));
#4095=CARTESIAN_POINT('',(0.,0.,0.));
#4096=CARTESIAN_POINT('',(0.,0.,-0.033));
#4097=CARTESIAN_POINT('',(-0.07687732,0.,-0.033));
#4098=CARTESIAN_POINT('',(-0.0599999999999998,0.,-0.033));
#4099=CARTESIAN_POINT('',(-0.07687732,0.,0.1));
#4100=CARTESIAN_POINT('',(-0.0599999999999999,0.,0.));
#4101=CARTESIAN_POINT('',(0.,0.,0.));
#4102=CARTESIAN_POINT('',(0.,0.,0.033));
#4103=CARTESIAN_POINT('',(0.14012267,0.,0.033));
#4104=CARTESIAN_POINT('',(0.12312268,0.,0.033));
#4105=CARTESIAN_POINT('',(0.14012267,0.,0.1));
#4106=CARTESIAN_POINT('',(0.12312268,0.,0.));
#4107=CARTESIAN_POINT('',(0.,0.,0.));
#4108=CARTESIAN_POINT('',(0.,0.,-0.033));
#4109=CARTESIAN_POINT('',(0.12312268,0.,-0.033));
#4110=CARTESIAN_POINT('',(0.14012267,0.,-0.033));
#4111=CARTESIAN_POINT('',(0.12312268,0.,0.));
#4112=CARTESIAN_POINT('',(0.14012267,0.,0.1));
#4113=CARTESIAN_POINT('',(0.,0.,0.));
#4114=CARTESIAN_POINT('',(0.,0.,0.033));
#4115=CARTESIAN_POINT('',(0.07687733,0.,0.033));
#4116=CARTESIAN_POINT('',(0.06,0.,0.033));
#4117=CARTESIAN_POINT('',(0.07687733,0.,0.1));
#4118=CARTESIAN_POINT('',(0.06,0.,0.));
#4119=CARTESIAN_POINT('',(0.,0.,0.));
#4120=CARTESIAN_POINT('',(0.,0.,-0.033));
#4121=CARTESIAN_POINT('',(0.06,0.,-0.033));
#4122=CARTESIAN_POINT('',(0.07687733,0.,-0.033));
#4123=CARTESIAN_POINT('',(0.06,0.,0.));
#4124=CARTESIAN_POINT('',(0.07687733,0.,0.1));
#4125=CARTESIAN_POINT('',(0.,0.,0.));
#4126=CARTESIAN_POINT('',(0.,0.,0.033));
#4127=CARTESIAN_POINT('',(0.0400000000000001,0.,0.033));
#4128=CARTESIAN_POINT('',(0.02312268,0.,0.033));
#4129=CARTESIAN_POINT('',(0.0400000000000001,0.,0.));
#4130=CARTESIAN_POINT('',(0.02312268,0.,0.1));
#4131=CARTESIAN_POINT('',(0.,0.,0.));
#4132=CARTESIAN_POINT('',(0.,0.,-0.033));
#4133=CARTESIAN_POINT('',(0.02312268,0.,-0.033));
#4134=CARTESIAN_POINT('',(0.0400000000000001,0.,-0.033));
#4135=CARTESIAN_POINT('',(0.02312268,0.,0.1));
#4136=CARTESIAN_POINT('',(0.0400000000000001,0.,0.));
#4137=CARTESIAN_POINT('',(0.,0.,0.));
#4138=CARTESIAN_POINT('',(0.,0.,0.033));
#4139=CARTESIAN_POINT('',(-0.02312267,0.,0.033));
#4140=CARTESIAN_POINT('',(-0.0400000000000001,0.,0.033));
#4141=CARTESIAN_POINT('',(-0.02312267,0.,0.1));
#4142=CARTESIAN_POINT('',(-0.0400000000000001,0.,0.));
#4143=CARTESIAN_POINT('',(0.,0.,0.));
#4144=CARTESIAN_POINT('',(0.,0.,-0.033));
#4145=CARTESIAN_POINT('',(-0.0400000000000001,0.,-0.033));
#4146=CARTESIAN_POINT('',(-0.02312267,0.,-0.033));
#4147=CARTESIAN_POINT('',(-0.0400000000000001,0.,0.));
#4148=CARTESIAN_POINT('',(-0.02312267,0.,0.1));
#4149=CARTESIAN_POINT('',(-0.0400000000000001,0.,0.3));
#4150=CARTESIAN_POINT('',(-0.0400000000000001,0.,0.033));
#4151=CARTESIAN_POINT('',(-0.0400000000000001,0.,0.3));
#4152=CARTESIAN_POINT('',(-0.0400000000000001,0.,-0.0329999999999999));
#4153=CARTESIAN_POINT('',(-0.0599999999999999,0.02,0.3));
#4154=CARTESIAN_POINT('',(-0.0599999999999999,0.02,0.033));
#4155=CARTESIAN_POINT('',(-0.0599999999999999,0.02,0.3));
#4156=CARTESIAN_POINT('',(-0.0599999999999999,0.02,-0.0329999999999999));
#4157=CARTESIAN_POINT('',(0.0600000000000001,-0.02,0.3));
#4158=CARTESIAN_POINT('',(0.0600000000000001,-0.02,0.033));
#4159=CARTESIAN_POINT('',(0.0600000000000001,-0.02,0.3));
#4160=CARTESIAN_POINT('',(0.0600000000000001,-0.02,-0.0329999999999999));
#4161=CARTESIAN_POINT('',(0.0400000000000001,0.02,0.3));
#4162=CARTESIAN_POINT('',(0.0400000000000001,0.02,0.033));
#4163=CARTESIAN_POINT('',(0.0400000000000001,0.02,0.3));
#4164=CARTESIAN_POINT('',(0.0400000000000001,0.02,-0.0329999999999999));
#4165=CARTESIAN_POINT('',(-0.14012267,-1.73472347597681E-18,0.1));
#4166=CARTESIAN_POINT('',(-0.14012267,0.02,0.1));
#4167=CARTESIAN_POINT('',(-0.14012267,0.02,0.033));
#4168=CARTESIAN_POINT('',(-0.14012267,-1.73472347597681E-18,0.033));
#4169=CARTESIAN_POINT('',(-0.14012267,-1.73472347597681E-18,0.1));
#4170=CARTESIAN_POINT('',(-0.14012267,-1.73472347597681E-18,-0.033));
#4171=CARTESIAN_POINT('',(-0.14012267,0.02,-0.033));
#4172=CARTESIAN_POINT('',(-0.14012267,0.02,0.1));
#4173=CARTESIAN_POINT('',(0.14012267,0.02,0.1));
#4174=CARTESIAN_POINT('',(0.14012267,0.02,0.033));
#4175=CARTESIAN_POINT('',(0.14012267,0.02,0.033));
#4176=CARTESIAN_POINT('',(0.14012267,0.02,0.1));
#4177=CARTESIAN_POINT('',(0.14012267,0.02,0.1));
#4178=CARTESIAN_POINT('',(0.14012267,0.02,0.1));
#4179=CARTESIAN_POINT('',(0.14012267,0.02,-0.033));
#4180=CARTESIAN_POINT('',(0.14012267,0.02,-0.033));
#4181=CARTESIAN_POINT('',(-0.07687732,0.,0.1));
#4182=CARTESIAN_POINT('',(-0.07687732,0.02,0.1));
#4183=CARTESIAN_POINT('',(-0.07687732,0.02,0.033));
#4184=CARTESIAN_POINT('',(-0.07687732,0.,0.033));
#4185=CARTESIAN_POINT('',(-0.07687732,0.,0.1));
#4186=CARTESIAN_POINT('',(-0.07687732,0.,-0.033));
#4187=CARTESIAN_POINT('',(-0.0768773199999998,0.02,-0.033));
#4188=CARTESIAN_POINT('',(-0.07687732,0.02,0.1));
#4189=CARTESIAN_POINT('',(-0.12312267,0.02,0.1));
#4190=CARTESIAN_POINT('',(-0.12312267,0.02,0.033));
#4191=CARTESIAN_POINT('',(-0.12312267,0.02,0.033));
#4192=CARTESIAN_POINT('',(-0.12312267,0.02,0.1));
#4193=CARTESIAN_POINT('',(-0.12312267,0.02,0.1));
#4194=CARTESIAN_POINT('',(-0.12312267,0.02,0.1));
#4195=CARTESIAN_POINT('',(-0.12312267,0.02,-0.033));
#4196=CARTESIAN_POINT('',(-0.12312267,0.02,-0.033));
#4197=CARTESIAN_POINT('',(-0.02312267,0.02,0.1));
#4198=CARTESIAN_POINT('',(-0.02312267,0.02,0.033));
#4199=CARTESIAN_POINT('',(-0.0231226699999999,0.02,0.033));
#4200=CARTESIAN_POINT('',(-0.02312267,0.02,0.1));
#4201=CARTESIAN_POINT('',(-0.02312267,0.02,0.1));
#4202=CARTESIAN_POINT('',(-0.02312267,0.02,0.1));
#4203=CARTESIAN_POINT('',(-0.02312267,0.02,-0.033));
#4204=CARTESIAN_POINT('',(-0.02312267,0.02,-0.033));
#4205=CARTESIAN_POINT('',(0.02312268,0.,0.1));
#4206=CARTESIAN_POINT('',(0.02312268,0.02,0.1));
#4207=CARTESIAN_POINT('',(0.02312268,0.02,0.033));
#4208=CARTESIAN_POINT('',(0.02312268,0.,0.033));
#4209=CARTESIAN_POINT('',(0.02312268,0.,0.1));
#4210=CARTESIAN_POINT('',(0.02312268,0.,-0.033));
#4211=CARTESIAN_POINT('',(0.0231226800000001,0.02,-0.033));
#4212=CARTESIAN_POINT('',(0.02312268,0.02,0.1));
#4213=CARTESIAN_POINT('',(0.12312268,-0.01,0.1));
#4214=CARTESIAN_POINT('',(0.12312268,0.02,0.1));
#4215=CARTESIAN_POINT('',(0.12312268,0.02,0.033));
#4216=CARTESIAN_POINT('',(0.12312268,-0.01,0.033));
#4217=CARTESIAN_POINT('',(0.12312268,-0.01,0.1));
#4218=CARTESIAN_POINT('',(0.12312268,-0.01,-0.033));
#4219=CARTESIAN_POINT('',(0.12312268,0.02,-0.033));
#4220=CARTESIAN_POINT('',(0.12312268,0.02,0.1));
#4221=CARTESIAN_POINT('',(0.07687733,0.02,0.1));
#4222=CARTESIAN_POINT('',(0.07687733,0.02,0.033));
#4223=CARTESIAN_POINT('',(0.0768773300000001,0.02,0.033));
#4224=CARTESIAN_POINT('',(0.07687733,0.02,0.1));
#4225=CARTESIAN_POINT('',(0.07687733,0.02,0.1));
#4226=CARTESIAN_POINT('',(0.07687733,0.02,0.1));
#4227=CARTESIAN_POINT('',(0.07687733,0.02,-0.033));
#4228=CARTESIAN_POINT('',(0.07687733,0.02,-0.033));
#4229=CARTESIAN_POINT('',(0.1125,0.1,-0.0125));
#4230=CARTESIAN_POINT('',(0.0875,0.1,-0.0125));
#4231=CARTESIAN_POINT('',(0.0875,0.1,-0.0125));
#4232=CARTESIAN_POINT('',(0.0875,0.02,-0.0125));
#4233=CARTESIAN_POINT('',(0.1125,0.02,-0.0125));
#4234=CARTESIAN_POINT('',(0.1125,0.02,-0.0125));
#4235=CARTESIAN_POINT('',(0.1125,0.1,-0.0125));
#4236=CARTESIAN_POINT('',(0.1125,0.1,-0.0125));
#4237=CARTESIAN_POINT('',(0.1125,0.1,-0.0125));
#4238=CARTESIAN_POINT('',(0.1125,0.1,0.0125));
#4239=CARTESIAN_POINT('',(0.1125,0.02,0.0125));
#4240=CARTESIAN_POINT('',(0.1125,0.02,0.0125));
#4241=CARTESIAN_POINT('',(0.1125,0.1,0.0125));
#4242=CARTESIAN_POINT('',(0.1125,0.1,0.0125));
#4243=CARTESIAN_POINT('',(0.1125,0.1,0.0125));
#4244=CARTESIAN_POINT('',(0.0875,0.1,0.0125));
#4245=CARTESIAN_POINT('',(0.0875,0.02,0.0125));
#4246=CARTESIAN_POINT('',(0.0875,0.02,0.0125));
#4247=CARTESIAN_POINT('',(0.0875,0.1,0.0125));
#4248=CARTESIAN_POINT('',(0.0875,0.1,0.0125));
#4249=CARTESIAN_POINT('',(0.0875,0.1,0.0125));
#4250=CARTESIAN_POINT('',(0.0125,0.1,-0.0125));
#4251=CARTESIAN_POINT('',(-0.0125,0.1,-0.0125));
#4252=CARTESIAN_POINT('',(-0.0125,0.1,-0.0125));
#4253=CARTESIAN_POINT('',(-0.0125,0.02,-0.0125));
#4254=CARTESIAN_POINT('',(0.0125,0.02,-0.0125));
#4255=CARTESIAN_POINT('',(0.0125,0.02,-0.0125));
#4256=CARTESIAN_POINT('',(0.0125,0.1,-0.0125));
#4257=CARTESIAN_POINT('',(0.0125,0.1,-0.0125));
#4258=CARTESIAN_POINT('',(0.0125,0.1,-0.0125));
#4259=CARTESIAN_POINT('',(0.0125,0.1,0.0125));
#4260=CARTESIAN_POINT('',(0.0125,0.02,0.0125));
#4261=CARTESIAN_POINT('',(0.0125,0.02,0.0125));
#4262=CARTESIAN_POINT('',(0.0125,0.1,0.0125));
#4263=CARTESIAN_POINT('',(0.0125,0.1,0.0125));
#4264=CARTESIAN_POINT('',(0.0125,0.1,0.0125));
#4265=CARTESIAN_POINT('',(-0.0125,0.1,0.0125));
#4266=CARTESIAN_POINT('',(-0.0125,0.02,0.0125));
#4267=CARTESIAN_POINT('',(-0.0125,0.02,0.0125));
#4268=CARTESIAN_POINT('',(-0.0125,0.1,0.0125));
#4269=CARTESIAN_POINT('',(-0.0125,0.1,0.0125));
#4270=CARTESIAN_POINT('',(-0.0125,0.1,0.0125));
#4271=CARTESIAN_POINT('',(-0.0875,0.1,-0.0125));
#4272=CARTESIAN_POINT('',(-0.1125,0.1,-0.0125));
#4273=CARTESIAN_POINT('',(-0.1125,0.1,-0.0125));
#4274=CARTESIAN_POINT('',(-0.1125,0.02,-0.0125));
#4275=CARTESIAN_POINT('',(-0.0875,0.02,-0.0125));
#4276=CARTESIAN_POINT('',(-0.0875,0.02,-0.0125));
#4277=CARTESIAN_POINT('',(-0.0875,0.1,-0.0125));
#4278=CARTESIAN_POINT('',(-0.0875,0.1,-0.0125));
#4279=CARTESIAN_POINT('',(-0.0875,0.1,-0.0125));
#4280=CARTESIAN_POINT('',(-0.0875,0.1,0.0125));
#4281=CARTESIAN_POINT('',(-0.0875,0.02,0.0125));
#4282=CARTESIAN_POINT('',(-0.0875,0.02,0.0125));
#4283=CARTESIAN_POINT('',(-0.0875,0.1,0.0125));
#4284=CARTESIAN_POINT('',(-0.0875,0.1,0.0125));
#4285=CARTESIAN_POINT('',(-0.0875,0.1,0.0125));
#4286=CARTESIAN_POINT('',(-0.1125,0.1,0.0125));
#4287=CARTESIAN_POINT('',(-0.1125,0.02,0.0125));
#4288=CARTESIAN_POINT('',(-0.1125,0.02,0.0125));
#4289=CARTESIAN_POINT('',(-0.1125,0.1,0.0125));
#4290=CARTESIAN_POINT('',(-0.1125,0.1,0.0125));
#4291=CARTESIAN_POINT('',(-0.1125,0.1,0.0125));
#4292=CARTESIAN_POINT('',(0.0875,0.1,-0.0125));
#4293=CARTESIAN_POINT('',(0.0875,0.02,-0.0125));
#4294=CARTESIAN_POINT('',(0.0875,0.1,-0.0125));
#4295=CARTESIAN_POINT('',(-0.0125,0.1,-0.0125));
#4296=CARTESIAN_POINT('',(-0.0125,0.02,-0.0125));
#4297=CARTESIAN_POINT('',(-0.0125,0.1,-0.0125));
#4298=CARTESIAN_POINT('',(-0.1125,0.1,-0.0125));
#4299=CARTESIAN_POINT('',(-0.1125,0.02,-0.0125));
#4300=CARTESIAN_POINT('',(-0.1125,0.1,-0.0125));
#4301=CARTESIAN_POINT('',(-0.142,0.,0.));
#4302=CARTESIAN_POINT('',(-0.142,0.06353121,0.));
#4303=CARTESIAN_POINT('',(-0.142,0.06353121,0.00338996));
#4304=CARTESIAN_POINT('',(-0.142,0.06353121,-0.00338996));
#4305=CARTESIAN_POINT('',(-0.142,0.,0.00338996));
#4306=CARTESIAN_POINT('',(-0.142,0.05646879,0.00338996));
#4307=CARTESIAN_POINT('',(-0.142,0.05646879,0.));
#4308=CARTESIAN_POINT('',(-0.142,0.05646879,-0.00338996));
#4309=CARTESIAN_POINT('',(-0.142,0.,-0.00338996));
#4310=CARTESIAN_POINT('',(-0.142,0.02,0.));
#4311=CARTESIAN_POINT('',(-0.142,0.02,0.037));
#4312=CARTESIAN_POINT('',(-0.142,0.02,-0.037));
#4313=CARTESIAN_POINT('',(-0.142,0.1,0.037));
#4314=CARTESIAN_POINT('',(-0.142,0.1,0.037));
#4315=CARTESIAN_POINT('',(-0.142,0.1,-0.037));
#4316=CARTESIAN_POINT('',(-0.142,0.1,-0.037));
#4317=CARTESIAN_POINT('',(-0.142,0.,-0.037));
#4318=CARTESIAN_POINT('',(-0.15,0.1,-0.05));
#4319=CARTESIAN_POINT('',(-0.15,0.02,-0.05));
#4320=CARTESIAN_POINT('',(-0.15,0.02,0.037));
#4321=CARTESIAN_POINT('',(-0.15,0.1,-0.05));
#4322=CARTESIAN_POINT('',(-0.15,0.1,0.037));
#4323=CARTESIAN_POINT('',(-0.15,0.1,0.037));
#4324=CARTESIAN_POINT('',(-0.15,0.1,-0.05));
#4325=CARTESIAN_POINT('',(-0.15,0.02,-0.05));
#4326=CARTESIAN_POINT('',(-0.15,0.02,-0.037));
#4327=CARTESIAN_POINT('',(-0.15,0.1,-0.037));
#4328=CARTESIAN_POINT('',(-0.15,0.1,-0.037));
#4329=CARTESIAN_POINT('',(-0.15,0.1,-0.05));
#4330=CARTESIAN_POINT('',(0.15,0.1,0.05));
#4331=CARTESIAN_POINT('',(0.15,0.02,0.05));
#4332=CARTESIAN_POINT('',(0.15,0.1,0.05));
#4333=CARTESIAN_POINT('',(-0.142,0.1,0.037));
#4334=CARTESIAN_POINT('',(-0.142,0.02,0.037));
#4335=CARTESIAN_POINT('',(-0.142,0.1,0.037));
#4336=CARTESIAN_POINT('',(-0.142,0.,-0.037));
#4337=CARTESIAN_POINT('',(-0.142,0.02,-0.037));
#4338=CARTESIAN_POINT('',(-0.142,0.1,-0.037));
#4339=CARTESIAN_POINT('',(0.,0.1,0.));
#4340=CARTESIAN_POINT('',(0.,0.1,0.));
#4341=CARTESIAN_POINT('',(0.,0.1,0.));
#4342=CARTESIAN_POINT('',(-0.129,0.06353121,-0.00338996));
#4343=CARTESIAN_POINT('',(-0.129,0.06353121,0.00338996));
#4344=CARTESIAN_POINT('',(-0.155,0.06353121,0.00338996));
#4345=CARTESIAN_POINT('',(-0.129,0.06353121,-0.00338996));
#4346=CARTESIAN_POINT('',(-0.155,0.06353121,-0.00338996));
#4347=CARTESIAN_POINT('',(-0.155,0.06353121,-0.00338996));
#4348=CARTESIAN_POINT('',(-0.129,0.06353121,0.00338996));
#4349=CARTESIAN_POINT('',(-0.129,0.05646879,0.00338996));
#4350=CARTESIAN_POINT('',(-0.155,0.05646879,0.00338996));
#4351=CARTESIAN_POINT('',(-0.155,0.06353121,0.00338996));
#4352=CARTESIAN_POINT('',(-0.129,0.05646879,0.00338996));
#4353=CARTESIAN_POINT('',(-0.129,0.05646879,-0.00338996));
#4354=CARTESIAN_POINT('',(-0.155,0.05646879,-0.00338996));
#4355=CARTESIAN_POINT('',(-0.155,0.05646879,0.00338996));
#4356=CARTESIAN_POINT('',(-0.129,0.05646879,-0.00338996));
#4357=CARTESIAN_POINT('',(-0.155,0.05646879,-0.00338996));
#4358=CARTESIAN_POINT('',(-0.155,0.,0.));
#4359=CARTESIAN_POINT('',(-0.14012267,0.02,0.1));
#4360=CARTESIAN_POINT('',(0.3,0.02,0.033));
#4361=CARTESIAN_POINT('',(0.3,0.02,-0.033));
#4362=CARTESIAN_POINT('',(0.3,0.02,-0.033));
#4363=CARTESIAN_POINT('',(0.3,0.02,0.033));
#4364=CARTESIAN_POINT('',(0.18636802,0.02,0.1));
#4365=CARTESIAN_POINT('',(0.3,0.02,0.033));
#4366=CARTESIAN_POINT('',(0.3,0.02,0.033));
#4367=CARTESIAN_POINT('',(0.3,0.02,-0.033));
#4368=CARTESIAN_POINT('',(0.3,0.02,-0.033));
#4369=CARTESIAN_POINT('',(0.02312268,0.02,0.1));
#4370=CARTESIAN_POINT('',(0.3,0.02,0.033));
#4371=CARTESIAN_POINT('',(0.3,0.02,0.033));
#4372=CARTESIAN_POINT('',(0.3,0.02,-0.033));
#4373=CARTESIAN_POINT('',(0.3,0.02,-0.033));
#4374=CARTESIAN_POINT('',(0.3,-0.01,-0.033));
#4375=CARTESIAN_POINT('',(0.3,0.02,0.033));
#4376=CARTESIAN_POINT('',(0.3,-0.01,-0.033));
#4377=CARTESIAN_POINT('',(0.3,0.02,0.033));
#4378=CARTESIAN_POINT('',(0.3,-0.01,-0.033));
#4379=CARTESIAN_POINT('',(0.3,0.02,0.033));
#4380=CARTESIAN_POINT('',(0.3,-0.01,-0.033));
#4381=CARTESIAN_POINT('',(0.3,0.02,0.033));
#4382=CARTESIAN_POINT('',(0.3,-0.01,-0.033));
#4383=CARTESIAN_POINT('',(0.3,0.02,0.033));
#4384=CARTESIAN_POINT('',(0.3,0.02,0.033));
#4385=CARTESIAN_POINT('',(0.3,-0.01,-0.033));
#4386=CARTESIAN_POINT('',(0.0448773258856586,0.1,-0.04));
#4387=CARTESIAN_POINT('',(0.0551226741143414,0.1,-0.04));
#4388=CARTESIAN_POINT('',(0.0448773258856586,0.1,-0.04));
#4389=CARTESIAN_POINT('',(0.04,0.1,-0.05));
#4390=CARTESIAN_POINT('',(0.0551226741143414,0.1,-0.04));
#4391=CARTESIAN_POINT('',(-0.06,0.1,-0.05));
#4392=CARTESIAN_POINT('',(-0.0551226741143414,0.1,-0.04));
#4393=CARTESIAN_POINT('',(-0.0551226741143414,0.1,-0.04));
#4394=CARTESIAN_POINT('',(-0.0448773258856586,0.1,-0.04));
#4395=CARTESIAN_POINT('',(-0.0448773258856586,0.1,-0.04));
#4396=CARTESIAN_POINT('',(-0.0400000000000001,0.1,0.05));
#4397=CARTESIAN_POINT('',(-0.0448773258856586,0.1,0.04));
#4398=CARTESIAN_POINT('',(-0.0551226741143413,0.1,0.04));
#4399=CARTESIAN_POINT('',(-0.0551226741143413,0.1,0.04));
#4400=CARTESIAN_POINT('',(-0.0448773258856586,0.1,0.04));
#4401=CARTESIAN_POINT('',(0.0599999999999999,0.1,0.05));
#4402=CARTESIAN_POINT('',(0.0551226741143414,0.1,0.04));
#4403=CARTESIAN_POINT('',(0.0551226741143414,0.1,0.04));
#4404=CARTESIAN_POINT('',(0.0448773258856587,0.1,0.04));
#4405=CARTESIAN_POINT('',(0.0448773258856587,0.1,0.04));
#4406=CARTESIAN_POINT('',(0.,0.,0.));
#4407=CARTESIAN_POINT('',(-0.1125,0.,0.0125));
#4408=CARTESIAN_POINT('',(-0.105571796769725,0.,0.1));
#4409=CARTESIAN_POINT('',(-0.105571796769725,0.,0.0125));
#4410=CARTESIAN_POINT('',(-0.105571796769725,0.,-0.0125));
#4411=CARTESIAN_POINT('',(-0.1125,0.,-0.0125));
#4412=CARTESIAN_POINT('',(-0.0944282032302754,0.,-0.0125));
#4413=CARTESIAN_POINT('',(-0.0944282032302754,0.,0.1));
#4414=CARTESIAN_POINT('',(-0.0944282032302754,0.,0.0125));
#4415=CARTESIAN_POINT('',(-0.1125,0.,0.0125));
#4416=CARTESIAN_POINT('',(-0.1125,0.,0.0125));
#4417=CARTESIAN_POINT('',(0.105571796769724,0.,0.1));
#4418=CARTESIAN_POINT('',(0.105571796769724,0.,0.0125));
#4419=CARTESIAN_POINT('',(0.105571796769724,0.,-0.0125));
#4420=CARTESIAN_POINT('',(-0.1125,0.,0.0125));
#4421=CARTESIAN_POINT('',(0.0944282032302754,0.,0.0125));
#4422=CARTESIAN_POINT('',(0.0944282032302754,0.,0.1));
#4423=CARTESIAN_POINT('',(0.0944282032302754,0.,-0.0125));
#4424=CARTESIAN_POINT('',(-0.1125,0.,-0.0125));
#4425=CARTESIAN_POINT('',(-0.1125,0.,0.0125));
#4426=CARTESIAN_POINT('',(0.00557179676972432,0.,0.1));
#4427=CARTESIAN_POINT('',(0.00557179676972432,0.,0.0125));
#4428=CARTESIAN_POINT('',(0.00557179676972432,0.,-0.0125));
#4429=CARTESIAN_POINT('',(-0.1125,0.,0.0125));
#4430=CARTESIAN_POINT('',(-0.00557179676972457,0.,0.0125));
#4431=CARTESIAN_POINT('',(-0.00557179676972457,0.,0.1));
#4432=CARTESIAN_POINT('',(-0.00557179676972457,0.,-0.0125));
#4433=CARTESIAN_POINT('',(-0.1125,0.,-0.0125));
#4434=CARTESIAN_POINT('',(0.,0.,-0.0125));
#4435=CARTESIAN_POINT('',(-0.079178847577293,-0.0457139289628749,-0.0125));
#4436=CARTESIAN_POINT('',(-0.1125,0.012,-0.0125));
#4437=CARTESIAN_POINT('',(-0.1125,0.43,-0.0125));
#4438=CARTESIAN_POINT('',(-0.1125,0.15,-0.0125));
#4439=CARTESIAN_POINT('',(0.,0.15,-0.0125));
#4440=CARTESIAN_POINT('',(-0.0875,0.15,-0.0125));
#4441=CARTESIAN_POINT('',(-0.0875,0.,-0.0125));
#4442=CARTESIAN_POINT('',(-0.0875,0.0120000000000001,-0.0125));
#4443=CARTESIAN_POINT('',(-0.0708211524227074,0.0408886114155687,-0.0125));
#4444=CARTESIAN_POINT('',(0.,0.,-0.0125));
#4445=CARTESIAN_POINT('',(0.079178847577293,-0.0457139289628749,-0.0125));
#4446=CARTESIAN_POINT('',(0.1125,0.0119999999999999,-0.0125));
#4447=CARTESIAN_POINT('',(0.0708211524227062,0.0408886114155693,-0.0125));
#4448=CARTESIAN_POINT('',(0.0874999999999998,0.012,-0.0125));
#4449=CARTESIAN_POINT('',(0.0875,0.,-0.0125));
#4450=CARTESIAN_POINT('',(0.0875,0.15,-0.0125));
#4451=CARTESIAN_POINT('',(0.,0.15,-0.0125));
#4452=CARTESIAN_POINT('',(0.1125,0.15,-0.0125));
#4453=CARTESIAN_POINT('',(0.1125,0.,-0.0125));
#4454=CARTESIAN_POINT('',(0.,0.,-0.0125));
#4455=CARTESIAN_POINT('',(0.00417884757729322,-0.00241265877365268,-0.0125));
#4456=CARTESIAN_POINT('',(0.0125,0.0120000000000002,-0.0125));
#4457=CARTESIAN_POINT('',(-0.00417884757729347,-0.00241265877365275,-0.0125));
#4458=CARTESIAN_POINT('',(-0.0124999999999999,0.012,-0.0125));
#4459=CARTESIAN_POINT('',(-0.0125,-3.55709374175034E-19,-0.0125));
#4460=CARTESIAN_POINT('',(-0.0125,0.15,-0.0125));
#4461=CARTESIAN_POINT('',(0.,0.15,-0.0125));
#4462=CARTESIAN_POINT('',(0.0125,0.15,-0.0125));
#4463=CARTESIAN_POINT('',(0.0125,0.,-0.0125));
#4464=CARTESIAN_POINT('',(0.,0.,0.0125));
#4465=CARTESIAN_POINT('',(-0.1125,0.43,0.0125));
#4466=CARTESIAN_POINT('',(-0.1125,0.15,0.0125));
#4467=CARTESIAN_POINT('',(-0.1125,0.0119999999999998,0.0125));
#4468=CARTESIAN_POINT('',(-0.079178847577293,-0.0457139289628749,0.0125));
#4469=CARTESIAN_POINT('',(-0.0708211524227074,0.0408886114155687,0.0125));
#4470=CARTESIAN_POINT('',(-0.0875000000000001,0.012,0.0125));
#4471=CARTESIAN_POINT('',(-0.0875,0.,0.0125));
#4472=CARTESIAN_POINT('',(-0.0875,0.15,0.0125));
#4473=CARTESIAN_POINT('',(0.,0.15,0.0125));
#4474=CARTESIAN_POINT('',(0.,0.,0.0125));
#4475=CARTESIAN_POINT('',(0.079178847577293,-0.0457139289628749,0.0125));
#4476=CARTESIAN_POINT('',(0.1125,0.0120000000000001,0.0125));
#4477=CARTESIAN_POINT('',(0.1125,0.,0.0125));
#4478=CARTESIAN_POINT('',(0.1125,0.15,0.0125));
#4479=CARTESIAN_POINT('',(0.,0.15,0.0125));
#4480=CARTESIAN_POINT('',(0.0875,0.15,0.0125));
#4481=CARTESIAN_POINT('',(0.0875,0.,0.0125));
#4482=CARTESIAN_POINT('',(0.0875,0.012,0.0125));
#4483=CARTESIAN_POINT('',(0.0708211524227062,0.0408886114155693,0.0125));
#4484=CARTESIAN_POINT('',(0.,0.,0.0125));
#4485=CARTESIAN_POINT('',(0.00417884757729322,-0.00241265877365268,0.0125));
#4486=CARTESIAN_POINT('',(0.0124999999999999,0.012,0.0125));
#4487=CARTESIAN_POINT('',(0.0125,0.,0.0125));
#4488=CARTESIAN_POINT('',(0.0125,0.15,0.0125));
#4489=CARTESIAN_POINT('',(0.,0.15,0.0125));
#4490=CARTESIAN_POINT('',(-0.0125,0.15,0.0125));
#4491=CARTESIAN_POINT('',(-0.0125,-3.55709374175034E-19,0.0125));
#4492=CARTESIAN_POINT('',(-0.0125,0.012,0.0125));
#4493=CARTESIAN_POINT('',(-0.00417884757729347,-0.00241265877365275,0.0125));
#4494=CARTESIAN_POINT('',(0.1125,0.,0.0125));
#4495=CARTESIAN_POINT('',(0.1125,0.0119999999999999,0.0125));
#4496=CARTESIAN_POINT('',(0.1125,0.15,0.0125));
#4497=CARTESIAN_POINT('',(-0.1125,0.43,0.0125));
#4498=CARTESIAN_POINT('',(-0.1125,0.0119999999999998,0.0125));
#4499=CARTESIAN_POINT('',(-0.1125,0.15,0.0125));
#4500=CARTESIAN_POINT('',(-0.0125,0.,0.1));
#4501=CARTESIAN_POINT('',(-0.0124999999999999,0.012,0.1));
#4502=CARTESIAN_POINT('',(-0.0125,0.15,0.1));
#4503=CARTESIAN_POINT('',(-0.0875,0.15,0.1));
#4504=CARTESIAN_POINT('',(-0.0875,0.0120000000000001,0.1));
#4505=CARTESIAN_POINT('',(-0.0875,0.15,0.1));
#4506=CARTESIAN_POINT('',(0.0875,-0.28,0.1));
#4507=CARTESIAN_POINT('',(0.0874999999999998,0.012,0.1));
#4508=CARTESIAN_POINT('',(0.0875,0.15,0.1));
#4509=CARTESIAN_POINT('',(0.0125,0.15,0.1));
#4510=CARTESIAN_POINT('',(0.0125,0.0120000000000002,0.1));
#4511=CARTESIAN_POINT('',(0.0125,0.15,0.1));
#4512=CARTESIAN_POINT('',(0.1125,0.43,0.0125));
#4513=CARTESIAN_POINT('',(-0.105571796769724,0.43,0.1));
#4514=CARTESIAN_POINT('',(-0.105571796769724,0.43,0.00557179676972451));
#4515=CARTESIAN_POINT('',(-0.105571796769724,0.43,-0.00557179676972451));
#4516=CARTESIAN_POINT('',(0.3,0.43,0.00557179676972451));
#4517=CARTESIAN_POINT('',(-0.0944282032302754,0.43,0.00557179676972452));
#4518=CARTESIAN_POINT('',(-0.0944282032302755,0.43,0.1));
#4519=CARTESIAN_POINT('',(-0.0944282032302755,0.43,-0.00557179676972453));
#4520=CARTESIAN_POINT('',(0.3,0.43,-0.0055717967697245));
#4521=CARTESIAN_POINT('',(0.1125,0.43,0.0125));
#4522=CARTESIAN_POINT('',(-0.00557179676972448,0.43,0.1));
#4523=CARTESIAN_POINT('',(-0.00557179676972448,0.43,0.00557179676972451));
#4524=CARTESIAN_POINT('',(-0.00557179676972448,0.43,-0.00557179676972451));
#4525=CARTESIAN_POINT('',(0.3,0.43,0.00557179676972451));
#4526=CARTESIAN_POINT('',(0.0055717967697245,0.43,0.00557179676972451));
#4527=CARTESIAN_POINT('',(0.00557179676972451,0.43,0.1));
#4528=CARTESIAN_POINT('',(0.00557179676972452,0.43,-0.00557179676972449));
#4529=CARTESIAN_POINT('',(0.3,0.43,-0.0055717967697245));
#4530=CARTESIAN_POINT('',(0.1125,0.43,0.0125));
#4531=CARTESIAN_POINT('',(0.0944282032302755,0.43,0.1));
#4532=CARTESIAN_POINT('',(0.0944282032302755,0.43,0.00557179676972451));
#4533=CARTESIAN_POINT('',(0.0944282032302755,0.43,-0.00557179676972451));
#4534=CARTESIAN_POINT('',(0.3,0.43,0.00557179676972451));
#4535=CARTESIAN_POINT('',(0.105571796769725,0.43,0.00557179676972451));
#4536=CARTESIAN_POINT('',(0.105571796769725,0.43,0.1));
#4537=CARTESIAN_POINT('',(0.105571796769725,0.43,-0.00557179676972453));
#4538=CARTESIAN_POINT('',(0.3,0.43,-0.0055717967697245));
#4539=CARTESIAN_POINT('',(-0.1125,0.43,0.0125));
#4540=CARTESIAN_POINT('',(-0.1125,0.418,0.1));
#4541=CARTESIAN_POINT('',(-0.1125,0.418,0.0125));
#4542=CARTESIAN_POINT('',(-0.1125,0.418,-0.0125));
#4543=CARTESIAN_POINT('',(-0.1125,0.43,-0.0125));
#4544=CARTESIAN_POINT('',(-0.1125,0.155,-0.0125));
#4545=CARTESIAN_POINT('',(-0.1125,0.155,0.0125));
#4546=CARTESIAN_POINT('',(-0.1125,0.155,0.0125));
#4547=CARTESIAN_POINT('',(-0.1125,0.43,0.0125));
#4548=CARTESIAN_POINT('',(0.1125,0.,0.0125));
#4549=CARTESIAN_POINT('',(0.1125,0.418,0.1));
#4550=CARTESIAN_POINT('',(0.1125,0.418,0.0125));
#4551=CARTESIAN_POINT('',(0.1125,0.418,-0.0125));
#4552=CARTESIAN_POINT('',(0.1125,0.,0.0125));
#4553=CARTESIAN_POINT('',(0.1125,0.155,0.0125));
#4554=CARTESIAN_POINT('',(0.1125,0.155,0.0125));
#4555=CARTESIAN_POINT('',(0.1125,0.155,-0.0125));
#4556=CARTESIAN_POINT('',(0.1125,0.,-0.0125));
#4557=CARTESIAN_POINT('',(0.0125,0.43,0.1));
#4558=CARTESIAN_POINT('',(0.0125,0.,-0.0125));
#4559=CARTESIAN_POINT('',(0.0125,0.155,-0.0125));
#4560=CARTESIAN_POINT('',(0.0125,0.418,-0.0125));
#4561=CARTESIAN_POINT('',(0.0125,0.418,0.1));
#4562=CARTESIAN_POINT('',(0.0125,0.418,0.0125));
#4563=CARTESIAN_POINT('',(0.0125,0.,0.0125));
#4564=CARTESIAN_POINT('',(0.0125,0.155,0.0125));
#4565=CARTESIAN_POINT('',(0.0125,0.155,0.1));
#4566=CARTESIAN_POINT('',(0.0875,0.155,0.1));
#4567=CARTESIAN_POINT('',(0.0875,0.,0.0125));
#4568=CARTESIAN_POINT('',(0.0875000000000001,0.418,0.0125));
#4569=CARTESIAN_POINT('',(0.0875,0.155,0.0125));
#4570=CARTESIAN_POINT('',(0.0875,0.418,0.1));
#4571=CARTESIAN_POINT('',(0.0875,0.418,-0.0125));
#4572=CARTESIAN_POINT('',(0.0875,0.,-0.0125));
#4573=CARTESIAN_POINT('',(0.0875,0.155,-0.0125));
#4574=CARTESIAN_POINT('',(0.0875,0.155,0.1));
#4575=CARTESIAN_POINT('',(-0.0125,0.155,0.1));
#4576=CARTESIAN_POINT('',(-0.0125,0.,0.0125));
#4577=CARTESIAN_POINT('',(-0.0124999999999998,0.418,0.0125));
#4578=CARTESIAN_POINT('',(-0.0125,0.155,0.0125));
#4579=CARTESIAN_POINT('',(-0.0125,0.418,0.1));
#4580=CARTESIAN_POINT('',(-0.0125,0.418,-0.0125));
#4581=CARTESIAN_POINT('',(-0.0125,0.,-0.0125));
#4582=CARTESIAN_POINT('',(-0.0125,0.155,-0.0125));
#4583=CARTESIAN_POINT('',(-0.0125,0.155,0.1));
#4584=CARTESIAN_POINT('',(-0.0875,0.585,0.1));
#4585=CARTESIAN_POINT('',(-0.0875,0.,-0.0125));
#4586=CARTESIAN_POINT('',(-0.0875,0.155,-0.0125));
#4587=CARTESIAN_POINT('',(-0.0875,0.418,-0.0125));
#4588=CARTESIAN_POINT('',(-0.0875,0.418,0.1));
#4589=CARTESIAN_POINT('',(-0.0874999999999999,0.418,0.0125));
#4590=CARTESIAN_POINT('',(-0.0875,0.,0.0125));
#4591=CARTESIAN_POINT('',(-0.0875,0.155,0.0125));
#4592=CARTESIAN_POINT('',(-0.0875,0.155,0.1));
#4593=CARTESIAN_POINT('',(0.3,0.43,-0.0055717967697245));
#4594=CARTESIAN_POINT('',(0.3,0.418,-0.0125));
#4595=CARTESIAN_POINT('',(-0.0244574374157798,0.570494191624432,0.07554256258422));
#4596=CARTESIAN_POINT('',(-0.0155425625842206,0.293366062413412,-0.0844574374157793));
#4597=CARTESIAN_POINT('',(0.3,0.418,0.0125));
#4598=CARTESIAN_POINT('',(-0.0300000000000002,0.560894191624432,-0.0699999999999996));
#4599=CARTESIAN_POINT('',(0.3,0.418,0.0125));
#4600=CARTESIAN_POINT('',(-0.0100000000000001,0.283766062413412,0.0899999999999996));
#4601=CARTESIAN_POINT('',(0.3,0.43,-0.0055717967697245));
#4602=CARTESIAN_POINT('',(0.3,0.418,-0.0125));
#4603=CARTESIAN_POINT('',(0.0555425625842201,0.535853175473055,0.0555425625842201));
#4604=CARTESIAN_POINT('',(0.0644574374157794,0.32800707856479,-0.0644574374157793));
#4605=CARTESIAN_POINT('',(0.3,0.418,0.0125));
#4606=CARTESIAN_POINT('',(0.0499999999999997,0.526253175473055,-0.0499999999999996));
#4607=CARTESIAN_POINT('',(0.3,0.418,0.0125));
#4608=CARTESIAN_POINT('',(0.0699999999999997,0.31840707856479,0.0699999999999997));
#4609=CARTESIAN_POINT('',(0.3,0.43,-0.0055717967697245));
#4610=CARTESIAN_POINT('',(0.3,0.418,-0.0125));
#4611=CARTESIAN_POINT('',(0.13554256258422,0.501212159321677,0.0355425625842201));
#4612=CARTESIAN_POINT('',(0.14445743741578,0.362648094716167,-0.0444574374157794));
#4613=CARTESIAN_POINT('',(0.3,0.418,0.0125));
#4614=CARTESIAN_POINT('',(0.13,0.491612159321677,-0.0299999999999997));
#4615=CARTESIAN_POINT('',(0.3,0.418,0.0125));
#4616=CARTESIAN_POINT('',(0.15,0.353048094716167,0.0499999999999998));
#4617=CARTESIAN_POINT('',(0.,0.,0.0125));
#4618=CARTESIAN_POINT('',(0.,0.155,0.0125));
#4619=CARTESIAN_POINT('',(0.,0.,0.0125));
#4620=CARTESIAN_POINT('',(0.,0.155,0.0125));
#4621=CARTESIAN_POINT('',(0.,0.,0.0125));
#4622=CARTESIAN_POINT('',(0.,0.155,0.0125));
#4623=CARTESIAN_POINT('',(0.,0.,-0.0125));
#4624=CARTESIAN_POINT('',(0.,0.155,-0.0125));
#4625=CARTESIAN_POINT('',(0.,0.,-0.0125));
#4626=CARTESIAN_POINT('',(0.,0.155,-0.0125));
#4627=CARTESIAN_POINT('',(0.,0.,-0.0125));
#4628=CARTESIAN_POINT('',(0.,0.155,-0.0125));
#4629=CARTESIAN_POINT('',(0.1175,0.155,-0.0175));
#4630=CARTESIAN_POINT('',(0.1175,0.155,-0.0175));
#4631=CARTESIAN_POINT('',(0.1175,0.155,-0.0175));
#4632=CARTESIAN_POINT('',(-0.1175,0.155,-0.0175));
#4633=CARTESIAN_POINT('',(-0.1175,0.155,-0.0175));
#4634=CARTESIAN_POINT('',(-0.1175,0.155,0.0175));
#4635=CARTESIAN_POINT('',(0.1175,0.155,0.0175));
#4636=CARTESIAN_POINT('',(0.1175,0.155,0.0175));
#4637=CARTESIAN_POINT('',(0.1175,0.155,-0.0175));
#4638=CARTESIAN_POINT('',(0.1175,0.155,0.0175));
#4639=CARTESIAN_POINT('',(-0.1175,0.155,0.0175));
#4640=CARTESIAN_POINT('',(-0.1175,0.15,0.0175));
#4641=CARTESIAN_POINT('',(0.1175,0.15,0.0175));
#4642=CARTESIAN_POINT('',(0.1175,0.15,0.0175));
#4643=CARTESIAN_POINT('',(0.1175,0.155,0.0175));
#4644=CARTESIAN_POINT('',(0.1175,0.15,0.0175));
#4645=CARTESIAN_POINT('',(-0.1175,0.15,0.0175));
#4646=CARTESIAN_POINT('',(-0.1175,0.15,-0.0175));
#4647=CARTESIAN_POINT('',(0.1175,0.15,-0.0175));
#4648=CARTESIAN_POINT('',(0.1175,0.15,-0.0175));
#4649=CARTESIAN_POINT('',(0.1175,0.15,0.0175));
#4650=CARTESIAN_POINT('',(0.1175,0.15,-0.0175));
#4651=CARTESIAN_POINT('',(-0.1175,0.15,-0.0175));
#4652=CARTESIAN_POINT('',(0.1175,0.15,-0.0175));
#4653=CARTESIAN_POINT('',(0.1175,0.,0.));
#4654=CARTESIAN_POINT('',(-0.1175,0.,0.));
#4655=CARTESIAN_POINT('',(0.105571796769725,0.43,0.1));
#4656=CARTESIAN_POINT('',(0.0875,0.418,0.1));
#4657=CARTESIAN_POINT('',(0.00557179676972451,0.43,0.1));
#4658=CARTESIAN_POINT('',(-0.0125,0.418,0.1));
#4659=CARTESIAN_POINT('',(-0.0944282032302755,0.43,0.1));
#4660=CARTESIAN_POINT('',(-0.1125,0.418,0.1));
#4661=CARTESIAN_POINT('',(0.0124999999999999,0.012,0.1));
#4662=CARTESIAN_POINT('',(0.0944282032302754,0.,0.1));
#4663=CARTESIAN_POINT('',(-0.0875000000000001,0.012,0.1));
#4664=CARTESIAN_POINT('',(-0.00557179676972457,0.,0.1));
#4665=CARTESIAN_POINT('',(-0.105571796769725,0.,0.1));
#4666=CARTESIAN_POINT('',(0.1125,0.0120000000000001,0.1));
#4667=CARTESIAN_POINT('',(0.,-0.1,0.));
#4668=MECHANICAL_DESIGN_GEOMETRIC_PRESENTATION_REPRESENTATION('',(#2945,
#2946),#4669);
#4669=(
GEOMETRIC_REPRESENTATION_CONTEXT(3)
GLOBAL_UNCERTAINTY_ASSIGNED_CONTEXT((#4672))
GLOBAL_UNIT_ASSIGNED_CONTEXT((#4677,#4676,#4675))
REPRESENTATION_CONTEXT('TSW-103-07-F-S','TOP_LEVEL_ASSEMBLY_PART')
);
#4670=(
GEOMETRIC_REPRESENTATION_CONTEXT(3)
GLOBAL_UNCERTAINTY_ASSIGNED_CONTEXT((#4673))
GLOBAL_UNIT_ASSIGNED_CONTEXT((#4677,#4676,#4675))
REPRESENTATION_CONTEXT('TSW-103-07-F-S_body','COMPONENT_PART')
);
#4671=(
GEOMETRIC_REPRESENTATION_CONTEXT(3)
GLOBAL_UNCERTAINTY_ASSIGNED_CONTEXT((#4674))
GLOBAL_UNIT_ASSIGNED_CONTEXT((#4677,#4676,#4675))
REPRESENTATION_CONTEXT('T-1S6-07-TSW-1-07-3-S','COMPONENT_PART')
);
#4672=UNCERTAINTY_MEASURE_WITH_UNIT(LENGTH_MEASURE(3.93700787401575E-7),
#4677,'DISTANCE_ACCURACY_VALUE','Maximum Tolerance applied to model');
#4673=UNCERTAINTY_MEASURE_WITH_UNIT(LENGTH_MEASURE(3.93700787401575E-7),
#4677,'DISTANCE_ACCURACY_VALUE','Maximum Tolerance applied to model');
#4674=UNCERTAINTY_MEASURE_WITH_UNIT(LENGTH_MEASURE(3.93700787401575E-7),
#4677,'DISTANCE_ACCURACY_VALUE','Maximum Tolerance applied to model');
#4675=(
NAMED_UNIT(*)
SI_UNIT($,.STERADIAN.)
SOLID_ANGLE_UNIT()
);
#4676=(
NAMED_UNIT(*)
PLANE_ANGLE_UNIT()
SI_UNIT($,.RADIAN.)
);
#4677=(
CONVERSION_BASED_UNIT('INCH',#4679)
LENGTH_UNIT()
NAMED_UNIT(#4678)
);
#4678=DIMENSIONAL_EXPONENTS(1.,0.,0.,0.,0.,0.,0.);
#4679=LENGTH_MEASURE_WITH_UNIT(LENGTH_MEASURE(25.4),#4680);
#4680=(
LENGTH_UNIT()
NAMED_UNIT(*)
SI_UNIT(.MILLI.,.METRE.)
);
#4681=PRODUCT_DEFINITION_SHAPE('','',#4686);
#4682=PRODUCT_DEFINITION_SHAPE('','',#4687);
#4683=PRODUCT_DEFINITION_SHAPE(' ','NAUO PRDDFN',#13);
#4684=PRODUCT_DEFINITION_SHAPE('','',#4688);
#4685=PRODUCT_DEFINITION_SHAPE(' ','NAUO PRDDFN',#14);
#4686=PRODUCT_DEFINITION('','',#4692,#4689);
#4687=PRODUCT_DEFINITION('','',#4693,#4690);
#4688=PRODUCT_DEFINITION('','',#4694,#4691);
#4689=PRODUCT_DEFINITION_CONTEXT('',#4708,'design');
#4690=PRODUCT_DEFINITION_CONTEXT('',#4708,'design');
#4691=PRODUCT_DEFINITION_CONTEXT('',#4708,'design');
#4692=PRODUCT_DEFINITION_FORMATION_WITH_SPECIFIED_SOURCE('','',#4698,
 .NOT_KNOWN.);
#4693=PRODUCT_DEFINITION_FORMATION_WITH_SPECIFIED_SOURCE('','',#4699,
 .NOT_KNOWN.);
#4694=PRODUCT_DEFINITION_FORMATION_WITH_SPECIFIED_SOURCE('','',#4700,
 .NOT_KNOWN.);
#4695=PRODUCT_RELATED_PRODUCT_CATEGORY('','',(#4698));
#4696=PRODUCT_RELATED_PRODUCT_CATEGORY('','',(#4699));
#4697=PRODUCT_RELATED_PRODUCT_CATEGORY('','',(#4700));
#4698=PRODUCT('TSW-103-07-F-S','TSW-103-07-F-S','TSW-103-07-F-S',(#4704));
#4699=PRODUCT('TSW-103-07-F-S_body','TSW-103-07-F-S_body',
'TSW-103-07-F-S_body',(#4705));
#4700=PRODUCT('T-1S6-07-TSW-1-07-3-S','T-1S6-07-TSW-1-07-3-S',
'T-1S6-07-TSW-1-07-3-S',(#4706));
#4701=PRODUCT_CATEGORY('','');
#4702=PRODUCT_CATEGORY('','');
#4703=PRODUCT_CATEGORY('','');
#4704=PRODUCT_CONTEXT('',#4708,'mechanical');
#4705=PRODUCT_CONTEXT('',#4708,'mechanical');
#4706=PRODUCT_CONTEXT('',#4708,'mechanical');
#4707=APPLICATION_PROTOCOL_DEFINITION('international standard',
'ap242_managed_model_based_3d_engineering',2011,#4708);
#4708=APPLICATION_CONTEXT('managed model based 3d engineering');
ENDSEC;
END-ISO-10303-21;
