ISO-10303-21;
HEADER;
/* Generated by software containing ST-Developer
 * from STEP Tools, Inc. (www.steptools.com) 
 */
/* OPTION: using custom renumber hook */

FILE_DESCRIPTION(
/* description */ ('STEP AP242',
'CAx-IF Rec.Pracs.---Representation and Presentation of Product Manufa
cturing Information (PMI)---4.0---2014-10-13',
'CAx-IF Rec.Pracs.---3D Tessellated Geometry---0.4---2014-09-14','2;1'),

/* implementation_level */ '2;1');

FILE_NAME(
/* name */ 'TSW-102-07-F-S',
/* time_stamp */ '2026-05-14T00:52:47+02:00',
/* author */ ('License CC BY-ND 4.0'),
/* organization */ ('CADENAS'),
/* preprocessor_version */ 'ST-DEVELOPER v20',
/* originating_system */ 'PARTsolutions',
/* authorisation */ '  ');

FILE_SCHEMA (('AP242_MANAGED_MODEL_BASED_3D_ENGINEERING_MIM_LF { 1 0 10303 442 1 1 4 }'));
ENDSEC;

DATA;
#10=DRAUGHTING_PRE_DEFINED_COLOUR('yellow');
#11=CONTEXT_DEPENDENT_SHAPE_REPRESENTATION(#15,#3219);
#12=CONTEXT_DEPENDENT_SHAPE_REPRESENTATION(#16,#3221);
#13=NEXT_ASSEMBLY_USAGE_OCCURRENCE('NAUO1','TSW-102-07-F-S_body',
'TSW-102-07-F-S_body',#3222,#3223,'');
#14=NEXT_ASSEMBLY_USAGE_OCCURRENCE('NAUO2','T-1S6-07-TSW-1-07-2-S',
'T-1S6-07-TSW-1-07-2-S',#3222,#3224,'');
#15=(
REPRESENTATION_RELATIONSHIP(' ',' ',#2038,#2037)
REPRESENTATION_RELATIONSHIP_WITH_TRANSFORMATION(#17)
SHAPE_REPRESENTATION_RELATIONSHIP()
);
#16=(
REPRESENTATION_RELATIONSHIP(' ',' ',#2039,#2037)
REPRESENTATION_RELATIONSHIP_WITH_TRANSFORMATION(#18)
SHAPE_REPRESENTATION_RELATIONSHIP()
);
#17=ITEM_DEFINED_TRANSFORMATION(' ',' ',#2040,#2110);
#18=ITEM_DEFINED_TRANSFORMATION(' ',' ',#2040,#2149);
#19=SHAPE_REPRESENTATION_RELATIONSHIP('','',#2038,#21);
#20=SHAPE_REPRESENTATION_RELATIONSHIP('','',#2039,#22);
#21=ADVANCED_BREP_SHAPE_REPRESENTATION('',(#2032),#3206);
#22=ADVANCED_BREP_SHAPE_REPRESENTATION('',(#2033),#3207);
#23=ORIENTED_EDGE('',*,*,#571,.F.);
#24=ORIENTED_EDGE('',*,*,#572,.T.);
#25=ORIENTED_EDGE('',*,*,#573,.T.);
#26=ORIENTED_EDGE('',*,*,#574,.T.);
#27=ORIENTED_EDGE('',*,*,#575,.T.);
#28=ORIENTED_EDGE('',*,*,#576,.T.);
#29=ORIENTED_EDGE('',*,*,#577,.T.);
#30=ORIENTED_EDGE('',*,*,#578,.T.);
#31=ORIENTED_EDGE('',*,*,#579,.F.);
#32=ORIENTED_EDGE('',*,*,#580,.T.);
#33=ORIENTED_EDGE('',*,*,#581,.T.);
#34=ORIENTED_EDGE('',*,*,#574,.F.);
#35=ORIENTED_EDGE('',*,*,#582,.T.);
#36=ORIENTED_EDGE('',*,*,#583,.T.);
#37=ORIENTED_EDGE('',*,*,#584,.T.);
#38=ORIENTED_EDGE('',*,*,#585,.T.);
#39=ORIENTED_EDGE('',*,*,#586,.T.);
#40=ORIENTED_EDGE('',*,*,#587,.T.);
#41=ORIENTED_EDGE('',*,*,#588,.T.);
#42=ORIENTED_EDGE('',*,*,#589,.F.);
#43=ORIENTED_EDGE('',*,*,#590,.F.);
#44=ORIENTED_EDGE('',*,*,#591,.T.);
#45=ORIENTED_EDGE('',*,*,#592,.T.);
#46=ORIENTED_EDGE('',*,*,#589,.T.);
#47=ORIENTED_EDGE('',*,*,#593,.T.);
#48=ORIENTED_EDGE('',*,*,#594,.T.);
#49=ORIENTED_EDGE('',*,*,#595,.F.);
#50=ORIENTED_EDGE('',*,*,#596,.T.);
#51=ORIENTED_EDGE('',*,*,#597,.F.);
#52=ORIENTED_EDGE('',*,*,#598,.F.);
#53=ORIENTED_EDGE('',*,*,#599,.T.);
#54=ORIENTED_EDGE('',*,*,#600,.F.);
#55=ORIENTED_EDGE('',*,*,#601,.F.);
#56=ORIENTED_EDGE('',*,*,#602,.T.);
#57=ORIENTED_EDGE('',*,*,#603,.F.);
#58=ORIENTED_EDGE('',*,*,#604,.F.);
#59=ORIENTED_EDGE('',*,*,#605,.F.);
#60=ORIENTED_EDGE('',*,*,#606,.T.);
#61=ORIENTED_EDGE('',*,*,#607,.F.);
#62=ORIENTED_EDGE('',*,*,#608,.T.);
#63=ORIENTED_EDGE('',*,*,#609,.F.);
#64=ORIENTED_EDGE('',*,*,#610,.T.);
#65=ORIENTED_EDGE('',*,*,#611,.F.);
#66=ORIENTED_EDGE('',*,*,#612,.F.);
#67=ORIENTED_EDGE('',*,*,#613,.F.);
#68=ORIENTED_EDGE('',*,*,#614,.T.);
#69=ORIENTED_EDGE('',*,*,#615,.F.);
#70=ORIENTED_EDGE('',*,*,#616,.F.);
#71=ORIENTED_EDGE('',*,*,#617,.F.);
#72=ORIENTED_EDGE('',*,*,#618,.F.);
#73=ORIENTED_EDGE('',*,*,#619,.T.);
#74=ORIENTED_EDGE('',*,*,#620,.F.);
#75=ORIENTED_EDGE('',*,*,#621,.T.);
#76=ORIENTED_EDGE('',*,*,#622,.F.);
#77=ORIENTED_EDGE('',*,*,#623,.F.);
#78=ORIENTED_EDGE('',*,*,#624,.F.);
#79=ORIENTED_EDGE('',*,*,#625,.T.);
#80=ORIENTED_EDGE('',*,*,#626,.F.);
#81=ORIENTED_EDGE('',*,*,#627,.F.);
#82=ORIENTED_EDGE('',*,*,#628,.F.);
#83=ORIENTED_EDGE('',*,*,#629,.F.);
#84=ORIENTED_EDGE('',*,*,#630,.F.);
#85=ORIENTED_EDGE('',*,*,#631,.F.);
#86=ORIENTED_EDGE('',*,*,#632,.T.);
#87=ORIENTED_EDGE('',*,*,#633,.F.);
#88=ORIENTED_EDGE('',*,*,#634,.F.);
#89=ORIENTED_EDGE('',*,*,#635,.T.);
#90=ORIENTED_EDGE('',*,*,#636,.F.);
#91=ORIENTED_EDGE('',*,*,#637,.F.);
#92=ORIENTED_EDGE('',*,*,#638,.F.);
#93=ORIENTED_EDGE('',*,*,#639,.T.);
#94=ORIENTED_EDGE('',*,*,#640,.F.);
#95=ORIENTED_EDGE('',*,*,#641,.F.);
#96=ORIENTED_EDGE('',*,*,#642,.F.);
#97=ORIENTED_EDGE('',*,*,#602,.F.);
#98=ORIENTED_EDGE('',*,*,#643,.T.);
#99=ORIENTED_EDGE('',*,*,#644,.F.);
#100=ORIENTED_EDGE('',*,*,#645,.T.);
#101=ORIENTED_EDGE('',*,*,#625,.F.);
#102=ORIENTED_EDGE('',*,*,#646,.F.);
#103=ORIENTED_EDGE('',*,*,#647,.F.);
#104=ORIENTED_EDGE('',*,*,#648,.F.);
#105=ORIENTED_EDGE('',*,*,#606,.F.);
#106=ORIENTED_EDGE('',*,*,#649,.T.);
#107=ORIENTED_EDGE('',*,*,#650,.F.);
#108=ORIENTED_EDGE('',*,*,#651,.T.);
#109=ORIENTED_EDGE('',*,*,#621,.F.);
#110=ORIENTED_EDGE('',*,*,#652,.F.);
#111=ORIENTED_EDGE('',*,*,#653,.F.);
#112=ORIENTED_EDGE('',*,*,#654,.F.);
#113=ORIENTED_EDGE('',*,*,#614,.F.);
#114=ORIENTED_EDGE('',*,*,#655,.F.);
#115=ORIENTED_EDGE('',*,*,#656,.F.);
#116=ORIENTED_EDGE('',*,*,#657,.F.);
#117=ORIENTED_EDGE('',*,*,#635,.F.);
#118=ORIENTED_EDGE('',*,*,#658,.F.);
#119=ORIENTED_EDGE('',*,*,#659,.F.);
#120=ORIENTED_EDGE('',*,*,#660,.F.);
#121=ORIENTED_EDGE('',*,*,#610,.F.);
#122=ORIENTED_EDGE('',*,*,#661,.F.);
#123=ORIENTED_EDGE('',*,*,#662,.F.);
#124=ORIENTED_EDGE('',*,*,#663,.F.);
#125=ORIENTED_EDGE('',*,*,#639,.F.);
#126=ORIENTED_EDGE('',*,*,#664,.F.);
#127=ORIENTED_EDGE('',*,*,#648,.T.);
#128=ORIENTED_EDGE('',*,*,#665,.T.);
#129=ORIENTED_EDGE('',*,*,#584,.F.);
#130=ORIENTED_EDGE('',*,*,#607,.T.);
#131=ORIENTED_EDGE('',*,*,#586,.F.);
#132=ORIENTED_EDGE('',*,*,#666,.T.);
#133=ORIENTED_EDGE('',*,*,#652,.T.);
#134=ORIENTED_EDGE('',*,*,#620,.T.);
#135=ORIENTED_EDGE('',*,*,#590,.T.);
#136=ORIENTED_EDGE('',*,*,#667,.T.);
#137=ORIENTED_EDGE('',*,*,#661,.T.);
#138=ORIENTED_EDGE('',*,*,#609,.T.);
#139=ORIENTED_EDGE('',*,*,#663,.T.);
#140=ORIENTED_EDGE('',*,*,#668,.T.);
#141=ORIENTED_EDGE('',*,*,#595,.T.);
#142=ORIENTED_EDGE('',*,*,#640,.T.);
#143=ORIENTED_EDGE('',*,*,#669,.T.);
#144=ORIENTED_EDGE('',*,*,#670,.T.);
#145=ORIENTED_EDGE('',*,*,#643,.F.);
#146=ORIENTED_EDGE('',*,*,#601,.T.);
#147=ORIENTED_EDGE('',*,*,#645,.F.);
#148=ORIENTED_EDGE('',*,*,#671,.T.);
#149=ORIENTED_EDGE('',*,*,#672,.T.);
#150=ORIENTED_EDGE('',*,*,#626,.T.);
#151=ORIENTED_EDGE('',*,*,#654,.T.);
#152=ORIENTED_EDGE('',*,*,#673,.T.);
#153=ORIENTED_EDGE('',*,*,#674,.F.);
#154=ORIENTED_EDGE('',*,*,#615,.T.);
#155=ORIENTED_EDGE('',*,*,#675,.F.);
#156=ORIENTED_EDGE('',*,*,#676,.T.);
#157=ORIENTED_EDGE('',*,*,#658,.T.);
#158=ORIENTED_EDGE('',*,*,#634,.T.);
#159=ORIENTED_EDGE('',*,*,#677,.T.);
#160=ORIENTED_EDGE('',*,*,#678,.T.);
#161=ORIENTED_EDGE('',*,*,#649,.F.);
#162=ORIENTED_EDGE('',*,*,#605,.T.);
#163=ORIENTED_EDGE('',*,*,#651,.F.);
#164=ORIENTED_EDGE('',*,*,#679,.T.);
#165=ORIENTED_EDGE('',*,*,#680,.T.);
#166=ORIENTED_EDGE('',*,*,#622,.T.);
#167=ORIENTED_EDGE('',*,*,#642,.T.);
#168=ORIENTED_EDGE('',*,*,#681,.T.);
#169=ORIENTED_EDGE('',*,*,#682,.F.);
#170=ORIENTED_EDGE('',*,*,#603,.T.);
#171=ORIENTED_EDGE('',*,*,#683,.F.);
#172=ORIENTED_EDGE('',*,*,#684,.T.);
#173=ORIENTED_EDGE('',*,*,#646,.T.);
#174=ORIENTED_EDGE('',*,*,#624,.T.);
#175=ORIENTED_EDGE('',*,*,#685,.T.);
#176=ORIENTED_EDGE('',*,*,#686,.T.);
#177=ORIENTED_EDGE('',*,*,#655,.T.);
#178=ORIENTED_EDGE('',*,*,#613,.T.);
#179=ORIENTED_EDGE('',*,*,#657,.T.);
#180=ORIENTED_EDGE('',*,*,#687,.T.);
#181=ORIENTED_EDGE('',*,*,#688,.T.);
#182=ORIENTED_EDGE('',*,*,#636,.T.);
#183=ORIENTED_EDGE('',*,*,#660,.T.);
#184=ORIENTED_EDGE('',*,*,#689,.T.);
#185=ORIENTED_EDGE('',*,*,#690,.F.);
#186=ORIENTED_EDGE('',*,*,#611,.T.);
#187=ORIENTED_EDGE('',*,*,#691,.F.);
#188=ORIENTED_EDGE('',*,*,#692,.T.);
#189=ORIENTED_EDGE('',*,*,#664,.T.);
#190=ORIENTED_EDGE('',*,*,#638,.T.);
#191=ORIENTED_EDGE('',*,*,#693,.T.);
#192=ORIENTED_EDGE('',*,*,#694,.T.);
#193=ORIENTED_EDGE('',*,*,#695,.F.);
#194=ORIENTED_EDGE('',*,*,#696,.T.);
#195=ORIENTED_EDGE('',*,*,#695,.T.);
#196=ORIENTED_EDGE('',*,*,#697,.T.);
#197=ORIENTED_EDGE('',*,*,#698,.F.);
#198=ORIENTED_EDGE('',*,*,#699,.T.);
#199=ORIENTED_EDGE('',*,*,#698,.T.);
#200=ORIENTED_EDGE('',*,*,#700,.T.);
#201=ORIENTED_EDGE('',*,*,#701,.F.);
#202=ORIENTED_EDGE('',*,*,#702,.T.);
#203=ORIENTED_EDGE('',*,*,#703,.T.);
#204=ORIENTED_EDGE('',*,*,#704,.T.);
#205=ORIENTED_EDGE('',*,*,#705,.F.);
#206=ORIENTED_EDGE('',*,*,#706,.T.);
#207=ORIENTED_EDGE('',*,*,#705,.T.);
#208=ORIENTED_EDGE('',*,*,#707,.T.);
#209=ORIENTED_EDGE('',*,*,#708,.F.);
#210=ORIENTED_EDGE('',*,*,#709,.T.);
#211=ORIENTED_EDGE('',*,*,#708,.T.);
#212=ORIENTED_EDGE('',*,*,#710,.T.);
#213=ORIENTED_EDGE('',*,*,#711,.F.);
#214=ORIENTED_EDGE('',*,*,#712,.T.);
#215=ORIENTED_EDGE('',*,*,#701,.T.);
#216=ORIENTED_EDGE('',*,*,#713,.T.);
#217=ORIENTED_EDGE('',*,*,#693,.F.);
#218=ORIENTED_EDGE('',*,*,#714,.T.);
#219=ORIENTED_EDGE('',*,*,#711,.T.);
#220=ORIENTED_EDGE('',*,*,#715,.T.);
#221=ORIENTED_EDGE('',*,*,#703,.F.);
#222=ORIENTED_EDGE('',*,*,#716,.T.);
#223=ORIENTED_EDGE('',*,*,#717,.F.);
#224=ORIENTED_EDGE('',*,*,#718,.F.);
#225=ORIENTED_EDGE('',*,*,#719,.F.);
#226=ORIENTED_EDGE('',*,*,#720,.F.);
#227=ORIENTED_EDGE('',*,*,#721,.F.);
#228=ORIENTED_EDGE('',*,*,#722,.F.);
#229=ORIENTED_EDGE('',*,*,#723,.F.);
#230=ORIENTED_EDGE('',*,*,#724,.F.);
#231=ORIENTED_EDGE('',*,*,#725,.F.);
#232=ORIENTED_EDGE('',*,*,#599,.F.);
#233=ORIENTED_EDGE('',*,*,#726,.F.);
#234=ORIENTED_EDGE('',*,*,#727,.F.);
#235=ORIENTED_EDGE('',*,*,#728,.F.);
#236=ORIENTED_EDGE('',*,*,#729,.F.);
#237=ORIENTED_EDGE('',*,*,#730,.F.);
#238=ORIENTED_EDGE('',*,*,#628,.T.);
#239=ORIENTED_EDGE('',*,*,#731,.F.);
#240=ORIENTED_EDGE('',*,*,#632,.F.);
#241=ORIENTED_EDGE('',*,*,#732,.F.);
#242=ORIENTED_EDGE('',*,*,#617,.T.);
#243=ORIENTED_EDGE('',*,*,#722,.T.);
#244=ORIENTED_EDGE('',*,*,#733,.T.);
#245=ORIENTED_EDGE('',*,*,#727,.T.);
#246=ORIENTED_EDGE('',*,*,#734,.F.);
#247=ORIENTED_EDGE('',*,*,#729,.T.);
#248=ORIENTED_EDGE('',*,*,#735,.T.);
#249=ORIENTED_EDGE('',*,*,#724,.T.);
#250=ORIENTED_EDGE('',*,*,#736,.T.);
#251=ORIENTED_EDGE('',*,*,#706,.F.);
#252=ORIENTED_EDGE('',*,*,#709,.F.);
#253=ORIENTED_EDGE('',*,*,#712,.F.);
#254=ORIENTED_EDGE('',*,*,#716,.F.);
#255=ORIENTED_EDGE('',*,*,#723,.T.);
#256=ORIENTED_EDGE('',*,*,#734,.T.);
#257=ORIENTED_EDGE('',*,*,#726,.T.);
#258=ORIENTED_EDGE('',*,*,#598,.T.);
#259=ORIENTED_EDGE('',*,*,#571,.T.);
#260=ORIENTED_EDGE('',*,*,#629,.T.);
#261=ORIENTED_EDGE('',*,*,#730,.T.);
#262=ORIENTED_EDGE('',*,*,#736,.F.);
#263=ORIENTED_EDGE('',*,*,#696,.F.);
#264=ORIENTED_EDGE('',*,*,#699,.F.);
#265=ORIENTED_EDGE('',*,*,#702,.F.);
#266=ORIENTED_EDGE('',*,*,#714,.F.);
#267=ORIENTED_EDGE('',*,*,#631,.T.);
#268=ORIENTED_EDGE('',*,*,#579,.T.);
#269=ORIENTED_EDGE('',*,*,#618,.T.);
#270=ORIENTED_EDGE('',*,*,#732,.T.);
#271=ORIENTED_EDGE('',*,*,#737,.F.);
#272=ORIENTED_EDGE('',*,*,#717,.T.);
#273=ORIENTED_EDGE('',*,*,#738,.T.);
#274=ORIENTED_EDGE('',*,*,#739,.T.);
#275=ORIENTED_EDGE('',*,*,#740,.F.);
#276=ORIENTED_EDGE('',*,*,#718,.T.);
#277=ORIENTED_EDGE('',*,*,#737,.T.);
#278=ORIENTED_EDGE('',*,*,#741,.T.);
#279=ORIENTED_EDGE('',*,*,#742,.F.);
#280=ORIENTED_EDGE('',*,*,#719,.T.);
#281=ORIENTED_EDGE('',*,*,#740,.T.);
#282=ORIENTED_EDGE('',*,*,#743,.T.);
#283=ORIENTED_EDGE('',*,*,#738,.F.);
#284=ORIENTED_EDGE('',*,*,#720,.T.);
#285=ORIENTED_EDGE('',*,*,#742,.T.);
#286=ORIENTED_EDGE('',*,*,#744,.T.);
#287=ORIENTED_EDGE('',*,*,#739,.F.);
#288=ORIENTED_EDGE('',*,*,#744,.F.);
#289=ORIENTED_EDGE('',*,*,#743,.F.);
#290=ORIENTED_EDGE('',*,*,#741,.F.);
#291=ORIENTED_EDGE('',*,*,#745,.T.);
#292=ORIENTED_EDGE('',*,*,#669,.F.);
#293=ORIENTED_EDGE('',*,*,#600,.T.);
#294=ORIENTED_EDGE('',*,*,#725,.T.);
#295=ORIENTED_EDGE('',*,*,#733,.F.);
#296=ORIENTED_EDGE('',*,*,#721,.T.);
#297=ORIENTED_EDGE('',*,*,#735,.F.);
#298=ORIENTED_EDGE('',*,*,#728,.T.);
#299=ORIENTED_EDGE('',*,*,#627,.T.);
#300=ORIENTED_EDGE('',*,*,#672,.F.);
#301=ORIENTED_EDGE('',*,*,#746,.F.);
#302=ORIENTED_EDGE('',*,*,#683,.T.);
#303=ORIENTED_EDGE('',*,*,#623,.T.);
#304=ORIENTED_EDGE('',*,*,#680,.F.);
#305=ORIENTED_EDGE('',*,*,#747,.F.);
#306=ORIENTED_EDGE('',*,*,#585,.F.);
#307=ORIENTED_EDGE('',*,*,#748,.T.);
#308=ORIENTED_EDGE('',*,*,#677,.F.);
#309=ORIENTED_EDGE('',*,*,#604,.T.);
#310=ORIENTED_EDGE('',*,*,#682,.T.);
#311=ORIENTED_EDGE('',*,*,#715,.F.);
#312=ORIENTED_EDGE('',*,*,#710,.F.);
#313=ORIENTED_EDGE('',*,*,#707,.F.);
#314=ORIENTED_EDGE('',*,*,#704,.F.);
#315=ORIENTED_EDGE('',*,*,#731,.T.);
#316=ORIENTED_EDGE('',*,*,#616,.T.);
#317=ORIENTED_EDGE('',*,*,#674,.T.);
#318=ORIENTED_EDGE('',*,*,#749,.T.);
#319=ORIENTED_EDGE('',*,*,#685,.F.);
#320=ORIENTED_EDGE('',*,*,#612,.T.);
#321=ORIENTED_EDGE('',*,*,#690,.T.);
#322=ORIENTED_EDGE('',*,*,#750,.T.);
#323=ORIENTED_EDGE('',*,*,#596,.F.);
#324=ORIENTED_EDGE('',*,*,#751,.F.);
#325=ORIENTED_EDGE('',*,*,#691,.T.);
#326=ORIENTED_EDGE('',*,*,#637,.T.);
#327=ORIENTED_EDGE('',*,*,#688,.F.);
#328=ORIENTED_EDGE('',*,*,#752,.F.);
#329=ORIENTED_EDGE('',*,*,#675,.T.);
#330=ORIENTED_EDGE('',*,*,#633,.T.);
#331=ORIENTED_EDGE('',*,*,#713,.F.);
#332=ORIENTED_EDGE('',*,*,#700,.F.);
#333=ORIENTED_EDGE('',*,*,#697,.F.);
#334=ORIENTED_EDGE('',*,*,#694,.F.);
#335=ORIENTED_EDGE('',*,*,#662,.T.);
#336=ORIENTED_EDGE('',*,*,#692,.F.);
#337=ORIENTED_EDGE('',*,*,#751,.T.);
#338=ORIENTED_EDGE('',*,*,#668,.F.);
#339=ORIENTED_EDGE('',*,*,#750,.F.);
#340=ORIENTED_EDGE('',*,*,#689,.F.);
#341=ORIENTED_EDGE('',*,*,#659,.T.);
#342=ORIENTED_EDGE('',*,*,#667,.F.);
#343=ORIENTED_EDGE('',*,*,#752,.T.);
#344=ORIENTED_EDGE('',*,*,#687,.F.);
#345=ORIENTED_EDGE('',*,*,#656,.T.);
#346=ORIENTED_EDGE('',*,*,#676,.F.);
#347=ORIENTED_EDGE('',*,*,#653,.T.);
#348=ORIENTED_EDGE('',*,*,#686,.F.);
#349=ORIENTED_EDGE('',*,*,#749,.F.);
#350=ORIENTED_EDGE('',*,*,#673,.F.);
#351=ORIENTED_EDGE('',*,*,#644,.T.);
#352=ORIENTED_EDGE('',*,*,#684,.F.);
#353=ORIENTED_EDGE('',*,*,#746,.T.);
#354=ORIENTED_EDGE('',*,*,#671,.F.);
#355=ORIENTED_EDGE('',*,*,#745,.F.);
#356=ORIENTED_EDGE('',*,*,#681,.F.);
#357=ORIENTED_EDGE('',*,*,#641,.T.);
#358=ORIENTED_EDGE('',*,*,#670,.F.);
#359=ORIENTED_EDGE('',*,*,#647,.T.);
#360=ORIENTED_EDGE('',*,*,#678,.F.);
#361=ORIENTED_EDGE('',*,*,#748,.F.);
#362=ORIENTED_EDGE('',*,*,#665,.F.);
#363=ORIENTED_EDGE('',*,*,#747,.T.);
#364=ORIENTED_EDGE('',*,*,#679,.F.);
#365=ORIENTED_EDGE('',*,*,#650,.T.);
#366=ORIENTED_EDGE('',*,*,#666,.F.);
#367=ORIENTED_EDGE('',*,*,#753,.T.);
#368=ORIENTED_EDGE('',*,*,#587,.F.);
#369=ORIENTED_EDGE('',*,*,#619,.F.);
#370=ORIENTED_EDGE('',*,*,#576,.F.);
#371=ORIENTED_EDGE('',*,*,#581,.F.);
#372=ORIENTED_EDGE('',*,*,#754,.T.);
#373=ORIENTED_EDGE('',*,*,#593,.F.);
#374=ORIENTED_EDGE('',*,*,#588,.F.);
#375=ORIENTED_EDGE('',*,*,#753,.F.);
#376=ORIENTED_EDGE('',*,*,#575,.F.);
#377=ORIENTED_EDGE('',*,*,#630,.T.);
#378=ORIENTED_EDGE('',*,*,#594,.F.);
#379=ORIENTED_EDGE('',*,*,#754,.F.);
#380=ORIENTED_EDGE('',*,*,#580,.F.);
#381=ORIENTED_EDGE('',*,*,#597,.T.);
#382=ORIENTED_EDGE('',*,*,#583,.F.);
#383=ORIENTED_EDGE('',*,*,#755,.F.);
#384=ORIENTED_EDGE('',*,*,#572,.F.);
#385=ORIENTED_EDGE('',*,*,#756,.T.);
#386=ORIENTED_EDGE('',*,*,#591,.F.);
#387=ORIENTED_EDGE('',*,*,#608,.F.);
#388=ORIENTED_EDGE('',*,*,#578,.F.);
#389=ORIENTED_EDGE('',*,*,#755,.T.);
#390=ORIENTED_EDGE('',*,*,#582,.F.);
#391=ORIENTED_EDGE('',*,*,#592,.F.);
#392=ORIENTED_EDGE('',*,*,#756,.F.);
#393=ORIENTED_EDGE('',*,*,#577,.F.);
#394=ORIENTED_EDGE('',*,*,#573,.F.);
#395=ORIENTED_EDGE('',*,*,#757,.T.);
#396=ORIENTED_EDGE('',*,*,#758,.T.);
#397=ORIENTED_EDGE('',*,*,#759,.F.);
#398=ORIENTED_EDGE('',*,*,#760,.F.);
#399=ORIENTED_EDGE('',*,*,#761,.F.);
#400=ORIENTED_EDGE('',*,*,#762,.F.);
#401=ORIENTED_EDGE('',*,*,#763,.T.);
#402=ORIENTED_EDGE('',*,*,#764,.T.);
#403=ORIENTED_EDGE('',*,*,#765,.F.);
#404=ORIENTED_EDGE('',*,*,#766,.F.);
#405=ORIENTED_EDGE('',*,*,#767,.F.);
#406=ORIENTED_EDGE('',*,*,#768,.F.);
#407=ORIENTED_EDGE('',*,*,#769,.F.);
#408=ORIENTED_EDGE('',*,*,#758,.F.);
#409=ORIENTED_EDGE('',*,*,#770,.F.);
#410=ORIENTED_EDGE('',*,*,#764,.F.);
#411=ORIENTED_EDGE('',*,*,#771,.F.);
#412=ORIENTED_EDGE('',*,*,#772,.F.);
#413=ORIENTED_EDGE('',*,*,#773,.F.);
#414=ORIENTED_EDGE('',*,*,#774,.F.);
#415=ORIENTED_EDGE('',*,*,#775,.T.);
#416=ORIENTED_EDGE('',*,*,#776,.T.);
#417=ORIENTED_EDGE('',*,*,#760,.T.);
#418=ORIENTED_EDGE('',*,*,#777,.T.);
#419=ORIENTED_EDGE('',*,*,#778,.T.);
#420=ORIENTED_EDGE('',*,*,#779,.T.);
#421=ORIENTED_EDGE('',*,*,#762,.T.);
#422=ORIENTED_EDGE('',*,*,#780,.T.);
#423=ORIENTED_EDGE('',*,*,#781,.T.);
#424=ORIENTED_EDGE('',*,*,#782,.T.);
#425=ORIENTED_EDGE('',*,*,#783,.T.);
#426=ORIENTED_EDGE('',*,*,#784,.T.);
#427=ORIENTED_EDGE('',*,*,#785,.F.);
#428=ORIENTED_EDGE('',*,*,#774,.T.);
#429=ORIENTED_EDGE('',*,*,#786,.F.);
#430=ORIENTED_EDGE('',*,*,#781,.F.);
#431=ORIENTED_EDGE('',*,*,#787,.F.);
#432=ORIENTED_EDGE('',*,*,#775,.F.);
#433=ORIENTED_EDGE('',*,*,#788,.F.);
#434=ORIENTED_EDGE('',*,*,#766,.T.);
#435=ORIENTED_EDGE('',*,*,#778,.F.);
#436=ORIENTED_EDGE('',*,*,#789,.T.);
#437=ORIENTED_EDGE('',*,*,#768,.T.);
#438=ORIENTED_EDGE('',*,*,#790,.F.);
#439=ORIENTED_EDGE('',*,*,#772,.T.);
#440=ORIENTED_EDGE('',*,*,#791,.T.);
#441=ORIENTED_EDGE('',*,*,#783,.F.);
#442=ORIENTED_EDGE('',*,*,#792,.T.);
#443=ORIENTED_EDGE('',*,*,#793,.F.);
#444=ORIENTED_EDGE('',*,*,#794,.F.);
#445=ORIENTED_EDGE('',*,*,#795,.T.);
#446=ORIENTED_EDGE('',*,*,#796,.T.);
#447=ORIENTED_EDGE('',*,*,#797,.F.);
#448=ORIENTED_EDGE('',*,*,#798,.F.);
#449=ORIENTED_EDGE('',*,*,#799,.T.);
#450=ORIENTED_EDGE('',*,*,#800,.T.);
#451=ORIENTED_EDGE('',*,*,#801,.T.);
#452=ORIENTED_EDGE('',*,*,#802,.T.);
#453=ORIENTED_EDGE('',*,*,#803,.F.);
#454=ORIENTED_EDGE('',*,*,#804,.F.);
#455=ORIENTED_EDGE('',*,*,#805,.F.);
#456=ORIENTED_EDGE('',*,*,#806,.F.);
#457=ORIENTED_EDGE('',*,*,#807,.F.);
#458=ORIENTED_EDGE('',*,*,#808,.T.);
#459=ORIENTED_EDGE('',*,*,#809,.T.);
#460=ORIENTED_EDGE('',*,*,#810,.F.);
#461=ORIENTED_EDGE('',*,*,#811,.F.);
#462=ORIENTED_EDGE('',*,*,#812,.T.);
#463=ORIENTED_EDGE('',*,*,#813,.F.);
#464=ORIENTED_EDGE('',*,*,#814,.T.);
#465=ORIENTED_EDGE('',*,*,#815,.T.);
#466=ORIENTED_EDGE('',*,*,#816,.F.);
#467=ORIENTED_EDGE('',*,*,#817,.T.);
#468=ORIENTED_EDGE('',*,*,#818,.T.);
#469=ORIENTED_EDGE('',*,*,#800,.F.);
#470=ORIENTED_EDGE('',*,*,#819,.T.);
#471=ORIENTED_EDGE('',*,*,#798,.T.);
#472=ORIENTED_EDGE('',*,*,#820,.T.);
#473=ORIENTED_EDGE('',*,*,#821,.F.);
#474=ORIENTED_EDGE('',*,*,#822,.T.);
#475=ORIENTED_EDGE('',*,*,#823,.T.);
#476=ORIENTED_EDGE('',*,*,#824,.T.);
#477=ORIENTED_EDGE('',*,*,#796,.F.);
#478=ORIENTED_EDGE('',*,*,#825,.T.);
#479=ORIENTED_EDGE('',*,*,#794,.T.);
#480=ORIENTED_EDGE('',*,*,#826,.T.);
#481=ORIENTED_EDGE('',*,*,#827,.F.);
#482=ORIENTED_EDGE('',*,*,#828,.T.);
#483=ORIENTED_EDGE('',*,*,#811,.T.);
#484=ORIENTED_EDGE('',*,*,#827,.T.);
#485=ORIENTED_EDGE('',*,*,#804,.T.);
#486=ORIENTED_EDGE('',*,*,#829,.T.);
#487=ORIENTED_EDGE('',*,*,#806,.T.);
#488=ORIENTED_EDGE('',*,*,#821,.T.);
#489=ORIENTED_EDGE('',*,*,#813,.T.);
#490=ORIENTED_EDGE('',*,*,#830,.T.);
#491=ORIENTED_EDGE('',*,*,#823,.F.);
#492=ORIENTED_EDGE('',*,*,#809,.F.);
#493=ORIENTED_EDGE('',*,*,#831,.F.);
#494=ORIENTED_EDGE('',*,*,#802,.F.);
#495=ORIENTED_EDGE('',*,*,#817,.F.);
#496=ORIENTED_EDGE('',*,*,#808,.F.);
#497=ORIENTED_EDGE('',*,*,#832,.F.);
#498=ORIENTED_EDGE('',*,*,#815,.F.);
#499=ORIENTED_EDGE('',*,*,#812,.F.);
#500=ORIENTED_EDGE('',*,*,#829,.F.);
#501=ORIENTED_EDGE('',*,*,#803,.T.);
#502=ORIENTED_EDGE('',*,*,#831,.T.);
#503=ORIENTED_EDGE('',*,*,#830,.F.);
#504=ORIENTED_EDGE('',*,*,#816,.T.);
#505=ORIENTED_EDGE('',*,*,#832,.T.);
#506=ORIENTED_EDGE('',*,*,#807,.T.);
#507=ORIENTED_EDGE('',*,*,#833,.T.);
#508=ORIENTED_EDGE('',*,*,#834,.T.);
#509=ORIENTED_EDGE('',*,*,#835,.F.);
#510=ORIENTED_EDGE('',*,*,#836,.F.);
#511=ORIENTED_EDGE('',*,*,#837,.T.);
#512=ORIENTED_EDGE('',*,*,#838,.F.);
#513=ORIENTED_EDGE('',*,*,#839,.F.);
#514=ORIENTED_EDGE('',*,*,#835,.T.);
#515=ORIENTED_EDGE('',*,*,#779,.F.);
#516=ORIENTED_EDGE('',*,*,#790,.T.);
#517=ORIENTED_EDGE('',*,*,#767,.T.);
#518=ORIENTED_EDGE('',*,*,#788,.T.);
#519=ORIENTED_EDGE('',*,*,#773,.T.);
#520=ORIENTED_EDGE('',*,*,#792,.F.);
#521=ORIENTED_EDGE('',*,*,#782,.F.);
#522=ORIENTED_EDGE('',*,*,#786,.T.);
#523=ORIENTED_EDGE('',*,*,#840,.T.);
#524=ORIENTED_EDGE('',*,*,#841,.F.);
#525=ORIENTED_EDGE('',*,*,#842,.F.);
#526=ORIENTED_EDGE('',*,*,#838,.T.);
#527=ORIENTED_EDGE('',*,*,#843,.T.);
#528=ORIENTED_EDGE('',*,*,#833,.F.);
#529=ORIENTED_EDGE('',*,*,#844,.F.);
#530=ORIENTED_EDGE('',*,*,#841,.T.);
#531=ORIENTED_EDGE('',*,*,#836,.T.);
#532=ORIENTED_EDGE('',*,*,#839,.T.);
#533=ORIENTED_EDGE('',*,*,#842,.T.);
#534=ORIENTED_EDGE('',*,*,#844,.T.);
#535=ORIENTED_EDGE('',*,*,#834,.F.);
#536=ORIENTED_EDGE('',*,*,#843,.F.);
#537=ORIENTED_EDGE('',*,*,#840,.F.);
#538=ORIENTED_EDGE('',*,*,#837,.F.);
#539=ORIENTED_EDGE('',*,*,#795,.F.);
#540=ORIENTED_EDGE('',*,*,#828,.F.);
#541=ORIENTED_EDGE('',*,*,#810,.T.);
#542=ORIENTED_EDGE('',*,*,#825,.F.);
#543=ORIENTED_EDGE('',*,*,#801,.F.);
#544=ORIENTED_EDGE('',*,*,#826,.F.);
#545=ORIENTED_EDGE('',*,*,#793,.T.);
#546=ORIENTED_EDGE('',*,*,#824,.F.);
#547=ORIENTED_EDGE('',*,*,#799,.F.);
#548=ORIENTED_EDGE('',*,*,#822,.F.);
#549=ORIENTED_EDGE('',*,*,#805,.T.);
#550=ORIENTED_EDGE('',*,*,#819,.F.);
#551=ORIENTED_EDGE('',*,*,#814,.F.);
#552=ORIENTED_EDGE('',*,*,#820,.F.);
#553=ORIENTED_EDGE('',*,*,#797,.T.);
#554=ORIENTED_EDGE('',*,*,#818,.F.);
#555=ORIENTED_EDGE('',*,*,#771,.T.);
#556=ORIENTED_EDGE('',*,*,#763,.F.);
#557=ORIENTED_EDGE('',*,*,#784,.F.);
#558=ORIENTED_EDGE('',*,*,#791,.F.);
#559=ORIENTED_EDGE('',*,*,#769,.T.);
#560=ORIENTED_EDGE('',*,*,#789,.F.);
#561=ORIENTED_EDGE('',*,*,#777,.F.);
#562=ORIENTED_EDGE('',*,*,#759,.T.);
#563=ORIENTED_EDGE('',*,*,#765,.T.);
#564=ORIENTED_EDGE('',*,*,#757,.F.);
#565=ORIENTED_EDGE('',*,*,#776,.F.);
#566=ORIENTED_EDGE('',*,*,#787,.T.);
#567=ORIENTED_EDGE('',*,*,#770,.T.);
#568=ORIENTED_EDGE('',*,*,#785,.T.);
#569=ORIENTED_EDGE('',*,*,#780,.F.);
#570=ORIENTED_EDGE('',*,*,#761,.T.);
#571=EDGE_CURVE('',#845,#846,#1021,.T.);
#572=EDGE_CURVE('',#845,#847,#1022,.T.);
#573=EDGE_CURVE('',#847,#848,#1023,.T.);
#574=EDGE_CURVE('',#848,#849,#1024,.T.);
#575=EDGE_CURVE('',#849,#850,#1025,.T.);
#576=EDGE_CURVE('',#850,#846,#1026,.T.);
#577=EDGE_CURVE('',#848,#851,#1027,.T.);
#578=EDGE_CURVE('',#851,#852,#1028,.T.);
#579=EDGE_CURVE('',#853,#852,#1029,.T.);
#580=EDGE_CURVE('',#853,#854,#1030,.T.);
#581=EDGE_CURVE('',#854,#849,#1031,.T.);
#582=EDGE_CURVE('',#855,#856,#1032,.T.);
#583=EDGE_CURVE('',#856,#857,#1033,.T.);
#584=EDGE_CURVE('',#857,#858,#1034,.T.);
#585=EDGE_CURVE('',#858,#859,#1035,.T.);
#586=EDGE_CURVE('',#859,#860,#1036,.T.);
#587=EDGE_CURVE('',#860,#861,#1037,.T.);
#588=EDGE_CURVE('',#861,#862,#1038,.T.);
#589=EDGE_CURVE('',#855,#862,#1039,.T.);
#590=EDGE_CURVE('',#863,#864,#1040,.T.);
#591=EDGE_CURVE('',#863,#865,#1041,.T.);
#592=EDGE_CURVE('',#865,#855,#1042,.T.);
#593=EDGE_CURVE('',#862,#866,#1043,.T.);
#594=EDGE_CURVE('',#866,#867,#1044,.T.);
#595=EDGE_CURVE('',#868,#867,#1045,.T.);
#596=EDGE_CURVE('',#868,#864,#1046,.T.);
#597=EDGE_CURVE('',#845,#857,#1047,.T.);
#598=EDGE_CURVE('',#869,#845,#1048,.T.);
#599=EDGE_CURVE('',#869,#870,#1049,.T.);
#600=EDGE_CURVE('',#871,#870,#1050,.T.);
#601=EDGE_CURVE('',#872,#871,#1051,.T.);
#602=EDGE_CURVE('',#872,#873,#1052,.T.);
#603=EDGE_CURVE('',#874,#873,#1053,.T.);
#604=EDGE_CURVE('',#875,#874,#1054,.T.);
#605=EDGE_CURVE('',#876,#875,#1055,.T.);
#606=EDGE_CURVE('',#876,#877,#1056,.T.);
#607=EDGE_CURVE('',#857,#877,#1057,.T.);
#608=EDGE_CURVE('',#852,#863,#1058,.T.);
#609=EDGE_CURVE('',#878,#863,#1059,.T.);
#610=EDGE_CURVE('',#878,#879,#1060,.T.);
#611=EDGE_CURVE('',#880,#879,#1061,.T.);
#612=EDGE_CURVE('',#881,#880,#1062,.T.);
#613=EDGE_CURVE('',#882,#881,#1063,.T.);
#614=EDGE_CURVE('',#882,#883,#1064,.T.);
#615=EDGE_CURVE('',#884,#883,#1065,.T.);
#616=EDGE_CURVE('',#885,#884,#1066,.T.);
#617=EDGE_CURVE('',#886,#885,#1067,.T.);
#618=EDGE_CURVE('',#852,#886,#1068,.T.);
#619=EDGE_CURVE('',#846,#860,#1069,.T.);
#620=EDGE_CURVE('',#887,#860,#1070,.T.);
#621=EDGE_CURVE('',#887,#888,#1071,.T.);
#622=EDGE_CURVE('',#889,#888,#1072,.T.);
#623=EDGE_CURVE('',#890,#889,#1073,.T.);
#624=EDGE_CURVE('',#891,#890,#1074,.T.);
#625=EDGE_CURVE('',#891,#892,#1075,.T.);
#626=EDGE_CURVE('',#893,#892,#1076,.T.);
#627=EDGE_CURVE('',#894,#893,#1077,.T.);
#628=EDGE_CURVE('',#895,#894,#1078,.T.);
#629=EDGE_CURVE('',#846,#895,#1079,.T.);
#630=EDGE_CURVE('',#853,#867,#1080,.T.);
#631=EDGE_CURVE('',#896,#853,#1081,.T.);
#632=EDGE_CURVE('',#896,#897,#1082,.T.);
#633=EDGE_CURVE('',#898,#897,#1083,.T.);
#634=EDGE_CURVE('',#899,#898,#1084,.T.);
#635=EDGE_CURVE('',#899,#900,#1085,.T.);
#636=EDGE_CURVE('',#901,#900,#1086,.T.);
#637=EDGE_CURVE('',#902,#901,#1087,.T.);
#638=EDGE_CURVE('',#903,#902,#1088,.T.);
#639=EDGE_CURVE('',#903,#904,#1089,.T.);
#640=EDGE_CURVE('',#867,#904,#1090,.T.);
#641=EDGE_CURVE('',#905,#906,#1091,.T.);
#642=EDGE_CURVE('',#873,#905,#1092,.T.);
#643=EDGE_CURVE('',#872,#906,#1093,.T.);
#644=EDGE_CURVE('',#907,#908,#1094,.T.);
#645=EDGE_CURVE('',#907,#892,#1095,.T.);
#646=EDGE_CURVE('',#908,#891,#1096,.T.);
#647=EDGE_CURVE('',#909,#910,#1097,.T.);
#648=EDGE_CURVE('',#877,#909,#1098,.T.);
#649=EDGE_CURVE('',#876,#910,#1099,.T.);
#650=EDGE_CURVE('',#911,#912,#1100,.T.);
#651=EDGE_CURVE('',#911,#888,#1101,.T.);
#652=EDGE_CURVE('',#912,#887,#1102,.T.);
#653=EDGE_CURVE('',#913,#914,#1103,.T.);
#654=EDGE_CURVE('',#883,#913,#1104,.T.);
#655=EDGE_CURVE('',#914,#882,#1105,.T.);
#656=EDGE_CURVE('',#915,#916,#1106,.T.);
#657=EDGE_CURVE('',#900,#915,#1107,.T.);
#658=EDGE_CURVE('',#916,#899,#1108,.T.);
#659=EDGE_CURVE('',#917,#918,#1109,.T.);
#660=EDGE_CURVE('',#879,#917,#1110,.T.);
#661=EDGE_CURVE('',#918,#878,#1111,.T.);
#662=EDGE_CURVE('',#919,#920,#1112,.T.);
#663=EDGE_CURVE('',#904,#919,#1113,.T.);
#664=EDGE_CURVE('',#920,#903,#1114,.T.);
#665=EDGE_CURVE('',#909,#858,#1115,.T.);
#666=EDGE_CURVE('',#859,#912,#1116,.T.);
#667=EDGE_CURVE('',#864,#918,#1117,.T.);
#668=EDGE_CURVE('',#919,#868,#1118,.T.);
#669=EDGE_CURVE('',#871,#921,#1119,.T.);
#670=EDGE_CURVE('',#921,#906,#1120,.T.);
#671=EDGE_CURVE('',#907,#922,#1121,.T.);
#672=EDGE_CURVE('',#922,#893,#1122,.T.);
#673=EDGE_CURVE('',#913,#923,#1123,.T.);
#674=EDGE_CURVE('',#884,#923,#1124,.T.);
#675=EDGE_CURVE('',#924,#898,#1125,.T.);
#676=EDGE_CURVE('',#924,#916,#1126,.T.);
#677=EDGE_CURVE('',#875,#925,#1127,.T.);
#678=EDGE_CURVE('',#925,#910,#1128,.T.);
#679=EDGE_CURVE('',#911,#926,#1129,.T.);
#680=EDGE_CURVE('',#926,#889,#1130,.T.);
#681=EDGE_CURVE('',#905,#927,#1131,.T.);
#682=EDGE_CURVE('',#874,#927,#1132,.T.);
#683=EDGE_CURVE('',#928,#890,#1133,.T.);
#684=EDGE_CURVE('',#928,#908,#1134,.T.);
#685=EDGE_CURVE('',#881,#929,#1135,.T.);
#686=EDGE_CURVE('',#929,#914,#1136,.T.);
#687=EDGE_CURVE('',#915,#930,#1137,.T.);
#688=EDGE_CURVE('',#930,#901,#1138,.T.);
#689=EDGE_CURVE('',#917,#931,#1139,.T.);
#690=EDGE_CURVE('',#880,#931,#1140,.T.);
#691=EDGE_CURVE('',#932,#902,#1141,.T.);
#692=EDGE_CURVE('',#932,#920,#1142,.T.);
#693=EDGE_CURVE('',#933,#934,#1143,.T.);
#694=EDGE_CURVE('',#934,#935,#1144,.T.);
#695=EDGE_CURVE('',#936,#935,#1145,.T.);
#696=EDGE_CURVE('',#936,#933,#1146,.T.);
#697=EDGE_CURVE('',#935,#937,#1147,.T.);
#698=EDGE_CURVE('',#938,#937,#1148,.T.);
#699=EDGE_CURVE('',#938,#936,#1149,.T.);
#700=EDGE_CURVE('',#937,#939,#1150,.T.);
#701=EDGE_CURVE('',#940,#939,#1151,.T.);
#702=EDGE_CURVE('',#940,#938,#1152,.T.);
#703=EDGE_CURVE('',#941,#942,#1153,.T.);
#704=EDGE_CURVE('',#942,#943,#1154,.T.);
#705=EDGE_CURVE('',#944,#943,#1155,.T.);
#706=EDGE_CURVE('',#944,#941,#1156,.T.);
#707=EDGE_CURVE('',#943,#945,#1157,.T.);
#708=EDGE_CURVE('',#946,#945,#1158,.T.);
#709=EDGE_CURVE('',#946,#944,#1159,.T.);
#710=EDGE_CURVE('',#945,#947,#1160,.T.);
#711=EDGE_CURVE('',#948,#947,#1161,.T.);
#712=EDGE_CURVE('',#948,#946,#1162,.T.);
#713=EDGE_CURVE('',#939,#934,#1163,.T.);
#714=EDGE_CURVE('',#933,#940,#1164,.T.);
#715=EDGE_CURVE('',#947,#942,#1165,.T.);
#716=EDGE_CURVE('',#941,#948,#1166,.T.);
#717=EDGE_CURVE('',#949,#950,#1167,.T.);
#718=EDGE_CURVE('',#951,#949,#1168,.T.);
#719=EDGE_CURVE('',#952,#951,#1169,.T.);
#720=EDGE_CURVE('',#950,#952,#1170,.T.);
#721=EDGE_CURVE('',#953,#954,#1171,.T.);
#722=EDGE_CURVE('',#955,#953,#1172,.T.);
#723=EDGE_CURVE('',#956,#955,#1173,.T.);
#724=EDGE_CURVE('',#954,#956,#1174,.T.);
#725=EDGE_CURVE('',#870,#957,#1175,.T.);
#726=EDGE_CURVE('',#958,#869,#1176,.T.);
#727=EDGE_CURVE('',#957,#958,#1177,.T.);
#728=EDGE_CURVE('',#959,#894,#1178,.T.);
#729=EDGE_CURVE('',#960,#959,#1179,.T.);
#730=EDGE_CURVE('',#895,#960,#1180,.T.);
#731=EDGE_CURVE('',#897,#885,#1181,.T.);
#732=EDGE_CURVE('',#886,#896,#1182,.T.);
#733=EDGE_CURVE('',#953,#957,#1183,.T.);
#734=EDGE_CURVE('',#955,#958,#1184,.T.);
#735=EDGE_CURVE('',#959,#954,#1185,.T.);
#736=EDGE_CURVE('',#956,#960,#1186,.T.);
#737=EDGE_CURVE('',#949,#961,#1187,.T.);
#738=EDGE_CURVE('',#950,#962,#1188,.T.);
#739=EDGE_CURVE('',#962,#961,#1189,.T.);
#740=EDGE_CURVE('',#951,#963,#1190,.T.);
#741=EDGE_CURVE('',#961,#963,#1191,.T.);
#742=EDGE_CURVE('',#952,#964,#1192,.T.);
#743=EDGE_CURVE('',#963,#964,#1193,.T.);
#744=EDGE_CURVE('',#964,#962,#1194,.T.);
#745=EDGE_CURVE('',#927,#921,#1195,.T.);
#746=EDGE_CURVE('',#928,#922,#1196,.T.);
#747=EDGE_CURVE('',#859,#926,#1197,.T.);
#748=EDGE_CURVE('',#858,#925,#1198,.T.);
#749=EDGE_CURVE('',#923,#929,#1199,.T.);
#750=EDGE_CURVE('',#931,#864,#1200,.T.);
#751=EDGE_CURVE('',#932,#868,#1201,.T.);
#752=EDGE_CURVE('',#924,#930,#1202,.T.);
#753=EDGE_CURVE('',#850,#861,#1203,.T.);
#754=EDGE_CURVE('',#854,#866,#1204,.T.);
#755=EDGE_CURVE('',#847,#856,#1205,.T.);
#756=EDGE_CURVE('',#851,#865,#1206,.T.);
#757=EDGE_CURVE('',#965,#966,#1207,.T.);
#758=EDGE_CURVE('',#966,#967,#1208,.T.);
#759=EDGE_CURVE('',#968,#967,#1209,.T.);
#760=EDGE_CURVE('',#965,#968,#1210,.T.);
#761=EDGE_CURVE('',#969,#970,#1211,.T.);
#762=EDGE_CURVE('',#971,#969,#1212,.T.);
#763=EDGE_CURVE('',#971,#972,#1213,.T.);
#764=EDGE_CURVE('',#972,#970,#1214,.T.);
#765=EDGE_CURVE('',#973,#966,#1215,.T.);
#766=EDGE_CURVE('',#974,#973,#1216,.T.);
#767=EDGE_CURVE('',#975,#974,#1217,.T.);
#768=EDGE_CURVE('',#976,#975,#1218,.T.);
#769=EDGE_CURVE('',#967,#976,#1219,.T.);
#770=EDGE_CURVE('',#970,#977,#1220,.T.);
#771=EDGE_CURVE('',#978,#972,#1221,.T.);
#772=EDGE_CURVE('',#979,#978,#1222,.T.);
#773=EDGE_CURVE('',#980,#979,#1223,.T.);
#774=EDGE_CURVE('',#977,#980,#1224,.T.);
#775=EDGE_CURVE('',#981,#982,#1225,.T.);
#776=EDGE_CURVE('',#982,#965,#1226,.T.);
#777=EDGE_CURVE('',#968,#983,#1227,.T.);
#778=EDGE_CURVE('',#983,#984,#1228,.T.);
#779=EDGE_CURVE('',#984,#981,#1229,.T.);
#780=EDGE_CURVE('',#969,#985,#1230,.T.);
#781=EDGE_CURVE('',#985,#986,#1231,.T.);
#782=EDGE_CURVE('',#986,#987,#1232,.T.);
#783=EDGE_CURVE('',#987,#988,#1233,.T.);
#784=EDGE_CURVE('',#988,#971,#1234,.T.);
#785=EDGE_CURVE('',#977,#985,#1235,.T.);
#786=EDGE_CURVE('',#986,#980,#1236,.T.);
#787=EDGE_CURVE('',#982,#973,#1237,.T.);
#788=EDGE_CURVE('',#974,#981,#1238,.T.);
#789=EDGE_CURVE('',#983,#976,#1239,.T.);
#790=EDGE_CURVE('',#984,#975,#1240,.T.);
#791=EDGE_CURVE('',#978,#988,#1241,.T.);
#792=EDGE_CURVE('',#987,#979,#1242,.T.);
#793=EDGE_CURVE('',#989,#990,#1243,.T.);
#794=EDGE_CURVE('',#991,#989,#1244,.T.);
#795=EDGE_CURVE('',#991,#992,#1245,.T.);
#796=EDGE_CURVE('',#992,#990,#1246,.T.);
#797=EDGE_CURVE('',#993,#994,#1247,.T.);
#798=EDGE_CURVE('',#995,#993,#1248,.T.);
#799=EDGE_CURVE('',#995,#996,#1249,.T.);
#800=EDGE_CURVE('',#996,#994,#1250,.T.);
#801=EDGE_CURVE('',#997,#998,#1251,.T.);
#802=EDGE_CURVE('',#998,#999,#1252,.T.);
#803=EDGE_CURVE('',#1000,#999,#1253,.T.);
#804=EDGE_CURVE('',#997,#1000,#1254,.T.);
#805=EDGE_CURVE('',#1001,#1002,#1255,.T.);
#806=EDGE_CURVE('',#1003,#1001,#1256,.T.);
#807=EDGE_CURVE('',#1004,#1003,#1257,.T.);
#808=EDGE_CURVE('',#1004,#1002,#1258,.T.);
#809=EDGE_CURVE('',#1005,#1006,#1259,.T.);
#810=EDGE_CURVE('',#1007,#1006,#1260,.T.);
#811=EDGE_CURVE('',#1008,#1007,#1261,.T.);
#812=EDGE_CURVE('',#1008,#1005,#1262,.T.);
#813=EDGE_CURVE('',#1009,#1010,#1263,.T.);
#814=EDGE_CURVE('',#1009,#1011,#1264,.T.);
#815=EDGE_CURVE('',#1011,#1012,#1265,.T.);
#816=EDGE_CURVE('',#1010,#1012,#1266,.T.);
#817=EDGE_CURVE('',#1002,#1011,#1267,.T.);
#818=EDGE_CURVE('',#1011,#994,#1268,.T.);
#819=EDGE_CURVE('',#996,#1002,#1269,.T.);
#820=EDGE_CURVE('',#993,#1009,#1270,.T.);
#821=EDGE_CURVE('',#1001,#1009,#1271,.T.);
#822=EDGE_CURVE('',#1001,#995,#1272,.T.);
#823=EDGE_CURVE('',#1006,#998,#1273,.T.);
#824=EDGE_CURVE('',#998,#990,#1274,.T.);
#825=EDGE_CURVE('',#992,#1006,#1275,.T.);
#826=EDGE_CURVE('',#989,#997,#1276,.T.);
#827=EDGE_CURVE('',#1007,#997,#1277,.T.);
#828=EDGE_CURVE('',#1007,#991,#1278,.T.);
#829=EDGE_CURVE('',#1000,#1008,#1279,.T.);
#830=EDGE_CURVE('',#1010,#1003,#1280,.T.);
#831=EDGE_CURVE('',#999,#1005,#1281,.T.);
#832=EDGE_CURVE('',#1012,#1004,#1282,.T.);
#833=EDGE_CURVE('',#1013,#1014,#1283,.T.);
#834=EDGE_CURVE('',#1014,#1015,#1284,.T.);
#835=EDGE_CURVE('',#1016,#1015,#1285,.T.);
#836=EDGE_CURVE('',#1013,#1016,#1286,.T.);
#837=EDGE_CURVE('',#1015,#1017,#1287,.T.);
#838=EDGE_CURVE('',#1018,#1017,#1288,.T.);
#839=EDGE_CURVE('',#1016,#1018,#1289,.T.);
#840=EDGE_CURVE('',#1017,#1019,#1290,.T.);
#841=EDGE_CURVE('',#1020,#1019,#1291,.T.);
#842=EDGE_CURVE('',#1018,#1020,#1292,.T.);
#843=EDGE_CURVE('',#1019,#1014,#1293,.T.);
#844=EDGE_CURVE('',#1020,#1013,#1294,.T.);
#845=VERTEX_POINT('',#2647);
#846=VERTEX_POINT('',#2648);
#847=VERTEX_POINT('',#2650);
#848=VERTEX_POINT('',#2652);
#849=VERTEX_POINT('',#2654);
#850=VERTEX_POINT('',#2656);
#851=VERTEX_POINT('',#2660);
#852=VERTEX_POINT('',#2662);
#853=VERTEX_POINT('',#2664);
#854=VERTEX_POINT('',#2666);
#855=VERTEX_POINT('',#2670);
#856=VERTEX_POINT('',#2671);
#857=VERTEX_POINT('',#2673);
#858=VERTEX_POINT('',#2675);
#859=VERTEX_POINT('',#2677);
#860=VERTEX_POINT('',#2679);
#861=VERTEX_POINT('',#2681);
#862=VERTEX_POINT('',#2683);
#863=VERTEX_POINT('',#2687);
#864=VERTEX_POINT('',#2688);
#865=VERTEX_POINT('',#2690);
#866=VERTEX_POINT('',#2693);
#867=VERTEX_POINT('',#2695);
#868=VERTEX_POINT('',#2697);
#869=VERTEX_POINT('',#2702);
#870=VERTEX_POINT('',#2704);
#871=VERTEX_POINT('',#2706);
#872=VERTEX_POINT('',#2708);
#873=VERTEX_POINT('',#2710);
#874=VERTEX_POINT('',#2712);
#875=VERTEX_POINT('',#2714);
#876=VERTEX_POINT('',#2716);
#877=VERTEX_POINT('',#2718);
#878=VERTEX_POINT('',#2723);
#879=VERTEX_POINT('',#2725);
#880=VERTEX_POINT('',#2727);
#881=VERTEX_POINT('',#2729);
#882=VERTEX_POINT('',#2731);
#883=VERTEX_POINT('',#2733);
#884=VERTEX_POINT('',#2735);
#885=VERTEX_POINT('',#2737);
#886=VERTEX_POINT('',#2739);
#887=VERTEX_POINT('',#2744);
#888=VERTEX_POINT('',#2746);
#889=VERTEX_POINT('',#2748);
#890=VERTEX_POINT('',#2750);
#891=VERTEX_POINT('',#2752);
#892=VERTEX_POINT('',#2754);
#893=VERTEX_POINT('',#2756);
#894=VERTEX_POINT('',#2758);
#895=VERTEX_POINT('',#2760);
#896=VERTEX_POINT('',#2765);
#897=VERTEX_POINT('',#2767);
#898=VERTEX_POINT('',#2769);
#899=VERTEX_POINT('',#2771);
#900=VERTEX_POINT('',#2773);
#901=VERTEX_POINT('',#2775);
#902=VERTEX_POINT('',#2777);
#903=VERTEX_POINT('',#2779);
#904=VERTEX_POINT('',#2781);
#905=VERTEX_POINT('',#2785);
#906=VERTEX_POINT('',#2786);
#907=VERTEX_POINT('',#2791);
#908=VERTEX_POINT('',#2792);
#909=VERTEX_POINT('',#2797);
#910=VERTEX_POINT('',#2798);
#911=VERTEX_POINT('',#2803);
#912=VERTEX_POINT('',#2804);
#913=VERTEX_POINT('',#2809);
#914=VERTEX_POINT('',#2810);
#915=VERTEX_POINT('',#2815);
#916=VERTEX_POINT('',#2816);
#917=VERTEX_POINT('',#2821);
#918=VERTEX_POINT('',#2822);
#919=VERTEX_POINT('',#2827);
#920=VERTEX_POINT('',#2828);
#921=VERTEX_POINT('',#2841);
#922=VERTEX_POINT('',#2845);
#923=VERTEX_POINT('',#2849);
#924=VERTEX_POINT('',#2853);
#925=VERTEX_POINT('',#2857);
#926=VERTEX_POINT('',#2861);
#927=VERTEX_POINT('',#2865);
#928=VERTEX_POINT('',#2869);
#929=VERTEX_POINT('',#2873);
#930=VERTEX_POINT('',#2877);
#931=VERTEX_POINT('',#2881);
#932=VERTEX_POINT('',#2885);
#933=VERTEX_POINT('',#2889);
#934=VERTEX_POINT('',#2890);
#935=VERTEX_POINT('',#2892);
#936=VERTEX_POINT('',#2894);
#937=VERTEX_POINT('',#2898);
#938=VERTEX_POINT('',#2900);
#939=VERTEX_POINT('',#2904);
#940=VERTEX_POINT('',#2906);
#941=VERTEX_POINT('',#2910);
#942=VERTEX_POINT('',#2911);
#943=VERTEX_POINT('',#2913);
#944=VERTEX_POINT('',#2915);
#945=VERTEX_POINT('',#2919);
#946=VERTEX_POINT('',#2921);
#947=VERTEX_POINT('',#2925);
#948=VERTEX_POINT('',#2927);
#949=VERTEX_POINT('',#2937);
#950=VERTEX_POINT('',#2938);
#951=VERTEX_POINT('',#2940);
#952=VERTEX_POINT('',#2942);
#953=VERTEX_POINT('',#2945);
#954=VERTEX_POINT('',#2946);
#955=VERTEX_POINT('',#2948);
#956=VERTEX_POINT('',#2950);
#957=VERTEX_POINT('',#2954);
#958=VERTEX_POINT('',#2956);
#959=VERTEX_POINT('',#2960);
#960=VERTEX_POINT('',#2962);
#961=VERTEX_POINT('',#2977);
#962=VERTEX_POINT('',#2979);
#963=VERTEX_POINT('',#2983);
#964=VERTEX_POINT('',#2987);
#965=VERTEX_POINT('',#3023);
#966=VERTEX_POINT('',#3024);
#967=VERTEX_POINT('',#3026);
#968=VERTEX_POINT('',#3028);
#969=VERTEX_POINT('',#3032);
#970=VERTEX_POINT('',#3033);
#971=VERTEX_POINT('',#3035);
#972=VERTEX_POINT('',#3037);
#973=VERTEX_POINT('',#3041);
#974=VERTEX_POINT('',#3043);
#975=VERTEX_POINT('',#3045);
#976=VERTEX_POINT('',#3047);
#977=VERTEX_POINT('',#3051);
#978=VERTEX_POINT('',#3053);
#979=VERTEX_POINT('',#3055);
#980=VERTEX_POINT('',#3057);
#981=VERTEX_POINT('',#3061);
#982=VERTEX_POINT('',#3062);
#983=VERTEX_POINT('',#3065);
#984=VERTEX_POINT('',#3067);
#985=VERTEX_POINT('',#3071);
#986=VERTEX_POINT('',#3073);
#987=VERTEX_POINT('',#3075);
#988=VERTEX_POINT('',#3077);
#989=VERTEX_POINT('',#3093);
#990=VERTEX_POINT('',#3094);
#991=VERTEX_POINT('',#3096);
#992=VERTEX_POINT('',#3098);
#993=VERTEX_POINT('',#3102);
#994=VERTEX_POINT('',#3103);
#995=VERTEX_POINT('',#3105);
#996=VERTEX_POINT('',#3107);
#997=VERTEX_POINT('',#3111);
#998=VERTEX_POINT('',#3112);
#999=VERTEX_POINT('',#3114);
#1000=VERTEX_POINT('',#3116);
#1001=VERTEX_POINT('',#3120);
#1002=VERTEX_POINT('',#3121);
#1003=VERTEX_POINT('',#3123);
#1004=VERTEX_POINT('',#3125);
#1005=VERTEX_POINT('',#3129);
#1006=VERTEX_POINT('',#3130);
#1007=VERTEX_POINT('',#3132);
#1008=VERTEX_POINT('',#3134);
#1009=VERTEX_POINT('',#3138);
#1010=VERTEX_POINT('',#3139);
#1011=VERTEX_POINT('',#3141);
#1012=VERTEX_POINT('',#3143);
#1013=VERTEX_POINT('',#3171);
#1014=VERTEX_POINT('',#3172);
#1015=VERTEX_POINT('',#3174);
#1016=VERTEX_POINT('',#3176);
#1017=VERTEX_POINT('',#3180);
#1018=VERTEX_POINT('',#3182);
#1019=VERTEX_POINT('',#3186);
#1020=VERTEX_POINT('',#3188);
#1021=LINE('',#2646,#1295);
#1022=LINE('',#2649,#1296);
#1023=LINE('',#2651,#1297);
#1024=LINE('',#2653,#1298);
#1025=LINE('',#2655,#1299);
#1026=LINE('',#2657,#1300);
#1027=LINE('',#2659,#1301);
#1028=LINE('',#2661,#1302);
#1029=LINE('',#2663,#1303);
#1030=LINE('',#2665,#1304);
#1031=LINE('',#2667,#1305);
#1032=LINE('',#2669,#1306);
#1033=LINE('',#2672,#1307);
#1034=LINE('',#2674,#1308);
#1035=LINE('',#2676,#1309);
#1036=LINE('',#2678,#1310);
#1037=LINE('',#2680,#1311);
#1038=LINE('',#2682,#1312);
#1039=LINE('',#2684,#1313);
#1040=LINE('',#2686,#1314);
#1041=LINE('',#2689,#1315);
#1042=LINE('',#2691,#1316);
#1043=LINE('',#2692,#1317);
#1044=LINE('',#2694,#1318);
#1045=LINE('',#2696,#1319);
#1046=LINE('',#2698,#1320);
#1047=LINE('',#2700,#1321);
#1048=LINE('',#2701,#1322);
#1049=LINE('',#2703,#1323);
#1050=LINE('',#2705,#1324);
#1051=LINE('',#2707,#1325);
#1052=LINE('',#2709,#1326);
#1053=LINE('',#2711,#1327);
#1054=LINE('',#2713,#1328);
#1055=LINE('',#2715,#1329);
#1056=LINE('',#2717,#1330);
#1057=LINE('',#2719,#1331);
#1058=LINE('',#2721,#1332);
#1059=LINE('',#2722,#1333);
#1060=LINE('',#2724,#1334);
#1061=LINE('',#2726,#1335);
#1062=LINE('',#2728,#1336);
#1063=LINE('',#2730,#1337);
#1064=LINE('',#2732,#1338);
#1065=LINE('',#2734,#1339);
#1066=LINE('',#2736,#1340);
#1067=LINE('',#2738,#1341);
#1068=LINE('',#2740,#1342);
#1069=LINE('',#2742,#1343);
#1070=LINE('',#2743,#1344);
#1071=LINE('',#2745,#1345);
#1072=LINE('',#2747,#1346);
#1073=LINE('',#2749,#1347);
#1074=LINE('',#2751,#1348);
#1075=LINE('',#2753,#1349);
#1076=LINE('',#2755,#1350);
#1077=LINE('',#2757,#1351);
#1078=LINE('',#2759,#1352);
#1079=LINE('',#2761,#1353);
#1080=LINE('',#2763,#1354);
#1081=LINE('',#2764,#1355);
#1082=LINE('',#2766,#1356);
#1083=LINE('',#2768,#1357);
#1084=LINE('',#2770,#1358);
#1085=LINE('',#2772,#1359);
#1086=LINE('',#2774,#1360);
#1087=LINE('',#2776,#1361);
#1088=LINE('',#2778,#1362);
#1089=LINE('',#2780,#1363);
#1090=LINE('',#2782,#1364);
#1091=LINE('',#2784,#1365);
#1092=LINE('',#2787,#1366);
#1093=LINE('',#2788,#1367);
#1094=LINE('',#2790,#1368);
#1095=LINE('',#2793,#1369);
#1096=LINE('',#2794,#1370);
#1097=LINE('',#2796,#1371);
#1098=LINE('',#2799,#1372);
#1099=LINE('',#2800,#1373);
#1100=LINE('',#2802,#1374);
#1101=LINE('',#2805,#1375);
#1102=LINE('',#2806,#1376);
#1103=LINE('',#2808,#1377);
#1104=LINE('',#2811,#1378);
#1105=LINE('',#2812,#1379);
#1106=LINE('',#2814,#1380);
#1107=LINE('',#2817,#1381);
#1108=LINE('',#2818,#1382);
#1109=LINE('',#2820,#1383);
#1110=LINE('',#2823,#1384);
#1111=LINE('',#2824,#1385);
#1112=LINE('',#2826,#1386);
#1113=LINE('',#2829,#1387);
#1114=LINE('',#2830,#1388);
#1115=LINE('',#2832,#1389);
#1116=LINE('',#2834,#1390);
#1117=LINE('',#2836,#1391);
#1118=LINE('',#2838,#1392);
#1119=LINE('',#2840,#1393);
#1120=LINE('',#2842,#1394);
#1121=LINE('',#2844,#1395);
#1122=LINE('',#2846,#1396);
#1123=LINE('',#2848,#1397);
#1124=LINE('',#2850,#1398);
#1125=LINE('',#2852,#1399);
#1126=LINE('',#2854,#1400);
#1127=LINE('',#2856,#1401);
#1128=LINE('',#2858,#1402);
#1129=LINE('',#2860,#1403);
#1130=LINE('',#2862,#1404);
#1131=LINE('',#2864,#1405);
#1132=LINE('',#2866,#1406);
#1133=LINE('',#2868,#1407);
#1134=LINE('',#2870,#1408);
#1135=LINE('',#2872,#1409);
#1136=LINE('',#2874,#1410);
#1137=LINE('',#2876,#1411);
#1138=LINE('',#2878,#1412);
#1139=LINE('',#2880,#1413);
#1140=LINE('',#2882,#1414);
#1141=LINE('',#2884,#1415);
#1142=LINE('',#2886,#1416);
#1143=LINE('',#2888,#1417);
#1144=LINE('',#2891,#1418);
#1145=LINE('',#2893,#1419);
#1146=LINE('',#2895,#1420);
#1147=LINE('',#2897,#1421);
#1148=LINE('',#2899,#1422);
#1149=LINE('',#2901,#1423);
#1150=LINE('',#2903,#1424);
#1151=LINE('',#2905,#1425);
#1152=LINE('',#2907,#1426);
#1153=LINE('',#2909,#1427);
#1154=LINE('',#2912,#1428);
#1155=LINE('',#2914,#1429);
#1156=LINE('',#2916,#1430);
#1157=LINE('',#2918,#1431);
#1158=LINE('',#2920,#1432);
#1159=LINE('',#2922,#1433);
#1160=LINE('',#2924,#1434);
#1161=LINE('',#2926,#1435);
#1162=LINE('',#2928,#1436);
#1163=LINE('',#2930,#1437);
#1164=LINE('',#2931,#1438);
#1165=LINE('',#2933,#1439);
#1166=LINE('',#2934,#1440);
#1167=LINE('',#2936,#1441);
#1168=LINE('',#2939,#1442);
#1169=LINE('',#2941,#1443);
#1170=LINE('',#2943,#1444);
#1171=LINE('',#2944,#1445);
#1172=LINE('',#2947,#1446);
#1173=LINE('',#2949,#1447);
#1174=LINE('',#2951,#1448);
#1175=LINE('',#2953,#1449);
#1176=LINE('',#2955,#1450);
#1177=LINE('',#2957,#1451);
#1178=LINE('',#2959,#1452);
#1179=LINE('',#2961,#1453);
#1180=LINE('',#2963,#1454);
#1181=LINE('',#2965,#1455);
#1182=LINE('',#2966,#1456);
#1183=LINE('',#2968,#1457);
#1184=LINE('',#2969,#1458);
#1185=LINE('',#2971,#1459);
#1186=LINE('',#2972,#1460);
#1187=LINE('',#2976,#1461);
#1188=LINE('',#2978,#1462);
#1189=LINE('',#2980,#1463);
#1190=LINE('',#2982,#1464);
#1191=LINE('',#2984,#1465);
#1192=LINE('',#2986,#1466);
#1193=LINE('',#2988,#1467);
#1194=LINE('',#2990,#1468);
#1195=LINE('',#2993,#1469);
#1196=LINE('',#2994,#1470);
#1197=LINE('',#2995,#1471);
#1198=LINE('',#2996,#1472);
#1199=LINE('',#2998,#1473);
#1200=LINE('',#2999,#1474);
#1201=LINE('',#3000,#1475);
#1202=LINE('',#3001,#1476);
#1203=LINE('',#3011,#1477);
#1204=LINE('',#3013,#1478);
#1205=LINE('',#3016,#1479);
#1206=LINE('',#3018,#1480);
#1207=LINE('',#3022,#1481);
#1208=LINE('',#3025,#1482);
#1209=LINE('',#3027,#1483);
#1210=LINE('',#3029,#1484);
#1211=LINE('',#3031,#1485);
#1212=LINE('',#3034,#1486);
#1213=LINE('',#3036,#1487);
#1214=LINE('',#3038,#1488);
#1215=LINE('',#3040,#1489);
#1216=LINE('',#3042,#1490);
#1217=LINE('',#3044,#1491);
#1218=LINE('',#3046,#1492);
#1219=LINE('',#3048,#1493);
#1220=LINE('',#3050,#1494);
#1221=LINE('',#3052,#1495);
#1222=LINE('',#3054,#1496);
#1223=LINE('',#3056,#1497);
#1224=LINE('',#3058,#1498);
#1225=LINE('',#3060,#1499);
#1226=LINE('',#3063,#1500);
#1227=LINE('',#3064,#1501);
#1228=LINE('',#3066,#1502);
#1229=LINE('',#3068,#1503);
#1230=LINE('',#3070,#1504);
#1231=LINE('',#3072,#1505);
#1232=LINE('',#3074,#1506);
#1233=LINE('',#3076,#1507);
#1234=LINE('',#3078,#1508);
#1235=LINE('',#3080,#1509);
#1236=LINE('',#3081,#1510);
#1237=LINE('',#3083,#1511);
#1238=LINE('',#3084,#1512);
#1239=LINE('',#3086,#1513);
#1240=LINE('',#3087,#1514);
#1241=LINE('',#3089,#1515);
#1242=LINE('',#3090,#1516);
#1243=LINE('',#3092,#1517);
#1244=LINE('',#3095,#1518);
#1245=LINE('',#3097,#1519);
#1246=LINE('',#3099,#1520);
#1247=LINE('',#3101,#1521);
#1248=LINE('',#3104,#1522);
#1249=LINE('',#3106,#1523);
#1250=LINE('',#3108,#1524);
#1251=LINE('',#3110,#1525);
#1252=LINE('',#3113,#1526);
#1253=LINE('',#3115,#1527);
#1254=LINE('',#3117,#1528);
#1255=LINE('',#3119,#1529);
#1256=LINE('',#3122,#1530);
#1257=LINE('',#3124,#1531);
#1258=LINE('',#3126,#1532);
#1259=LINE('',#3128,#1533);
#1260=LINE('',#3131,#1534);
#1261=LINE('',#3133,#1535);
#1262=LINE('',#3135,#1536);
#1263=LINE('',#3137,#1537);
#1264=LINE('',#3140,#1538);
#1265=LINE('',#3142,#1539);
#1266=LINE('',#3144,#1540);
#1267=LINE('',#3146,#1541);
#1268=LINE('',#3147,#1542);
#1269=LINE('',#3148,#1543);
#1270=LINE('',#3150,#1544);
#1271=LINE('',#3151,#1545);
#1272=LINE('',#3152,#1546);
#1273=LINE('',#3154,#1547);
#1274=LINE('',#3155,#1548);
#1275=LINE('',#3156,#1549);
#1276=LINE('',#3158,#1550);
#1277=LINE('',#3159,#1551);
#1278=LINE('',#3160,#1552);
#1279=LINE('',#3162,#1553);
#1280=LINE('',#3164,#1554);
#1281=LINE('',#3166,#1555);
#1282=LINE('',#3168,#1556);
#1283=LINE('',#3170,#1557);
#1284=LINE('',#3173,#1558);
#1285=LINE('',#3175,#1559);
#1286=LINE('',#3177,#1560);
#1287=LINE('',#3179,#1561);
#1288=LINE('',#3181,#1562);
#1289=LINE('',#3183,#1563);
#1290=LINE('',#3185,#1564);
#1291=LINE('',#3187,#1565);
#1292=LINE('',#3189,#1566);
#1293=LINE('',#3191,#1567);
#1294=LINE('',#3192,#1568);
#1295=VECTOR('',#2154,39.3700787401575);
#1296=VECTOR('',#2155,39.3700787401575);
#1297=VECTOR('',#2156,39.3700787401575);
#1298=VECTOR('',#2157,39.3700787401575);
#1299=VECTOR('',#2158,39.3700787401575);
#1300=VECTOR('',#2159,39.3700787401575);
#1301=VECTOR('',#2162,39.3700787401575);
#1302=VECTOR('',#2163,39.3700787401575);
#1303=VECTOR('',#2164,39.3700787401575);
#1304=VECTOR('',#2165,39.3700787401575);
#1305=VECTOR('',#2166,39.3700787401575);
#1306=VECTOR('',#2169,39.3700787401575);
#1307=VECTOR('',#2170,39.3700787401575);
#1308=VECTOR('',#2171,39.3700787401575);
#1309=VECTOR('',#2172,39.3700787401575);
#1310=VECTOR('',#2173,39.3700787401575);
#1311=VECTOR('',#2174,39.3700787401575);
#1312=VECTOR('',#2175,39.3700787401575);
#1313=VECTOR('',#2176,39.3700787401575);
#1314=VECTOR('',#2179,39.3700787401575);
#1315=VECTOR('',#2180,39.3700787401575);
#1316=VECTOR('',#2181,39.3700787401575);
#1317=VECTOR('',#2182,39.3700787401575);
#1318=VECTOR('',#2183,39.3700787401575);
#1319=VECTOR('',#2184,39.3700787401575);
#1320=VECTOR('',#2185,39.3700787401575);
#1321=VECTOR('',#2188,39.3700787401575);
#1322=VECTOR('',#2189,39.3700787401575);
#1323=VECTOR('',#2190,39.3700787401575);
#1324=VECTOR('',#2191,39.3700787401575);
#1325=VECTOR('',#2192,39.3700787401575);
#1326=VECTOR('',#2193,39.3700787401575);
#1327=VECTOR('',#2194,39.3700787401575);
#1328=VECTOR('',#2195,39.3700787401575);
#1329=VECTOR('',#2196,39.3700787401575);
#1330=VECTOR('',#2197,39.3700787401575);
#1331=VECTOR('',#2198,39.3700787401575);
#1332=VECTOR('',#2201,39.3700787401575);
#1333=VECTOR('',#2202,39.3700787401575);
#1334=VECTOR('',#2203,39.3700787401575);
#1335=VECTOR('',#2204,39.3700787401575);
#1336=VECTOR('',#2205,39.3700787401575);
#1337=VECTOR('',#2206,39.3700787401575);
#1338=VECTOR('',#2207,39.3700787401575);
#1339=VECTOR('',#2208,39.3700787401575);
#1340=VECTOR('',#2209,39.3700787401575);
#1341=VECTOR('',#2210,39.3700787401575);
#1342=VECTOR('',#2211,39.3700787401575);
#1343=VECTOR('',#2214,39.3700787401575);
#1344=VECTOR('',#2215,39.3700787401575);
#1345=VECTOR('',#2216,39.3700787401575);
#1346=VECTOR('',#2217,39.3700787401575);
#1347=VECTOR('',#2218,39.3700787401575);
#1348=VECTOR('',#2219,39.3700787401575);
#1349=VECTOR('',#2220,39.3700787401575);
#1350=VECTOR('',#2221,39.3700787401575);
#1351=VECTOR('',#2222,39.3700787401575);
#1352=VECTOR('',#2223,39.3700787401575);
#1353=VECTOR('',#2224,39.3700787401575);
#1354=VECTOR('',#2227,39.3700787401575);
#1355=VECTOR('',#2228,39.3700787401575);
#1356=VECTOR('',#2229,39.3700787401575);
#1357=VECTOR('',#2230,39.3700787401575);
#1358=VECTOR('',#2231,39.3700787401575);
#1359=VECTOR('',#2232,39.3700787401575);
#1360=VECTOR('',#2233,39.3700787401575);
#1361=VECTOR('',#2234,39.3700787401575);
#1362=VECTOR('',#2235,39.3700787401575);
#1363=VECTOR('',#2236,39.3700787401575);
#1364=VECTOR('',#2237,39.3700787401575);
#1365=VECTOR('',#2240,39.3700787401575);
#1366=VECTOR('',#2241,39.3700787401575);
#1367=VECTOR('',#2242,39.3700787401575);
#1368=VECTOR('',#2245,39.3700787401575);
#1369=VECTOR('',#2246,39.3700787401575);
#1370=VECTOR('',#2247,39.3700787401575);
#1371=VECTOR('',#2250,39.3700787401575);
#1372=VECTOR('',#2251,39.3700787401575);
#1373=VECTOR('',#2252,39.3700787401575);
#1374=VECTOR('',#2255,39.3700787401575);
#1375=VECTOR('',#2256,39.3700787401575);
#1376=VECTOR('',#2257,39.3700787401575);
#1377=VECTOR('',#2260,39.3700787401575);
#1378=VECTOR('',#2261,39.3700787401575);
#1379=VECTOR('',#2262,39.3700787401575);
#1380=VECTOR('',#2265,39.3700787401575);
#1381=VECTOR('',#2266,39.3700787401575);
#1382=VECTOR('',#2267,39.3700787401575);
#1383=VECTOR('',#2270,39.3700787401575);
#1384=VECTOR('',#2271,39.3700787401575);
#1385=VECTOR('',#2272,39.3700787401575);
#1386=VECTOR('',#2275,39.3700787401575);
#1387=VECTOR('',#2276,39.3700787401575);
#1388=VECTOR('',#2277,39.3700787401575);
#1389=VECTOR('',#2280,39.3700787401575);
#1390=VECTOR('',#2283,39.3700787401575);
#1391=VECTOR('',#2286,39.3700787401575);
#1392=VECTOR('',#2289,39.3700787401575);
#1393=VECTOR('',#2292,39.3700787401575);
#1394=VECTOR('',#2293,39.3700787401575);
#1395=VECTOR('',#2296,39.3700787401575);
#1396=VECTOR('',#2297,39.3700787401575);
#1397=VECTOR('',#2300,39.3700787401575);
#1398=VECTOR('',#2301,39.3700787401575);
#1399=VECTOR('',#2304,39.3700787401575);
#1400=VECTOR('',#2305,39.3700787401575);
#1401=VECTOR('',#2308,39.3700787401575);
#1402=VECTOR('',#2309,39.3700787401575);
#1403=VECTOR('',#2312,39.3700787401575);
#1404=VECTOR('',#2313,39.3700787401575);
#1405=VECTOR('',#2316,39.3700787401575);
#1406=VECTOR('',#2317,39.3700787401575);
#1407=VECTOR('',#2320,39.3700787401575);
#1408=VECTOR('',#2321,39.3700787401575);
#1409=VECTOR('',#2324,39.3700787401575);
#1410=VECTOR('',#2325,39.3700787401575);
#1411=VECTOR('',#2328,39.3700787401575);
#1412=VECTOR('',#2329,39.3700787401575);
#1413=VECTOR('',#2332,39.3700787401575);
#1414=VECTOR('',#2333,39.3700787401575);
#1415=VECTOR('',#2336,39.3700787401575);
#1416=VECTOR('',#2337,39.3700787401575);
#1417=VECTOR('',#2340,39.3700787401575);
#1418=VECTOR('',#2341,39.3700787401575);
#1419=VECTOR('',#2342,39.3700787401575);
#1420=VECTOR('',#2343,39.3700787401575);
#1421=VECTOR('',#2346,39.3700787401575);
#1422=VECTOR('',#2347,39.3700787401575);
#1423=VECTOR('',#2348,39.3700787401575);
#1424=VECTOR('',#2351,39.3700787401575);
#1425=VECTOR('',#2352,39.3700787401575);
#1426=VECTOR('',#2353,39.3700787401575);
#1427=VECTOR('',#2356,39.3700787401575);
#1428=VECTOR('',#2357,39.3700787401575);
#1429=VECTOR('',#2358,39.3700787401575);
#1430=VECTOR('',#2359,39.3700787401575);
#1431=VECTOR('',#2362,39.3700787401575);
#1432=VECTOR('',#2363,39.3700787401575);
#1433=VECTOR('',#2364,39.3700787401575);
#1434=VECTOR('',#2367,39.3700787401575);
#1435=VECTOR('',#2368,39.3700787401575);
#1436=VECTOR('',#2369,39.3700787401575);
#1437=VECTOR('',#2372,39.3700787401575);
#1438=VECTOR('',#2373,39.3700787401575);
#1439=VECTOR('',#2376,39.3700787401575);
#1440=VECTOR('',#2377,39.3700787401575);
#1441=VECTOR('',#2380,39.3700787401575);
#1442=VECTOR('',#2381,39.3700787401575);
#1443=VECTOR('',#2382,39.3700787401575);
#1444=VECTOR('',#2383,39.3700787401575);
#1445=VECTOR('',#2384,39.3700787401575);
#1446=VECTOR('',#2385,39.3700787401575);
#1447=VECTOR('',#2386,39.3700787401575);
#1448=VECTOR('',#2387,39.3700787401575);
#1449=VECTOR('',#2390,39.3700787401575);
#1450=VECTOR('',#2391,39.3700787401575);
#1451=VECTOR('',#2392,39.3700787401575);
#1452=VECTOR('',#2395,39.3700787401575);
#1453=VECTOR('',#2396,39.3700787401575);
#1454=VECTOR('',#2397,39.3700787401575);
#1455=VECTOR('',#2400,39.3700787401575);
#1456=VECTOR('',#2401,39.3700787401575);
#1457=VECTOR('',#2404,39.3700787401575);
#1458=VECTOR('',#2405,39.3700787401575);
#1459=VECTOR('',#2408,39.3700787401575);
#1460=VECTOR('',#2409,39.3700787401575);
#1461=VECTOR('',#2416,39.3700787401575);
#1462=VECTOR('',#2417,39.3700787401575);
#1463=VECTOR('',#2418,39.3700787401575);
#1464=VECTOR('',#2421,39.3700787401575);
#1465=VECTOR('',#2422,39.3700787401575);
#1466=VECTOR('',#2425,39.3700787401575);
#1467=VECTOR('',#2426,39.3700787401575);
#1468=VECTOR('',#2429,39.3700787401575);
#1469=VECTOR('',#2434,39.3700787401575);
#1470=VECTOR('',#2435,39.3700787401575);
#1471=VECTOR('',#2436,39.3700787401575);
#1472=VECTOR('',#2437,39.3700787401575);
#1473=VECTOR('',#2440,39.3700787401575);
#1474=VECTOR('',#2441,39.3700787401575);
#1475=VECTOR('',#2442,39.3700787401575);
#1476=VECTOR('',#2443,39.3700787401575);
#1477=VECTOR('',#2462,39.3700787401575);
#1478=VECTOR('',#2465,39.3700787401575);
#1479=VECTOR('',#2470,39.3700787401575);
#1480=VECTOR('',#2473,39.3700787401575);
#1481=VECTOR('',#2480,39.3700787401575);
#1482=VECTOR('',#2481,39.3700787401575);
#1483=VECTOR('',#2482,39.3700787401575);
#1484=VECTOR('',#2483,39.3700787401575);
#1485=VECTOR('',#2486,39.3700787401575);
#1486=VECTOR('',#2487,39.3700787401575);
#1487=VECTOR('',#2488,39.3700787401575);
#1488=VECTOR('',#2489,39.3700787401575);
#1489=VECTOR('',#2492,39.3700787401575);
#1490=VECTOR('',#2493,39.3700787401575);
#1491=VECTOR('',#2494,39.3700787401575);
#1492=VECTOR('',#2495,39.3700787401575);
#1493=VECTOR('',#2496,39.3700787401575);
#1494=VECTOR('',#2499,39.3700787401575);
#1495=VECTOR('',#2500,39.3700787401575);
#1496=VECTOR('',#2501,39.3700787401575);
#1497=VECTOR('',#2502,39.3700787401575);
#1498=VECTOR('',#2503,39.3700787401575);
#1499=VECTOR('',#2506,39.3700787401575);
#1500=VECTOR('',#2507,39.3700787401575);
#1501=VECTOR('',#2508,39.3700787401575);
#1502=VECTOR('',#2509,39.3700787401575);
#1503=VECTOR('',#2510,39.3700787401575);
#1504=VECTOR('',#2513,39.3700787401575);
#1505=VECTOR('',#2514,39.3700787401575);
#1506=VECTOR('',#2515,39.3700787401575);
#1507=VECTOR('',#2516,39.3700787401575);
#1508=VECTOR('',#2517,39.3700787401575);
#1509=VECTOR('',#2520,39.3700787401575);
#1510=VECTOR('',#2521,39.3700787401575);
#1511=VECTOR('',#2524,39.3700787401575);
#1512=VECTOR('',#2525,39.3700787401575);
#1513=VECTOR('',#2528,39.3700787401575);
#1514=VECTOR('',#2529,39.3700787401575);
#1515=VECTOR('',#2532,39.3700787401575);
#1516=VECTOR('',#2533,39.3700787401575);
#1517=VECTOR('',#2536,39.3700787401575);
#1518=VECTOR('',#2537,39.3700787401575);
#1519=VECTOR('',#2538,39.3700787401575);
#1520=VECTOR('',#2539,39.3700787401575);
#1521=VECTOR('',#2542,39.3700787401575);
#1522=VECTOR('',#2543,39.3700787401575);
#1523=VECTOR('',#2544,39.3700787401575);
#1524=VECTOR('',#2545,39.3700787401575);
#1525=VECTOR('',#2548,39.3700787401575);
#1526=VECTOR('',#2549,39.3700787401575);
#1527=VECTOR('',#2550,39.3700787401575);
#1528=VECTOR('',#2551,39.3700787401575);
#1529=VECTOR('',#2554,39.3700787401575);
#1530=VECTOR('',#2555,39.3700787401575);
#1531=VECTOR('',#2556,39.3700787401575);
#1532=VECTOR('',#2557,39.3700787401575);
#1533=VECTOR('',#2560,39.3700787401575);
#1534=VECTOR('',#2561,39.3700787401575);
#1535=VECTOR('',#2562,39.3700787401575);
#1536=VECTOR('',#2563,39.3700787401575);
#1537=VECTOR('',#2566,39.3700787401575);
#1538=VECTOR('',#2567,39.3700787401575);
#1539=VECTOR('',#2568,39.3700787401575);
#1540=VECTOR('',#2569,39.3700787401575);
#1541=VECTOR('',#2572,39.3700787401575);
#1542=VECTOR('',#2573,39.3700787401575);
#1543=VECTOR('',#2574,39.3700787401575);
#1544=VECTOR('',#2577,39.3700787401575);
#1545=VECTOR('',#2578,39.3700787401575);
#1546=VECTOR('',#2579,39.3700787401575);
#1547=VECTOR('',#2582,39.3700787401575);
#1548=VECTOR('',#2583,39.3700787401575);
#1549=VECTOR('',#2584,39.3700787401575);
#1550=VECTOR('',#2587,39.3700787401575);
#1551=VECTOR('',#2588,39.3700787401575);
#1552=VECTOR('',#2589,39.3700787401575);
#1553=VECTOR('',#2592,39.3700787401575);
#1554=VECTOR('',#2595,39.3700787401575);
#1555=VECTOR('',#2598,39.3700787401575);
#1556=VECTOR('',#2601,39.3700787401575);
#1557=VECTOR('',#2604,39.3700787401575);
#1558=VECTOR('',#2605,39.3700787401575);
#1559=VECTOR('',#2606,39.3700787401575);
#1560=VECTOR('',#2607,39.3700787401575);
#1561=VECTOR('',#2610,39.3700787401575);
#1562=VECTOR('',#2611,39.3700787401575);
#1563=VECTOR('',#2612,39.3700787401575);
#1564=VECTOR('',#2615,39.3700787401575);
#1565=VECTOR('',#2616,39.3700787401575);
#1566=VECTOR('',#2617,39.3700787401575);
#1567=VECTOR('',#2620,39.3700787401575);
#1568=VECTOR('',#2621,39.3700787401575);
#1569=EDGE_LOOP('',(#23,#24,#25,#26,#27,#28));
#1570=EDGE_LOOP('',(#29,#30,#31,#32,#33,#34));
#1571=EDGE_LOOP('',(#35,#36,#37,#38,#39,#40,#41,#42));
#1572=EDGE_LOOP('',(#43,#44,#45,#46,#47,#48,#49,#50));
#1573=EDGE_LOOP('',(#51,#52,#53,#54,#55,#56,#57,#58,#59,#60,#61));
#1574=EDGE_LOOP('',(#62,#63,#64,#65,#66,#67,#68,#69,#70,#71,#72));
#1575=EDGE_LOOP('',(#73,#74,#75,#76,#77,#78,#79,#80,#81,#82,#83));
#1576=EDGE_LOOP('',(#84,#85,#86,#87,#88,#89,#90,#91,#92,#93,#94));
#1577=EDGE_LOOP('',(#95,#96,#97,#98));
#1578=EDGE_LOOP('',(#99,#100,#101,#102));
#1579=EDGE_LOOP('',(#103,#104,#105,#106));
#1580=EDGE_LOOP('',(#107,#108,#109,#110));
#1581=EDGE_LOOP('',(#111,#112,#113,#114));
#1582=EDGE_LOOP('',(#115,#116,#117,#118));
#1583=EDGE_LOOP('',(#119,#120,#121,#122));
#1584=EDGE_LOOP('',(#123,#124,#125,#126));
#1585=EDGE_LOOP('',(#127,#128,#129,#130));
#1586=EDGE_LOOP('',(#131,#132,#133,#134));
#1587=EDGE_LOOP('',(#135,#136,#137,#138));
#1588=EDGE_LOOP('',(#139,#140,#141,#142));
#1589=EDGE_LOOP('',(#143,#144,#145,#146));
#1590=EDGE_LOOP('',(#147,#148,#149,#150));
#1591=EDGE_LOOP('',(#151,#152,#153,#154));
#1592=EDGE_LOOP('',(#155,#156,#157,#158));
#1593=EDGE_LOOP('',(#159,#160,#161,#162));
#1594=EDGE_LOOP('',(#163,#164,#165,#166));
#1595=EDGE_LOOP('',(#167,#168,#169,#170));
#1596=EDGE_LOOP('',(#171,#172,#173,#174));
#1597=EDGE_LOOP('',(#175,#176,#177,#178));
#1598=EDGE_LOOP('',(#179,#180,#181,#182));
#1599=EDGE_LOOP('',(#183,#184,#185,#186));
#1600=EDGE_LOOP('',(#187,#188,#189,#190));
#1601=EDGE_LOOP('',(#191,#192,#193,#194));
#1602=EDGE_LOOP('',(#195,#196,#197,#198));
#1603=EDGE_LOOP('',(#199,#200,#201,#202));
#1604=EDGE_LOOP('',(#203,#204,#205,#206));
#1605=EDGE_LOOP('',(#207,#208,#209,#210));
#1606=EDGE_LOOP('',(#211,#212,#213,#214));
#1607=EDGE_LOOP('',(#215,#216,#217,#218));
#1608=EDGE_LOOP('',(#219,#220,#221,#222));
#1609=EDGE_LOOP('',(#223,#224,#225,#226));
#1610=EDGE_LOOP('',(#227,#228,#229,#230));
#1611=EDGE_LOOP('',(#231,#232,#233,#234));
#1612=EDGE_LOOP('',(#235,#236,#237,#238));
#1613=EDGE_LOOP('',(#239,#240,#241,#242));
#1614=EDGE_LOOP('',(#243,#244,#245,#246));
#1615=EDGE_LOOP('',(#247,#248,#249,#250));
#1616=EDGE_LOOP('',(#251,#252,#253,#254));
#1617=EDGE_LOOP('',(#255,#256,#257,#258,#259,#260,#261,#262));
#1618=EDGE_LOOP('',(#263,#264,#265,#266));
#1619=EDGE_LOOP('',(#267,#268,#269,#270));
#1620=EDGE_LOOP('',(#271,#272,#273,#274));
#1621=EDGE_LOOP('',(#275,#276,#277,#278));
#1622=EDGE_LOOP('',(#279,#280,#281,#282));
#1623=EDGE_LOOP('',(#283,#284,#285,#286));
#1624=EDGE_LOOP('',(#287,#288,#289,#290));
#1625=EDGE_LOOP('',(#291,#292,#293,#294,#295,#296,#297,#298,#299,#300,#301,
#302,#303,#304,#305,#306,#307,#308,#309,#310));
#1626=EDGE_LOOP('',(#311,#312,#313,#314));
#1627=EDGE_LOOP('',(#315,#316,#317,#318,#319,#320,#321,#322,#323,#324,#325,
#326,#327,#328,#329,#330));
#1628=EDGE_LOOP('',(#331,#332,#333,#334));
#1629=EDGE_LOOP('',(#335,#336,#337,#338));
#1630=EDGE_LOOP('',(#339,#340,#341,#342));
#1631=EDGE_LOOP('',(#343,#344,#345,#346));
#1632=EDGE_LOOP('',(#347,#348,#349,#350));
#1633=EDGE_LOOP('',(#351,#352,#353,#354));
#1634=EDGE_LOOP('',(#355,#356,#357,#358));
#1635=EDGE_LOOP('',(#359,#360,#361,#362));
#1636=EDGE_LOOP('',(#363,#364,#365,#366));
#1637=EDGE_LOOP('',(#367,#368,#369,#370));
#1638=EDGE_LOOP('',(#371,#372,#373,#374,#375,#376));
#1639=EDGE_LOOP('',(#377,#378,#379,#380));
#1640=EDGE_LOOP('',(#381,#382,#383,#384));
#1641=EDGE_LOOP('',(#385,#386,#387,#388));
#1642=EDGE_LOOP('',(#389,#390,#391,#392,#393,#394));
#1643=EDGE_LOOP('',(#395,#396,#397,#398));
#1644=EDGE_LOOP('',(#399,#400,#401,#402));
#1645=EDGE_LOOP('',(#403,#404,#405,#406,#407,#408));
#1646=EDGE_LOOP('',(#409,#410,#411,#412,#413,#414));
#1647=EDGE_LOOP('',(#415,#416,#417,#418,#419,#420));
#1648=EDGE_LOOP('',(#421,#422,#423,#424,#425,#426));
#1649=EDGE_LOOP('',(#427,#428,#429,#430));
#1650=EDGE_LOOP('',(#431,#432,#433,#434));
#1651=EDGE_LOOP('',(#435,#436,#437,#438));
#1652=EDGE_LOOP('',(#439,#440,#441,#442));
#1653=EDGE_LOOP('',(#443,#444,#445,#446));
#1654=EDGE_LOOP('',(#447,#448,#449,#450));
#1655=EDGE_LOOP('',(#451,#452,#453,#454));
#1656=EDGE_LOOP('',(#455,#456,#457,#458));
#1657=EDGE_LOOP('',(#459,#460,#461,#462));
#1658=EDGE_LOOP('',(#463,#464,#465,#466));
#1659=EDGE_LOOP('',(#467,#468,#469,#470));
#1660=EDGE_LOOP('',(#471,#472,#473,#474));
#1661=EDGE_LOOP('',(#475,#476,#477,#478));
#1662=EDGE_LOOP('',(#479,#480,#481,#482));
#1663=EDGE_LOOP('',(#483,#484,#485,#486));
#1664=EDGE_LOOP('',(#487,#488,#489,#490));
#1665=EDGE_LOOP('',(#491,#492,#493,#494));
#1666=EDGE_LOOP('',(#495,#496,#497,#498));
#1667=EDGE_LOOP('',(#499,#500,#501,#502));
#1668=EDGE_LOOP('',(#503,#504,#505,#506));
#1669=EDGE_LOOP('',(#507,#508,#509,#510));
#1670=EDGE_LOOP('',(#511,#512,#513,#514));
#1671=EDGE_LOOP('',(#515,#516,#517,#518));
#1672=EDGE_LOOP('',(#519,#520,#521,#522));
#1673=EDGE_LOOP('',(#523,#524,#525,#526));
#1674=EDGE_LOOP('',(#527,#528,#529,#530));
#1675=EDGE_LOOP('',(#531,#532,#533,#534));
#1676=EDGE_LOOP('',(#535,#536,#537,#538));
#1677=EDGE_LOOP('',(#539,#540,#541,#542));
#1678=EDGE_LOOP('',(#543,#544,#545,#546));
#1679=EDGE_LOOP('',(#547,#548,#549,#550));
#1680=EDGE_LOOP('',(#551,#552,#553,#554));
#1681=EDGE_LOOP('',(#555,#556,#557,#558));
#1682=EDGE_LOOP('',(#559,#560,#561,#562));
#1683=EDGE_LOOP('',(#563,#564,#565,#566));
#1684=EDGE_LOOP('',(#567,#568,#569,#570));
#1685=FACE_BOUND('',#1569,.T.);
#1686=FACE_BOUND('',#1570,.T.);
#1687=FACE_BOUND('',#1571,.T.);
#1688=FACE_BOUND('',#1572,.T.);
#1689=FACE_BOUND('',#1573,.T.);
#1690=FACE_BOUND('',#1574,.T.);
#1691=FACE_BOUND('',#1575,.T.);
#1692=FACE_BOUND('',#1576,.T.);
#1693=FACE_BOUND('',#1577,.T.);
#1694=FACE_BOUND('',#1578,.T.);
#1695=FACE_BOUND('',#1579,.T.);
#1696=FACE_BOUND('',#1580,.T.);
#1697=FACE_BOUND('',#1581,.T.);
#1698=FACE_BOUND('',#1582,.T.);
#1699=FACE_BOUND('',#1583,.T.);
#1700=FACE_BOUND('',#1584,.T.);
#1701=FACE_BOUND('',#1585,.T.);
#1702=FACE_BOUND('',#1586,.T.);
#1703=FACE_BOUND('',#1587,.T.);
#1704=FACE_BOUND('',#1588,.T.);
#1705=FACE_BOUND('',#1589,.T.);
#1706=FACE_BOUND('',#1590,.T.);
#1707=FACE_BOUND('',#1591,.T.);
#1708=FACE_BOUND('',#1592,.T.);
#1709=FACE_BOUND('',#1593,.T.);
#1710=FACE_BOUND('',#1594,.T.);
#1711=FACE_BOUND('',#1595,.T.);
#1712=FACE_BOUND('',#1596,.T.);
#1713=FACE_BOUND('',#1597,.T.);
#1714=FACE_BOUND('',#1598,.T.);
#1715=FACE_BOUND('',#1599,.T.);
#1716=FACE_BOUND('',#1600,.T.);
#1717=FACE_BOUND('',#1601,.T.);
#1718=FACE_BOUND('',#1602,.T.);
#1719=FACE_BOUND('',#1603,.T.);
#1720=FACE_BOUND('',#1604,.T.);
#1721=FACE_BOUND('',#1605,.T.);
#1722=FACE_BOUND('',#1606,.T.);
#1723=FACE_BOUND('',#1607,.T.);
#1724=FACE_BOUND('',#1608,.T.);
#1725=FACE_BOUND('',#1609,.T.);
#1726=FACE_BOUND('',#1610,.T.);
#1727=FACE_BOUND('',#1611,.T.);
#1728=FACE_BOUND('',#1612,.T.);
#1729=FACE_BOUND('',#1613,.T.);
#1730=FACE_BOUND('',#1614,.T.);
#1731=FACE_BOUND('',#1615,.T.);
#1732=FACE_BOUND('',#1616,.T.);
#1733=FACE_BOUND('',#1617,.T.);
#1734=FACE_BOUND('',#1618,.T.);
#1735=FACE_BOUND('',#1619,.T.);
#1736=FACE_BOUND('',#1620,.T.);
#1737=FACE_BOUND('',#1621,.T.);
#1738=FACE_BOUND('',#1622,.T.);
#1739=FACE_BOUND('',#1623,.T.);
#1740=FACE_BOUND('',#1624,.T.);
#1741=FACE_BOUND('',#1625,.T.);
#1742=FACE_BOUND('',#1626,.T.);
#1743=FACE_BOUND('',#1627,.T.);
#1744=FACE_BOUND('',#1628,.T.);
#1745=FACE_BOUND('',#1629,.T.);
#1746=FACE_BOUND('',#1630,.T.);
#1747=FACE_BOUND('',#1631,.T.);
#1748=FACE_BOUND('',#1632,.T.);
#1749=FACE_BOUND('',#1633,.T.);
#1750=FACE_BOUND('',#1634,.T.);
#1751=FACE_BOUND('',#1635,.T.);
#1752=FACE_BOUND('',#1636,.T.);
#1753=FACE_BOUND('',#1637,.T.);
#1754=FACE_BOUND('',#1638,.T.);
#1755=FACE_BOUND('',#1639,.T.);
#1756=FACE_BOUND('',#1640,.T.);
#1757=FACE_BOUND('',#1641,.T.);
#1758=FACE_BOUND('',#1642,.T.);
#1759=FACE_BOUND('',#1643,.T.);
#1760=FACE_BOUND('',#1644,.T.);
#1761=FACE_BOUND('',#1645,.T.);
#1762=FACE_BOUND('',#1646,.T.);
#1763=FACE_BOUND('',#1647,.T.);
#1764=FACE_BOUND('',#1648,.T.);
#1765=FACE_BOUND('',#1649,.T.);
#1766=FACE_BOUND('',#1650,.T.);
#1767=FACE_BOUND('',#1651,.T.);
#1768=FACE_BOUND('',#1652,.T.);
#1769=FACE_BOUND('',#1653,.T.);
#1770=FACE_BOUND('',#1654,.T.);
#1771=FACE_BOUND('',#1655,.T.);
#1772=FACE_BOUND('',#1656,.T.);
#1773=FACE_BOUND('',#1657,.T.);
#1774=FACE_BOUND('',#1658,.T.);
#1775=FACE_BOUND('',#1659,.T.);
#1776=FACE_BOUND('',#1660,.T.);
#1777=FACE_BOUND('',#1661,.T.);
#1778=FACE_BOUND('',#1662,.T.);
#1779=FACE_BOUND('',#1663,.T.);
#1780=FACE_BOUND('',#1664,.T.);
#1781=FACE_BOUND('',#1665,.T.);
#1782=FACE_BOUND('',#1666,.T.);
#1783=FACE_BOUND('',#1667,.T.);
#1784=FACE_BOUND('',#1668,.T.);
#1785=FACE_BOUND('',#1669,.T.);
#1786=FACE_BOUND('',#1670,.T.);
#1787=FACE_BOUND('',#1671,.T.);
#1788=FACE_BOUND('',#1672,.T.);
#1789=FACE_BOUND('',#1673,.T.);
#1790=FACE_BOUND('',#1674,.T.);
#1791=FACE_BOUND('',#1675,.T.);
#1792=FACE_BOUND('',#1676,.T.);
#1793=FACE_BOUND('',#1677,.T.);
#1794=FACE_BOUND('',#1678,.T.);
#1795=FACE_BOUND('',#1679,.T.);
#1796=FACE_BOUND('',#1680,.T.);
#1797=FACE_BOUND('',#1681,.T.);
#1798=FACE_BOUND('',#1682,.T.);
#1799=FACE_BOUND('',#1683,.T.);
#1800=FACE_BOUND('',#1684,.T.);
#1801=PLANE('',#2041);
#1802=PLANE('',#2042);
#1803=PLANE('',#2043);
#1804=PLANE('',#2044);
#1805=PLANE('',#2045);
#1806=PLANE('',#2046);
#1807=PLANE('',#2047);
#1808=PLANE('',#2048);
#1809=PLANE('',#2049);
#1810=PLANE('',#2050);
#1811=PLANE('',#2051);
#1812=PLANE('',#2052);
#1813=PLANE('',#2053);
#1814=PLANE('',#2054);
#1815=PLANE('',#2055);
#1816=PLANE('',#2056);
#1817=PLANE('',#2057);
#1818=PLANE('',#2058);
#1819=PLANE('',#2059);
#1820=PLANE('',#2060);
#1821=PLANE('',#2061);
#1822=PLANE('',#2062);
#1823=PLANE('',#2063);
#1824=PLANE('',#2064);
#1825=PLANE('',#2065);
#1826=PLANE('',#2066);
#1827=PLANE('',#2067);
#1828=PLANE('',#2068);
#1829=PLANE('',#2069);
#1830=PLANE('',#2070);
#1831=PLANE('',#2071);
#1832=PLANE('',#2072);
#1833=PLANE('',#2073);
#1834=PLANE('',#2074);
#1835=PLANE('',#2075);
#1836=PLANE('',#2076);
#1837=PLANE('',#2077);
#1838=PLANE('',#2078);
#1839=PLANE('',#2079);
#1840=PLANE('',#2080);
#1841=PLANE('',#2081);
#1842=PLANE('',#2082);
#1843=PLANE('',#2083);
#1844=PLANE('',#2084);
#1845=PLANE('',#2085);
#1846=PLANE('',#2086);
#1847=PLANE('',#2087);
#1848=PLANE('',#2088);
#1849=PLANE('',#2089);
#1850=PLANE('',#2090);
#1851=PLANE('',#2091);
#1852=PLANE('',#2092);
#1853=PLANE('',#2093);
#1854=PLANE('',#2094);
#1855=PLANE('',#2095);
#1856=PLANE('',#2096);
#1857=PLANE('',#2097);
#1858=PLANE('',#2098);
#1859=PLANE('',#2099);
#1860=PLANE('',#2100);
#1861=PLANE('',#2101);
#1862=PLANE('',#2102);
#1863=PLANE('',#2103);
#1864=PLANE('',#2104);
#1865=PLANE('',#2105);
#1866=PLANE('',#2106);
#1867=PLANE('',#2107);
#1868=PLANE('',#2108);
#1869=PLANE('',#2109);
#1870=PLANE('',#2111);
#1871=PLANE('',#2112);
#1872=PLANE('',#2113);
#1873=PLANE('',#2114);
#1874=PLANE('',#2115);
#1875=PLANE('',#2116);
#1876=PLANE('',#2117);
#1877=PLANE('',#2118);
#1878=PLANE('',#2119);
#1879=PLANE('',#2120);
#1880=PLANE('',#2121);
#1881=PLANE('',#2122);
#1882=PLANE('',#2123);
#1883=PLANE('',#2124);
#1884=PLANE('',#2125);
#1885=PLANE('',#2126);
#1886=PLANE('',#2127);
#1887=PLANE('',#2128);
#1888=PLANE('',#2129);
#1889=PLANE('',#2130);
#1890=PLANE('',#2131);
#1891=PLANE('',#2132);
#1892=PLANE('',#2133);
#1893=PLANE('',#2134);
#1894=PLANE('',#2135);
#1895=PLANE('',#2136);
#1896=PLANE('',#2137);
#1897=PLANE('',#2138);
#1898=PLANE('',#2139);
#1899=PLANE('',#2140);
#1900=PLANE('',#2141);
#1901=PLANE('',#2142);
#1902=PLANE('',#2143);
#1903=PLANE('',#2144);
#1904=PLANE('',#2145);
#1905=PLANE('',#2146);
#1906=PLANE('',#2147);
#1907=PLANE('',#2148);
#1908=ADVANCED_FACE('',(#1685),#1801,.T.);
#1909=ADVANCED_FACE('',(#1686),#1802,.T.);
#1910=ADVANCED_FACE('',(#1687),#1803,.T.);
#1911=ADVANCED_FACE('',(#1688),#1804,.T.);
#1912=ADVANCED_FACE('',(#1689),#1805,.F.);
#1913=ADVANCED_FACE('',(#1690),#1806,.F.);
#1914=ADVANCED_FACE('',(#1691),#1807,.F.);
#1915=ADVANCED_FACE('',(#1692),#1808,.F.);
#1916=ADVANCED_FACE('',(#1693),#1809,.F.);
#1917=ADVANCED_FACE('',(#1694),#1810,.F.);
#1918=ADVANCED_FACE('',(#1695),#1811,.F.);
#1919=ADVANCED_FACE('',(#1696),#1812,.F.);
#1920=ADVANCED_FACE('',(#1697),#1813,.F.);
#1921=ADVANCED_FACE('',(#1698),#1814,.F.);
#1922=ADVANCED_FACE('',(#1699),#1815,.F.);
#1923=ADVANCED_FACE('',(#1700),#1816,.F.);
#1924=ADVANCED_FACE('',(#1701),#1817,.T.);
#1925=ADVANCED_FACE('',(#1702),#1818,.T.);
#1926=ADVANCED_FACE('',(#1703),#1819,.T.);
#1927=ADVANCED_FACE('',(#1704),#1820,.T.);
#1928=ADVANCED_FACE('',(#1705),#1821,.T.);
#1929=ADVANCED_FACE('',(#1706),#1822,.T.);
#1930=ADVANCED_FACE('',(#1707),#1823,.T.);
#1931=ADVANCED_FACE('',(#1708),#1824,.T.);
#1932=ADVANCED_FACE('',(#1709),#1825,.T.);
#1933=ADVANCED_FACE('',(#1710),#1826,.T.);
#1934=ADVANCED_FACE('',(#1711),#1827,.T.);
#1935=ADVANCED_FACE('',(#1712),#1828,.T.);
#1936=ADVANCED_FACE('',(#1713),#1829,.T.);
#1937=ADVANCED_FACE('',(#1714),#1830,.T.);
#1938=ADVANCED_FACE('',(#1715),#1831,.T.);
#1939=ADVANCED_FACE('',(#1716),#1832,.T.);
#1940=ADVANCED_FACE('',(#1717),#1833,.T.);
#1941=ADVANCED_FACE('',(#1718),#1834,.T.);
#1942=ADVANCED_FACE('',(#1719),#1835,.T.);
#1943=ADVANCED_FACE('',(#1720),#1836,.T.);
#1944=ADVANCED_FACE('',(#1721),#1837,.T.);
#1945=ADVANCED_FACE('',(#1722),#1838,.T.);
#1946=ADVANCED_FACE('',(#1723),#1839,.T.);
#1947=ADVANCED_FACE('',(#1724),#1840,.T.);
#1948=ADVANCED_FACE('',(#1725,#1726),#1841,.F.);
#1949=ADVANCED_FACE('',(#1727),#1842,.F.);
#1950=ADVANCED_FACE('',(#1728),#1843,.F.);
#1951=ADVANCED_FACE('',(#1729),#1844,.F.);
#1952=ADVANCED_FACE('',(#1730),#1845,.T.);
#1953=ADVANCED_FACE('',(#1731),#1846,.T.);
#1954=ADVANCED_FACE('',(#1732,#1733),#1847,.T.);
#1955=ADVANCED_FACE('',(#1734,#1735),#1848,.T.);
#1956=ADVANCED_FACE('',(#1736),#1849,.F.);
#1957=ADVANCED_FACE('',(#1737),#1850,.F.);
#1958=ADVANCED_FACE('',(#1738),#1851,.F.);
#1959=ADVANCED_FACE('',(#1739),#1852,.F.);
#1960=ADVANCED_FACE('',(#1740),#1853,.F.);
#1961=ADVANCED_FACE('',(#1741,#1742),#1854,.T.);
#1962=ADVANCED_FACE('',(#1743,#1744),#1855,.T.);
#1963=ADVANCED_FACE('',(#1745),#1856,.T.);
#1964=ADVANCED_FACE('',(#1746),#1857,.T.);
#1965=ADVANCED_FACE('',(#1747),#1858,.T.);
#1966=ADVANCED_FACE('',(#1748),#1859,.T.);
#1967=ADVANCED_FACE('',(#1749),#1860,.T.);
#1968=ADVANCED_FACE('',(#1750),#1861,.T.);
#1969=ADVANCED_FACE('',(#1751),#1862,.T.);
#1970=ADVANCED_FACE('',(#1752),#1863,.T.);
#1971=ADVANCED_FACE('',(#1753),#1864,.T.);
#1972=ADVANCED_FACE('',(#1754),#1865,.T.);
#1973=ADVANCED_FACE('',(#1755),#1866,.T.);
#1974=ADVANCED_FACE('',(#1756),#1867,.T.);
#1975=ADVANCED_FACE('',(#1757),#1868,.T.);
#1976=ADVANCED_FACE('',(#1758),#1869,.T.);
#1977=ADVANCED_FACE('',(#1759),#1870,.F.);
#1978=ADVANCED_FACE('',(#1760),#1871,.F.);
#1979=ADVANCED_FACE('',(#1761),#1872,.F.);
#1980=ADVANCED_FACE('',(#1762),#1873,.F.);
#1981=ADVANCED_FACE('',(#1763),#1874,.T.);
#1982=ADVANCED_FACE('',(#1764),#1875,.T.);
#1983=ADVANCED_FACE('',(#1765),#1876,.F.);
#1984=ADVANCED_FACE('',(#1766),#1877,.F.);
#1985=ADVANCED_FACE('',(#1767),#1878,.T.);
#1986=ADVANCED_FACE('',(#1768),#1879,.T.);
#1987=ADVANCED_FACE('',(#1769),#1880,.F.);
#1988=ADVANCED_FACE('',(#1770),#1881,.F.);
#1989=ADVANCED_FACE('',(#1771),#1882,.F.);
#1990=ADVANCED_FACE('',(#1772),#1883,.F.);
#1991=ADVANCED_FACE('',(#1773),#1884,.T.);
#1992=ADVANCED_FACE('',(#1774),#1885,.T.);
#1993=ADVANCED_FACE('',(#1775),#1886,.T.);
#1994=ADVANCED_FACE('',(#1776),#1887,.T.);
#1995=ADVANCED_FACE('',(#1777),#1888,.T.);
#1996=ADVANCED_FACE('',(#1778),#1889,.T.);
#1997=ADVANCED_FACE('',(#1779),#1890,.T.);
#1998=ADVANCED_FACE('',(#1780),#1891,.T.);
#1999=ADVANCED_FACE('',(#1781),#1892,.F.);
#2000=ADVANCED_FACE('',(#1782),#1893,.F.);
#2001=ADVANCED_FACE('',(#1783,#1784,#1785),#1894,.F.);
#2002=ADVANCED_FACE('',(#1786),#1895,.F.);
#2003=ADVANCED_FACE('',(#1787,#1788,#1789),#1896,.F.);
#2004=ADVANCED_FACE('',(#1790),#1897,.F.);
#2005=ADVANCED_FACE('',(#1791),#1898,.T.);
#2006=ADVANCED_FACE('',(#1792),#1899,.F.);
#2007=ADVANCED_FACE('',(#1793),#1900,.T.);
#2008=ADVANCED_FACE('',(#1794),#1901,.T.);
#2009=ADVANCED_FACE('',(#1795),#1902,.T.);
#2010=ADVANCED_FACE('',(#1796),#1903,.T.);
#2011=ADVANCED_FACE('',(#1797),#1904,.T.);
#2012=ADVANCED_FACE('',(#1798),#1905,.T.);
#2013=ADVANCED_FACE('',(#1799),#1906,.T.);
#2014=ADVANCED_FACE('',(#1800),#1907,.T.);
#2015=CLOSED_SHELL('',(#1908,#1909,#1910,#1911,#1912,#1913,#1914,#1915,
#1916,#1917,#1918,#1919,#1920,#1921,#1922,#1923,#1924,#1925,#1926,#1927,
#1928,#1929,#1930,#1931,#1932,#1933,#1934,#1935,#1936,#1937,#1938,#1939,
#1940,#1941,#1942,#1943,#1944,#1945,#1946,#1947,#1948,#1949,#1950,#1951,
#1952,#1953,#1954,#1955,#1956,#1957,#1958,#1959,#1960,#1961,#1962,#1963,
#1964,#1965,#1966,#1967,#1968,#1969,#1970,#1971,#1972,#1973,#1974,#1975,
#1976));
#2016=CLOSED_SHELL('',(#1977,#1978,#1979,#1980,#1981,#1982,#1983,#1984,
#1985,#1986,#1987,#1988,#1989,#1990,#1991,#1992,#1993,#1994,#1995,#1996,
#1997,#1998,#1999,#2000,#2001,#2002,#2003,#2004,#2005,#2006,#2007,#2008,
#2009,#2010,#2011,#2012,#2013,#2014));
#2017=STYLED_ITEM('',(#2019),#2032);
#2018=STYLED_ITEM('',(#2020),#2033);
#2019=PRESENTATION_STYLE_ASSIGNMENT((#2021));
#2020=PRESENTATION_STYLE_ASSIGNMENT((#2022));
#2021=SURFACE_STYLE_USAGE(.BOTH.,#2023);
#2022=SURFACE_STYLE_USAGE(.BOTH.,#2024);
#2023=SURFACE_SIDE_STYLE('',(#2025));
#2024=SURFACE_SIDE_STYLE('',(#2026));
#2025=SURFACE_STYLE_FILL_AREA(#2027);
#2026=SURFACE_STYLE_FILL_AREA(#2028);
#2027=FILL_AREA_STYLE('',(#2029));
#2028=FILL_AREA_STYLE('',(#2030));
#2029=FILL_AREA_STYLE_COLOUR('',#2031);
#2030=FILL_AREA_STYLE_COLOUR('',#10);
#2031=COLOUR_RGB('',0.5,0.5,0.5);
#2032=MANIFOLD_SOLID_BREP('TSW-102-07-F-S_body',#2015);
#2033=MANIFOLD_SOLID_BREP('T-1S6-07-TSW-1-07-2-S',#2016);
#2034=SHAPE_DEFINITION_REPRESENTATION(#3217,#2037);
#2035=SHAPE_DEFINITION_REPRESENTATION(#3218,#2038);
#2036=SHAPE_DEFINITION_REPRESENTATION(#3220,#2039);
#2037=SHAPE_REPRESENTATION('TSW-102-07-F-S',(#2040,#2110,#2149),#3205);
#2038=SHAPE_REPRESENTATION('TSW-102-07-F-S_body',(#2040),#3206);
#2039=SHAPE_REPRESENTATION('T-1S6-07-TSW-1-07-2-S',(#2040),#3207);
#2040=AXIS2_PLACEMENT_3D('',#2644,#2150,#2151);
#2041=AXIS2_PLACEMENT_3D('',#2645,#2152,#2153);
#2042=AXIS2_PLACEMENT_3D('',#2658,#2160,#2161);
#2043=AXIS2_PLACEMENT_3D('',#2668,#2167,#2168);
#2044=AXIS2_PLACEMENT_3D('',#2685,#2177,#2178);
#2045=AXIS2_PLACEMENT_3D('',#2699,#2186,#2187);
#2046=AXIS2_PLACEMENT_3D('',#2720,#2199,#2200);
#2047=AXIS2_PLACEMENT_3D('',#2741,#2212,#2213);
#2048=AXIS2_PLACEMENT_3D('',#2762,#2225,#2226);
#2049=AXIS2_PLACEMENT_3D('',#2783,#2238,#2239);
#2050=AXIS2_PLACEMENT_3D('',#2789,#2243,#2244);
#2051=AXIS2_PLACEMENT_3D('',#2795,#2248,#2249);
#2052=AXIS2_PLACEMENT_3D('',#2801,#2253,#2254);
#2053=AXIS2_PLACEMENT_3D('',#2807,#2258,#2259);
#2054=AXIS2_PLACEMENT_3D('',#2813,#2263,#2264);
#2055=AXIS2_PLACEMENT_3D('',#2819,#2268,#2269);
#2056=AXIS2_PLACEMENT_3D('',#2825,#2273,#2274);
#2057=AXIS2_PLACEMENT_3D('',#2831,#2278,#2279);
#2058=AXIS2_PLACEMENT_3D('',#2833,#2281,#2282);
#2059=AXIS2_PLACEMENT_3D('',#2835,#2284,#2285);
#2060=AXIS2_PLACEMENT_3D('',#2837,#2287,#2288);
#2061=AXIS2_PLACEMENT_3D('',#2839,#2290,#2291);
#2062=AXIS2_PLACEMENT_3D('',#2843,#2294,#2295);
#2063=AXIS2_PLACEMENT_3D('',#2847,#2298,#2299);
#2064=AXIS2_PLACEMENT_3D('',#2851,#2302,#2303);
#2065=AXIS2_PLACEMENT_3D('',#2855,#2306,#2307);
#2066=AXIS2_PLACEMENT_3D('',#2859,#2310,#2311);
#2067=AXIS2_PLACEMENT_3D('',#2863,#2314,#2315);
#2068=AXIS2_PLACEMENT_3D('',#2867,#2318,#2319);
#2069=AXIS2_PLACEMENT_3D('',#2871,#2322,#2323);
#2070=AXIS2_PLACEMENT_3D('',#2875,#2326,#2327);
#2071=AXIS2_PLACEMENT_3D('',#2879,#2330,#2331);
#2072=AXIS2_PLACEMENT_3D('',#2883,#2334,#2335);
#2073=AXIS2_PLACEMENT_3D('',#2887,#2338,#2339);
#2074=AXIS2_PLACEMENT_3D('',#2896,#2344,#2345);
#2075=AXIS2_PLACEMENT_3D('',#2902,#2349,#2350);
#2076=AXIS2_PLACEMENT_3D('',#2908,#2354,#2355);
#2077=AXIS2_PLACEMENT_3D('',#2917,#2360,#2361);
#2078=AXIS2_PLACEMENT_3D('',#2923,#2365,#2366);
#2079=AXIS2_PLACEMENT_3D('',#2929,#2370,#2371);
#2080=AXIS2_PLACEMENT_3D('',#2932,#2374,#2375);
#2081=AXIS2_PLACEMENT_3D('',#2935,#2378,#2379);
#2082=AXIS2_PLACEMENT_3D('',#2952,#2388,#2389);
#2083=AXIS2_PLACEMENT_3D('',#2958,#2393,#2394);
#2084=AXIS2_PLACEMENT_3D('',#2964,#2398,#2399);
#2085=AXIS2_PLACEMENT_3D('',#2967,#2402,#2403);
#2086=AXIS2_PLACEMENT_3D('',#2970,#2406,#2407);
#2087=AXIS2_PLACEMENT_3D('',#2973,#2410,#2411);
#2088=AXIS2_PLACEMENT_3D('',#2974,#2412,#2413);
#2089=AXIS2_PLACEMENT_3D('',#2975,#2414,#2415);
#2090=AXIS2_PLACEMENT_3D('',#2981,#2419,#2420);
#2091=AXIS2_PLACEMENT_3D('',#2985,#2423,#2424);
#2092=AXIS2_PLACEMENT_3D('',#2989,#2427,#2428);
#2093=AXIS2_PLACEMENT_3D('',#2991,#2430,#2431);
#2094=AXIS2_PLACEMENT_3D('',#2992,#2432,#2433);
#2095=AXIS2_PLACEMENT_3D('',#2997,#2438,#2439);
#2096=AXIS2_PLACEMENT_3D('',#3002,#2444,#2445);
#2097=AXIS2_PLACEMENT_3D('',#3003,#2446,#2447);
#2098=AXIS2_PLACEMENT_3D('',#3004,#2448,#2449);
#2099=AXIS2_PLACEMENT_3D('',#3005,#2450,#2451);
#2100=AXIS2_PLACEMENT_3D('',#3006,#2452,#2453);
#2101=AXIS2_PLACEMENT_3D('',#3007,#2454,#2455);
#2102=AXIS2_PLACEMENT_3D('',#3008,#2456,#2457);
#2103=AXIS2_PLACEMENT_3D('',#3009,#2458,#2459);
#2104=AXIS2_PLACEMENT_3D('',#3010,#2460,#2461);
#2105=AXIS2_PLACEMENT_3D('',#3012,#2463,#2464);
#2106=AXIS2_PLACEMENT_3D('',#3014,#2466,#2467);
#2107=AXIS2_PLACEMENT_3D('',#3015,#2468,#2469);
#2108=AXIS2_PLACEMENT_3D('',#3017,#2471,#2472);
#2109=AXIS2_PLACEMENT_3D('',#3019,#2474,#2475);
#2110=AXIS2_PLACEMENT_3D('',#3020,#2476,#2477);
#2111=AXIS2_PLACEMENT_3D('',#3021,#2478,#2479);
#2112=AXIS2_PLACEMENT_3D('',#3030,#2484,#2485);
#2113=AXIS2_PLACEMENT_3D('',#3039,#2490,#2491);
#2114=AXIS2_PLACEMENT_3D('',#3049,#2497,#2498);
#2115=AXIS2_PLACEMENT_3D('',#3059,#2504,#2505);
#2116=AXIS2_PLACEMENT_3D('',#3069,#2511,#2512);
#2117=AXIS2_PLACEMENT_3D('',#3079,#2518,#2519);
#2118=AXIS2_PLACEMENT_3D('',#3082,#2522,#2523);
#2119=AXIS2_PLACEMENT_3D('',#3085,#2526,#2527);
#2120=AXIS2_PLACEMENT_3D('',#3088,#2530,#2531);
#2121=AXIS2_PLACEMENT_3D('',#3091,#2534,#2535);
#2122=AXIS2_PLACEMENT_3D('',#3100,#2540,#2541);
#2123=AXIS2_PLACEMENT_3D('',#3109,#2546,#2547);
#2124=AXIS2_PLACEMENT_3D('',#3118,#2552,#2553);
#2125=AXIS2_PLACEMENT_3D('',#3127,#2558,#2559);
#2126=AXIS2_PLACEMENT_3D('',#3136,#2564,#2565);
#2127=AXIS2_PLACEMENT_3D('',#3145,#2570,#2571);
#2128=AXIS2_PLACEMENT_3D('',#3149,#2575,#2576);
#2129=AXIS2_PLACEMENT_3D('',#3153,#2580,#2581);
#2130=AXIS2_PLACEMENT_3D('',#3157,#2585,#2586);
#2131=AXIS2_PLACEMENT_3D('',#3161,#2590,#2591);
#2132=AXIS2_PLACEMENT_3D('',#3163,#2593,#2594);
#2133=AXIS2_PLACEMENT_3D('',#3165,#2596,#2597);
#2134=AXIS2_PLACEMENT_3D('',#3167,#2599,#2600);
#2135=AXIS2_PLACEMENT_3D('',#3169,#2602,#2603);
#2136=AXIS2_PLACEMENT_3D('',#3178,#2608,#2609);
#2137=AXIS2_PLACEMENT_3D('',#3184,#2613,#2614);
#2138=AXIS2_PLACEMENT_3D('',#3190,#2618,#2619);
#2139=AXIS2_PLACEMENT_3D('',#3193,#2622,#2623);
#2140=AXIS2_PLACEMENT_3D('',#3194,#2624,#2625);
#2141=AXIS2_PLACEMENT_3D('',#3195,#2626,#2627);
#2142=AXIS2_PLACEMENT_3D('',#3196,#2628,#2629);
#2143=AXIS2_PLACEMENT_3D('',#3197,#2630,#2631);
#2144=AXIS2_PLACEMENT_3D('',#3198,#2632,#2633);
#2145=AXIS2_PLACEMENT_3D('',#3199,#2634,#2635);
#2146=AXIS2_PLACEMENT_3D('',#3200,#2636,#2637);
#2147=AXIS2_PLACEMENT_3D('',#3201,#2638,#2639);
#2148=AXIS2_PLACEMENT_3D('',#3202,#2640,#2641);
#2149=AXIS2_PLACEMENT_3D('',#3203,#2642,#2643);
#2150=DIRECTION('',(0.,0.,1.));
#2151=DIRECTION('',(1.,0.,0.));
#2152=DIRECTION('',(0.707106781186547,0.707106781186548,0.));
#2153=DIRECTION('',(-0.707106781186548,0.707106781186547,0.));
#2154=DIRECTION('',(0.,0.,-1.));
#2155=DIRECTION('',(0.401488399504225,-0.401488399504225,-0.823173207853044));
#2156=DIRECTION('',(0.707106781186548,-0.707106781186547,0.));
#2157=DIRECTION('',(0.,0.,-1.));
#2158=DIRECTION('',(-0.707106781186548,0.707106781186547,0.));
#2159=DIRECTION('',(-0.401488399504228,0.401488399504228,-0.823173207853042));
#2160=DIRECTION('',(-0.707106781186547,0.707106781186548,0.));
#2161=DIRECTION('',(-0.707106781186548,-0.707106781186547,0.));
#2162=DIRECTION('',(0.707106781186548,0.707106781186547,0.));
#2163=DIRECTION('',(0.401488399504237,0.401488399504237,0.823173207853032));
#2164=DIRECTION('',(0.,0.,1.));
#2165=DIRECTION('',(-0.401488399504228,-0.401488399504228,0.823173207853042));
#2166=DIRECTION('',(-0.707106781186548,-0.707106781186547,0.));
#2167=DIRECTION('',(0.707106781186547,-0.707106781186548,0.));
#2168=DIRECTION('',(0.707106781186548,0.707106781186547,0.));
#2169=DIRECTION('',(-0.707106781186548,-0.707106781186547,0.));
#2170=DIRECTION('',(-0.401488399504225,-0.401488399504224,0.823173207853045));
#2171=DIRECTION('',(0.,0.,-1.));
#2172=DIRECTION('',(0.,0.,-1.));
#2173=DIRECTION('',(0.,0.,-1.));
#2174=DIRECTION('',(0.401488399504228,0.401488399504227,0.823173207853042));
#2175=DIRECTION('',(0.707106781186548,0.707106781186547,0.));
#2176=DIRECTION('',(0.,0.,-1.));
#2177=DIRECTION('',(-0.707106781186547,-0.707106781186548,0.));
#2178=DIRECTION('',(0.707106781186548,-0.707106781186547,0.));
#2179=DIRECTION('',(0.,0.,-1.));
#2180=DIRECTION('',(-0.401488399504238,0.401488399504237,-0.823173207853033));
#2181=DIRECTION('',(-0.707106781186548,0.707106781186547,0.));
#2182=DIRECTION('',(0.707106781186548,-0.707106781186547,0.));
#2183=DIRECTION('',(0.401488399504228,-0.401488399504227,-0.823173207853042));
#2184=DIRECTION('',(0.,0.,-1.));
#2185=DIRECTION('',(0.,0.,1.));
#2186=DIRECTION('',(0.,0.,-1.));
#2187=DIRECTION('',(-1.,0.,0.));
#2188=DIRECTION('',(0.,-1.,0.));
#2189=DIRECTION('',(1.,0.,0.));
#2190=DIRECTION('',(0.,-1.,0.));
#2191=DIRECTION('',(-1.,-9.23014419849868E-17,0.));
#2192=DIRECTION('',(0.,1.,0.));
#2193=DIRECTION('',(1.,0.,0.));
#2194=DIRECTION('',(0.,-1.,0.));
#2195=DIRECTION('',(-1.,0.,0.));
#2196=DIRECTION('',(0.,1.,0.));
#2197=DIRECTION('',(1.,0.,0.));
#2198=DIRECTION('',(0.,-1.,0.));
#2199=DIRECTION('',(0.,0.,-1.));
#2200=DIRECTION('',(-1.,0.,0.));
#2201=DIRECTION('',(0.,-1.,0.));
#2202=DIRECTION('',(0.,1.,0.));
#2203=DIRECTION('',(1.,0.,0.));
#2204=DIRECTION('',(0.,-1.,0.));
#2205=DIRECTION('',(-1.,0.,0.));
#2206=DIRECTION('',(0.,1.,0.));
#2207=DIRECTION('',(1.,0.,0.));
#2208=DIRECTION('',(0.,-1.,0.));
#2209=DIRECTION('',(-1.,0.,0.));
#2210=DIRECTION('',(0.,-1.,0.));
#2211=DIRECTION('',(1.,0.,0.));
#2212=DIRECTION('',(0.,0.,1.));
#2213=DIRECTION('',(1.,0.,0.));
#2214=DIRECTION('',(0.,-1.,0.));
#2215=DIRECTION('',(0.,1.,0.));
#2216=DIRECTION('',(-1.,0.,0.));
#2217=DIRECTION('',(0.,-1.,0.));
#2218=DIRECTION('',(1.,0.,0.));
#2219=DIRECTION('',(0.,1.,0.));
#2220=DIRECTION('',(-1.,0.,0.));
#2221=DIRECTION('',(0.,-1.,0.));
#2222=DIRECTION('',(1.,9.23014419849868E-17,0.));
#2223=DIRECTION('',(0.,-1.,0.));
#2224=DIRECTION('',(-1.,0.,0.));
#2225=DIRECTION('',(0.,0.,1.));
#2226=DIRECTION('',(1.,0.,0.));
#2227=DIRECTION('',(0.,-1.,0.));
#2228=DIRECTION('',(-1.,0.,0.));
#2229=DIRECTION('',(0.,-1.,0.));
#2230=DIRECTION('',(1.,0.,0.));
#2231=DIRECTION('',(0.,1.,0.));
#2232=DIRECTION('',(-1.,0.,0.));
#2233=DIRECTION('',(0.,-1.,0.));
#2234=DIRECTION('',(1.,0.,0.));
#2235=DIRECTION('',(0.,1.,0.));
#2236=DIRECTION('',(-1.,0.,0.));
#2237=DIRECTION('',(0.,-1.,0.));
#2238=DIRECTION('',(0.,1.,0.));
#2239=DIRECTION('',(0.,0.,1.));
#2240=DIRECTION('',(-1.,0.,0.));
#2241=DIRECTION('',(0.,0.,-1.));
#2242=DIRECTION('',(0.,0.,-1.));
#2243=DIRECTION('',(0.,1.,0.));
#2244=DIRECTION('',(0.,0.,1.));
#2245=DIRECTION('',(1.,0.,0.));
#2246=DIRECTION('',(0.,0.,-1.));
#2247=DIRECTION('',(0.,0.,-1.));
#2248=DIRECTION('',(0.,1.,0.));
#2249=DIRECTION('',(0.,0.,1.));
#2250=DIRECTION('',(-1.,0.,0.));
#2251=DIRECTION('',(0.,0.,-1.));
#2252=DIRECTION('',(0.,0.,-1.));
#2253=DIRECTION('',(0.,1.,0.));
#2254=DIRECTION('',(0.,0.,1.));
#2255=DIRECTION('',(1.,0.,0.));
#2256=DIRECTION('',(0.,0.,-1.));
#2257=DIRECTION('',(0.,0.,-1.));
#2258=DIRECTION('',(0.,1.,0.));
#2259=DIRECTION('',(0.,0.,1.));
#2260=DIRECTION('',(-1.,0.,0.));
#2261=DIRECTION('',(0.,0.,-1.));
#2262=DIRECTION('',(0.,0.,1.));
#2263=DIRECTION('',(0.,1.,0.));
#2264=DIRECTION('',(0.,0.,1.));
#2265=DIRECTION('',(1.,0.,0.));
#2266=DIRECTION('',(0.,0.,1.));
#2267=DIRECTION('',(0.,0.,-1.));
#2268=DIRECTION('',(0.,1.,0.));
#2269=DIRECTION('',(0.,0.,1.));
#2270=DIRECTION('',(-1.,0.,0.));
#2271=DIRECTION('',(0.,0.,-1.));
#2272=DIRECTION('',(0.,0.,1.));
#2273=DIRECTION('',(0.,1.,0.));
#2274=DIRECTION('',(0.,0.,1.));
#2275=DIRECTION('',(1.,0.,0.));
#2276=DIRECTION('',(0.,0.,1.));
#2277=DIRECTION('',(0.,0.,-1.));
#2278=DIRECTION('',(1.,0.,0.));
#2279=DIRECTION('',(0.,0.,-1.));
#2280=DIRECTION('',(0.,1.,0.));
#2281=DIRECTION('',(1.,0.,0.));
#2282=DIRECTION('',(0.,0.,-1.));
#2283=DIRECTION('',(0.,-1.,0.));
#2284=DIRECTION('',(-1.,0.,0.));
#2285=DIRECTION('',(0.,0.,1.));
#2286=DIRECTION('',(0.,-1.,0.));
#2287=DIRECTION('',(-1.,0.,0.));
#2288=DIRECTION('',(0.,0.,1.));
#2289=DIRECTION('',(0.,1.,0.));
#2290=DIRECTION('',(-1.,0.,0.));
#2291=DIRECTION('',(0.,0.,1.));
#2292=DIRECTION('',(0.,0.,-1.));
#2293=DIRECTION('',(0.,-1.,0.));
#2294=DIRECTION('',(-1.,0.,0.));
#2295=DIRECTION('',(0.,0.,1.));
#2296=DIRECTION('',(0.,1.,0.));
#2297=DIRECTION('',(0.,0.,-1.));
#2298=DIRECTION('',(1.,0.,0.));
#2299=DIRECTION('',(0.,0.,-1.));
#2300=DIRECTION('',(0.,1.,0.));
#2301=DIRECTION('',(0.,0.,-1.));
#2302=DIRECTION('',(1.,0.,0.));
#2303=DIRECTION('',(0.,0.,-1.));
#2304=DIRECTION('',(0.,0.,-1.));
#2305=DIRECTION('',(0.,-1.,0.));
#2306=DIRECTION('',(-1.,0.,0.));
#2307=DIRECTION('',(0.,0.,1.));
#2308=DIRECTION('',(0.,0.,-1.));
#2309=DIRECTION('',(0.,-1.,0.));
#2310=DIRECTION('',(-1.,0.,0.));
#2311=DIRECTION('',(0.,0.,1.));
#2312=DIRECTION('',(0.,1.,0.));
#2313=DIRECTION('',(0.,0.,-1.));
#2314=DIRECTION('',(1.,0.,0.));
#2315=DIRECTION('',(0.,0.,-1.));
#2316=DIRECTION('',(0.,1.,0.));
#2317=DIRECTION('',(0.,0.,-1.));
#2318=DIRECTION('',(1.,0.,0.));
#2319=DIRECTION('',(0.,0.,-1.));
#2320=DIRECTION('',(0.,0.,-1.));
#2321=DIRECTION('',(0.,-1.,0.));
#2322=DIRECTION('',(-1.,0.,0.));
#2323=DIRECTION('',(0.,0.,1.));
#2324=DIRECTION('',(0.,0.,-1.));
#2325=DIRECTION('',(0.,-1.,0.));
#2326=DIRECTION('',(-1.,0.,0.));
#2327=DIRECTION('',(0.,0.,1.));
#2328=DIRECTION('',(0.,1.,0.));
#2329=DIRECTION('',(0.,0.,-1.));
#2330=DIRECTION('',(1.,0.,0.));
#2331=DIRECTION('',(0.,0.,-1.));
#2332=DIRECTION('',(0.,1.,0.));
#2333=DIRECTION('',(0.,0.,-1.));
#2334=DIRECTION('',(1.,0.,0.));
#2335=DIRECTION('',(0.,0.,-1.));
#2336=DIRECTION('',(0.,0.,-1.));
#2337=DIRECTION('',(0.,-1.,0.));
#2338=DIRECTION('',(0.,0.,1.));
#2339=DIRECTION('',(1.,0.,0.));
#2340=DIRECTION('',(0.,-1.,0.));
#2341=DIRECTION('',(1.,0.,0.));
#2342=DIRECTION('',(0.,-1.,0.));
#2343=DIRECTION('',(-1.,0.,0.));
#2344=DIRECTION('',(-1.,0.,0.));
#2345=DIRECTION('',(0.,0.,1.));
#2346=DIRECTION('',(0.,0.,1.));
#2347=DIRECTION('',(0.,-1.,0.));
#2348=DIRECTION('',(0.,0.,-1.));
#2349=DIRECTION('',(0.,0.,-1.));
#2350=DIRECTION('',(-1.,0.,0.));
#2351=DIRECTION('',(-1.,0.,0.));
#2352=DIRECTION('',(0.,-1.,0.));
#2353=DIRECTION('',(1.,0.,0.));
#2354=DIRECTION('',(0.,0.,1.));
#2355=DIRECTION('',(1.,0.,0.));
#2356=DIRECTION('',(0.,-1.,0.));
#2357=DIRECTION('',(1.,0.,0.));
#2358=DIRECTION('',(0.,-1.,0.));
#2359=DIRECTION('',(-1.,0.,0.));
#2360=DIRECTION('',(-1.,0.,0.));
#2361=DIRECTION('',(0.,0.,1.));
#2362=DIRECTION('',(0.,0.,1.));
#2363=DIRECTION('',(0.,-1.,0.));
#2364=DIRECTION('',(0.,0.,-1.));
#2365=DIRECTION('',(0.,0.,-1.));
#2366=DIRECTION('',(-1.,0.,0.));
#2367=DIRECTION('',(-1.,0.,0.));
#2368=DIRECTION('',(0.,-1.,0.));
#2369=DIRECTION('',(1.,0.,0.));
#2370=DIRECTION('',(1.,0.,0.));
#2371=DIRECTION('',(0.,0.,-1.));
#2372=DIRECTION('',(0.,0.,-1.));
#2373=DIRECTION('',(0.,0.,1.));
#2374=DIRECTION('',(1.,0.,0.));
#2375=DIRECTION('',(0.,0.,-1.));
#2376=DIRECTION('',(0.,0.,-1.));
#2377=DIRECTION('',(0.,0.,1.));
#2378=DIRECTION('',(1.,0.,0.));
#2379=DIRECTION('',(0.,0.,-1.));
#2380=DIRECTION('',(0.,0.,-1.));
#2381=DIRECTION('',(0.,1.,0.));
#2382=DIRECTION('',(0.,0.,1.));
#2383=DIRECTION('',(0.,-1.,0.));
#2384=DIRECTION('',(0.,0.,-1.));
#2385=DIRECTION('',(0.,-1.,0.));
#2386=DIRECTION('',(0.,0.,1.));
#2387=DIRECTION('',(0.,1.,0.));
#2388=DIRECTION('',(1.,0.,0.));
#2389=DIRECTION('',(0.,0.,-1.));
#2390=DIRECTION('',(0.,0.,-1.));
#2391=DIRECTION('',(0.,0.,1.));
#2392=DIRECTION('',(0.,1.,0.));
#2393=DIRECTION('',(1.,0.,0.));
#2394=DIRECTION('',(0.,0.,-1.));
#2395=DIRECTION('',(0.,0.,-1.));
#2396=DIRECTION('',(0.,-1.,0.));
#2397=DIRECTION('',(0.,0.,1.));
#2398=DIRECTION('',(-1.,0.,0.));
#2399=DIRECTION('',(0.,0.,1.));
#2400=DIRECTION('',(0.,0.,1.));
#2401=DIRECTION('',(0.,0.,-1.));
#2402=DIRECTION('',(0.,0.,-1.));
#2403=DIRECTION('',(-1.,0.,0.));
#2404=DIRECTION('',(-1.,-9.23014419849868E-17,0.));
#2405=DIRECTION('',(-1.,0.,0.));
#2406=DIRECTION('',(0.,0.,1.));
#2407=DIRECTION('',(1.,0.,0.));
#2408=DIRECTION('',(1.,9.23014419849868E-17,0.));
#2409=DIRECTION('',(-1.,0.,0.));
#2410=DIRECTION('',(0.,1.,0.));
#2411=DIRECTION('',(0.,0.,1.));
#2412=DIRECTION('',(0.,1.,0.));
#2413=DIRECTION('',(0.,0.,1.));
#2414=DIRECTION('',(0.,-1.,0.));
#2415=DIRECTION('',(0.,0.,-1.));
#2416=DIRECTION('',(-1.,0.,0.));
#2417=DIRECTION('',(-1.,0.,0.));
#2418=DIRECTION('',(0.,0.,1.));
#2419=DIRECTION('',(0.,0.,-1.));
#2420=DIRECTION('',(-1.,0.,0.));
#2421=DIRECTION('',(-1.,0.,0.));
#2422=DIRECTION('',(0.,-1.,0.));
#2423=DIRECTION('',(0.,1.,0.));
#2424=DIRECTION('',(0.,0.,1.));
#2425=DIRECTION('',(-1.,0.,0.));
#2426=DIRECTION('',(0.,0.,-1.));
#2427=DIRECTION('',(0.,0.,1.));
#2428=DIRECTION('',(1.,0.,0.));
#2429=DIRECTION('',(0.,1.,0.));
#2430=DIRECTION('',(1.,0.,0.));
#2431=DIRECTION('',(0.,0.,-1.));
#2432=DIRECTION('',(9.23014419849868E-17,-1.,0.));
#2433=DIRECTION('',(1.,9.23014419849868E-17,0.));
#2434=DIRECTION('',(-1.,0.,0.));
#2435=DIRECTION('',(-1.,0.,0.));
#2436=DIRECTION('',(-1.,0.,0.));
#2437=DIRECTION('',(-1.,0.,0.));
#2438=DIRECTION('',(0.,-1.,0.));
#2439=DIRECTION('',(0.,0.,-1.));
#2440=DIRECTION('',(-1.,0.,0.));
#2441=DIRECTION('',(-1.,0.,0.));
#2442=DIRECTION('',(-1.,0.,0.));
#2443=DIRECTION('',(-1.,0.,0.));
#2444=DIRECTION('',(0.,0.,1.));
#2445=DIRECTION('',(1.,0.,0.));
#2446=DIRECTION('',(0.,0.,-1.));
#2447=DIRECTION('',(-1.,0.,0.));
#2448=DIRECTION('',(0.,0.,1.));
#2449=DIRECTION('',(1.,0.,0.));
#2450=DIRECTION('',(0.,0.,-1.));
#2451=DIRECTION('',(-1.,0.,0.));
#2452=DIRECTION('',(0.,0.,1.));
#2453=DIRECTION('',(1.,0.,0.));
#2454=DIRECTION('',(0.,0.,-1.));
#2455=DIRECTION('',(-1.,0.,0.));
#2456=DIRECTION('',(0.,0.,-1.));
#2457=DIRECTION('',(-1.,0.,0.));
#2458=DIRECTION('',(0.,0.,1.));
#2459=DIRECTION('',(1.,0.,0.));
#2460=DIRECTION('',(0.898794046299167,0.,-0.438371146789077));
#2461=DIRECTION('',(-0.438371146789077,0.,-0.898794046299167));
#2462=DIRECTION('',(0.,-1.,0.));
#2463=DIRECTION('',(0.,0.,-1.));
#2464=DIRECTION('',(-1.,0.,0.));
#2465=DIRECTION('',(0.,-1.,0.));
#2466=DIRECTION('',(-0.898794046299167,0.,-0.438371146789077));
#2467=DIRECTION('',(-0.438371146789077,0.,0.898794046299167));
#2468=DIRECTION('',(0.898794046299169,0.,0.438371146789074));
#2469=DIRECTION('',(0.438371146789074,0.,-0.898794046299169));
#2470=DIRECTION('',(0.,-1.,0.));
#2471=DIRECTION('',(-0.898794046299161,0.,0.43837114678909));
#2472=DIRECTION('',(0.43837114678909,0.,0.898794046299161));
#2473=DIRECTION('',(0.,-1.,0.));
#2474=DIRECTION('',(0.,0.,1.));
#2475=DIRECTION('',(1.,0.,0.));
#2476=DIRECTION('',(0.,0.,1.));
#2477=DIRECTION('',(1.,0.,0.));
#2478=DIRECTION('',(0.,1.,0.));
#2479=DIRECTION('',(0.,0.,1.));
#2480=DIRECTION('',(0.,0.,-1.));
#2481=DIRECTION('',(1.,0.,0.));
#2482=DIRECTION('',(0.,0.,-1.));
#2483=DIRECTION('',(1.,0.,0.));
#2484=DIRECTION('',(0.,1.,0.));
#2485=DIRECTION('',(0.,0.,1.));
#2486=DIRECTION('',(0.,0.,-1.));
#2487=DIRECTION('',(1.,0.,0.));
#2488=DIRECTION('',(0.,0.,-1.));
#2489=DIRECTION('',(1.,0.,0.));
#2490=DIRECTION('',(0.,0.,1.));
#2491=DIRECTION('',(1.,0.,0.));
#2492=DIRECTION('',(0.500000000000004,-0.866025403784437,0.));
#2493=DIRECTION('',(0.,-1.,0.));
#2494=DIRECTION('',(-1.,0.,0.));
#2495=DIRECTION('',(0.,1.,0.));
#2496=DIRECTION('',(0.500000000000003,0.866025403784437,0.));
#2497=DIRECTION('',(0.,0.,1.));
#2498=DIRECTION('',(1.,0.,0.));
#2499=DIRECTION('',(0.500000000000003,0.866025403784437,0.));
#2500=DIRECTION('',(0.499999999999979,-0.86602540378445,0.));
#2501=DIRECTION('',(0.,-1.,0.));
#2502=DIRECTION('',(-1.,0.,0.));
#2503=DIRECTION('',(0.,1.,0.));
#2504=DIRECTION('',(0.,0.,1.));
#2505=DIRECTION('',(1.,0.,0.));
#2506=DIRECTION('',(0.,-1.,0.));
#2507=DIRECTION('',(0.500000000000004,-0.866025403784437,0.));
#2508=DIRECTION('',(0.500000000000003,0.866025403784437,0.));
#2509=DIRECTION('',(0.,1.,0.));
#2510=DIRECTION('',(-1.,0.,0.));
#2511=DIRECTION('',(0.,0.,1.));
#2512=DIRECTION('',(1.,0.,0.));
#2513=DIRECTION('',(0.500000000000003,0.866025403784437,0.));
#2514=DIRECTION('',(0.,1.,0.));
#2515=DIRECTION('',(-1.,0.,0.));
#2516=DIRECTION('',(0.,-1.,0.));
#2517=DIRECTION('',(0.499999999999979,-0.86602540378445,0.));
#2518=DIRECTION('',(-1.,0.,0.));
#2519=DIRECTION('',(0.,0.,1.));
#2520=DIRECTION('',(0.,0.,1.));
#2521=DIRECTION('',(0.,0.,-1.));
#2522=DIRECTION('',(1.,0.,0.));
#2523=DIRECTION('',(0.,0.,-1.));
#2524=DIRECTION('',(0.,0.,-1.));
#2525=DIRECTION('',(0.,0.,1.));
#2526=DIRECTION('',(1.,0.,0.));
#2527=DIRECTION('',(0.,0.,-1.));
#2528=DIRECTION('',(0.,0.,-1.));
#2529=DIRECTION('',(0.,0.,-1.));
#2530=DIRECTION('',(-1.,0.,0.));
#2531=DIRECTION('',(0.,0.,1.));
#2532=DIRECTION('',(0.,0.,1.));
#2533=DIRECTION('',(0.,0.,-1.));
#2534=DIRECTION('',(0.,-1.,0.));
#2535=DIRECTION('',(0.,0.,-1.));
#2536=DIRECTION('',(0.,0.,-1.));
#2537=DIRECTION('',(-1.,0.,0.));
#2538=DIRECTION('',(0.,0.,-1.));
#2539=DIRECTION('',(-1.,0.,0.));
#2540=DIRECTION('',(0.,-1.,0.));
#2541=DIRECTION('',(0.,0.,-1.));
#2542=DIRECTION('',(0.,0.,-1.));
#2543=DIRECTION('',(-1.,0.,0.));
#2544=DIRECTION('',(0.,0.,-1.));
#2545=DIRECTION('',(-1.,0.,0.));
#2546=DIRECTION('',(1.,0.,0.));
#2547=DIRECTION('',(0.,0.,-1.));
#2548=DIRECTION('',(0.,0.,-1.));
#2549=DIRECTION('',(0.,-1.,0.));
#2550=DIRECTION('',(0.,0.,-1.));
#2551=DIRECTION('',(0.,-1.,0.));
#2552=DIRECTION('',(-1.,0.,0.));
#2553=DIRECTION('',(0.,0.,1.));
#2554=DIRECTION('',(0.,0.,-1.));
#2555=DIRECTION('',(0.,1.,0.));
#2556=DIRECTION('',(0.,0.,1.));
#2557=DIRECTION('',(0.,1.,0.));
#2558=DIRECTION('',(1.,0.,0.));
#2559=DIRECTION('',(0.,0.,-1.));
#2560=DIRECTION('',(0.,1.,0.));
#2561=DIRECTION('',(0.,0.,-1.));
#2562=DIRECTION('',(0.,1.,0.));
#2563=DIRECTION('',(0.,0.,-1.));
#2564=DIRECTION('',(-1.,0.,0.));
#2565=DIRECTION('',(0.,0.,1.));
#2566=DIRECTION('',(0.,-1.,0.));
#2567=DIRECTION('',(0.,0.,-1.));
#2568=DIRECTION('',(0.,-1.,0.));
#2569=DIRECTION('',(0.,0.,-1.));
#2570=DIRECTION('',(0.,0.499999999999998,-0.86602540378444));
#2571=DIRECTION('',(0.,0.86602540378444,0.499999999999998));
#2572=DIRECTION('',(-1.,0.,0.));
#2573=DIRECTION('',(0.447213595499957,0.774596669241485,0.447213595499957));
#2574=DIRECTION('',(0.447213595499957,-0.774596669241484,-0.447213595499956));
#2575=DIRECTION('',(0.,0.499999999999998,0.86602540378444));
#2576=DIRECTION('',(0.,-0.86602540378444,0.499999999999998));
#2577=DIRECTION('',(-0.447213595499957,-0.774596669241485,0.447213595499956));
#2578=DIRECTION('',(-1.,0.,0.));
#2579=DIRECTION('',(-0.447213595499958,0.774596669241485,-0.447213595499956));
#2580=DIRECTION('',(0.,0.499999999999998,-0.86602540378444));
#2581=DIRECTION('',(0.,0.86602540378444,0.499999999999998));
#2582=DIRECTION('',(-1.,0.,0.));
#2583=DIRECTION('',(0.447213595499957,0.774596669241484,0.447213595499956));
#2584=DIRECTION('',(0.447213595499958,-0.774596669241484,-0.447213595499957));
#2585=DIRECTION('',(0.,0.499999999999998,0.86602540378444));
#2586=DIRECTION('',(0.,-0.86602540378444,0.499999999999998));
#2587=DIRECTION('',(-0.447213595499958,-0.774596669241485,0.447213595499956));
#2588=DIRECTION('',(-1.,0.,0.));
#2589=DIRECTION('',(-0.447213595499958,0.774596669241484,-0.447213595499956));
#2590=DIRECTION('',(0.,0.,1.));
#2591=DIRECTION('',(1.,0.,0.));
#2592=DIRECTION('',(1.,0.,0.));
#2593=DIRECTION('',(0.,0.,1.));
#2594=DIRECTION('',(1.,0.,0.));
#2595=DIRECTION('',(1.,0.,0.));
#2596=DIRECTION('',(0.,0.,1.));
#2597=DIRECTION('',(1.,0.,0.));
#2598=DIRECTION('',(1.,0.,0.));
#2599=DIRECTION('',(0.,0.,1.));
#2600=DIRECTION('',(1.,0.,0.));
#2601=DIRECTION('',(1.,0.,0.));
#2602=DIRECTION('',(0.,-1.,0.));
#2603=DIRECTION('',(0.,0.,-1.));
#2604=DIRECTION('',(-1.,0.,0.));
#2605=DIRECTION('',(0.,0.,1.));
#2606=DIRECTION('',(-1.,0.,0.));
#2607=DIRECTION('',(0.,0.,1.));
#2608=DIRECTION('',(0.,0.,-1.));
#2609=DIRECTION('',(-1.,0.,0.));
#2610=DIRECTION('',(0.,-1.,0.));
#2611=DIRECTION('',(-1.,0.,0.));
#2612=DIRECTION('',(0.,-1.,0.));
#2613=DIRECTION('',(0.,1.,0.));
#2614=DIRECTION('',(0.,0.,1.));
#2615=DIRECTION('',(0.,0.,-1.));
#2616=DIRECTION('',(-1.,0.,0.));
#2617=DIRECTION('',(0.,0.,-1.));
#2618=DIRECTION('',(0.,0.,1.));
#2619=DIRECTION('',(1.,0.,0.));
#2620=DIRECTION('',(0.,1.,0.));
#2621=DIRECTION('',(0.,1.,0.));
#2622=DIRECTION('',(1.,0.,0.));
#2623=DIRECTION('',(0.,0.,-1.));
#2624=DIRECTION('',(1.,0.,0.));
#2625=DIRECTION('',(0.,0.,-1.));
#2626=DIRECTION('',(0.866025403784439,0.499999999999999,0.));
#2627=DIRECTION('',(-0.499999999999999,0.866025403784439,0.));
#2628=DIRECTION('',(-0.866025403784439,0.499999999999999,0.));
#2629=DIRECTION('',(-0.499999999999999,-0.866025403784439,0.));
#2630=DIRECTION('',(0.866025403784439,0.499999999999999,0.));
#2631=DIRECTION('',(-0.499999999999999,0.866025403784439,0.));
#2632=DIRECTION('',(-0.866025403784439,0.499999999999999,0.));
#2633=DIRECTION('',(-0.499999999999999,-0.866025403784439,0.));
#2634=DIRECTION('',(-0.86602540378445,-0.499999999999979,0.));
#2635=DIRECTION('',(0.499999999999979,-0.86602540378445,0.));
#2636=DIRECTION('',(0.866025403784437,-0.500000000000003,0.));
#2637=DIRECTION('',(0.500000000000003,0.866025403784437,0.));
#2638=DIRECTION('',(-0.866025403784437,-0.500000000000003,0.));
#2639=DIRECTION('',(0.500000000000004,-0.866025403784437,0.));
#2640=DIRECTION('',(0.866025403784437,-0.500000000000003,0.));
#2641=DIRECTION('',(0.500000000000003,0.866025403784437,0.));
#2642=DIRECTION('',(0.,0.,1.));
#2643=DIRECTION('',(1.,0.,0.));
#2644=CARTESIAN_POINT('',(0.,0.,0.));
#2645=CARTESIAN_POINT('',(-0.01,0.1,0.2));
#2646=CARTESIAN_POINT('',(-0.01,0.1,0.));
#2647=CARTESIAN_POINT('',(-0.01,0.1,0.05));
#2648=CARTESIAN_POINT('',(-0.01,0.1,-0.05));
#2649=CARTESIAN_POINT('',(-0.0595741740603517,0.149574174060352,0.151642119519061));
#2650=CARTESIAN_POINT('',(-0.00512267411434145,0.0951226741143414,0.04));
#2651=CARTESIAN_POINT('',(-0.01,0.1,0.04));
#2652=CARTESIAN_POINT('',(0.,0.09,0.04));
#2653=CARTESIAN_POINT('',(0.,0.09,0.2));
#2654=CARTESIAN_POINT('',(0.,0.09,-0.04));
#2655=CARTESIAN_POINT('',(-0.01,0.1,-0.04));
#2656=CARTESIAN_POINT('',(-0.00512267411434138,0.0951226741143414,-0.04));
#2657=CARTESIAN_POINT('',(0.0726236234339197,0.0173763765660803,0.119403532531767));
#2658=CARTESIAN_POINT('',(0.,0.09,0.2));
#2659=CARTESIAN_POINT('',(0.,0.09,0.04));
#2660=CARTESIAN_POINT('',(0.00512267411434123,0.0951226741143412,0.04));
#2661=CARTESIAN_POINT('',(0.056350315361623,0.146350315361623,0.145032229644344));
#2662=CARTESIAN_POINT('',(0.01,0.1,0.05));
#2663=CARTESIAN_POINT('',(0.01,0.1,0.));
#2664=CARTESIAN_POINT('',(0.01,0.1,-0.05));
#2665=CARTESIAN_POINT('',(-0.075847482132649,0.014152517867351,0.12601342240648));
#2666=CARTESIAN_POINT('',(0.00512267411434138,0.0951226741143414,-0.04));
#2667=CARTESIAN_POINT('',(0.,0.09,-0.04));
#2668=CARTESIAN_POINT('',(0.,0.03,0.2));
#2669=CARTESIAN_POINT('',(0.,0.03,0.04));
#2670=CARTESIAN_POINT('',(2.13425624505021E-18,0.03,0.04));
#2671=CARTESIAN_POINT('',(-0.00512267411434145,0.0248773258856586,0.04));
#2672=CARTESIAN_POINT('',(-0.0563503153616224,-0.0263503153616223,0.145032229644347));
#2673=CARTESIAN_POINT('',(-0.01,0.02,0.05));
#2674=CARTESIAN_POINT('',(-0.01,0.02,0.2));
#2675=CARTESIAN_POINT('',(-0.01,0.02,0.033));
#2676=CARTESIAN_POINT('',(-0.01,0.02,0.2));
#2677=CARTESIAN_POINT('',(-0.01,0.02,-0.033));
#2678=CARTESIAN_POINT('',(-0.01,0.02,0.2));
#2679=CARTESIAN_POINT('',(-0.01,0.02,-0.05));
#2680=CARTESIAN_POINT('',(0.0758474821326491,0.105847482132649,0.126013422406481));
#2681=CARTESIAN_POINT('',(-0.00512267411434138,0.0248773258856587,-0.04));
#2682=CARTESIAN_POINT('',(0.,0.03,-0.04));
#2683=CARTESIAN_POINT('',(2.13425624505021E-18,0.03,-0.04));
#2684=CARTESIAN_POINT('',(0.,0.03,0.2));
#2685=CARTESIAN_POINT('',(0.01,0.02,0.2));
#2686=CARTESIAN_POINT('',(0.01,0.02,0.2));
#2687=CARTESIAN_POINT('',(0.01,0.02,0.05));
#2688=CARTESIAN_POINT('',(0.01,0.02,0.033));
#2689=CARTESIAN_POINT('',(0.0595741740603525,-0.0295741740603524,0.151642119519058));
#2690=CARTESIAN_POINT('',(0.00512267411434122,0.0248773258856588,0.04));
#2691=CARTESIAN_POINT('',(0.01,0.02,0.04));
#2692=CARTESIAN_POINT('',(0.01,0.02,-0.04));
#2693=CARTESIAN_POINT('',(0.00512267411434138,0.0248773258856586,-0.04));
#2694=CARTESIAN_POINT('',(-0.0726236234339198,0.10262362343392,0.119403532531767));
#2695=CARTESIAN_POINT('',(0.01,0.02,-0.05));
#2696=CARTESIAN_POINT('',(0.01,0.02,0.2));
#2697=CARTESIAN_POINT('',(0.01,0.02,-0.033));
#2698=CARTESIAN_POINT('',(0.01,0.02,0.2));
#2699=CARTESIAN_POINT('',(-0.1,0.1,0.05));
#2700=CARTESIAN_POINT('',(-0.01,0.1,0.05));
#2701=CARTESIAN_POINT('',(-0.1,0.1,0.05));
#2702=CARTESIAN_POINT('',(-0.1,0.1,0.05));
#2703=CARTESIAN_POINT('',(-0.1,0.1,0.05));
#2704=CARTESIAN_POINT('',(-0.1,0.02,0.05));
#2705=CARTESIAN_POINT('',(-0.1,0.02,0.05));
#2706=CARTESIAN_POINT('',(-0.09012267,0.02,0.05));
#2707=CARTESIAN_POINT('',(-0.09012267,0.1,0.05));
#2708=CARTESIAN_POINT('',(-0.09012267,-1.73472347597681E-18,0.05));
#2709=CARTESIAN_POINT('',(-0.1,0.,0.05));
#2710=CARTESIAN_POINT('',(-0.07312267,0.,0.05));
#2711=CARTESIAN_POINT('',(-0.07312267,0.1,0.05));
#2712=CARTESIAN_POINT('',(-0.07312267,0.02,0.05));
#2713=CARTESIAN_POINT('',(-0.1,0.02,0.05));
#2714=CARTESIAN_POINT('',(-0.02687732,0.02,0.05));
#2715=CARTESIAN_POINT('',(-0.02687732,0.1,0.05));
#2716=CARTESIAN_POINT('',(-0.02687732,0.,0.05));
#2717=CARTESIAN_POINT('',(-0.1,0.,0.05));
#2718=CARTESIAN_POINT('',(-0.01,0.,0.05));
#2719=CARTESIAN_POINT('',(-0.01,0.1,0.05));
#2720=CARTESIAN_POINT('',(-0.1,0.1,0.05));
#2721=CARTESIAN_POINT('',(0.01,0.1,0.05));
#2722=CARTESIAN_POINT('',(0.01,0.1,0.05));
#2723=CARTESIAN_POINT('',(0.01,0.,0.05));
#2724=CARTESIAN_POINT('',(-0.1,0.,0.05));
#2725=CARTESIAN_POINT('',(0.02687733,0.,0.05));
#2726=CARTESIAN_POINT('',(0.02687733,0.1,0.05));
#2727=CARTESIAN_POINT('',(0.02687733,0.02,0.05));
#2728=CARTESIAN_POINT('',(-0.1,0.02,0.05));
#2729=CARTESIAN_POINT('',(0.07312268,0.02,0.05));
#2730=CARTESIAN_POINT('',(0.07312268,0.1,0.05));
#2731=CARTESIAN_POINT('',(0.07312268,0.,0.05));
#2732=CARTESIAN_POINT('',(-0.1,0.,0.05));
#2733=CARTESIAN_POINT('',(0.09012267,0.,0.05));
#2734=CARTESIAN_POINT('',(0.09012267,0.1,0.05));
#2735=CARTESIAN_POINT('',(0.09012267,0.02,0.05));
#2736=CARTESIAN_POINT('',(-0.1,0.02,0.05));
#2737=CARTESIAN_POINT('',(0.1,0.02,0.05));
#2738=CARTESIAN_POINT('',(0.1,0.1,0.05));
#2739=CARTESIAN_POINT('',(0.1,0.1,0.05));
#2740=CARTESIAN_POINT('',(-0.1,0.1,0.05));
#2741=CARTESIAN_POINT('',(0.1,0.1,-0.05));
#2742=CARTESIAN_POINT('',(-0.01,0.1,-0.05));
#2743=CARTESIAN_POINT('',(-0.01,0.1,-0.05));
#2744=CARTESIAN_POINT('',(-0.01,0.,-0.05));
#2745=CARTESIAN_POINT('',(0.1,0.,-0.05));
#2746=CARTESIAN_POINT('',(-0.02687732,0.,-0.05));
#2747=CARTESIAN_POINT('',(-0.02687732,0.1,-0.05));
#2748=CARTESIAN_POINT('',(-0.02687732,0.02,-0.05));
#2749=CARTESIAN_POINT('',(0.1,0.02,-0.05));
#2750=CARTESIAN_POINT('',(-0.07312267,0.02,-0.05));
#2751=CARTESIAN_POINT('',(-0.07312267,0.1,-0.05));
#2752=CARTESIAN_POINT('',(-0.07312267,0.,-0.05));
#2753=CARTESIAN_POINT('',(0.1,0.,-0.05));
#2754=CARTESIAN_POINT('',(-0.09012267,-1.73472347597681E-18,-0.05));
#2755=CARTESIAN_POINT('',(-0.09012267,0.1,-0.05));
#2756=CARTESIAN_POINT('',(-0.09012267,0.02,-0.05));
#2757=CARTESIAN_POINT('',(0.1,0.02,-0.05));
#2758=CARTESIAN_POINT('',(-0.1,0.02,-0.05));
#2759=CARTESIAN_POINT('',(-0.1,0.1,-0.05));
#2760=CARTESIAN_POINT('',(-0.1,0.1,-0.05));
#2761=CARTESIAN_POINT('',(0.1,0.1,-0.05));
#2762=CARTESIAN_POINT('',(0.1,0.1,-0.05));
#2763=CARTESIAN_POINT('',(0.01,0.1,-0.05));
#2764=CARTESIAN_POINT('',(0.1,0.1,-0.05));
#2765=CARTESIAN_POINT('',(0.1,0.1,-0.05));
#2766=CARTESIAN_POINT('',(0.1,0.1,-0.05));
#2767=CARTESIAN_POINT('',(0.1,0.02,-0.05));
#2768=CARTESIAN_POINT('',(0.1,0.02,-0.05));
#2769=CARTESIAN_POINT('',(0.09012267,0.02,-0.05));
#2770=CARTESIAN_POINT('',(0.09012267,0.1,-0.05));
#2771=CARTESIAN_POINT('',(0.09012267,0.,-0.05));
#2772=CARTESIAN_POINT('',(0.1,0.,-0.05));
#2773=CARTESIAN_POINT('',(0.07312268,0.,-0.05));
#2774=CARTESIAN_POINT('',(0.07312268,0.1,-0.05));
#2775=CARTESIAN_POINT('',(0.07312268,0.02,-0.05));
#2776=CARTESIAN_POINT('',(0.1,0.02,-0.05));
#2777=CARTESIAN_POINT('',(0.02687733,0.02,-0.05));
#2778=CARTESIAN_POINT('',(0.02687733,0.1,-0.05));
#2779=CARTESIAN_POINT('',(0.02687733,0.,-0.05));
#2780=CARTESIAN_POINT('',(0.1,0.,-0.05));
#2781=CARTESIAN_POINT('',(0.01,0.,-0.05));
#2782=CARTESIAN_POINT('',(0.01,0.1,-0.05));
#2783=CARTESIAN_POINT('',(0.,0.,0.));
#2784=CARTESIAN_POINT('',(0.,0.,0.033));
#2785=CARTESIAN_POINT('',(-0.07312267,0.,0.033));
#2786=CARTESIAN_POINT('',(-0.09012267,0.,0.033));
#2787=CARTESIAN_POINT('',(-0.07312267,0.,0.));
#2788=CARTESIAN_POINT('',(-0.09012267,-1.73472347597681E-18,0.1));
#2789=CARTESIAN_POINT('',(0.,0.,0.));
#2790=CARTESIAN_POINT('',(0.,0.,-0.033));
#2791=CARTESIAN_POINT('',(-0.09012267,0.,-0.033));
#2792=CARTESIAN_POINT('',(-0.07312267,0.,-0.033));
#2793=CARTESIAN_POINT('',(-0.09012267,-1.73472347597681E-18,0.1));
#2794=CARTESIAN_POINT('',(-0.07312267,0.,0.));
#2795=CARTESIAN_POINT('',(0.,0.,0.));
#2796=CARTESIAN_POINT('',(0.,0.,0.033));
#2797=CARTESIAN_POINT('',(-0.01,0.,0.033));
#2798=CARTESIAN_POINT('',(-0.02687732,0.,0.033));
#2799=CARTESIAN_POINT('',(-0.01,0.,0.));
#2800=CARTESIAN_POINT('',(-0.02687732,0.,0.1));
#2801=CARTESIAN_POINT('',(0.,0.,0.));
#2802=CARTESIAN_POINT('',(0.,0.,-0.033));
#2803=CARTESIAN_POINT('',(-0.02687732,0.,-0.033));
#2804=CARTESIAN_POINT('',(-0.01,0.,-0.033));
#2805=CARTESIAN_POINT('',(-0.02687732,0.,0.1));
#2806=CARTESIAN_POINT('',(-0.01,0.,0.));
#2807=CARTESIAN_POINT('',(0.,0.,0.));
#2808=CARTESIAN_POINT('',(0.,0.,0.033));
#2809=CARTESIAN_POINT('',(0.09012267,0.,0.033));
#2810=CARTESIAN_POINT('',(0.07312268,0.,0.033));
#2811=CARTESIAN_POINT('',(0.09012267,0.,0.1));
#2812=CARTESIAN_POINT('',(0.07312268,0.,0.));
#2813=CARTESIAN_POINT('',(0.,0.,0.));
#2814=CARTESIAN_POINT('',(0.,0.,-0.033));
#2815=CARTESIAN_POINT('',(0.07312268,0.,-0.033));
#2816=CARTESIAN_POINT('',(0.09012267,0.,-0.033));
#2817=CARTESIAN_POINT('',(0.07312268,0.,0.));
#2818=CARTESIAN_POINT('',(0.09012267,0.,0.1));
#2819=CARTESIAN_POINT('',(0.,0.,0.));
#2820=CARTESIAN_POINT('',(0.,0.,0.033));
#2821=CARTESIAN_POINT('',(0.02687733,0.,0.033));
#2822=CARTESIAN_POINT('',(0.01,0.,0.033));
#2823=CARTESIAN_POINT('',(0.02687733,0.,0.1));
#2824=CARTESIAN_POINT('',(0.01,0.,0.));
#2825=CARTESIAN_POINT('',(0.,0.,0.));
#2826=CARTESIAN_POINT('',(0.,0.,-0.033));
#2827=CARTESIAN_POINT('',(0.01,0.,-0.033));
#2828=CARTESIAN_POINT('',(0.02687733,0.,-0.033));
#2829=CARTESIAN_POINT('',(0.01,0.,0.));
#2830=CARTESIAN_POINT('',(0.02687733,0.,0.1));
#2831=CARTESIAN_POINT('',(-0.01,0.02,0.2));
#2832=CARTESIAN_POINT('',(-0.01,0.02,0.033));
#2833=CARTESIAN_POINT('',(-0.01,0.02,0.2));
#2834=CARTESIAN_POINT('',(-0.01,0.02,-0.033));
#2835=CARTESIAN_POINT('',(0.01,-0.02,0.2));
#2836=CARTESIAN_POINT('',(0.01,-0.02,0.033));
#2837=CARTESIAN_POINT('',(0.01,-0.02,0.2));
#2838=CARTESIAN_POINT('',(0.01,-0.02,-0.033));
#2839=CARTESIAN_POINT('',(-0.09012267,-1.73472347597681E-18,0.1));
#2840=CARTESIAN_POINT('',(-0.09012267,0.02,0.1));
#2841=CARTESIAN_POINT('',(-0.09012267,0.02,0.033));
#2842=CARTESIAN_POINT('',(-0.09012267,-1.73472347597681E-18,0.033));
#2843=CARTESIAN_POINT('',(-0.09012267,-1.73472347597681E-18,0.1));
#2844=CARTESIAN_POINT('',(-0.09012267,-1.73472347597681E-18,-0.033));
#2845=CARTESIAN_POINT('',(-0.09012267,0.02,-0.033));
#2846=CARTESIAN_POINT('',(-0.09012267,0.02,0.1));
#2847=CARTESIAN_POINT('',(0.09012267,0.02,0.1));
#2848=CARTESIAN_POINT('',(0.09012267,0.02,0.033));
#2849=CARTESIAN_POINT('',(0.09012267,0.02,0.033));
#2850=CARTESIAN_POINT('',(0.09012267,0.02,0.1));
#2851=CARTESIAN_POINT('',(0.09012267,0.02,0.1));
#2852=CARTESIAN_POINT('',(0.09012267,0.02,0.1));
#2853=CARTESIAN_POINT('',(0.09012267,0.02,-0.033));
#2854=CARTESIAN_POINT('',(0.09012267,0.02,-0.033));
#2855=CARTESIAN_POINT('',(-0.02687732,0.,0.1));
#2856=CARTESIAN_POINT('',(-0.02687732,0.02,0.1));
#2857=CARTESIAN_POINT('',(-0.02687732,0.02,0.033));
#2858=CARTESIAN_POINT('',(-0.02687732,0.,0.033));
#2859=CARTESIAN_POINT('',(-0.02687732,0.,0.1));
#2860=CARTESIAN_POINT('',(-0.02687732,0.,-0.033));
#2861=CARTESIAN_POINT('',(-0.02687732,0.02,-0.033));
#2862=CARTESIAN_POINT('',(-0.02687732,0.02,0.1));
#2863=CARTESIAN_POINT('',(-0.07312267,0.02,0.1));
#2864=CARTESIAN_POINT('',(-0.07312267,0.02,0.033));
#2865=CARTESIAN_POINT('',(-0.07312267,0.02,0.033));
#2866=CARTESIAN_POINT('',(-0.07312267,0.02,0.1));
#2867=CARTESIAN_POINT('',(-0.07312267,0.02,0.1));
#2868=CARTESIAN_POINT('',(-0.07312267,0.02,0.1));
#2869=CARTESIAN_POINT('',(-0.07312267,0.02,-0.033));
#2870=CARTESIAN_POINT('',(-0.07312267,0.02,-0.033));
#2871=CARTESIAN_POINT('',(0.07312268,-0.01,0.1));
#2872=CARTESIAN_POINT('',(0.07312268,0.02,0.1));
#2873=CARTESIAN_POINT('',(0.07312268,0.02,0.033));
#2874=CARTESIAN_POINT('',(0.07312268,-0.01,0.033));
#2875=CARTESIAN_POINT('',(0.07312268,-0.01,0.1));
#2876=CARTESIAN_POINT('',(0.07312268,-0.01,-0.033));
#2877=CARTESIAN_POINT('',(0.07312268,0.02,-0.033));
#2878=CARTESIAN_POINT('',(0.07312268,0.02,0.1));
#2879=CARTESIAN_POINT('',(0.02687733,0.02,0.1));
#2880=CARTESIAN_POINT('',(0.02687733,0.02,0.033));
#2881=CARTESIAN_POINT('',(0.02687733,0.02,0.033));
#2882=CARTESIAN_POINT('',(0.02687733,0.02,0.1));
#2883=CARTESIAN_POINT('',(0.02687733,0.02,0.1));
#2884=CARTESIAN_POINT('',(0.02687733,0.02,0.1));
#2885=CARTESIAN_POINT('',(0.02687733,0.02,-0.033));
#2886=CARTESIAN_POINT('',(0.02687733,0.02,-0.033));
#2887=CARTESIAN_POINT('',(0.0625,0.1,-0.0125));
#2888=CARTESIAN_POINT('',(0.0375,0.1,-0.0125));
#2889=CARTESIAN_POINT('',(0.0375,0.1,-0.0125));
#2890=CARTESIAN_POINT('',(0.0375,0.02,-0.0125));
#2891=CARTESIAN_POINT('',(0.0625,0.02,-0.0125));
#2892=CARTESIAN_POINT('',(0.0625,0.02,-0.0125));
#2893=CARTESIAN_POINT('',(0.0625,0.1,-0.0125));
#2894=CARTESIAN_POINT('',(0.0625,0.1,-0.0125));
#2895=CARTESIAN_POINT('',(0.0625,0.1,-0.0125));
#2896=CARTESIAN_POINT('',(0.0625,0.1,0.0125));
#2897=CARTESIAN_POINT('',(0.0625,0.02,0.0125));
#2898=CARTESIAN_POINT('',(0.0625,0.02,0.0125));
#2899=CARTESIAN_POINT('',(0.0625,0.1,0.0125));
#2900=CARTESIAN_POINT('',(0.0625,0.1,0.0125));
#2901=CARTESIAN_POINT('',(0.0625,0.1,0.0125));
#2902=CARTESIAN_POINT('',(0.0375,0.1,0.0125));
#2903=CARTESIAN_POINT('',(0.0375,0.02,0.0125));
#2904=CARTESIAN_POINT('',(0.0375,0.02,0.0125));
#2905=CARTESIAN_POINT('',(0.0375,0.1,0.0125));
#2906=CARTESIAN_POINT('',(0.0375,0.1,0.0125));
#2907=CARTESIAN_POINT('',(0.0375,0.1,0.0125));
#2908=CARTESIAN_POINT('',(-0.0375,0.1,-0.0125));
#2909=CARTESIAN_POINT('',(-0.0625,0.1,-0.0125));
#2910=CARTESIAN_POINT('',(-0.0625,0.1,-0.0125));
#2911=CARTESIAN_POINT('',(-0.0625,0.02,-0.0125));
#2912=CARTESIAN_POINT('',(-0.0375,0.02,-0.0125));
#2913=CARTESIAN_POINT('',(-0.0375,0.02,-0.0125));
#2914=CARTESIAN_POINT('',(-0.0375,0.1,-0.0125));
#2915=CARTESIAN_POINT('',(-0.0375,0.1,-0.0125));
#2916=CARTESIAN_POINT('',(-0.0375,0.1,-0.0125));
#2917=CARTESIAN_POINT('',(-0.0375,0.1,0.0125));
#2918=CARTESIAN_POINT('',(-0.0375,0.02,0.0125));
#2919=CARTESIAN_POINT('',(-0.0375,0.02,0.0125));
#2920=CARTESIAN_POINT('',(-0.0375,0.1,0.0125));
#2921=CARTESIAN_POINT('',(-0.0375,0.1,0.0125));
#2922=CARTESIAN_POINT('',(-0.0375,0.1,0.0125));
#2923=CARTESIAN_POINT('',(-0.0625,0.1,0.0125));
#2924=CARTESIAN_POINT('',(-0.0625,0.02,0.0125));
#2925=CARTESIAN_POINT('',(-0.0625,0.02,0.0125));
#2926=CARTESIAN_POINT('',(-0.0625,0.1,0.0125));
#2927=CARTESIAN_POINT('',(-0.0625,0.1,0.0125));
#2928=CARTESIAN_POINT('',(-0.0625,0.1,0.0125));
#2929=CARTESIAN_POINT('',(0.0375,0.1,-0.0125));
#2930=CARTESIAN_POINT('',(0.0375,0.02,-0.0125));
#2931=CARTESIAN_POINT('',(0.0375,0.1,-0.0125));
#2932=CARTESIAN_POINT('',(-0.0625,0.1,-0.0125));
#2933=CARTESIAN_POINT('',(-0.0625,0.02,-0.0125));
#2934=CARTESIAN_POINT('',(-0.0625,0.1,-0.0125));
#2935=CARTESIAN_POINT('',(-0.092,0.,0.));
#2936=CARTESIAN_POINT('',(-0.092,0.06353121,0.));
#2937=CARTESIAN_POINT('',(-0.092,0.06353121,0.00338996));
#2938=CARTESIAN_POINT('',(-0.092,0.06353121,-0.00338996));
#2939=CARTESIAN_POINT('',(-0.092,0.,0.00338996));
#2940=CARTESIAN_POINT('',(-0.092,0.05646879,0.00338996));
#2941=CARTESIAN_POINT('',(-0.092,0.05646879,0.));
#2942=CARTESIAN_POINT('',(-0.092,0.05646879,-0.00338996));
#2943=CARTESIAN_POINT('',(-0.092,0.,-0.00338996));
#2944=CARTESIAN_POINT('',(-0.092,0.02,0.));
#2945=CARTESIAN_POINT('',(-0.092,0.02,0.037));
#2946=CARTESIAN_POINT('',(-0.092,0.02,-0.037));
#2947=CARTESIAN_POINT('',(-0.092,0.1,0.037));
#2948=CARTESIAN_POINT('',(-0.092,0.1,0.037));
#2949=CARTESIAN_POINT('',(-0.092,0.1,-0.037));
#2950=CARTESIAN_POINT('',(-0.092,0.1,-0.037));
#2951=CARTESIAN_POINT('',(-0.092,0.,-0.037));
#2952=CARTESIAN_POINT('',(-0.1,0.1,-0.05));
#2953=CARTESIAN_POINT('',(-0.1,0.02,-0.05));
#2954=CARTESIAN_POINT('',(-0.1,0.02,0.037));
#2955=CARTESIAN_POINT('',(-0.1,0.1,-0.05));
#2956=CARTESIAN_POINT('',(-0.1,0.1,0.037));
#2957=CARTESIAN_POINT('',(-0.1,0.1,0.037));
#2958=CARTESIAN_POINT('',(-0.1,0.1,-0.05));
#2959=CARTESIAN_POINT('',(-0.1,0.02,-0.05));
#2960=CARTESIAN_POINT('',(-0.1,0.02,-0.037));
#2961=CARTESIAN_POINT('',(-0.1,0.1,-0.037));
#2962=CARTESIAN_POINT('',(-0.1,0.1,-0.037));
#2963=CARTESIAN_POINT('',(-0.1,0.1,-0.05));
#2964=CARTESIAN_POINT('',(0.1,0.1,0.05));
#2965=CARTESIAN_POINT('',(0.1,0.02,0.05));
#2966=CARTESIAN_POINT('',(0.1,0.1,0.05));
#2967=CARTESIAN_POINT('',(-0.092,0.1,0.037));
#2968=CARTESIAN_POINT('',(-0.092,0.02,0.037));
#2969=CARTESIAN_POINT('',(-0.092,0.1,0.037));
#2970=CARTESIAN_POINT('',(-0.092,0.,-0.037));
#2971=CARTESIAN_POINT('',(-0.092,0.02,-0.037));
#2972=CARTESIAN_POINT('',(-0.092,0.1,-0.037));
#2973=CARTESIAN_POINT('',(0.,0.1,0.));
#2974=CARTESIAN_POINT('',(0.,0.1,0.));
#2975=CARTESIAN_POINT('',(-0.079,0.06353121,-0.00338996));
#2976=CARTESIAN_POINT('',(-0.079,0.06353121,0.00338996));
#2977=CARTESIAN_POINT('',(-0.105,0.06353121,0.00338996));
#2978=CARTESIAN_POINT('',(-0.079,0.06353121,-0.00338996));
#2979=CARTESIAN_POINT('',(-0.105,0.06353121,-0.00338996));
#2980=CARTESIAN_POINT('',(-0.105,0.06353121,-0.00338996));
#2981=CARTESIAN_POINT('',(-0.079,0.06353121,0.00338996));
#2982=CARTESIAN_POINT('',(-0.079,0.05646879,0.00338996));
#2983=CARTESIAN_POINT('',(-0.105,0.05646879,0.00338996));
#2984=CARTESIAN_POINT('',(-0.105,0.06353121,0.00338996));
#2985=CARTESIAN_POINT('',(-0.079,0.05646879,0.00338996));
#2986=CARTESIAN_POINT('',(-0.079,0.05646879,-0.00338996));
#2987=CARTESIAN_POINT('',(-0.105,0.05646879,-0.00338996));
#2988=CARTESIAN_POINT('',(-0.105,0.05646879,0.00338996));
#2989=CARTESIAN_POINT('',(-0.079,0.05646879,-0.00338996));
#2990=CARTESIAN_POINT('',(-0.105,0.05646879,-0.00338996));
#2991=CARTESIAN_POINT('',(-0.105,0.,0.));
#2992=CARTESIAN_POINT('',(-0.09012267,0.02,0.1));
#2993=CARTESIAN_POINT('',(0.2,0.02,0.033));
#2994=CARTESIAN_POINT('',(0.2,0.02,-0.033));
#2995=CARTESIAN_POINT('',(0.2,0.02,-0.033));
#2996=CARTESIAN_POINT('',(0.2,0.02,0.033));
#2997=CARTESIAN_POINT('',(0.13636802,0.02,0.1));
#2998=CARTESIAN_POINT('',(0.2,0.02,0.033));
#2999=CARTESIAN_POINT('',(0.2,0.02,0.033));
#3000=CARTESIAN_POINT('',(0.2,0.02,-0.033));
#3001=CARTESIAN_POINT('',(0.2,0.02,-0.033));
#3002=CARTESIAN_POINT('',(0.2,-0.01,-0.033));
#3003=CARTESIAN_POINT('',(0.2,0.02,0.033));
#3004=CARTESIAN_POINT('',(0.2,-0.01,-0.033));
#3005=CARTESIAN_POINT('',(0.2,0.02,0.033));
#3006=CARTESIAN_POINT('',(0.2,-0.01,-0.033));
#3007=CARTESIAN_POINT('',(0.2,0.02,0.033));
#3008=CARTESIAN_POINT('',(0.2,0.02,0.033));
#3009=CARTESIAN_POINT('',(0.2,-0.01,-0.033));
#3010=CARTESIAN_POINT('',(-0.01,0.1,-0.05));
#3011=CARTESIAN_POINT('',(-0.00512267411434139,0.1,-0.04));
#3012=CARTESIAN_POINT('',(-0.00512267411434139,0.1,-0.04));
#3013=CARTESIAN_POINT('',(0.00512267411434139,0.1,-0.04));
#3014=CARTESIAN_POINT('',(0.00512267411434139,0.1,-0.04));
#3015=CARTESIAN_POINT('',(-0.00512267411434145,0.1,0.04));
#3016=CARTESIAN_POINT('',(-0.00512267411434145,0.1,0.04));
#3017=CARTESIAN_POINT('',(0.01,0.1,0.05));
#3018=CARTESIAN_POINT('',(0.00512267411434123,0.1,0.04));
#3019=CARTESIAN_POINT('',(0.00512267411434123,0.1,0.04));
#3020=CARTESIAN_POINT('',(0.,0.,0.));
#3021=CARTESIAN_POINT('',(-0.0625,0.,0.0125));
#3022=CARTESIAN_POINT('',(-0.0555717967697244,0.,0.1));
#3023=CARTESIAN_POINT('',(-0.0555717967697244,0.,0.0125));
#3024=CARTESIAN_POINT('',(-0.0555717967697244,0.,-0.0125));
#3025=CARTESIAN_POINT('',(-0.0625,0.,-0.0125));
#3026=CARTESIAN_POINT('',(-0.0444282032302755,-2.13425624505021E-18,-0.0125));
#3027=CARTESIAN_POINT('',(-0.0444282032302755,-2.13425624505021E-18,0.1));
#3028=CARTESIAN_POINT('',(-0.0444282032302755,-2.13425624505021E-18,0.0125));
#3029=CARTESIAN_POINT('',(-0.0625,0.,0.0125));
#3030=CARTESIAN_POINT('',(-0.0625,0.,0.0125));
#3031=CARTESIAN_POINT('',(0.0555717967697244,-2.13425624505021E-18,0.1));
#3032=CARTESIAN_POINT('',(0.0555717967697244,-2.13425624505021E-18,0.0125));
#3033=CARTESIAN_POINT('',(0.0555717967697244,-2.13425624505021E-18,-0.0125));
#3034=CARTESIAN_POINT('',(-0.0625,0.,0.0125));
#3035=CARTESIAN_POINT('',(0.0444282032302753,0.,0.0125));
#3036=CARTESIAN_POINT('',(0.0444282032302753,0.,0.1));
#3037=CARTESIAN_POINT('',(0.0444282032302753,0.,-0.0125));
#3038=CARTESIAN_POINT('',(-0.0625,0.,-0.0125));
#3039=CARTESIAN_POINT('',(0.,0.,-0.0125));
#3040=CARTESIAN_POINT('',(-0.0416788475772931,-0.0240632938682638,-0.0125));
#3041=CARTESIAN_POINT('',(-0.0625,0.012,-0.0125));
#3042=CARTESIAN_POINT('',(-0.0625,0.43,-0.0125));
#3043=CARTESIAN_POINT('',(-0.0625,0.15,-0.0125));
#3044=CARTESIAN_POINT('',(0.,0.15,-0.0125));
#3045=CARTESIAN_POINT('',(-0.0375,0.15,-0.0125));
#3046=CARTESIAN_POINT('',(-0.0375,0.,-0.0125));
#3047=CARTESIAN_POINT('',(-0.0375,0.0119999999999999,-0.0125));
#3048=CARTESIAN_POINT('',(-0.0333211524227065,0.0192379763209583,-0.0125));
#3049=CARTESIAN_POINT('',(0.,0.,-0.0125));
#3050=CARTESIAN_POINT('',(0.0416788475772932,-0.0240632938682638,-0.0125));
#3051=CARTESIAN_POINT('',(0.0625,0.012,-0.0125));
#3052=CARTESIAN_POINT('',(0.0333211524227074,0.0192379763209576,-0.0125));
#3053=CARTESIAN_POINT('',(0.0375000000000002,0.012,-0.0125));
#3054=CARTESIAN_POINT('',(0.0375,0.,-0.0125));
#3055=CARTESIAN_POINT('',(0.0375,0.15,-0.0125));
#3056=CARTESIAN_POINT('',(0.,0.15,-0.0125));
#3057=CARTESIAN_POINT('',(0.0625,0.15,-0.0125));
#3058=CARTESIAN_POINT('',(0.0625,0.,-0.0125));
#3059=CARTESIAN_POINT('',(0.,0.,0.0125));
#3060=CARTESIAN_POINT('',(-0.0625,0.43,0.0125));
#3061=CARTESIAN_POINT('',(-0.0625,0.15,0.0125));
#3062=CARTESIAN_POINT('',(-0.0625,0.012,0.0125));
#3063=CARTESIAN_POINT('',(-0.0416788475772931,-0.0240632938682638,0.0125));
#3064=CARTESIAN_POINT('',(-0.0333211524227065,0.0192379763209583,0.0125));
#3065=CARTESIAN_POINT('',(-0.0374999999999999,0.012,0.0125));
#3066=CARTESIAN_POINT('',(-0.0375,0.,0.0125));
#3067=CARTESIAN_POINT('',(-0.0375,0.15,0.0125));
#3068=CARTESIAN_POINT('',(0.,0.15,0.0125));
#3069=CARTESIAN_POINT('',(0.,0.,0.0125));
#3070=CARTESIAN_POINT('',(0.0416788475772932,-0.0240632938682638,0.0125));
#3071=CARTESIAN_POINT('',(0.0625,0.012,0.0125));
#3072=CARTESIAN_POINT('',(0.0625,0.,0.0125));
#3073=CARTESIAN_POINT('',(0.0625,0.15,0.0125));
#3074=CARTESIAN_POINT('',(0.,0.15,0.0125));
#3075=CARTESIAN_POINT('',(0.0375,0.15,0.0125));
#3076=CARTESIAN_POINT('',(0.0375,0.,0.0125));
#3077=CARTESIAN_POINT('',(0.0375,0.012,0.0125));
#3078=CARTESIAN_POINT('',(0.0333211524227074,0.0192379763209576,0.0125));
#3079=CARTESIAN_POINT('',(0.0625,0.,0.0125));
#3080=CARTESIAN_POINT('',(0.0625,0.012,0.0125));
#3081=CARTESIAN_POINT('',(0.0625,0.15,0.0125));
#3082=CARTESIAN_POINT('',(-0.0625,0.43,0.0125));
#3083=CARTESIAN_POINT('',(-0.0625,0.012,0.0125));
#3084=CARTESIAN_POINT('',(-0.0625,0.15,0.0125));
#3085=CARTESIAN_POINT('',(-0.0375,0.15,0.1));
#3086=CARTESIAN_POINT('',(-0.0374999999999999,0.012,0.1));
#3087=CARTESIAN_POINT('',(-0.0375,0.15,0.1));
#3088=CARTESIAN_POINT('',(0.0375,-0.28,0.1));
#3089=CARTESIAN_POINT('',(0.0375,0.012,0.1));
#3090=CARTESIAN_POINT('',(0.0375,0.15,0.1));
#3091=CARTESIAN_POINT('',(0.0625,0.43,0.0125));
#3092=CARTESIAN_POINT('',(-0.0555717967697245,0.43,0.1));
#3093=CARTESIAN_POINT('',(-0.0555717967697245,0.43,0.00557179676972451));
#3094=CARTESIAN_POINT('',(-0.0555717967697245,0.43,-0.00557179676972451));
#3095=CARTESIAN_POINT('',(0.2,0.43,0.00557179676972451));
#3096=CARTESIAN_POINT('',(-0.0444282032302755,0.43,0.0055717967697245));
#3097=CARTESIAN_POINT('',(-0.0444282032302755,0.43,0.1));
#3098=CARTESIAN_POINT('',(-0.0444282032302755,0.43,-0.0055717967697245));
#3099=CARTESIAN_POINT('',(0.2,0.43,-0.0055717967697245));
#3100=CARTESIAN_POINT('',(0.0625,0.43,0.0125));
#3101=CARTESIAN_POINT('',(0.0444282032302755,0.43,0.1));
#3102=CARTESIAN_POINT('',(0.0444282032302755,0.43,0.00557179676972451));
#3103=CARTESIAN_POINT('',(0.0444282032302755,0.43,-0.00557179676972451));
#3104=CARTESIAN_POINT('',(0.2,0.43,0.00557179676972451));
#3105=CARTESIAN_POINT('',(0.0555717967697245,0.43,0.00557179676972451));
#3106=CARTESIAN_POINT('',(0.0555717967697245,0.43,0.1));
#3107=CARTESIAN_POINT('',(0.0555717967697245,0.43,-0.00557179676972451));
#3108=CARTESIAN_POINT('',(0.2,0.43,-0.0055717967697245));
#3109=CARTESIAN_POINT('',(-0.0625,0.43,0.0125));
#3110=CARTESIAN_POINT('',(-0.0625,0.418,0.1));
#3111=CARTESIAN_POINT('',(-0.0625,0.418,0.0125));
#3112=CARTESIAN_POINT('',(-0.0625,0.418,-0.0125));
#3113=CARTESIAN_POINT('',(-0.0625,0.43,-0.0125));
#3114=CARTESIAN_POINT('',(-0.0625,0.155,-0.0125));
#3115=CARTESIAN_POINT('',(-0.0625,0.155,0.0125));
#3116=CARTESIAN_POINT('',(-0.0625,0.155,0.0125));
#3117=CARTESIAN_POINT('',(-0.0625,0.43,0.0125));
#3118=CARTESIAN_POINT('',(0.0625,0.,0.0125));
#3119=CARTESIAN_POINT('',(0.0625,0.418,0.1));
#3120=CARTESIAN_POINT('',(0.0625,0.418,0.0125));
#3121=CARTESIAN_POINT('',(0.0625,0.418,-0.0125));
#3122=CARTESIAN_POINT('',(0.0625,0.,0.0125));
#3123=CARTESIAN_POINT('',(0.0625,0.155,0.0125));
#3124=CARTESIAN_POINT('',(0.0625,0.155,0.0125));
#3125=CARTESIAN_POINT('',(0.0625,0.155,-0.0125));
#3126=CARTESIAN_POINT('',(0.0625,0.,-0.0125));
#3127=CARTESIAN_POINT('',(-0.0375,0.585,0.1));
#3128=CARTESIAN_POINT('',(-0.0375,0.,-0.0125));
#3129=CARTESIAN_POINT('',(-0.0375,0.155,-0.0125));
#3130=CARTESIAN_POINT('',(-0.0375,0.418,-0.0125));
#3131=CARTESIAN_POINT('',(-0.0375,0.418,0.1));
#3132=CARTESIAN_POINT('',(-0.0375,0.418,0.0125));
#3133=CARTESIAN_POINT('',(-0.0375,0.,0.0125));
#3134=CARTESIAN_POINT('',(-0.0375,0.155,0.0125));
#3135=CARTESIAN_POINT('',(-0.0375,0.155,0.1));
#3136=CARTESIAN_POINT('',(0.0375,0.155,0.1));
#3137=CARTESIAN_POINT('',(0.0375,0.,0.0125));
#3138=CARTESIAN_POINT('',(0.0375,0.418,0.0125));
#3139=CARTESIAN_POINT('',(0.0375,0.155,0.0125));
#3140=CARTESIAN_POINT('',(0.0375,0.418,0.1));
#3141=CARTESIAN_POINT('',(0.0375,0.418,-0.0125));
#3142=CARTESIAN_POINT('',(0.0375,0.,-0.0125));
#3143=CARTESIAN_POINT('',(0.0375,0.155,-0.0125));
#3144=CARTESIAN_POINT('',(0.0375,0.155,0.1));
#3145=CARTESIAN_POINT('',(0.2,0.43,-0.0055717967697245));
#3146=CARTESIAN_POINT('',(0.2,0.418,-0.0125));
#3147=CARTESIAN_POINT('',(0.0755425625842203,0.483891651245988,0.0255425625842202));
#3148=CARTESIAN_POINT('',(0.0844574374157795,0.379968602791856,-0.0344574374157795));
#3149=CARTESIAN_POINT('',(0.2,0.418,0.0125));
#3150=CARTESIAN_POINT('',(0.0699999999999999,0.474291651245988,-0.0199999999999998));
#3151=CARTESIAN_POINT('',(0.2,0.418,0.0125));
#3152=CARTESIAN_POINT('',(0.0899999999999999,0.370368602791856,0.0399999999999999));
#3153=CARTESIAN_POINT('',(0.2,0.43,-0.0055717967697245));
#3154=CARTESIAN_POINT('',(0.2,0.418,-0.0125));
#3155=CARTESIAN_POINT('',(-0.00445743741577969,0.518532667397366,0.0455425625842202));
#3156=CARTESIAN_POINT('',(0.00445743741577948,0.345327586640478,-0.0544574374157794));
#3157=CARTESIAN_POINT('',(0.2,0.418,0.0125));
#3158=CARTESIAN_POINT('',(-0.0100000000000001,0.508932667397366,-0.0399999999999998));
#3159=CARTESIAN_POINT('',(0.2,0.418,0.0125));
#3160=CARTESIAN_POINT('',(0.00999999999999996,0.335727586640478,0.0599999999999998));
#3161=CARTESIAN_POINT('',(0.,0.,0.0125));
#3162=CARTESIAN_POINT('',(0.,0.155,0.0125));
#3163=CARTESIAN_POINT('',(0.,0.,0.0125));
#3164=CARTESIAN_POINT('',(0.,0.155,0.0125));
#3165=CARTESIAN_POINT('',(0.,0.,-0.0125));
#3166=CARTESIAN_POINT('',(0.,0.155,-0.0125));
#3167=CARTESIAN_POINT('',(0.,0.,-0.0125));
#3168=CARTESIAN_POINT('',(0.,0.155,-0.0125));
#3169=CARTESIAN_POINT('',(0.0675,0.155,-0.0175));
#3170=CARTESIAN_POINT('',(0.0675,0.155,-0.0175));
#3171=CARTESIAN_POINT('',(0.0675,0.155,-0.0175));
#3172=CARTESIAN_POINT('',(-0.0675,0.155,-0.0175));
#3173=CARTESIAN_POINT('',(-0.0675,0.155,-0.0175));
#3174=CARTESIAN_POINT('',(-0.0675,0.155,0.0175));
#3175=CARTESIAN_POINT('',(0.0675,0.155,0.0175));
#3176=CARTESIAN_POINT('',(0.0675,0.155,0.0175));
#3177=CARTESIAN_POINT('',(0.0675,0.155,-0.0175));
#3178=CARTESIAN_POINT('',(0.0675,0.155,0.0175));
#3179=CARTESIAN_POINT('',(-0.0675,0.155,0.0175));
#3180=CARTESIAN_POINT('',(-0.0675,0.15,0.0175));
#3181=CARTESIAN_POINT('',(0.0675,0.15,0.0175));
#3182=CARTESIAN_POINT('',(0.0675,0.15,0.0175));
#3183=CARTESIAN_POINT('',(0.0675,0.155,0.0175));
#3184=CARTESIAN_POINT('',(0.0675,0.15,0.0175));
#3185=CARTESIAN_POINT('',(-0.0675,0.15,0.0175));
#3186=CARTESIAN_POINT('',(-0.0675,0.15,-0.0175));
#3187=CARTESIAN_POINT('',(0.0675,0.15,-0.0175));
#3188=CARTESIAN_POINT('',(0.0675,0.15,-0.0175));
#3189=CARTESIAN_POINT('',(0.0675,0.15,0.0175));
#3190=CARTESIAN_POINT('',(0.0675,0.15,-0.0175));
#3191=CARTESIAN_POINT('',(-0.0675,0.15,-0.0175));
#3192=CARTESIAN_POINT('',(0.0675,0.15,-0.0175));
#3193=CARTESIAN_POINT('',(0.0675,0.,0.));
#3194=CARTESIAN_POINT('',(-0.0675,0.,0.));
#3195=CARTESIAN_POINT('',(-0.0444282032302755,0.43,0.1));
#3196=CARTESIAN_POINT('',(-0.0625,0.418,0.1));
#3197=CARTESIAN_POINT('',(0.0555717967697245,0.43,0.1));
#3198=CARTESIAN_POINT('',(0.0375,0.418,0.1));
#3199=CARTESIAN_POINT('',(0.0444282032302753,0.,0.1));
#3200=CARTESIAN_POINT('',(-0.0375,0.012,0.1));
#3201=CARTESIAN_POINT('',(-0.0555717967697244,0.,0.1));
#3202=CARTESIAN_POINT('',(0.0625,0.012,0.1));
#3203=CARTESIAN_POINT('',(0.,-0.1,0.));
#3204=MECHANICAL_DESIGN_GEOMETRIC_PRESENTATION_REPRESENTATION('',(#2017,
#2018),#3205);
#3205=(
GEOMETRIC_REPRESENTATION_CONTEXT(3)
GLOBAL_UNCERTAINTY_ASSIGNED_CONTEXT((#3208))
GLOBAL_UNIT_ASSIGNED_CONTEXT((#3213,#3212,#3211))
REPRESENTATION_CONTEXT('TSW-102-07-F-S','TOP_LEVEL_ASSEMBLY_PART')
);
#3206=(
GEOMETRIC_REPRESENTATION_CONTEXT(3)
GLOBAL_UNCERTAINTY_ASSIGNED_CONTEXT((#3209))
GLOBAL_UNIT_ASSIGNED_CONTEXT((#3213,#3212,#3211))
REPRESENTATION_CONTEXT('TSW-102-07-F-S_body','COMPONENT_PART')
);
#3207=(
GEOMETRIC_REPRESENTATION_CONTEXT(3)
GLOBAL_UNCERTAINTY_ASSIGNED_CONTEXT((#3210))
GLOBAL_UNIT_ASSIGNED_CONTEXT((#3213,#3212,#3211))
REPRESENTATION_CONTEXT('T-1S6-07-TSW-1-07-2-S','COMPONENT_PART')
);
#3208=UNCERTAINTY_MEASURE_WITH_UNIT(LENGTH_MEASURE(3.93700787401575E-7),
#3213,'DISTANCE_ACCURACY_VALUE','Maximum Tolerance applied to model');
#3209=UNCERTAINTY_MEASURE_WITH_UNIT(LENGTH_MEASURE(3.93700787401575E-7),
#3213,'DISTANCE_ACCURACY_VALUE','Maximum Tolerance applied to model');
#3210=UNCERTAINTY_MEASURE_WITH_UNIT(LENGTH_MEASURE(3.93700787401575E-7),
#3213,'DISTANCE_ACCURACY_VALUE','Maximum Tolerance applied to model');
#3211=(
NAMED_UNIT(*)
SI_UNIT($,.STERADIAN.)
SOLID_ANGLE_UNIT()
);
#3212=(
NAMED_UNIT(*)
PLANE_ANGLE_UNIT()
SI_UNIT($,.RADIAN.)
);
#3213=(
CONVERSION_BASED_UNIT('INCH',#3215)
LENGTH_UNIT()
NAMED_UNIT(#3214)
);
#3214=DIMENSIONAL_EXPONENTS(1.,0.,0.,0.,0.,0.,0.);
#3215=LENGTH_MEASURE_WITH_UNIT(LENGTH_MEASURE(25.4),#3216);
#3216=(
LENGTH_UNIT()
NAMED_UNIT(*)
SI_UNIT(.MILLI.,.METRE.)
);
#3217=PRODUCT_DEFINITION_SHAPE('','',#3222);
#3218=PRODUCT_DEFINITION_SHAPE('','',#3223);
#3219=PRODUCT_DEFINITION_SHAPE(' ','NAUO PRDDFN',#13);
#3220=PRODUCT_DEFINITION_SHAPE('','',#3224);
#3221=PRODUCT_DEFINITION_SHAPE(' ','NAUO PRDDFN',#14);
#3222=PRODUCT_DEFINITION('','',#3228,#3225);
#3223=PRODUCT_DEFINITION('','',#3229,#3226);
#3224=PRODUCT_DEFINITION('','',#3230,#3227);
#3225=PRODUCT_DEFINITION_CONTEXT('',#3244,'design');
#3226=PRODUCT_DEFINITION_CONTEXT('',#3244,'design');
#3227=PRODUCT_DEFINITION_CONTEXT('',#3244,'design');
#3228=PRODUCT_DEFINITION_FORMATION_WITH_SPECIFIED_SOURCE('','',#3234,
 .NOT_KNOWN.);
#3229=PRODUCT_DEFINITION_FORMATION_WITH_SPECIFIED_SOURCE('','',#3235,
 .NOT_KNOWN.);
#3230=PRODUCT_DEFINITION_FORMATION_WITH_SPECIFIED_SOURCE('','',#3236,
 .NOT_KNOWN.);
#3231=PRODUCT_RELATED_PRODUCT_CATEGORY('','',(#3234));
#3232=PRODUCT_RELATED_PRODUCT_CATEGORY('','',(#3235));
#3233=PRODUCT_RELATED_PRODUCT_CATEGORY('','',(#3236));
#3234=PRODUCT('TSW-102-07-F-S','TSW-102-07-F-S','TSW-102-07-F-S',(#3240));
#3235=PRODUCT('TSW-102-07-F-S_body','TSW-102-07-F-S_body',
'TSW-102-07-F-S_body',(#3241));
#3236=PRODUCT('T-1S6-07-TSW-1-07-2-S','T-1S6-07-TSW-1-07-2-S',
'T-1S6-07-TSW-1-07-2-S',(#3242));
#3237=PRODUCT_CATEGORY('','');
#3238=PRODUCT_CATEGORY('','');
#3239=PRODUCT_CATEGORY('','');
#3240=PRODUCT_CONTEXT('',#3244,'mechanical');
#3241=PRODUCT_CONTEXT('',#3244,'mechanical');
#3242=PRODUCT_CONTEXT('',#3244,'mechanical');
#3243=APPLICATION_PROTOCOL_DEFINITION('international standard',
'ap242_managed_model_based_3d_engineering',2011,#3244);
#3244=APPLICATION_CONTEXT('managed model based 3d engineering');
ENDSEC;
END-ISO-10303-21;
