ISO-10303-21;
HEADER;
/* Generated by software containing ST-Developer
 * from STEP Tools, Inc. (www.steptools.com) 
 */

FILE_DESCRIPTION(
/* description */ (''),
/* implementation_level */ '2;1');

FILE_NAME(
/* name */ 'PG-TDSON-8-4_Z8B00003246_V05_3D.stp',
/* time_stamp */ '2024-06-14T18:44:56+05:30',
/* author */ ('sivamani'),
/* organization */ (''),
/* preprocessor_version */ 'ST-DEVELOPER v19.2',
/* originating_system */ 'AutoCAD Mechanical',
/* authorisation */ '');

FILE_SCHEMA (('AUTOMOTIVE_DESIGN { 1 0 10303 214 3 1 1 }'));
ENDSEC;

DATA;
#10=MECHANICAL_DESIGN_GEOMETRIC_PRESENTATION_REPRESENTATION('',(#24,#25,
#26,#27,#28,#29,#30,#31,#32,#33,#34,#35,#36,#37,#38,#39,#40,#41,#42,#43),
#9512);
#11=PRESENTATION_LAYER_ASSIGNMENT('2','3D_Logo',(#44,#45,#46,#47,#48,#49,
#50,#51,#52,#53,#54,#55));
#12=PRESENTATION_LAYER_ASSIGNMENT('4','3D_Pins',(#56,#57,#58,#59,#60,#61));
#13=PRESENTATION_LAYER_ASSIGNMENT('3','3D_Mold',(#62,#63));
#14=SHAPE_REPRESENTATION_RELATIONSHIP('SRR','None',#9518,#15);
#15=ADVANCED_BREP_SHAPE_REPRESENTATION('',(#44,#45,#46,#47,#48,#49,#50,
#51,#52,#53,#54,#55,#56,#57,#58,#59,#60,#61,#62,#63),#9511);
#16=ELLIPSE('',#6172,0.14142135623741,0.100000000000082);
#17=ELLIPSE('',#6173,0.141421356237262,0.099999999999964);
#18=ELLIPSE('',#6175,0.1414213562372,0.0999999999999085);
#19=ELLIPSE('',#6177,0.141421356237363,0.100000000000044);
#20=FACE_BOUND('',#691,.T.);
#21=FACE_BOUND('',#693,.T.);
#22=FACE_BOUND('',#737,.T.);
#23=FACE_BOUND('',#739,.T.);
#24=STYLED_ITEM('',(#9527),#44);
#25=STYLED_ITEM('',(#9527),#45);
#26=STYLED_ITEM('',(#9527),#46);
#27=STYLED_ITEM('',(#9527),#47);
#28=STYLED_ITEM('',(#9527),#48);
#29=STYLED_ITEM('',(#9527),#49);
#30=STYLED_ITEM('',(#9527),#50);
#31=STYLED_ITEM('',(#9527),#51);
#32=STYLED_ITEM('',(#9527),#52);
#33=STYLED_ITEM('',(#9527),#53);
#34=STYLED_ITEM('',(#9527),#54);
#35=STYLED_ITEM('',(#9527),#55);
#36=STYLED_ITEM('',(#9528),#56);
#37=STYLED_ITEM('',(#9528),#57);
#38=STYLED_ITEM('',(#9528),#58);
#39=STYLED_ITEM('',(#9528),#59);
#40=STYLED_ITEM('',(#9528),#60);
#41=STYLED_ITEM('',(#9528),#61);
#42=STYLED_ITEM('',(#9529),#62);
#43=STYLED_ITEM('',(#9529),#63);
#44=MANIFOLD_SOLID_BREP('66F',#5589);
#45=MANIFOLD_SOLID_BREP('673',#5590);
#46=MANIFOLD_SOLID_BREP('677',#5591);
#47=MANIFOLD_SOLID_BREP('67B',#5592);
#48=MANIFOLD_SOLID_BREP('67F',#5593);
#49=MANIFOLD_SOLID_BREP('683',#5594);
#50=MANIFOLD_SOLID_BREP('687',#5595);
#51=MANIFOLD_SOLID_BREP('68B',#5596);
#52=MANIFOLD_SOLID_BREP('68F',#5597);
#53=MANIFOLD_SOLID_BREP('693',#5598);
#54=MANIFOLD_SOLID_BREP('697',#5599);
#55=MANIFOLD_SOLID_BREP('69B',#5600);
#56=MANIFOLD_SOLID_BREP('A28',#5601);
#57=MANIFOLD_SOLID_BREP('A30',#5602);
#58=MANIFOLD_SOLID_BREP('A38',#5603);
#59=MANIFOLD_SOLID_BREP('A3C',#5604);
#60=MANIFOLD_SOLID_BREP('ADB',#5605);
#61=MANIFOLD_SOLID_BREP('ADF',#5606);
#62=MANIFOLD_SOLID_BREP('C81',#5607);
#63=MANIFOLD_SOLID_BREP('C82',#5608);
#64=PLANE('',#5631);
#65=PLANE('',#5632);
#66=PLANE('',#5642);
#67=PLANE('',#5679);
#68=PLANE('',#5680);
#69=PLANE('',#5681);
#70=PLANE('',#5682);
#71=PLANE('',#5683);
#72=PLANE('',#5684);
#73=PLANE('',#5685);
#74=PLANE('',#5686);
#75=PLANE('',#5690);
#76=PLANE('',#5691);
#77=PLANE('',#5692);
#78=PLANE('',#5693);
#79=PLANE('',#5694);
#80=PLANE('',#5695);
#81=PLANE('',#5696);
#82=PLANE('',#5697);
#83=PLANE('',#5707);
#84=PLANE('',#5708);
#85=PLANE('',#5709);
#86=PLANE('',#5719);
#87=PLANE('',#5720);
#88=PLANE('',#5721);
#89=PLANE('',#5722);
#90=PLANE('',#5723);
#91=PLANE('',#5727);
#92=PLANE('',#5728);
#93=PLANE('',#5741);
#94=PLANE('',#5751);
#95=PLANE('',#5752);
#96=PLANE('',#5753);
#97=PLANE('',#5754);
#98=PLANE('',#5755);
#99=PLANE('',#5756);
#100=PLANE('',#5757);
#101=PLANE('',#5758);
#102=PLANE('',#5759);
#103=PLANE('',#5760);
#104=PLANE('',#5761);
#105=PLANE('',#5762);
#106=PLANE('',#5763);
#107=PLANE('',#5767);
#108=PLANE('',#5768);
#109=PLANE('',#5769);
#110=PLANE('',#5770);
#111=PLANE('',#5771);
#112=PLANE('',#5772);
#113=PLANE('',#5773);
#114=PLANE('',#5774);
#115=PLANE('',#5784);
#116=PLANE('',#5785);
#117=PLANE('',#5786);
#118=PLANE('',#5796);
#119=PLANE('',#5797);
#120=PLANE('',#5798);
#121=PLANE('',#5799);
#122=PLANE('',#5800);
#123=PLANE('',#5804);
#124=PLANE('',#5805);
#125=PLANE('',#5809);
#126=PLANE('',#5810);
#127=PLANE('',#5826);
#128=PLANE('',#5827);
#129=PLANE('',#5831);
#130=PLANE('',#5871);
#131=PLANE('',#5872);
#132=PLANE('',#5891);
#133=PLANE('',#5892);
#134=PLANE('',#5893);
#135=PLANE('',#5894);
#136=PLANE('',#5937);
#137=PLANE('',#5950);
#138=PLANE('',#6005);
#139=PLANE('',#6012);
#140=PLANE('',#6013);
#141=PLANE('',#6023);
#142=PLANE('',#6024);
#143=PLANE('',#6025);
#144=PLANE('',#6035);
#145=PLANE('',#6036);
#146=PLANE('',#6037);
#147=PLANE('',#6038);
#148=PLANE('',#6039);
#149=PLANE('',#6043);
#150=PLANE('',#6044);
#151=PLANE('',#6045);
#152=PLANE('',#6046);
#153=PLANE('',#6047);
#154=PLANE('',#6048);
#155=PLANE('',#6049);
#156=PLANE('',#6050);
#157=PLANE('',#6051);
#158=PLANE('',#6052);
#159=PLANE('',#6053);
#160=PLANE('',#6054);
#161=PLANE('',#6055);
#162=PLANE('',#6056);
#163=PLANE('',#6057);
#164=PLANE('',#6058);
#165=PLANE('',#6059);
#166=PLANE('',#6060);
#167=PLANE('',#6061);
#168=PLANE('',#6062);
#169=PLANE('',#6063);
#170=PLANE('',#6064);
#171=PLANE('',#6065);
#172=PLANE('',#6066);
#173=PLANE('',#6067);
#174=PLANE('',#6068);
#175=PLANE('',#6069);
#176=PLANE('',#6070);
#177=PLANE('',#6071);
#178=PLANE('',#6072);
#179=PLANE('',#6073);
#180=PLANE('',#6074);
#181=PLANE('',#6078);
#182=PLANE('',#6079);
#183=PLANE('',#6080);
#184=PLANE('',#6081);
#185=PLANE('',#6082);
#186=PLANE('',#6086);
#187=PLANE('',#6087);
#188=PLANE('',#6091);
#189=PLANE('',#6092);
#190=PLANE('',#6093);
#191=PLANE('',#6094);
#192=PLANE('',#6095);
#193=PLANE('',#6099);
#194=PLANE('',#6100);
#195=PLANE('',#6104);
#196=PLANE('',#6105);
#197=PLANE('',#6106);
#198=PLANE('',#6107);
#199=PLANE('',#6108);
#200=PLANE('',#6112);
#201=PLANE('',#6113);
#202=PLANE('',#6114);
#203=PLANE('',#6115);
#204=PLANE('',#6116);
#205=PLANE('',#6117);
#206=PLANE('',#6118);
#207=PLANE('',#6119);
#208=PLANE('',#6123);
#209=PLANE('',#6124);
#210=PLANE('',#6125);
#211=PLANE('',#6126);
#212=PLANE('',#6127);
#213=PLANE('',#6131);
#214=PLANE('',#6132);
#215=PLANE('',#6136);
#216=PLANE('',#6137);
#217=PLANE('',#6138);
#218=PLANE('',#6139);
#219=PLANE('',#6140);
#220=PLANE('',#6144);
#221=PLANE('',#6145);
#222=PLANE('',#6149);
#223=PLANE('',#6150);
#224=PLANE('',#6151);
#225=PLANE('',#6152);
#226=PLANE('',#6153);
#227=PLANE('',#6157);
#228=PLANE('',#6158);
#229=PLANE('',#6159);
#230=PLANE('',#6160);
#231=PLANE('',#6161);
#232=PLANE('',#6162);
#233=PLANE('',#6163);
#234=PLANE('',#6164);
#235=PLANE('',#6165);
#236=PLANE('',#6166);
#237=PLANE('',#6167);
#238=PLANE('',#6168);
#239=PLANE('',#6169);
#240=PLANE('',#6170);
#241=FACE_OUTER_BOUND('',#550,.T.);
#242=FACE_OUTER_BOUND('',#551,.T.);
#243=FACE_OUTER_BOUND('',#552,.T.);
#244=FACE_OUTER_BOUND('',#553,.T.);
#245=FACE_OUTER_BOUND('',#554,.T.);
#246=FACE_OUTER_BOUND('',#555,.T.);
#247=FACE_OUTER_BOUND('',#556,.T.);
#248=FACE_OUTER_BOUND('',#557,.T.);
#249=FACE_OUTER_BOUND('',#558,.T.);
#250=FACE_OUTER_BOUND('',#559,.T.);
#251=FACE_OUTER_BOUND('',#560,.T.);
#252=FACE_OUTER_BOUND('',#561,.T.);
#253=FACE_OUTER_BOUND('',#562,.T.);
#254=FACE_OUTER_BOUND('',#563,.T.);
#255=FACE_OUTER_BOUND('',#564,.T.);
#256=FACE_OUTER_BOUND('',#565,.T.);
#257=FACE_OUTER_BOUND('',#566,.T.);
#258=FACE_OUTER_BOUND('',#567,.T.);
#259=FACE_OUTER_BOUND('',#568,.T.);
#260=FACE_OUTER_BOUND('',#569,.T.);
#261=FACE_OUTER_BOUND('',#570,.T.);
#262=FACE_OUTER_BOUND('',#571,.T.);
#263=FACE_OUTER_BOUND('',#572,.T.);
#264=FACE_OUTER_BOUND('',#573,.T.);
#265=FACE_OUTER_BOUND('',#574,.T.);
#266=FACE_OUTER_BOUND('',#575,.T.);
#267=FACE_OUTER_BOUND('',#576,.T.);
#268=FACE_OUTER_BOUND('',#577,.T.);
#269=FACE_OUTER_BOUND('',#578,.T.);
#270=FACE_OUTER_BOUND('',#579,.T.);
#271=FACE_OUTER_BOUND('',#580,.T.);
#272=FACE_OUTER_BOUND('',#581,.T.);
#273=FACE_OUTER_BOUND('',#582,.T.);
#274=FACE_OUTER_BOUND('',#583,.T.);
#275=FACE_OUTER_BOUND('',#584,.T.);
#276=FACE_OUTER_BOUND('',#585,.T.);
#277=FACE_OUTER_BOUND('',#586,.T.);
#278=FACE_OUTER_BOUND('',#587,.T.);
#279=FACE_OUTER_BOUND('',#588,.T.);
#280=FACE_OUTER_BOUND('',#589,.T.);
#281=FACE_OUTER_BOUND('',#590,.T.);
#282=FACE_OUTER_BOUND('',#591,.T.);
#283=FACE_OUTER_BOUND('',#592,.T.);
#284=FACE_OUTER_BOUND('',#593,.T.);
#285=FACE_OUTER_BOUND('',#594,.T.);
#286=FACE_OUTER_BOUND('',#595,.T.);
#287=FACE_OUTER_BOUND('',#596,.T.);
#288=FACE_OUTER_BOUND('',#597,.T.);
#289=FACE_OUTER_BOUND('',#598,.T.);
#290=FACE_OUTER_BOUND('',#599,.T.);
#291=FACE_OUTER_BOUND('',#600,.T.);
#292=FACE_OUTER_BOUND('',#601,.T.);
#293=FACE_OUTER_BOUND('',#602,.T.);
#294=FACE_OUTER_BOUND('',#603,.T.);
#295=FACE_OUTER_BOUND('',#604,.T.);
#296=FACE_OUTER_BOUND('',#605,.T.);
#297=FACE_OUTER_BOUND('',#606,.T.);
#298=FACE_OUTER_BOUND('',#607,.T.);
#299=FACE_OUTER_BOUND('',#608,.T.);
#300=FACE_OUTER_BOUND('',#609,.T.);
#301=FACE_OUTER_BOUND('',#610,.T.);
#302=FACE_OUTER_BOUND('',#611,.T.);
#303=FACE_OUTER_BOUND('',#612,.T.);
#304=FACE_OUTER_BOUND('',#613,.T.);
#305=FACE_OUTER_BOUND('',#614,.T.);
#306=FACE_OUTER_BOUND('',#615,.T.);
#307=FACE_OUTER_BOUND('',#616,.T.);
#308=FACE_OUTER_BOUND('',#617,.T.);
#309=FACE_OUTER_BOUND('',#618,.T.);
#310=FACE_OUTER_BOUND('',#619,.T.);
#311=FACE_OUTER_BOUND('',#620,.T.);
#312=FACE_OUTER_BOUND('',#621,.T.);
#313=FACE_OUTER_BOUND('',#622,.T.);
#314=FACE_OUTER_BOUND('',#623,.T.);
#315=FACE_OUTER_BOUND('',#624,.T.);
#316=FACE_OUTER_BOUND('',#625,.T.);
#317=FACE_OUTER_BOUND('',#626,.T.);
#318=FACE_OUTER_BOUND('',#627,.T.);
#319=FACE_OUTER_BOUND('',#628,.T.);
#320=FACE_OUTER_BOUND('',#629,.T.);
#321=FACE_OUTER_BOUND('',#630,.T.);
#322=FACE_OUTER_BOUND('',#631,.T.);
#323=FACE_OUTER_BOUND('',#632,.T.);
#324=FACE_OUTER_BOUND('',#633,.T.);
#325=FACE_OUTER_BOUND('',#634,.T.);
#326=FACE_OUTER_BOUND('',#635,.T.);
#327=FACE_OUTER_BOUND('',#636,.T.);
#328=FACE_OUTER_BOUND('',#637,.T.);
#329=FACE_OUTER_BOUND('',#638,.T.);
#330=FACE_OUTER_BOUND('',#639,.T.);
#331=FACE_OUTER_BOUND('',#640,.T.);
#332=FACE_OUTER_BOUND('',#641,.T.);
#333=FACE_OUTER_BOUND('',#642,.T.);
#334=FACE_OUTER_BOUND('',#643,.T.);
#335=FACE_OUTER_BOUND('',#644,.T.);
#336=FACE_OUTER_BOUND('',#645,.T.);
#337=FACE_OUTER_BOUND('',#646,.T.);
#338=FACE_OUTER_BOUND('',#647,.T.);
#339=FACE_OUTER_BOUND('',#648,.T.);
#340=FACE_OUTER_BOUND('',#649,.T.);
#341=FACE_OUTER_BOUND('',#650,.T.);
#342=FACE_OUTER_BOUND('',#651,.T.);
#343=FACE_OUTER_BOUND('',#652,.T.);
#344=FACE_OUTER_BOUND('',#653,.T.);
#345=FACE_OUTER_BOUND('',#654,.T.);
#346=FACE_OUTER_BOUND('',#655,.T.);
#347=FACE_OUTER_BOUND('',#656,.T.);
#348=FACE_OUTER_BOUND('',#657,.T.);
#349=FACE_OUTER_BOUND('',#658,.T.);
#350=FACE_OUTER_BOUND('',#659,.T.);
#351=FACE_OUTER_BOUND('',#660,.T.);
#352=FACE_OUTER_BOUND('',#661,.T.);
#353=FACE_OUTER_BOUND('',#662,.T.);
#354=FACE_OUTER_BOUND('',#663,.T.);
#355=FACE_OUTER_BOUND('',#664,.T.);
#356=FACE_OUTER_BOUND('',#665,.T.);
#357=FACE_OUTER_BOUND('',#666,.T.);
#358=FACE_OUTER_BOUND('',#667,.T.);
#359=FACE_OUTER_BOUND('',#668,.T.);
#360=FACE_OUTER_BOUND('',#669,.T.);
#361=FACE_OUTER_BOUND('',#670,.T.);
#362=FACE_OUTER_BOUND('',#671,.T.);
#363=FACE_OUTER_BOUND('',#672,.T.);
#364=FACE_OUTER_BOUND('',#673,.T.);
#365=FACE_OUTER_BOUND('',#674,.T.);
#366=FACE_OUTER_BOUND('',#675,.T.);
#367=FACE_OUTER_BOUND('',#676,.T.);
#368=FACE_OUTER_BOUND('',#677,.T.);
#369=FACE_OUTER_BOUND('',#678,.T.);
#370=FACE_OUTER_BOUND('',#679,.T.);
#371=FACE_OUTER_BOUND('',#680,.T.);
#372=FACE_OUTER_BOUND('',#681,.T.);
#373=FACE_OUTER_BOUND('',#682,.T.);
#374=FACE_OUTER_BOUND('',#683,.T.);
#375=FACE_OUTER_BOUND('',#684,.T.);
#376=FACE_OUTER_BOUND('',#685,.T.);
#377=FACE_OUTER_BOUND('',#686,.T.);
#378=FACE_OUTER_BOUND('',#687,.T.);
#379=FACE_OUTER_BOUND('',#688,.T.);
#380=FACE_OUTER_BOUND('',#689,.T.);
#381=FACE_OUTER_BOUND('',#690,.T.);
#382=FACE_OUTER_BOUND('',#692,.T.);
#383=FACE_OUTER_BOUND('',#694,.T.);
#384=FACE_OUTER_BOUND('',#695,.T.);
#385=FACE_OUTER_BOUND('',#696,.T.);
#386=FACE_OUTER_BOUND('',#697,.T.);
#387=FACE_OUTER_BOUND('',#698,.T.);
#388=FACE_OUTER_BOUND('',#699,.T.);
#389=FACE_OUTER_BOUND('',#700,.T.);
#390=FACE_OUTER_BOUND('',#701,.T.);
#391=FACE_OUTER_BOUND('',#702,.T.);
#392=FACE_OUTER_BOUND('',#703,.T.);
#393=FACE_OUTER_BOUND('',#704,.T.);
#394=FACE_OUTER_BOUND('',#705,.T.);
#395=FACE_OUTER_BOUND('',#706,.T.);
#396=FACE_OUTER_BOUND('',#707,.T.);
#397=FACE_OUTER_BOUND('',#708,.T.);
#398=FACE_OUTER_BOUND('',#709,.T.);
#399=FACE_OUTER_BOUND('',#710,.T.);
#400=FACE_OUTER_BOUND('',#711,.T.);
#401=FACE_OUTER_BOUND('',#712,.T.);
#402=FACE_OUTER_BOUND('',#713,.T.);
#403=FACE_OUTER_BOUND('',#714,.T.);
#404=FACE_OUTER_BOUND('',#715,.T.);
#405=FACE_OUTER_BOUND('',#716,.T.);
#406=FACE_OUTER_BOUND('',#717,.T.);
#407=FACE_OUTER_BOUND('',#718,.T.);
#408=FACE_OUTER_BOUND('',#719,.T.);
#409=FACE_OUTER_BOUND('',#720,.T.);
#410=FACE_OUTER_BOUND('',#721,.T.);
#411=FACE_OUTER_BOUND('',#722,.T.);
#412=FACE_OUTER_BOUND('',#723,.T.);
#413=FACE_OUTER_BOUND('',#724,.T.);
#414=FACE_OUTER_BOUND('',#725,.T.);
#415=FACE_OUTER_BOUND('',#726,.T.);
#416=FACE_OUTER_BOUND('',#727,.T.);
#417=FACE_OUTER_BOUND('',#728,.T.);
#418=FACE_OUTER_BOUND('',#729,.T.);
#419=FACE_OUTER_BOUND('',#730,.T.);
#420=FACE_OUTER_BOUND('',#731,.T.);
#421=FACE_OUTER_BOUND('',#732,.T.);
#422=FACE_OUTER_BOUND('',#733,.T.);
#423=FACE_OUTER_BOUND('',#734,.T.);
#424=FACE_OUTER_BOUND('',#735,.T.);
#425=FACE_OUTER_BOUND('',#736,.T.);
#426=FACE_OUTER_BOUND('',#738,.T.);
#427=FACE_OUTER_BOUND('',#740,.T.);
#428=FACE_OUTER_BOUND('',#741,.T.);
#429=FACE_OUTER_BOUND('',#742,.T.);
#430=FACE_OUTER_BOUND('',#743,.T.);
#431=FACE_OUTER_BOUND('',#744,.T.);
#432=FACE_OUTER_BOUND('',#745,.T.);
#433=FACE_OUTER_BOUND('',#746,.T.);
#434=FACE_OUTER_BOUND('',#747,.T.);
#435=FACE_OUTER_BOUND('',#748,.T.);
#436=FACE_OUTER_BOUND('',#749,.T.);
#437=FACE_OUTER_BOUND('',#750,.T.);
#438=FACE_OUTER_BOUND('',#751,.T.);
#439=FACE_OUTER_BOUND('',#752,.T.);
#440=FACE_OUTER_BOUND('',#753,.T.);
#441=FACE_OUTER_BOUND('',#754,.T.);
#442=FACE_OUTER_BOUND('',#755,.T.);
#443=FACE_OUTER_BOUND('',#756,.T.);
#444=FACE_OUTER_BOUND('',#757,.T.);
#445=FACE_OUTER_BOUND('',#758,.T.);
#446=FACE_OUTER_BOUND('',#759,.T.);
#447=FACE_OUTER_BOUND('',#760,.T.);
#448=FACE_OUTER_BOUND('',#761,.T.);
#449=FACE_OUTER_BOUND('',#762,.T.);
#450=FACE_OUTER_BOUND('',#763,.T.);
#451=FACE_OUTER_BOUND('',#764,.T.);
#452=FACE_OUTER_BOUND('',#765,.T.);
#453=FACE_OUTER_BOUND('',#766,.T.);
#454=FACE_OUTER_BOUND('',#767,.T.);
#455=FACE_OUTER_BOUND('',#768,.T.);
#456=FACE_OUTER_BOUND('',#769,.T.);
#457=FACE_OUTER_BOUND('',#770,.T.);
#458=FACE_OUTER_BOUND('',#771,.T.);
#459=FACE_OUTER_BOUND('',#772,.T.);
#460=FACE_OUTER_BOUND('',#773,.T.);
#461=FACE_OUTER_BOUND('',#774,.T.);
#462=FACE_OUTER_BOUND('',#775,.T.);
#463=FACE_OUTER_BOUND('',#776,.T.);
#464=FACE_OUTER_BOUND('',#777,.T.);
#465=FACE_OUTER_BOUND('',#778,.T.);
#466=FACE_OUTER_BOUND('',#779,.T.);
#467=FACE_OUTER_BOUND('',#780,.T.);
#468=FACE_OUTER_BOUND('',#781,.T.);
#469=FACE_OUTER_BOUND('',#782,.T.);
#470=FACE_OUTER_BOUND('',#783,.T.);
#471=FACE_OUTER_BOUND('',#784,.T.);
#472=FACE_OUTER_BOUND('',#785,.T.);
#473=FACE_OUTER_BOUND('',#786,.T.);
#474=FACE_OUTER_BOUND('',#787,.T.);
#475=FACE_OUTER_BOUND('',#788,.T.);
#476=FACE_OUTER_BOUND('',#789,.T.);
#477=FACE_OUTER_BOUND('',#790,.T.);
#478=FACE_OUTER_BOUND('',#791,.T.);
#479=FACE_OUTER_BOUND('',#792,.T.);
#480=FACE_OUTER_BOUND('',#793,.T.);
#481=FACE_OUTER_BOUND('',#794,.T.);
#482=FACE_OUTER_BOUND('',#795,.T.);
#483=FACE_OUTER_BOUND('',#796,.T.);
#484=FACE_OUTER_BOUND('',#797,.T.);
#485=FACE_OUTER_BOUND('',#798,.T.);
#486=FACE_OUTER_BOUND('',#799,.T.);
#487=FACE_OUTER_BOUND('',#800,.T.);
#488=FACE_OUTER_BOUND('',#801,.T.);
#489=FACE_OUTER_BOUND('',#802,.T.);
#490=FACE_OUTER_BOUND('',#803,.T.);
#491=FACE_OUTER_BOUND('',#804,.T.);
#492=FACE_OUTER_BOUND('',#805,.T.);
#493=FACE_OUTER_BOUND('',#806,.T.);
#494=FACE_OUTER_BOUND('',#807,.T.);
#495=FACE_OUTER_BOUND('',#808,.T.);
#496=FACE_OUTER_BOUND('',#809,.T.);
#497=FACE_OUTER_BOUND('',#810,.T.);
#498=FACE_OUTER_BOUND('',#811,.T.);
#499=FACE_OUTER_BOUND('',#812,.T.);
#500=FACE_OUTER_BOUND('',#813,.T.);
#501=FACE_OUTER_BOUND('',#814,.T.);
#502=FACE_OUTER_BOUND('',#815,.T.);
#503=FACE_OUTER_BOUND('',#816,.T.);
#504=FACE_OUTER_BOUND('',#817,.T.);
#505=FACE_OUTER_BOUND('',#818,.T.);
#506=FACE_OUTER_BOUND('',#819,.T.);
#507=FACE_OUTER_BOUND('',#820,.T.);
#508=FACE_OUTER_BOUND('',#821,.T.);
#509=FACE_OUTER_BOUND('',#822,.T.);
#510=FACE_OUTER_BOUND('',#823,.T.);
#511=FACE_OUTER_BOUND('',#824,.T.);
#512=FACE_OUTER_BOUND('',#825,.T.);
#513=FACE_OUTER_BOUND('',#826,.T.);
#514=FACE_OUTER_BOUND('',#827,.T.);
#515=FACE_OUTER_BOUND('',#828,.T.);
#516=FACE_OUTER_BOUND('',#829,.T.);
#517=FACE_OUTER_BOUND('',#830,.T.);
#518=FACE_OUTER_BOUND('',#831,.T.);
#519=FACE_OUTER_BOUND('',#832,.T.);
#520=FACE_OUTER_BOUND('',#833,.T.);
#521=FACE_OUTER_BOUND('',#834,.T.);
#522=FACE_OUTER_BOUND('',#835,.T.);
#523=FACE_OUTER_BOUND('',#836,.T.);
#524=FACE_OUTER_BOUND('',#837,.T.);
#525=FACE_OUTER_BOUND('',#838,.T.);
#526=FACE_OUTER_BOUND('',#839,.T.);
#527=FACE_OUTER_BOUND('',#840,.T.);
#528=FACE_OUTER_BOUND('',#841,.T.);
#529=FACE_OUTER_BOUND('',#842,.T.);
#530=FACE_OUTER_BOUND('',#843,.T.);
#531=FACE_OUTER_BOUND('',#844,.T.);
#532=FACE_OUTER_BOUND('',#845,.T.);
#533=FACE_OUTER_BOUND('',#846,.T.);
#534=FACE_OUTER_BOUND('',#847,.T.);
#535=FACE_OUTER_BOUND('',#848,.T.);
#536=FACE_OUTER_BOUND('',#849,.T.);
#537=FACE_OUTER_BOUND('',#850,.T.);
#538=FACE_OUTER_BOUND('',#851,.T.);
#539=FACE_OUTER_BOUND('',#852,.T.);
#540=FACE_OUTER_BOUND('',#853,.T.);
#541=FACE_OUTER_BOUND('',#854,.T.);
#542=FACE_OUTER_BOUND('',#855,.T.);
#543=FACE_OUTER_BOUND('',#856,.T.);
#544=FACE_OUTER_BOUND('',#857,.T.);
#545=FACE_OUTER_BOUND('',#858,.T.);
#546=FACE_OUTER_BOUND('',#859,.T.);
#547=FACE_OUTER_BOUND('',#860,.T.);
#548=FACE_OUTER_BOUND('',#861,.T.);
#549=FACE_OUTER_BOUND('',#862,.T.);
#550=EDGE_LOOP('',(#3542,#3543,#3544,#3545));
#551=EDGE_LOOP('',(#3546,#3547,#3548,#3549));
#552=EDGE_LOOP('',(#3550,#3551,#3552,#3553));
#553=EDGE_LOOP('',(#3554,#3555,#3556,#3557));
#554=EDGE_LOOP('',(#3558,#3559,#3560,#3561));
#555=EDGE_LOOP('',(#3562,#3563,#3564,#3565));
#556=EDGE_LOOP('',(#3566,#3567,#3568,#3569));
#557=EDGE_LOOP('',(#3570,#3571,#3572,#3573));
#558=EDGE_LOOP('',(#3574,#3575,#3576,#3577));
#559=EDGE_LOOP('',(#3578,#3579,#3580,#3581));
#560=EDGE_LOOP('',(#3582,#3583,#3584,#3585));
#561=EDGE_LOOP('',(#3586,#3587,#3588,#3589));
#562=EDGE_LOOP('',(#3590,#3591,#3592,#3593));
#563=EDGE_LOOP('',(#3594,#3595,#3596,#3597));
#564=EDGE_LOOP('',(#3598,#3599,#3600,#3601));
#565=EDGE_LOOP('',(#3602,#3603,#3604,#3605));
#566=EDGE_LOOP('',(#3606,#3607,#3608,#3609));
#567=EDGE_LOOP('',(#3610,#3611,#3612,#3613));
#568=EDGE_LOOP('',(#3614,#3615,#3616,#3617));
#569=EDGE_LOOP('',(#3618,#3619,#3620,#3621));
#570=EDGE_LOOP('',(#3622,#3623,#3624,#3625));
#571=EDGE_LOOP('',(#3626,#3627,#3628,#3629));
#572=EDGE_LOOP('',(#3630,#3631,#3632,#3633));
#573=EDGE_LOOP('',(#3634,#3635,#3636,#3637));
#574=EDGE_LOOP('',(#3638,#3639,#3640,#3641));
#575=EDGE_LOOP('',(#3642,#3643,#3644,#3645,#3646,#3647,#3648,#3649,#3650,
#3651,#3652,#3653,#3654,#3655,#3656,#3657,#3658,#3659,#3660,#3661,#3662,
#3663,#3664,#3665,#3666));
#576=EDGE_LOOP('',(#3667,#3668,#3669,#3670,#3671,#3672,#3673,#3674,#3675,
#3676,#3677,#3678,#3679,#3680,#3681,#3682,#3683,#3684,#3685,#3686,#3687,
#3688,#3689,#3690,#3691));
#577=EDGE_LOOP('',(#3692,#3693,#3694,#3695));
#578=EDGE_LOOP('',(#3696,#3697,#3698,#3699));
#579=EDGE_LOOP('',(#3700,#3701,#3702,#3703));
#580=EDGE_LOOP('',(#3704,#3705,#3706,#3707));
#581=EDGE_LOOP('',(#3708,#3709,#3710,#3711));
#582=EDGE_LOOP('',(#3712,#3713,#3714,#3715));
#583=EDGE_LOOP('',(#3716,#3717,#3718,#3719));
#584=EDGE_LOOP('',(#3720));
#585=EDGE_LOOP('',(#3721));
#586=EDGE_LOOP('',(#3722,#3723,#3724,#3725));
#587=EDGE_LOOP('',(#3726,#3727,#3728,#3729));
#588=EDGE_LOOP('',(#3730,#3731,#3732,#3733));
#589=EDGE_LOOP('',(#3734,#3735,#3736,#3737));
#590=EDGE_LOOP('',(#3738,#3739,#3740,#3741));
#591=EDGE_LOOP('',(#3742,#3743,#3744,#3745));
#592=EDGE_LOOP('',(#3746,#3747,#3748,#3749));
#593=EDGE_LOOP('',(#3750,#3751,#3752,#3753));
#594=EDGE_LOOP('',(#3754,#3755,#3756,#3757));
#595=EDGE_LOOP('',(#3758,#3759,#3760,#3761));
#596=EDGE_LOOP('',(#3762,#3763,#3764,#3765));
#597=EDGE_LOOP('',(#3766,#3767,#3768,#3769));
#598=EDGE_LOOP('',(#3770,#3771,#3772,#3773));
#599=EDGE_LOOP('',(#3774,#3775,#3776,#3777));
#600=EDGE_LOOP('',(#3778,#3779,#3780,#3781));
#601=EDGE_LOOP('',(#3782,#3783,#3784,#3785));
#602=EDGE_LOOP('',(#3786,#3787,#3788,#3789));
#603=EDGE_LOOP('',(#3790,#3791,#3792,#3793));
#604=EDGE_LOOP('',(#3794,#3795,#3796,#3797));
#605=EDGE_LOOP('',(#3798,#3799,#3800,#3801));
#606=EDGE_LOOP('',(#3802,#3803,#3804,#3805));
#607=EDGE_LOOP('',(#3806,#3807,#3808,#3809,#3810,#3811,#3812,#3813,#3814,
#3815,#3816,#3817,#3818,#3819,#3820));
#608=EDGE_LOOP('',(#3821,#3822,#3823,#3824,#3825,#3826,#3827,#3828,#3829,
#3830,#3831,#3832,#3833,#3834,#3835));
#609=EDGE_LOOP('',(#3836,#3837,#3838,#3839));
#610=EDGE_LOOP('',(#3840,#3841,#3842,#3843));
#611=EDGE_LOOP('',(#3844,#3845,#3846,#3847));
#612=EDGE_LOOP('',(#3848,#3849,#3850,#3851));
#613=EDGE_LOOP('',(#3852,#3853,#3854,#3855));
#614=EDGE_LOOP('',(#3856,#3857,#3858,#3859));
#615=EDGE_LOOP('',(#3860,#3861,#3862,#3863));
#616=EDGE_LOOP('',(#3864,#3865,#3866,#3867));
#617=EDGE_LOOP('',(#3868,#3869,#3870,#3871));
#618=EDGE_LOOP('',(#3872,#3873,#3874,#3875));
#619=EDGE_LOOP('',(#3876,#3877,#3878,#3879));
#620=EDGE_LOOP('',(#3880,#3881,#3882,#3883));
#621=EDGE_LOOP('',(#3884,#3885,#3886,#3887));
#622=EDGE_LOOP('',(#3888,#3889,#3890,#3891));
#623=EDGE_LOOP('',(#3892,#3893,#3894,#3895));
#624=EDGE_LOOP('',(#3896,#3897,#3898,#3899));
#625=EDGE_LOOP('',(#3900,#3901,#3902,#3903));
#626=EDGE_LOOP('',(#3904,#3905,#3906,#3907));
#627=EDGE_LOOP('',(#3908,#3909,#3910,#3911));
#628=EDGE_LOOP('',(#3912,#3913,#3914,#3915,#3916,#3917,#3918,#3919,#3920,
#3921,#3922,#3923,#3924,#3925,#3926,#3927,#3928,#3929,#3930));
#629=EDGE_LOOP('',(#3931,#3932,#3933,#3934,#3935,#3936,#3937,#3938,#3939,
#3940,#3941,#3942,#3943,#3944,#3945,#3946,#3947,#3948,#3949));
#630=EDGE_LOOP('',(#3950,#3951,#3952,#3953));
#631=EDGE_LOOP('',(#3954));
#632=EDGE_LOOP('',(#3955));
#633=EDGE_LOOP('',(#3956,#3957,#3958,#3959));
#634=EDGE_LOOP('',(#3960,#3961,#3962,#3963));
#635=EDGE_LOOP('',(#3964,#3965,#3966,#3967));
#636=EDGE_LOOP('',(#3968,#3969,#3970,#3971));
#637=EDGE_LOOP('',(#3972,#3973,#3974,#3975));
#638=EDGE_LOOP('',(#3976,#3977,#3978,#3979));
#639=EDGE_LOOP('',(#3980,#3981,#3982,#3983));
#640=EDGE_LOOP('',(#3984,#3985,#3986,#3987));
#641=EDGE_LOOP('',(#3988,#3989,#3990,#3991));
#642=EDGE_LOOP('',(#3992,#3993,#3994,#3995));
#643=EDGE_LOOP('',(#3996,#3997,#3998,#3999));
#644=EDGE_LOOP('',(#4000,#4001,#4002,#4003));
#645=EDGE_LOOP('',(#4004,#4005,#4006,#4007));
#646=EDGE_LOOP('',(#4008,#4009,#4010,#4011));
#647=EDGE_LOOP('',(#4012,#4013,#4014,#4015));
#648=EDGE_LOOP('',(#4016,#4017,#4018,#4019));
#649=EDGE_LOOP('',(#4020,#4021,#4022,#4023));
#650=EDGE_LOOP('',(#4024,#4025,#4026,#4027));
#651=EDGE_LOOP('',(#4028,#4029,#4030,#4031));
#652=EDGE_LOOP('',(#4032,#4033,#4034,#4035));
#653=EDGE_LOOP('',(#4036,#4037,#4038,#4039));
#654=EDGE_LOOP('',(#4040,#4041,#4042,#4043,#4044,#4045,#4046,#4047,#4048,
#4049,#4050,#4051,#4052,#4053,#4054));
#655=EDGE_LOOP('',(#4055,#4056,#4057,#4058,#4059,#4060,#4061,#4062,#4063,
#4064,#4065,#4066,#4067,#4068,#4069));
#656=EDGE_LOOP('',(#4070,#4071,#4072,#4073));
#657=EDGE_LOOP('',(#4074,#4075,#4076,#4077));
#658=EDGE_LOOP('',(#4078,#4079,#4080,#4081));
#659=EDGE_LOOP('',(#4082,#4083,#4084,#4085));
#660=EDGE_LOOP('',(#4086,#4087,#4088,#4089));
#661=EDGE_LOOP('',(#4090,#4091,#4092,#4093));
#662=EDGE_LOOP('',(#4094,#4095,#4096,#4097));
#663=EDGE_LOOP('',(#4098,#4099,#4100,#4101));
#664=EDGE_LOOP('',(#4102,#4103,#4104,#4105));
#665=EDGE_LOOP('',(#4106,#4107,#4108,#4109));
#666=EDGE_LOOP('',(#4110,#4111,#4112,#4113));
#667=EDGE_LOOP('',(#4114,#4115,#4116,#4117));
#668=EDGE_LOOP('',(#4118,#4119,#4120,#4121));
#669=EDGE_LOOP('',(#4122,#4123,#4124,#4125));
#670=EDGE_LOOP('',(#4126,#4127,#4128,#4129));
#671=EDGE_LOOP('',(#4130,#4131,#4132,#4133));
#672=EDGE_LOOP('',(#4134,#4135,#4136,#4137));
#673=EDGE_LOOP('',(#4138,#4139,#4140,#4141));
#674=EDGE_LOOP('',(#4142,#4143,#4144,#4145));
#675=EDGE_LOOP('',(#4146,#4147,#4148,#4149));
#676=EDGE_LOOP('',(#4150,#4151,#4152,#4153));
#677=EDGE_LOOP('',(#4154,#4155,#4156,#4157));
#678=EDGE_LOOP('',(#4158,#4159,#4160,#4161));
#679=EDGE_LOOP('',(#4162,#4163,#4164,#4165));
#680=EDGE_LOOP('',(#4166,#4167,#4168,#4169));
#681=EDGE_LOOP('',(#4170,#4171,#4172,#4173));
#682=EDGE_LOOP('',(#4174,#4175,#4176,#4177));
#683=EDGE_LOOP('',(#4178,#4179,#4180,#4181));
#684=EDGE_LOOP('',(#4182,#4183,#4184,#4185));
#685=EDGE_LOOP('',(#4186,#4187,#4188,#4189));
#686=EDGE_LOOP('',(#4190,#4191,#4192,#4193));
#687=EDGE_LOOP('',(#4194,#4195,#4196,#4197));
#688=EDGE_LOOP('',(#4198,#4199,#4200,#4201));
#689=EDGE_LOOP('',(#4202,#4203,#4204,#4205));
#690=EDGE_LOOP('',(#4206,#4207,#4208,#4209,#4210,#4211,#4212,#4213,#4214,
#4215,#4216,#4217,#4218,#4219,#4220,#4221,#4222,#4223,#4224,#4225,#4226,
#4227,#4228,#4229,#4230,#4231));
#691=EDGE_LOOP('',(#4232,#4233,#4234,#4235,#4236,#4237,#4238,#4239));
#692=EDGE_LOOP('',(#4240,#4241,#4242,#4243,#4244,#4245,#4246,#4247,#4248,
#4249,#4250,#4251,#4252,#4253,#4254,#4255,#4256,#4257,#4258,#4259,#4260,
#4261,#4262,#4263,#4264,#4265));
#693=EDGE_LOOP('',(#4266,#4267,#4268,#4269,#4270,#4271,#4272,#4273));
#694=EDGE_LOOP('',(#4274,#4275,#4276,#4277));
#695=EDGE_LOOP('',(#4278,#4279,#4280,#4281));
#696=EDGE_LOOP('',(#4282,#4283,#4284,#4285));
#697=EDGE_LOOP('',(#4286,#4287,#4288,#4289));
#698=EDGE_LOOP('',(#4290,#4291,#4292,#4293));
#699=EDGE_LOOP('',(#4294,#4295,#4296,#4297));
#700=EDGE_LOOP('',(#4298,#4299,#4300,#4301));
#701=EDGE_LOOP('',(#4302,#4303,#4304,#4305));
#702=EDGE_LOOP('',(#4306,#4307,#4308,#4309));
#703=EDGE_LOOP('',(#4310,#4311,#4312,#4313));
#704=EDGE_LOOP('',(#4314,#4315,#4316,#4317));
#705=EDGE_LOOP('',(#4318,#4319,#4320,#4321));
#706=EDGE_LOOP('',(#4322,#4323,#4324,#4325));
#707=EDGE_LOOP('',(#4326,#4327,#4328,#4329));
#708=EDGE_LOOP('',(#4330,#4331,#4332,#4333));
#709=EDGE_LOOP('',(#4334,#4335,#4336,#4337));
#710=EDGE_LOOP('',(#4338,#4339,#4340,#4341));
#711=EDGE_LOOP('',(#4342,#4343,#4344,#4345));
#712=EDGE_LOOP('',(#4346,#4347,#4348,#4349));
#713=EDGE_LOOP('',(#4350,#4351,#4352,#4353));
#714=EDGE_LOOP('',(#4354,#4355,#4356,#4357));
#715=EDGE_LOOP('',(#4358,#4359,#4360,#4361));
#716=EDGE_LOOP('',(#4362,#4363,#4364,#4365));
#717=EDGE_LOOP('',(#4366,#4367,#4368,#4369));
#718=EDGE_LOOP('',(#4370,#4371,#4372,#4373));
#719=EDGE_LOOP('',(#4374,#4375,#4376,#4377));
#720=EDGE_LOOP('',(#4378,#4379,#4380,#4381));
#721=EDGE_LOOP('',(#4382,#4383,#4384,#4385));
#722=EDGE_LOOP('',(#4386,#4387,#4388,#4389));
#723=EDGE_LOOP('',(#4390,#4391,#4392,#4393));
#724=EDGE_LOOP('',(#4394,#4395,#4396,#4397));
#725=EDGE_LOOP('',(#4398,#4399,#4400,#4401));
#726=EDGE_LOOP('',(#4402,#4403,#4404,#4405));
#727=EDGE_LOOP('',(#4406,#4407,#4408,#4409));
#728=EDGE_LOOP('',(#4410,#4411,#4412,#4413));
#729=EDGE_LOOP('',(#4414,#4415,#4416,#4417));
#730=EDGE_LOOP('',(#4418,#4419,#4420,#4421));
#731=EDGE_LOOP('',(#4422,#4423,#4424,#4425));
#732=EDGE_LOOP('',(#4426,#4427,#4428,#4429));
#733=EDGE_LOOP('',(#4430,#4431,#4432,#4433));
#734=EDGE_LOOP('',(#4434,#4435,#4436,#4437));
#735=EDGE_LOOP('',(#4438,#4439,#4440,#4441));
#736=EDGE_LOOP('',(#4442,#4443,#4444,#4445,#4446,#4447,#4448,#4449,#4450,
#4451,#4452,#4453,#4454,#4455,#4456,#4457,#4458,#4459,#4460,#4461,#4462,
#4463));
#737=EDGE_LOOP('',(#4464,#4465,#4466,#4467,#4468,#4469,#4470,#4471,#4472,
#4473,#4474,#4475,#4476,#4477,#4478,#4479,#4480,#4481,#4482,#4483));
#738=EDGE_LOOP('',(#4484,#4485,#4486,#4487,#4488,#4489,#4490,#4491,#4492,
#4493,#4494,#4495,#4496,#4497,#4498,#4499,#4500,#4501,#4502,#4503,#4504,
#4505));
#739=EDGE_LOOP('',(#4506,#4507,#4508,#4509,#4510,#4511,#4512,#4513,#4514,
#4515,#4516,#4517,#4518,#4519,#4520,#4521,#4522,#4523,#4524,#4525));
#740=EDGE_LOOP('',(#4526,#4527,#4528,#4529));
#741=EDGE_LOOP('',(#4530,#4531,#4532,#4533));
#742=EDGE_LOOP('',(#4534,#4535,#4536,#4537));
#743=EDGE_LOOP('',(#4538,#4539,#4540,#4541));
#744=EDGE_LOOP('',(#4542,#4543,#4544,#4545));
#745=EDGE_LOOP('',(#4546,#4547,#4548,#4549));
#746=EDGE_LOOP('',(#4550,#4551,#4552,#4553));
#747=EDGE_LOOP('',(#4554,#4555,#4556,#4557));
#748=EDGE_LOOP('',(#4558,#4559,#4560,#4561));
#749=EDGE_LOOP('',(#4562,#4563,#4564,#4565));
#750=EDGE_LOOP('',(#4566,#4567,#4568,#4569));
#751=EDGE_LOOP('',(#4570,#4571,#4572,#4573));
#752=EDGE_LOOP('',(#4574,#4575,#4576,#4577));
#753=EDGE_LOOP('',(#4578,#4579,#4580,#4581));
#754=EDGE_LOOP('',(#4582,#4583,#4584,#4585));
#755=EDGE_LOOP('',(#4586,#4587,#4588,#4589,#4590,#4591,#4592,#4593,#4594,
#4595,#4596,#4597,#4598,#4599,#4600));
#756=EDGE_LOOP('',(#4601,#4602,#4603,#4604,#4605,#4606,#4607,#4608,#4609,
#4610,#4611,#4612,#4613,#4614,#4615));
#757=EDGE_LOOP('',(#4616,#4617,#4618,#4619));
#758=EDGE_LOOP('',(#4620,#4621,#4622,#4623));
#759=EDGE_LOOP('',(#4624,#4625,#4626,#4627));
#760=EDGE_LOOP('',(#4628,#4629,#4630,#4631));
#761=EDGE_LOOP('',(#4632,#4633,#4634,#4635));
#762=EDGE_LOOP('',(#4636,#4637,#4638,#4639));
#763=EDGE_LOOP('',(#4640,#4641,#4642,#4643));
#764=EDGE_LOOP('',(#4644,#4645,#4646,#4647));
#765=EDGE_LOOP('',(#4648,#4649,#4650,#4651));
#766=EDGE_LOOP('',(#4652,#4653,#4654,#4655));
#767=EDGE_LOOP('',(#4656,#4657,#4658,#4659));
#768=EDGE_LOOP('',(#4660,#4661,#4662,#4663));
#769=EDGE_LOOP('',(#4664,#4665,#4666,#4667));
#770=EDGE_LOOP('',(#4668,#4669,#4670,#4671));
#771=EDGE_LOOP('',(#4672,#4673,#4674,#4675));
#772=EDGE_LOOP('',(#4676,#4677,#4678,#4679));
#773=EDGE_LOOP('',(#4680,#4681,#4682,#4683));
#774=EDGE_LOOP('',(#4684,#4685,#4686,#4687));
#775=EDGE_LOOP('',(#4688,#4689,#4690,#4691));
#776=EDGE_LOOP('',(#4692,#4693,#4694,#4695));
#777=EDGE_LOOP('',(#4696,#4697,#4698,#4699));
#778=EDGE_LOOP('',(#4700,#4701,#4702,#4703));
#779=EDGE_LOOP('',(#4704,#4705,#4706,#4707));
#780=EDGE_LOOP('',(#4708,#4709,#4710,#4711));
#781=EDGE_LOOP('',(#4712,#4713,#4714,#4715));
#782=EDGE_LOOP('',(#4716,#4717,#4718,#4719));
#783=EDGE_LOOP('',(#4720,#4721,#4722,#4723));
#784=EDGE_LOOP('',(#4724,#4725,#4726,#4727));
#785=EDGE_LOOP('',(#4728,#4729,#4730,#4731));
#786=EDGE_LOOP('',(#4732,#4733,#4734,#4735));
#787=EDGE_LOOP('',(#4736,#4737,#4738,#4739));
#788=EDGE_LOOP('',(#4740,#4741,#4742,#4743));
#789=EDGE_LOOP('',(#4744,#4745,#4746,#4747));
#790=EDGE_LOOP('',(#4748,#4749,#4750,#4751));
#791=EDGE_LOOP('',(#4752,#4753,#4754,#4755));
#792=EDGE_LOOP('',(#4756,#4757,#4758,#4759));
#793=EDGE_LOOP('',(#4760,#4761,#4762,#4763));
#794=EDGE_LOOP('',(#4764,#4765,#4766,#4767));
#795=EDGE_LOOP('',(#4768,#4769,#4770,#4771));
#796=EDGE_LOOP('',(#4772,#4773,#4774,#4775));
#797=EDGE_LOOP('',(#4776,#4777,#4778,#4779));
#798=EDGE_LOOP('',(#4780,#4781,#4782,#4783));
#799=EDGE_LOOP('',(#4784,#4785,#4786,#4787));
#800=EDGE_LOOP('',(#4788,#4789,#4790,#4791));
#801=EDGE_LOOP('',(#4792,#4793,#4794,#4795));
#802=EDGE_LOOP('',(#4796,#4797,#4798,#4799));
#803=EDGE_LOOP('',(#4800,#4801,#4802,#4803));
#804=EDGE_LOOP('',(#4804,#4805,#4806,#4807));
#805=EDGE_LOOP('',(#4808,#4809,#4810,#4811));
#806=EDGE_LOOP('',(#4812,#4813,#4814,#4815));
#807=EDGE_LOOP('',(#4816,#4817,#4818,#4819));
#808=EDGE_LOOP('',(#4820,#4821,#4822,#4823));
#809=EDGE_LOOP('',(#4824,#4825,#4826,#4827));
#810=EDGE_LOOP('',(#4828,#4829,#4830,#4831));
#811=EDGE_LOOP('',(#4832,#4833,#4834,#4835));
#812=EDGE_LOOP('',(#4836,#4837,#4838,#4839));
#813=EDGE_LOOP('',(#4840,#4841,#4842,#4843,#4844,#4845,#4846,#4847,#4848,
#4849,#4850,#4851,#4852,#4853,#4854,#4855,#4856,#4857,#4858,#4859,#4860,
#4861,#4862,#4863,#4864,#4865,#4866,#4867,#4868,#4869,#4870,#4871));
#814=EDGE_LOOP('',(#4872,#4873,#4874,#4875,#4876,#4877,#4878,#4879,#4880,
#4881,#4882,#4883,#4884,#4885,#4886,#4887,#4888,#4889,#4890,#4891,#4892,
#4893,#4894,#4895,#4896,#4897,#4898,#4899,#4900,#4901,#4902,#4903));
#815=EDGE_LOOP('',(#4904,#4905,#4906,#4907));
#816=EDGE_LOOP('',(#4908,#4909,#4910,#4911));
#817=EDGE_LOOP('',(#4912,#4913,#4914,#4915));
#818=EDGE_LOOP('',(#4916,#4917,#4918,#4919));
#819=EDGE_LOOP('',(#4920,#4921,#4922,#4923));
#820=EDGE_LOOP('',(#4924,#4925,#4926,#4927));
#821=EDGE_LOOP('',(#4928,#4929,#4930,#4931));
#822=EDGE_LOOP('',(#4932,#4933,#4934,#4935));
#823=EDGE_LOOP('',(#4936,#4937,#4938,#4939));
#824=EDGE_LOOP('',(#4940,#4941,#4942,#4943));
#825=EDGE_LOOP('',(#4944,#4945,#4946,#4947));
#826=EDGE_LOOP('',(#4948,#4949,#4950,#4951));
#827=EDGE_LOOP('',(#4952,#4953,#4954,#4955));
#828=EDGE_LOOP('',(#4956,#4957,#4958,#4959));
#829=EDGE_LOOP('',(#4960,#4961,#4962,#4963));
#830=EDGE_LOOP('',(#4964,#4965,#4966,#4967));
#831=EDGE_LOOP('',(#4968,#4969,#4970,#4971));
#832=EDGE_LOOP('',(#4972,#4973,#4974,#4975));
#833=EDGE_LOOP('',(#4976,#4977,#4978,#4979));
#834=EDGE_LOOP('',(#4980,#4981,#4982,#4983));
#835=EDGE_LOOP('',(#4984,#4985,#4986,#4987));
#836=EDGE_LOOP('',(#4988,#4989,#4990,#4991));
#837=EDGE_LOOP('',(#4992,#4993,#4994,#4995));
#838=EDGE_LOOP('',(#4996,#4997,#4998,#4999));
#839=EDGE_LOOP('',(#5000,#5001,#5002,#5003));
#840=EDGE_LOOP('',(#5004,#5005,#5006,#5007));
#841=EDGE_LOOP('',(#5008,#5009,#5010,#5011));
#842=EDGE_LOOP('',(#5012,#5013,#5014,#5015));
#843=EDGE_LOOP('',(#5016,#5017,#5018,#5019));
#844=EDGE_LOOP('',(#5020,#5021,#5022,#5023));
#845=EDGE_LOOP('',(#5024,#5025,#5026,#5027,#5028,#5029,#5030,#5031,#5032,
#5033,#5034,#5035,#5036,#5037,#5038,#5039,#5040,#5041,#5042,#5043,#5044,
#5045,#5046,#5047,#5048,#5049,#5050,#5051,#5052,#5053));
#846=EDGE_LOOP('',(#5054,#5055,#5056,#5057,#5058,#5059,#5060,#5061,#5062,
#5063,#5064,#5065,#5066,#5067,#5068,#5069,#5070,#5071,#5072,#5073,#5074,
#5075,#5076,#5077,#5078,#5079,#5080,#5081,#5082,#5083));
#847=EDGE_LOOP('',(#5084,#5085,#5086,#5087));
#848=EDGE_LOOP('',(#5088,#5089,#5090,#5091));
#849=EDGE_LOOP('',(#5092,#5093,#5094,#5095));
#850=EDGE_LOOP('',(#5096,#5097,#5098,#5099));
#851=EDGE_LOOP('',(#5100,#5101,#5102,#5103));
#852=EDGE_LOOP('',(#5104,#5105,#5106,#5107));
#853=EDGE_LOOP('',(#5108,#5109,#5110,#5111));
#854=EDGE_LOOP('',(#5112,#5113,#5114,#5115));
#855=EDGE_LOOP('',(#5116,#5117,#5118,#5119));
#856=EDGE_LOOP('',(#5120,#5121,#5122,#5123));
#857=EDGE_LOOP('',(#5124,#5125,#5126,#5127));
#858=EDGE_LOOP('',(#5128,#5129,#5130,#5131));
#859=EDGE_LOOP('',(#5132,#5133,#5134,#5135));
#860=EDGE_LOOP('',(#5136,#5137,#5138,#5139));
#861=EDGE_LOOP('',(#5140,#5141,#5142,#5143));
#862=EDGE_LOOP('',(#5144,#5145,#5146,#5147));
#863=LINE('',#7868,#1406);
#864=LINE('',#7871,#1407);
#865=LINE('',#7877,#1408);
#866=LINE('',#7883,#1409);
#867=LINE('',#7889,#1410);
#868=LINE('',#7895,#1411);
#869=LINE('',#7901,#1412);
#870=LINE('',#7907,#1413);
#871=LINE('',#7910,#1414);
#872=LINE('',#7912,#1415);
#873=LINE('',#7913,#1416);
#874=LINE('',#7916,#1417);
#875=LINE('',#7918,#1418);
#876=LINE('',#7919,#1419);
#877=LINE('',#7925,#1420);
#878=LINE('',#7931,#1421);
#879=LINE('',#7937,#1422);
#880=LINE('',#7940,#1423);
#881=LINE('',#7942,#1424);
#882=LINE('',#7943,#1425);
#883=LINE('',#7949,#1426);
#884=LINE('',#7955,#1427);
#885=LINE('',#7961,#1428);
#886=LINE('',#7967,#1429);
#887=LINE('',#7973,#1430);
#888=LINE('',#7979,#1431);
#889=LINE('',#7985,#1432);
#890=LINE('',#7991,#1433);
#891=LINE('',#7997,#1434);
#892=LINE('',#8003,#1435);
#893=LINE('',#8009,#1436);
#894=LINE('',#8018,#1437);
#895=LINE('',#8020,#1438);
#896=LINE('',#8022,#1439);
#897=LINE('',#8023,#1440);
#898=LINE('',#8026,#1441);
#899=LINE('',#8028,#1442);
#900=LINE('',#8029,#1443);
#901=LINE('',#8032,#1444);
#902=LINE('',#8034,#1445);
#903=LINE('',#8035,#1446);
#904=LINE('',#8037,#1447);
#905=LINE('',#8038,#1448);
#906=LINE('',#8045,#1449);
#907=LINE('',#8052,#1450);
#908=LINE('',#8054,#1451);
#909=LINE('',#8056,#1452);
#910=LINE('',#8057,#1453);
#911=LINE('',#8060,#1454);
#912=LINE('',#8062,#1455);
#913=LINE('',#8063,#1456);
#914=LINE('',#8066,#1457);
#915=LINE('',#8068,#1458);
#916=LINE('',#8069,#1459);
#917=LINE('',#8071,#1460);
#918=LINE('',#8072,#1461);
#919=LINE('',#8080,#1462);
#920=LINE('',#8083,#1463);
#921=LINE('',#8089,#1464);
#922=LINE('',#8095,#1465);
#923=LINE('',#8098,#1466);
#924=LINE('',#8100,#1467);
#925=LINE('',#8101,#1468);
#926=LINE('',#8104,#1469);
#927=LINE('',#8106,#1470);
#928=LINE('',#8107,#1471);
#929=LINE('',#8110,#1472);
#930=LINE('',#8112,#1473);
#931=LINE('',#8113,#1474);
#932=LINE('',#8119,#1475);
#933=LINE('',#8125,#1476);
#934=LINE('',#8131,#1477);
#935=LINE('',#8134,#1478);
#936=LINE('',#8136,#1479);
#937=LINE('',#8137,#1480);
#938=LINE('',#8140,#1481);
#939=LINE('',#8142,#1482);
#940=LINE('',#8143,#1483);
#941=LINE('',#8146,#1484);
#942=LINE('',#8148,#1485);
#943=LINE('',#8149,#1486);
#944=LINE('',#8152,#1487);
#945=LINE('',#8154,#1488);
#946=LINE('',#8155,#1489);
#947=LINE('',#8158,#1490);
#948=LINE('',#8160,#1491);
#949=LINE('',#8161,#1492);
#950=LINE('',#8172,#1493);
#951=LINE('',#8175,#1494);
#952=LINE('',#8181,#1495);
#953=LINE('',#8187,#1496);
#954=LINE('',#8193,#1497);
#955=LINE('',#8196,#1498);
#956=LINE('',#8198,#1499);
#957=LINE('',#8199,#1500);
#958=LINE('',#8205,#1501);
#959=LINE('',#8211,#1502);
#960=LINE('',#8217,#1503);
#961=LINE('',#8220,#1504);
#962=LINE('',#8222,#1505);
#963=LINE('',#8223,#1506);
#964=LINE('',#8226,#1507);
#965=LINE('',#8228,#1508);
#966=LINE('',#8229,#1509);
#967=LINE('',#8232,#1510);
#968=LINE('',#8234,#1511);
#969=LINE('',#8235,#1512);
#970=LINE('',#8238,#1513);
#971=LINE('',#8240,#1514);
#972=LINE('',#8241,#1515);
#973=LINE('',#8244,#1516);
#974=LINE('',#8246,#1517);
#975=LINE('',#8247,#1518);
#976=LINE('',#8250,#1519);
#977=LINE('',#8252,#1520);
#978=LINE('',#8253,#1521);
#979=LINE('',#8256,#1522);
#980=LINE('',#8258,#1523);
#981=LINE('',#8259,#1524);
#982=LINE('',#8262,#1525);
#983=LINE('',#8264,#1526);
#984=LINE('',#8265,#1527);
#985=LINE('',#8268,#1528);
#986=LINE('',#8270,#1529);
#987=LINE('',#8271,#1530);
#988=LINE('',#8274,#1531);
#989=LINE('',#8276,#1532);
#990=LINE('',#8277,#1533);
#991=LINE('',#8279,#1534);
#992=LINE('',#8280,#1535);
#993=LINE('',#8287,#1536);
#994=LINE('',#8294,#1537);
#995=LINE('',#8296,#1538);
#996=LINE('',#8298,#1539);
#997=LINE('',#8299,#1540);
#998=LINE('',#8302,#1541);
#999=LINE('',#8304,#1542);
#1000=LINE('',#8305,#1543);
#1001=LINE('',#8308,#1544);
#1002=LINE('',#8310,#1545);
#1003=LINE('',#8311,#1546);
#1004=LINE('',#8313,#1547);
#1005=LINE('',#8314,#1548);
#1006=LINE('',#8322,#1549);
#1007=LINE('',#8325,#1550);
#1008=LINE('',#8331,#1551);
#1009=LINE('',#8337,#1552);
#1010=LINE('',#8340,#1553);
#1011=LINE('',#8342,#1554);
#1012=LINE('',#8343,#1555);
#1013=LINE('',#8346,#1556);
#1014=LINE('',#8348,#1557);
#1015=LINE('',#8349,#1558);
#1016=LINE('',#8352,#1559);
#1017=LINE('',#8354,#1560);
#1018=LINE('',#8355,#1561);
#1019=LINE('',#8361,#1562);
#1020=LINE('',#8367,#1563);
#1021=LINE('',#8373,#1564);
#1022=LINE('',#8376,#1565);
#1023=LINE('',#8378,#1566);
#1024=LINE('',#8379,#1567);
#1025=LINE('',#8382,#1568);
#1026=LINE('',#8384,#1569);
#1027=LINE('',#8385,#1570);
#1028=LINE('',#8388,#1571);
#1029=LINE('',#8390,#1572);
#1030=LINE('',#8391,#1573);
#1031=LINE('',#8394,#1574);
#1032=LINE('',#8396,#1575);
#1033=LINE('',#8397,#1576);
#1034=LINE('',#8400,#1577);
#1035=LINE('',#8402,#1578);
#1036=LINE('',#8403,#1579);
#1037=LINE('',#8414,#1580);
#1038=LINE('',#8417,#1581);
#1039=LINE('',#8420,#1582);
#1040=LINE('',#8422,#1583);
#1041=LINE('',#8423,#1584);
#1042=LINE('',#8426,#1585);
#1043=LINE('',#8428,#1586);
#1044=LINE('',#8429,#1587);
#1045=LINE('',#8435,#1588);
#1046=LINE('',#8441,#1589);
#1047=LINE('',#8447,#1590);
#1048=LINE('',#8453,#1591);
#1049=LINE('',#8460,#1592);
#1050=LINE('',#8462,#1593);
#1051=LINE('',#8464,#1594);
#1052=LINE('',#8465,#1595);
#1053=LINE('',#8468,#1596);
#1054=LINE('',#8470,#1597);
#1055=LINE('',#8471,#1598);
#1056=LINE('',#8477,#1599);
#1057=LINE('',#8480,#1600);
#1058=LINE('',#8482,#1601);
#1059=LINE('',#8483,#1602);
#1060=LINE('',#8489,#1603);
#1061=LINE('',#8495,#1604);
#1062=LINE('',#8501,#1605);
#1063=LINE('',#8507,#1606);
#1064=LINE('',#8513,#1607);
#1065=LINE('',#8519,#1608);
#1066=LINE('',#8525,#1609);
#1067=LINE('',#8531,#1610);
#1068=LINE('',#8537,#1611);
#1069=LINE('',#8543,#1612);
#1070=LINE('',#8549,#1613);
#1071=LINE('',#8555,#1614);
#1072=LINE('',#8561,#1615);
#1073=LINE('',#8564,#1616);
#1074=LINE('',#8566,#1617);
#1075=LINE('',#8567,#1618);
#1076=LINE('',#8570,#1619);
#1077=LINE('',#8572,#1620);
#1078=LINE('',#8573,#1621);
#1079=LINE('',#8579,#1622);
#1080=LINE('',#8585,#1623);
#1081=LINE('',#8591,#1624);
#1082=LINE('',#8597,#1625);
#1083=LINE('',#8603,#1626);
#1084=LINE('',#8609,#1627);
#1085=LINE('',#8611,#1628);
#1086=LINE('',#8612,#1629);
#1087=LINE('',#8618,#1630);
#1088=LINE('',#8620,#1631);
#1089=LINE('',#8622,#1632);
#1090=LINE('',#8623,#1633);
#1091=LINE('',#8629,#1634);
#1092=LINE('',#8635,#1635);
#1093=LINE('',#8641,#1636);
#1094=LINE('',#8647,#1637);
#1095=LINE('',#8653,#1638);
#1096=LINE('',#8659,#1639);
#1097=LINE('',#8665,#1640);
#1098=LINE('',#8671,#1641);
#1099=LINE('',#8677,#1642);
#1100=LINE('',#8683,#1643);
#1101=LINE('',#8689,#1644);
#1102=LINE('',#8695,#1645);
#1103=LINE('',#8701,#1646);
#1104=LINE('',#8707,#1647);
#1105=LINE('',#8710,#1648);
#1106=LINE('',#8712,#1649);
#1107=LINE('',#8713,#1650);
#1108=LINE('',#8719,#1651);
#1109=LINE('',#8725,#1652);
#1110=LINE('',#8731,#1653);
#1111=LINE('',#8738,#1654);
#1112=LINE('',#8740,#1655);
#1113=LINE('',#8742,#1656);
#1114=LINE('',#8743,#1657);
#1115=LINE('',#8749,#1658);
#1116=LINE('',#8755,#1659);
#1117=LINE('',#8761,#1660);
#1118=LINE('',#8767,#1661);
#1119=LINE('',#8773,#1662);
#1120=LINE('',#8779,#1663);
#1121=LINE('',#8785,#1664);
#1122=LINE('',#8791,#1665);
#1123=LINE('',#8797,#1666);
#1124=LINE('',#8803,#1667);
#1125=LINE('',#8809,#1668);
#1126=LINE('',#8815,#1669);
#1127=LINE('',#8821,#1670);
#1128=LINE('',#8827,#1671);
#1129=LINE('',#8833,#1672);
#1130=LINE('',#8839,#1673);
#1131=LINE('',#8845,#1674);
#1132=LINE('',#8851,#1675);
#1133=LINE('',#8854,#1676);
#1134=LINE('',#8856,#1677);
#1135=LINE('',#8857,#1678);
#1136=LINE('',#8863,#1679);
#1137=LINE('',#8874,#1680);
#1138=LINE('',#8877,#1681);
#1139=LINE('',#8883,#1682);
#1140=LINE('',#8889,#1683);
#1141=LINE('',#8892,#1684);
#1142=LINE('',#8894,#1685);
#1143=LINE('',#8895,#1686);
#1144=LINE('',#8898,#1687);
#1145=LINE('',#8900,#1688);
#1146=LINE('',#8901,#1689);
#1147=LINE('',#8904,#1690);
#1148=LINE('',#8906,#1691);
#1149=LINE('',#8907,#1692);
#1150=LINE('',#8913,#1693);
#1151=LINE('',#8919,#1694);
#1152=LINE('',#8925,#1695);
#1153=LINE('',#8928,#1696);
#1154=LINE('',#8930,#1697);
#1155=LINE('',#8931,#1698);
#1156=LINE('',#8934,#1699);
#1157=LINE('',#8936,#1700);
#1158=LINE('',#8937,#1701);
#1159=LINE('',#8940,#1702);
#1160=LINE('',#8942,#1703);
#1161=LINE('',#8943,#1704);
#1162=LINE('',#8946,#1705);
#1163=LINE('',#8948,#1706);
#1164=LINE('',#8949,#1707);
#1165=LINE('',#8952,#1708);
#1166=LINE('',#8954,#1709);
#1167=LINE('',#8955,#1710);
#1168=LINE('',#8964,#1711);
#1169=LINE('',#8966,#1712);
#1170=LINE('',#8968,#1713);
#1171=LINE('',#8969,#1714);
#1172=LINE('',#8972,#1715);
#1173=LINE('',#8974,#1716);
#1174=LINE('',#8975,#1717);
#1175=LINE('',#8978,#1718);
#1176=LINE('',#8980,#1719);
#1177=LINE('',#8981,#1720);
#1178=LINE('',#8983,#1721);
#1179=LINE('',#8984,#1722);
#1180=LINE('',#8990,#1723);
#1181=LINE('',#8992,#1724);
#1182=LINE('',#8994,#1725);
#1183=LINE('',#8995,#1726);
#1184=LINE('',#8998,#1727);
#1185=LINE('',#9000,#1728);
#1186=LINE('',#9001,#1729);
#1187=LINE('',#9004,#1730);
#1188=LINE('',#9006,#1731);
#1189=LINE('',#9007,#1732);
#1190=LINE('',#9009,#1733);
#1191=LINE('',#9010,#1734);
#1192=LINE('',#9016,#1735);
#1193=LINE('',#9018,#1736);
#1194=LINE('',#9020,#1737);
#1195=LINE('',#9021,#1738);
#1196=LINE('',#9024,#1739);
#1197=LINE('',#9026,#1740);
#1198=LINE('',#9027,#1741);
#1199=LINE('',#9030,#1742);
#1200=LINE('',#9032,#1743);
#1201=LINE('',#9033,#1744);
#1202=LINE('',#9035,#1745);
#1203=LINE('',#9036,#1746);
#1204=LINE('',#9042,#1747);
#1205=LINE('',#9044,#1748);
#1206=LINE('',#9046,#1749);
#1207=LINE('',#9047,#1750);
#1208=LINE('',#9050,#1751);
#1209=LINE('',#9052,#1752);
#1210=LINE('',#9053,#1753);
#1211=LINE('',#9056,#1754);
#1212=LINE('',#9058,#1755);
#1213=LINE('',#9059,#1756);
#1214=LINE('',#9061,#1757);
#1215=LINE('',#9062,#1758);
#1216=LINE('',#9068,#1759);
#1217=LINE('',#9070,#1760);
#1218=LINE('',#9072,#1761);
#1219=LINE('',#9073,#1762);
#1220=LINE('',#9076,#1763);
#1221=LINE('',#9078,#1764);
#1222=LINE('',#9079,#1765);
#1223=LINE('',#9082,#1766);
#1224=LINE('',#9084,#1767);
#1225=LINE('',#9085,#1768);
#1226=LINE('',#9089,#1769);
#1227=LINE('',#9091,#1770);
#1228=LINE('',#9093,#1771);
#1229=LINE('',#9094,#1772);
#1230=LINE('',#9098,#1773);
#1231=LINE('',#9100,#1774);
#1232=LINE('',#9102,#1775);
#1233=LINE('',#9103,#1776);
#1234=LINE('',#9106,#1777);
#1235=LINE('',#9108,#1778);
#1236=LINE('',#9109,#1779);
#1237=LINE('',#9115,#1780);
#1238=LINE('',#9118,#1781);
#1239=LINE('',#9120,#1782);
#1240=LINE('',#9121,#1783);
#1241=LINE('',#9124,#1784);
#1242=LINE('',#9126,#1785);
#1243=LINE('',#9127,#1786);
#1244=LINE('',#9130,#1787);
#1245=LINE('',#9132,#1788);
#1246=LINE('',#9133,#1789);
#1247=LINE('',#9136,#1790);
#1248=LINE('',#9138,#1791);
#1249=LINE('',#9139,#1792);
#1250=LINE('',#9142,#1793);
#1251=LINE('',#9144,#1794);
#1252=LINE('',#9145,#1795);
#1253=LINE('',#9151,#1796);
#1254=LINE('',#9153,#1797);
#1255=LINE('',#9154,#1798);
#1256=LINE('',#9157,#1799);
#1257=LINE('',#9159,#1800);
#1258=LINE('',#9160,#1801);
#1259=LINE('',#9166,#1802);
#1260=LINE('',#9169,#1803);
#1261=LINE('',#9171,#1804);
#1262=LINE('',#9172,#1805);
#1263=LINE('',#9175,#1806);
#1264=LINE('',#9177,#1807);
#1265=LINE('',#9178,#1808);
#1266=LINE('',#9181,#1809);
#1267=LINE('',#9183,#1810);
#1268=LINE('',#9184,#1811);
#1269=LINE('',#9187,#1812);
#1270=LINE('',#9189,#1813);
#1271=LINE('',#9190,#1814);
#1272=LINE('',#9193,#1815);
#1273=LINE('',#9195,#1816);
#1274=LINE('',#9196,#1817);
#1275=LINE('',#9202,#1818);
#1276=LINE('',#9204,#1819);
#1277=LINE('',#9205,#1820);
#1278=LINE('',#9208,#1821);
#1279=LINE('',#9210,#1822);
#1280=LINE('',#9211,#1823);
#1281=LINE('',#9217,#1824);
#1282=LINE('',#9220,#1825);
#1283=LINE('',#9222,#1826);
#1284=LINE('',#9223,#1827);
#1285=LINE('',#9226,#1828);
#1286=LINE('',#9228,#1829);
#1287=LINE('',#9229,#1830);
#1288=LINE('',#9232,#1831);
#1289=LINE('',#9234,#1832);
#1290=LINE('',#9235,#1833);
#1291=LINE('',#9238,#1834);
#1292=LINE('',#9240,#1835);
#1293=LINE('',#9241,#1836);
#1294=LINE('',#9244,#1837);
#1295=LINE('',#9246,#1838);
#1296=LINE('',#9247,#1839);
#1297=LINE('',#9253,#1840);
#1298=LINE('',#9255,#1841);
#1299=LINE('',#9256,#1842);
#1300=LINE('',#9262,#1843);
#1301=LINE('',#9264,#1844);
#1302=LINE('',#9266,#1845);
#1303=LINE('',#9267,#1846);
#1304=LINE('',#9271,#1847);
#1305=LINE('',#9273,#1848);
#1306=LINE('',#9275,#1849);
#1307=LINE('',#9276,#1850);
#1308=LINE('',#9280,#1851);
#1309=LINE('',#9282,#1852);
#1310=LINE('',#9284,#1853);
#1311=LINE('',#9285,#1854);
#1312=LINE('',#9288,#1855);
#1313=LINE('',#9290,#1856);
#1314=LINE('',#9291,#1857);
#1315=LINE('',#9294,#1858);
#1316=LINE('',#9296,#1859);
#1317=LINE('',#9297,#1860);
#1318=LINE('',#9303,#1861);
#1319=LINE('',#9306,#1862);
#1320=LINE('',#9308,#1863);
#1321=LINE('',#9309,#1864);
#1322=LINE('',#9312,#1865);
#1323=LINE('',#9314,#1866);
#1324=LINE('',#9315,#1867);
#1325=LINE('',#9318,#1868);
#1326=LINE('',#9320,#1869);
#1327=LINE('',#9321,#1870);
#1328=LINE('',#9324,#1871);
#1329=LINE('',#9326,#1872);
#1330=LINE('',#9327,#1873);
#1331=LINE('',#9330,#1874);
#1332=LINE('',#9332,#1875);
#1333=LINE('',#9333,#1876);
#1334=LINE('',#9339,#1877);
#1335=LINE('',#9341,#1878);
#1336=LINE('',#9342,#1879);
#1337=LINE('',#9345,#1880);
#1338=LINE('',#9347,#1881);
#1339=LINE('',#9348,#1882);
#1340=LINE('',#9354,#1883);
#1341=LINE('',#9357,#1884);
#1342=LINE('',#9359,#1885);
#1343=LINE('',#9360,#1886);
#1344=LINE('',#9363,#1887);
#1345=LINE('',#9365,#1888);
#1346=LINE('',#9366,#1889);
#1347=LINE('',#9369,#1890);
#1348=LINE('',#9371,#1891);
#1349=LINE('',#9372,#1892);
#1350=LINE('',#9375,#1893);
#1351=LINE('',#9377,#1894);
#1352=LINE('',#9378,#1895);
#1353=LINE('',#9381,#1896);
#1354=LINE('',#9383,#1897);
#1355=LINE('',#9384,#1898);
#1356=LINE('',#9390,#1899);
#1357=LINE('',#9392,#1900);
#1358=LINE('',#9393,#1901);
#1359=LINE('',#9396,#1902);
#1360=LINE('',#9398,#1903);
#1361=LINE('',#9399,#1904);
#1362=LINE('',#9405,#1905);
#1363=LINE('',#9408,#1906);
#1364=LINE('',#9410,#1907);
#1365=LINE('',#9411,#1908);
#1366=LINE('',#9414,#1909);
#1367=LINE('',#9416,#1910);
#1368=LINE('',#9417,#1911);
#1369=LINE('',#9420,#1912);
#1370=LINE('',#9422,#1913);
#1371=LINE('',#9423,#1914);
#1372=LINE('',#9426,#1915);
#1373=LINE('',#9428,#1916);
#1374=LINE('',#9429,#1917);
#1375=LINE('',#9432,#1918);
#1376=LINE('',#9434,#1919);
#1377=LINE('',#9435,#1920);
#1378=LINE('',#9444,#1921);
#1379=LINE('',#9446,#1922);
#1380=LINE('',#9448,#1923);
#1381=LINE('',#9449,#1924);
#1382=LINE('',#9452,#1925);
#1383=LINE('',#9454,#1926);
#1384=LINE('',#9455,#1927);
#1385=LINE('',#9458,#1928);
#1386=LINE('',#9460,#1929);
#1387=LINE('',#9461,#1930);
#1388=LINE('',#9463,#1931);
#1389=LINE('',#9464,#1932);
#1390=LINE('',#9470,#1933);
#1391=LINE('',#9472,#1934);
#1392=LINE('',#9474,#1935);
#1393=LINE('',#9475,#1936);
#1394=LINE('',#9479,#1937);
#1395=LINE('',#9480,#1938);
#1396=LINE('',#9481,#1939);
#1397=LINE('',#9485,#1940);
#1398=LINE('',#9486,#1941);
#1399=LINE('',#9487,#1942);
#1400=LINE('',#9489,#1943);
#1401=LINE('',#9490,#1944);
#1402=LINE('',#9494,#1945);
#1403=LINE('',#9496,#1946);
#1404=LINE('',#9498,#1947);
#1405=LINE('',#9499,#1948);
#1406=VECTOR('',#6185,3.21737395920981);
#1407=VECTOR('',#6188,3.21737395920981);
#1408=VECTOR('',#6195,3.21737395920981);
#1409=VECTOR('',#6202,3.21737395920981);
#1410=VECTOR('',#6209,3.21737395920981);
#1411=VECTOR('',#6216,3.21737395920981);
#1412=VECTOR('',#6223,3.21737395920981);
#1413=VECTOR('',#6230,3.21737395920981);
#1414=VECTOR('',#6233,0.371603651415535);
#1415=VECTOR('',#6234,0.371603651415535);
#1416=VECTOR('',#6235,3.21737395920981);
#1417=VECTOR('',#6238,0.371603651415535);
#1418=VECTOR('',#6239,0.371603651415535);
#1419=VECTOR('',#6240,3.21737395920981);
#1420=VECTOR('',#6247,3.21737395920981);
#1421=VECTOR('',#6254,3.21737395920981);
#1422=VECTOR('',#6261,3.21737395920981);
#1423=VECTOR('',#6264,0.371603651415535);
#1424=VECTOR('',#6265,0.371603651415535);
#1425=VECTOR('',#6266,3.21737395920981);
#1426=VECTOR('',#6273,3.21737395920981);
#1427=VECTOR('',#6280,3.21737395920981);
#1428=VECTOR('',#6287,3.21737395920981);
#1429=VECTOR('',#6294,3.21737395920981);
#1430=VECTOR('',#6301,3.21737395920981);
#1431=VECTOR('',#6308,3.21737395920981);
#1432=VECTOR('',#6315,3.21737395920981);
#1433=VECTOR('',#6322,3.21737395920981);
#1434=VECTOR('',#6329,3.21737395920981);
#1435=VECTOR('',#6336,3.21737395920981);
#1436=VECTOR('',#6343,3.21737395920981);
#1437=VECTOR('',#6356,0.371603651415535);
#1438=VECTOR('',#6357,3.21737395920981);
#1439=VECTOR('',#6358,0.371603651415535);
#1440=VECTOR('',#6359,3.21737395920981);
#1441=VECTOR('',#6362,0.371603651415535);
#1442=VECTOR('',#6363,0.371603651415535);
#1443=VECTOR('',#6364,3.21737395920981);
#1444=VECTOR('',#6367,0.371603651415535);
#1445=VECTOR('',#6368,0.371603651415535);
#1446=VECTOR('',#6369,3.21737395920981);
#1447=VECTOR('',#6372,0.371603651415535);
#1448=VECTOR('',#6373,0.371603651415535);
#1449=VECTOR('',#6382,0.117151026461484);
#1450=VECTOR('',#6391,0.371603651415535);
#1451=VECTOR('',#6392,3.21737395920981);
#1452=VECTOR('',#6393,0.371603651415535);
#1453=VECTOR('',#6394,3.21737395920981);
#1454=VECTOR('',#6397,0.371603651415535);
#1455=VECTOR('',#6398,0.371603651415535);
#1456=VECTOR('',#6399,3.21737395920981);
#1457=VECTOR('',#6402,0.371603651415535);
#1458=VECTOR('',#6403,0.371603651415535);
#1459=VECTOR('',#6404,3.21737395920981);
#1460=VECTOR('',#6407,0.371603651415535);
#1461=VECTOR('',#6408,0.371603651415535);
#1462=VECTOR('',#6417,3.21737395920981);
#1463=VECTOR('',#6420,3.21737395920981);
#1464=VECTOR('',#6427,3.21737395920981);
#1465=VECTOR('',#6434,3.21737395920981);
#1466=VECTOR('',#6437,0.371603651415535);
#1467=VECTOR('',#6438,0.371603651415535);
#1468=VECTOR('',#6439,3.21737395920981);
#1469=VECTOR('',#6442,0.371603651415535);
#1470=VECTOR('',#6443,0.371603651415535);
#1471=VECTOR('',#6444,3.21737395920981);
#1472=VECTOR('',#6447,0.371603651415535);
#1473=VECTOR('',#6448,0.371603651415535);
#1474=VECTOR('',#6449,3.21737395920981);
#1475=VECTOR('',#6456,3.21737395920981);
#1476=VECTOR('',#6463,3.21737395920981);
#1477=VECTOR('',#6470,3.21737395920981);
#1478=VECTOR('',#6473,0.371603651415535);
#1479=VECTOR('',#6474,0.371603651415535);
#1480=VECTOR('',#6475,3.21737395920981);
#1481=VECTOR('',#6478,0.371603651415535);
#1482=VECTOR('',#6479,0.371603651415535);
#1483=VECTOR('',#6480,3.21737395920981);
#1484=VECTOR('',#6483,0.371603651415535);
#1485=VECTOR('',#6484,0.371603651415535);
#1486=VECTOR('',#6485,3.21737395920981);
#1487=VECTOR('',#6488,0.371603651415535);
#1488=VECTOR('',#6489,0.371603651415535);
#1489=VECTOR('',#6490,3.21737395920981);
#1490=VECTOR('',#6493,0.371603651415535);
#1491=VECTOR('',#6494,0.371603651415535);
#1492=VECTOR('',#6495,3.21737395920981);
#1493=VECTOR('',#6510,3.21737395920981);
#1494=VECTOR('',#6513,3.21737395920981);
#1495=VECTOR('',#6520,3.21737395920981);
#1496=VECTOR('',#6527,3.21737395920981);
#1497=VECTOR('',#6534,3.21737395920981);
#1498=VECTOR('',#6537,0.371603651415535);
#1499=VECTOR('',#6538,0.371603651415535);
#1500=VECTOR('',#6539,3.21737395920981);
#1501=VECTOR('',#6546,3.21737395920981);
#1502=VECTOR('',#6553,3.21737395920981);
#1503=VECTOR('',#6560,3.21737395920981);
#1504=VECTOR('',#6563,0.371603651415535);
#1505=VECTOR('',#6564,0.371603651415535);
#1506=VECTOR('',#6565,3.21737395920981);
#1507=VECTOR('',#6568,0.371603651415535);
#1508=VECTOR('',#6569,0.371603651415535);
#1509=VECTOR('',#6570,3.21737395920981);
#1510=VECTOR('',#6573,0.371603651415535);
#1511=VECTOR('',#6574,0.371603651415535);
#1512=VECTOR('',#6575,3.21737395920981);
#1513=VECTOR('',#6578,0.371603651415535);
#1514=VECTOR('',#6579,0.371603651415535);
#1515=VECTOR('',#6580,3.21737395920981);
#1516=VECTOR('',#6583,0.371603651415535);
#1517=VECTOR('',#6584,0.371603651415535);
#1518=VECTOR('',#6585,3.21737395920981);
#1519=VECTOR('',#6588,0.371603651415535);
#1520=VECTOR('',#6589,0.371603651415535);
#1521=VECTOR('',#6590,3.21737395920981);
#1522=VECTOR('',#6593,0.371603651415535);
#1523=VECTOR('',#6594,0.371603651415535);
#1524=VECTOR('',#6595,3.21737395920981);
#1525=VECTOR('',#6598,0.371603651415535);
#1526=VECTOR('',#6599,0.371603651415535);
#1527=VECTOR('',#6600,3.21737395920981);
#1528=VECTOR('',#6603,0.371603651415535);
#1529=VECTOR('',#6604,0.371603651415535);
#1530=VECTOR('',#6605,3.21737395920981);
#1531=VECTOR('',#6608,0.371603651415535);
#1532=VECTOR('',#6609,0.371603651415535);
#1533=VECTOR('',#6610,3.21737395920981);
#1534=VECTOR('',#6613,0.371603651415535);
#1535=VECTOR('',#6614,0.371603651415535);
#1536=VECTOR('',#6623,0.0567820753666978);
#1537=VECTOR('',#6632,0.371603651415535);
#1538=VECTOR('',#6633,3.21737395920981);
#1539=VECTOR('',#6634,0.371603651415535);
#1540=VECTOR('',#6635,3.21737395920981);
#1541=VECTOR('',#6638,0.371603651415535);
#1542=VECTOR('',#6639,0.371603651415535);
#1543=VECTOR('',#6640,3.21737395920981);
#1544=VECTOR('',#6643,0.371603651415535);
#1545=VECTOR('',#6644,0.371603651415535);
#1546=VECTOR('',#6645,3.21737395920981);
#1547=VECTOR('',#6648,0.371603651415535);
#1548=VECTOR('',#6649,0.371603651415535);
#1549=VECTOR('',#6658,3.21737395920981);
#1550=VECTOR('',#6661,3.21737395920981);
#1551=VECTOR('',#6668,3.21737395920981);
#1552=VECTOR('',#6675,3.21737395920981);
#1553=VECTOR('',#6678,0.371603651415535);
#1554=VECTOR('',#6679,0.371603651415535);
#1555=VECTOR('',#6680,3.21737395920981);
#1556=VECTOR('',#6683,0.371603651415535);
#1557=VECTOR('',#6684,0.371603651415535);
#1558=VECTOR('',#6685,3.21737395920981);
#1559=VECTOR('',#6688,0.371603651415535);
#1560=VECTOR('',#6689,0.371603651415535);
#1561=VECTOR('',#6690,3.21737395920981);
#1562=VECTOR('',#6697,3.21737395920981);
#1563=VECTOR('',#6704,3.21737395920981);
#1564=VECTOR('',#6711,3.21737395920981);
#1565=VECTOR('',#6714,0.371603651415535);
#1566=VECTOR('',#6715,0.371603651415535);
#1567=VECTOR('',#6716,3.21737395920981);
#1568=VECTOR('',#6719,0.371603651415535);
#1569=VECTOR('',#6720,0.371603651415535);
#1570=VECTOR('',#6721,3.21737395920981);
#1571=VECTOR('',#6724,0.371603651415535);
#1572=VECTOR('',#6725,0.371603651415535);
#1573=VECTOR('',#6726,3.21737395920981);
#1574=VECTOR('',#6729,0.371603651415535);
#1575=VECTOR('',#6730,0.371603651415535);
#1576=VECTOR('',#6731,3.21737395920981);
#1577=VECTOR('',#6734,0.371603651415535);
#1578=VECTOR('',#6735,0.371603651415535);
#1579=VECTOR('',#6736,3.21737395920981);
#1580=VECTOR('',#6751,3.21737395920981);
#1581=VECTOR('',#6754,3.21737395920981);
#1582=VECTOR('',#6757,0.371603651415535);
#1583=VECTOR('',#6758,0.371603651415535);
#1584=VECTOR('',#6759,3.21737395920981);
#1585=VECTOR('',#6762,0.371603651415535);
#1586=VECTOR('',#6763,0.371603651415535);
#1587=VECTOR('',#6764,3.21737395920981);
#1588=VECTOR('',#6771,3.21737395920981);
#1589=VECTOR('',#6778,3.21737395920981);
#1590=VECTOR('',#6785,3.21737395920981);
#1591=VECTOR('',#6792,3.21737395920981);
#1592=VECTOR('',#6801,0.371603651415535);
#1593=VECTOR('',#6802,3.21737395920981);
#1594=VECTOR('',#6803,0.371603651415535);
#1595=VECTOR('',#6804,3.21737395920981);
#1596=VECTOR('',#6807,0.371603651415535);
#1597=VECTOR('',#6808,0.371603651415535);
#1598=VECTOR('',#6809,3.21737395920981);
#1599=VECTOR('',#6816,3.21737395920981);
#1600=VECTOR('',#6819,0.371603651415535);
#1601=VECTOR('',#6820,0.371603651415535);
#1602=VECTOR('',#6821,3.21737395920981);
#1603=VECTOR('',#6828,3.21737395920981);
#1604=VECTOR('',#6835,3.21737395920981);
#1605=VECTOR('',#6842,3.21737395920981);
#1606=VECTOR('',#6849,3.21737395920981);
#1607=VECTOR('',#6856,3.21737395920981);
#1608=VECTOR('',#6863,3.21737395920981);
#1609=VECTOR('',#6870,3.21737395920981);
#1610=VECTOR('',#6877,3.21737395920981);
#1611=VECTOR('',#6884,3.21737395920981);
#1612=VECTOR('',#6891,3.21737395920981);
#1613=VECTOR('',#6898,3.21737395920981);
#1614=VECTOR('',#6905,3.21737395920981);
#1615=VECTOR('',#6912,3.21737395920981);
#1616=VECTOR('',#6915,0.371603651415535);
#1617=VECTOR('',#6916,0.371603651415535);
#1618=VECTOR('',#6917,3.21737395920981);
#1619=VECTOR('',#6920,0.371603651415535);
#1620=VECTOR('',#6921,0.371603651415535);
#1621=VECTOR('',#6922,3.21737395920981);
#1622=VECTOR('',#6929,3.21737395920981);
#1623=VECTOR('',#6936,3.21737395920981);
#1624=VECTOR('',#6943,3.21737395920981);
#1625=VECTOR('',#6950,3.21737395920981);
#1626=VECTOR('',#6957,3.21737395920981);
#1627=VECTOR('',#6964,3.21737395920981);
#1628=VECTOR('',#6967,0.371603651415535);
#1629=VECTOR('',#6968,0.371603651415535);
#1630=VECTOR('',#6975,0.371603651415535);
#1631=VECTOR('',#6976,3.21737395920981);
#1632=VECTOR('',#6977,0.371603651415535);
#1633=VECTOR('',#6978,3.21737395920981);
#1634=VECTOR('',#6985,3.21737395920981);
#1635=VECTOR('',#6992,3.21737395920981);
#1636=VECTOR('',#6999,3.21737395920981);
#1637=VECTOR('',#7006,3.21737395920981);
#1638=VECTOR('',#7013,3.21737395920981);
#1639=VECTOR('',#7020,3.21737395920981);
#1640=VECTOR('',#7027,3.21737395920981);
#1641=VECTOR('',#7034,3.21737395920981);
#1642=VECTOR('',#7041,3.21737395920981);
#1643=VECTOR('',#7048,3.21737395920981);
#1644=VECTOR('',#7055,3.21737395920981);
#1645=VECTOR('',#7062,3.21737395920981);
#1646=VECTOR('',#7069,3.21737395920981);
#1647=VECTOR('',#7076,3.21737395920981);
#1648=VECTOR('',#7079,0.371603651415535);
#1649=VECTOR('',#7080,0.371603651415535);
#1650=VECTOR('',#7081,3.21737395920981);
#1651=VECTOR('',#7088,3.21737395920981);
#1652=VECTOR('',#7095,3.21737395920981);
#1653=VECTOR('',#7102,3.21737395920981);
#1654=VECTOR('',#7111,0.371603651415535);
#1655=VECTOR('',#7112,3.21737395920981);
#1656=VECTOR('',#7113,0.371603651415535);
#1657=VECTOR('',#7114,3.21737395920981);
#1658=VECTOR('',#7121,3.21737395920981);
#1659=VECTOR('',#7128,3.21737395920981);
#1660=VECTOR('',#7135,3.21737395920981);
#1661=VECTOR('',#7142,3.21737395920981);
#1662=VECTOR('',#7149,3.21737395920981);
#1663=VECTOR('',#7156,3.21737395920981);
#1664=VECTOR('',#7163,3.21737395920981);
#1665=VECTOR('',#7170,3.21737395920981);
#1666=VECTOR('',#7177,3.21737395920981);
#1667=VECTOR('',#7184,3.21737395920981);
#1668=VECTOR('',#7191,3.21737395920981);
#1669=VECTOR('',#7198,3.21737395920981);
#1670=VECTOR('',#7205,3.21737395920981);
#1671=VECTOR('',#7212,3.21737395920981);
#1672=VECTOR('',#7219,3.21737395920981);
#1673=VECTOR('',#7226,3.21737395920981);
#1674=VECTOR('',#7233,3.21737395920981);
#1675=VECTOR('',#7240,3.21737395920981);
#1676=VECTOR('',#7243,0.371603651415535);
#1677=VECTOR('',#7244,0.371603651415535);
#1678=VECTOR('',#7245,3.21737395920981);
#1679=VECTOR('',#7252,3.21737395920981);
#1680=VECTOR('',#7267,3.21737395920981);
#1681=VECTOR('',#7270,3.21737395920981);
#1682=VECTOR('',#7277,3.21737395920981);
#1683=VECTOR('',#7284,3.21737395920981);
#1684=VECTOR('',#7287,0.371603651415535);
#1685=VECTOR('',#7288,0.371603651415535);
#1686=VECTOR('',#7289,3.21737395920981);
#1687=VECTOR('',#7292,0.371603651415535);
#1688=VECTOR('',#7293,0.371603651415535);
#1689=VECTOR('',#7294,3.21737395920981);
#1690=VECTOR('',#7297,0.371603651415535);
#1691=VECTOR('',#7298,0.371603651415535);
#1692=VECTOR('',#7299,3.21737395920981);
#1693=VECTOR('',#7306,3.21737395920981);
#1694=VECTOR('',#7313,3.21737395920981);
#1695=VECTOR('',#7320,3.21737395920981);
#1696=VECTOR('',#7323,0.371603651415535);
#1697=VECTOR('',#7324,0.371603651415535);
#1698=VECTOR('',#7325,3.21737395920981);
#1699=VECTOR('',#7328,0.371603651415535);
#1700=VECTOR('',#7329,0.371603651415535);
#1701=VECTOR('',#7330,3.21737395920981);
#1702=VECTOR('',#7333,0.371603651415535);
#1703=VECTOR('',#7334,0.371603651415535);
#1704=VECTOR('',#7335,3.21737395920981);
#1705=VECTOR('',#7338,0.371603651415535);
#1706=VECTOR('',#7339,0.371603651415535);
#1707=VECTOR('',#7340,3.21737395920981);
#1708=VECTOR('',#7343,0.371603651415535);
#1709=VECTOR('',#7344,0.371603651415535);
#1710=VECTOR('',#7345,3.21737395920981);
#1711=VECTOR('',#7358,1.);
#1712=VECTOR('',#7359,1.);
#1713=VECTOR('',#7360,1.);
#1714=VECTOR('',#7361,1.);
#1715=VECTOR('',#7364,1.);
#1716=VECTOR('',#7365,1.);
#1717=VECTOR('',#7366,1.);
#1718=VECTOR('',#7369,1.);
#1719=VECTOR('',#7370,1.);
#1720=VECTOR('',#7371,1.);
#1721=VECTOR('',#7374,1.);
#1722=VECTOR('',#7375,1.);
#1723=VECTOR('',#7382,1.);
#1724=VECTOR('',#7383,1.);
#1725=VECTOR('',#7384,1.);
#1726=VECTOR('',#7385,1.);
#1727=VECTOR('',#7388,1.);
#1728=VECTOR('',#7389,1.);
#1729=VECTOR('',#7390,1.);
#1730=VECTOR('',#7393,1.);
#1731=VECTOR('',#7394,1.);
#1732=VECTOR('',#7395,1.);
#1733=VECTOR('',#7398,1.);
#1734=VECTOR('',#7399,1.);
#1735=VECTOR('',#7406,1.);
#1736=VECTOR('',#7407,1.);
#1737=VECTOR('',#7408,1.);
#1738=VECTOR('',#7409,1.);
#1739=VECTOR('',#7412,1.);
#1740=VECTOR('',#7413,1.);
#1741=VECTOR('',#7414,1.);
#1742=VECTOR('',#7417,1.);
#1743=VECTOR('',#7418,1.);
#1744=VECTOR('',#7419,1.);
#1745=VECTOR('',#7422,1.);
#1746=VECTOR('',#7423,1.);
#1747=VECTOR('',#7430,1.);
#1748=VECTOR('',#7431,1.);
#1749=VECTOR('',#7432,1.);
#1750=VECTOR('',#7433,1.);
#1751=VECTOR('',#7436,1.);
#1752=VECTOR('',#7437,1.);
#1753=VECTOR('',#7438,1.);
#1754=VECTOR('',#7441,1.);
#1755=VECTOR('',#7442,1.);
#1756=VECTOR('',#7443,1.);
#1757=VECTOR('',#7446,1.);
#1758=VECTOR('',#7447,1.);
#1759=VECTOR('',#7454,1.);
#1760=VECTOR('',#7455,1.);
#1761=VECTOR('',#7456,1.);
#1762=VECTOR('',#7457,1.);
#1763=VECTOR('',#7460,1.);
#1764=VECTOR('',#7461,1.);
#1765=VECTOR('',#7462,1.);
#1766=VECTOR('',#7465,1.);
#1767=VECTOR('',#7466,1.);
#1768=VECTOR('',#7467,1.);
#1769=VECTOR('',#7470,1.);
#1770=VECTOR('',#7471,1.);
#1771=VECTOR('',#7472,1.);
#1772=VECTOR('',#7473,1.);
#1773=VECTOR('',#7476,1.);
#1774=VECTOR('',#7477,1.);
#1775=VECTOR('',#7478,1.);
#1776=VECTOR('',#7479,1.);
#1777=VECTOR('',#7482,1.);
#1778=VECTOR('',#7483,1.);
#1779=VECTOR('',#7484,1.);
#1780=VECTOR('',#7491,1.);
#1781=VECTOR('',#7494,1.);
#1782=VECTOR('',#7495,1.);
#1783=VECTOR('',#7496,1.);
#1784=VECTOR('',#7499,1.);
#1785=VECTOR('',#7500,1.);
#1786=VECTOR('',#7501,1.);
#1787=VECTOR('',#7504,1.);
#1788=VECTOR('',#7505,1.);
#1789=VECTOR('',#7506,1.);
#1790=VECTOR('',#7509,1.);
#1791=VECTOR('',#7510,1.);
#1792=VECTOR('',#7511,1.);
#1793=VECTOR('',#7514,1.);
#1794=VECTOR('',#7515,1.);
#1795=VECTOR('',#7516,1.);
#1796=VECTOR('',#7523,1.);
#1797=VECTOR('',#7526,1.);
#1798=VECTOR('',#7527,1.);
#1799=VECTOR('',#7530,1.);
#1800=VECTOR('',#7531,1.);
#1801=VECTOR('',#7532,1.);
#1802=VECTOR('',#7539,1.);
#1803=VECTOR('',#7542,1.);
#1804=VECTOR('',#7543,1.);
#1805=VECTOR('',#7544,1.);
#1806=VECTOR('',#7547,1.);
#1807=VECTOR('',#7548,1.);
#1808=VECTOR('',#7549,1.);
#1809=VECTOR('',#7552,1.);
#1810=VECTOR('',#7553,1.);
#1811=VECTOR('',#7554,1.);
#1812=VECTOR('',#7557,1.);
#1813=VECTOR('',#7558,1.);
#1814=VECTOR('',#7559,1.);
#1815=VECTOR('',#7562,1.);
#1816=VECTOR('',#7563,1.);
#1817=VECTOR('',#7564,1.);
#1818=VECTOR('',#7571,1.);
#1819=VECTOR('',#7574,1.);
#1820=VECTOR('',#7575,1.);
#1821=VECTOR('',#7578,1.);
#1822=VECTOR('',#7579,1.);
#1823=VECTOR('',#7580,1.);
#1824=VECTOR('',#7587,1.);
#1825=VECTOR('',#7590,1.);
#1826=VECTOR('',#7591,1.);
#1827=VECTOR('',#7592,1.);
#1828=VECTOR('',#7595,1.);
#1829=VECTOR('',#7596,1.);
#1830=VECTOR('',#7597,1.);
#1831=VECTOR('',#7600,1.);
#1832=VECTOR('',#7601,1.);
#1833=VECTOR('',#7602,1.);
#1834=VECTOR('',#7605,1.);
#1835=VECTOR('',#7606,1.);
#1836=VECTOR('',#7607,1.);
#1837=VECTOR('',#7610,1.);
#1838=VECTOR('',#7611,1.);
#1839=VECTOR('',#7612,1.);
#1840=VECTOR('',#7619,1.);
#1841=VECTOR('',#7622,1.);
#1842=VECTOR('',#7623,1.);
#1843=VECTOR('',#7630,1.);
#1844=VECTOR('',#7631,1.);
#1845=VECTOR('',#7632,1.);
#1846=VECTOR('',#7633,1.);
#1847=VECTOR('',#7636,1.);
#1848=VECTOR('',#7637,1.);
#1849=VECTOR('',#7638,1.);
#1850=VECTOR('',#7639,1.);
#1851=VECTOR('',#7642,1.);
#1852=VECTOR('',#7643,1.);
#1853=VECTOR('',#7644,1.);
#1854=VECTOR('',#7645,1.);
#1855=VECTOR('',#7648,1.);
#1856=VECTOR('',#7649,1.);
#1857=VECTOR('',#7650,1.);
#1858=VECTOR('',#7653,1.);
#1859=VECTOR('',#7654,1.);
#1860=VECTOR('',#7655,1.);
#1861=VECTOR('',#7662,1.);
#1862=VECTOR('',#7665,1.);
#1863=VECTOR('',#7666,1.);
#1864=VECTOR('',#7667,1.);
#1865=VECTOR('',#7670,1.);
#1866=VECTOR('',#7671,1.);
#1867=VECTOR('',#7672,1.);
#1868=VECTOR('',#7675,1.);
#1869=VECTOR('',#7676,1.);
#1870=VECTOR('',#7677,1.);
#1871=VECTOR('',#7680,1.);
#1872=VECTOR('',#7681,1.);
#1873=VECTOR('',#7682,1.);
#1874=VECTOR('',#7685,1.);
#1875=VECTOR('',#7686,1.);
#1876=VECTOR('',#7687,1.);
#1877=VECTOR('',#7694,1.);
#1878=VECTOR('',#7697,1.);
#1879=VECTOR('',#7698,1.);
#1880=VECTOR('',#7701,1.);
#1881=VECTOR('',#7702,1.);
#1882=VECTOR('',#7703,1.);
#1883=VECTOR('',#7710,1.);
#1884=VECTOR('',#7713,1.);
#1885=VECTOR('',#7714,1.);
#1886=VECTOR('',#7715,1.);
#1887=VECTOR('',#7718,1.);
#1888=VECTOR('',#7719,1.);
#1889=VECTOR('',#7720,1.);
#1890=VECTOR('',#7723,1.);
#1891=VECTOR('',#7724,1.);
#1892=VECTOR('',#7725,1.);
#1893=VECTOR('',#7728,1.);
#1894=VECTOR('',#7729,1.);
#1895=VECTOR('',#7730,1.);
#1896=VECTOR('',#7733,1.);
#1897=VECTOR('',#7734,1.);
#1898=VECTOR('',#7735,1.);
#1899=VECTOR('',#7742,1.);
#1900=VECTOR('',#7745,1.);
#1901=VECTOR('',#7746,1.);
#1902=VECTOR('',#7749,1.);
#1903=VECTOR('',#7750,1.);
#1904=VECTOR('',#7751,1.);
#1905=VECTOR('',#7758,1.);
#1906=VECTOR('',#7761,1.);
#1907=VECTOR('',#7762,1.);
#1908=VECTOR('',#7763,1.);
#1909=VECTOR('',#7766,1.);
#1910=VECTOR('',#7767,1.);
#1911=VECTOR('',#7768,1.);
#1912=VECTOR('',#7771,1.);
#1913=VECTOR('',#7772,1.);
#1914=VECTOR('',#7773,1.);
#1915=VECTOR('',#7776,1.);
#1916=VECTOR('',#7777,1.);
#1917=VECTOR('',#7778,1.);
#1918=VECTOR('',#7781,1.);
#1919=VECTOR('',#7782,1.);
#1920=VECTOR('',#7783,1.);
#1921=VECTOR('',#7796,1000.);
#1922=VECTOR('',#7797,1000.);
#1923=VECTOR('',#7798,1000.);
#1924=VECTOR('',#7799,1000.);
#1925=VECTOR('',#7802,1000.);
#1926=VECTOR('',#7803,1000.);
#1927=VECTOR('',#7804,1000.);
#1928=VECTOR('',#7807,1000.);
#1929=VECTOR('',#7808,1000.);
#1930=VECTOR('',#7809,1000.);
#1931=VECTOR('',#7812,1000.);
#1932=VECTOR('',#7813,1000.);
#1933=VECTOR('',#7820,1000.);
#1934=VECTOR('',#7821,1000.);
#1935=VECTOR('',#7822,1000.);
#1936=VECTOR('',#7823,1000.);
#1937=VECTOR('',#7826,1000.);
#1938=VECTOR('',#7827,1000.);
#1939=VECTOR('',#7828,1000.);
#1940=VECTOR('',#7831,1000.);
#1941=VECTOR('',#7832,1000.);
#1942=VECTOR('',#7833,1000.);
#1943=VECTOR('',#7836,1000.);
#1944=VECTOR('',#7837,1000.);
#1945=VECTOR('',#7840,1000.);
#1946=VECTOR('',#7841,1000.);
#1947=VECTOR('',#7842,1000.);
#1948=VECTOR('',#7843,1000.);
#1949=CIRCLE('',#5611,0.232413005351467);
#1950=CIRCLE('',#5612,0.232413005351467);
#1951=CIRCLE('',#5614,0.309781395451785);
#1952=CIRCLE('',#5615,0.309781395451785);
#1953=CIRCLE('',#5617,0.399702177291309);
#1954=CIRCLE('',#5618,0.399702177291309);
#1955=CIRCLE('',#5620,0.511137878750006);
#1956=CIRCLE('',#5621,0.511137878750006);
#1957=CIRCLE('',#5623,0.63448622724207);
#1958=CIRCLE('',#5624,0.63448622724207);
#1959=CIRCLE('',#5626,0.519485515549688);
#1960=CIRCLE('',#5627,0.519485515549688);
#1961=CIRCLE('',#5629,0.416669187232566);
#1962=CIRCLE('',#5630,0.416669187232566);
#1963=CIRCLE('',#5634,1.12762993202004);
#1964=CIRCLE('',#5635,1.12762993202004);
#1965=CIRCLE('',#5637,0.168318219931115);
#1966=CIRCLE('',#5638,0.168318219931115);
#1967=CIRCLE('',#5640,0.616660536559601);
#1968=CIRCLE('',#5641,0.616660536559601);
#1969=CIRCLE('',#5644,0.529219548049731);
#1970=CIRCLE('',#5645,0.529219548049731);
#1971=CIRCLE('',#5647,0.722918122092659);
#1972=CIRCLE('',#5648,0.722918122092659);
#1973=CIRCLE('',#5650,0.638441587515731);
#1974=CIRCLE('',#5651,0.638441587515731);
#1975=CIRCLE('',#5653,0.612452496834442);
#1976=CIRCLE('',#5654,0.612452496834442);
#1977=CIRCLE('',#5656,0.42084744440972);
#1978=CIRCLE('',#5657,0.42084744440972);
#1979=CIRCLE('',#5659,0.266680898609668);
#1980=CIRCLE('',#5660,0.266680898609668);
#1981=CIRCLE('',#5662,0.249492890217269);
#1982=CIRCLE('',#5663,0.249492890217269);
#1983=CIRCLE('',#5665,0.328008445202349);
#1984=CIRCLE('',#5666,0.328008445202349);
#1985=CIRCLE('',#5668,0.444977767179768);
#1986=CIRCLE('',#5669,0.444977767179768);
#1987=CIRCLE('',#5671,0.168318219937364);
#1988=CIRCLE('',#5672,0.168318219937364);
#1989=CIRCLE('',#5674,0.368752083495292);
#1990=CIRCLE('',#5675,0.368752083495292);
#1991=CIRCLE('',#5677,0.247322342158666);
#1992=CIRCLE('',#5678,0.247322342158666);
#1993=CIRCLE('',#5688,0.117151026461484);
#1994=CIRCLE('',#5689,0.117151026461484);
#1995=CIRCLE('',#5699,0.121868698059791);
#1996=CIRCLE('',#5700,0.121868698059791);
#1997=CIRCLE('',#5702,0.0832459588202866);
#1998=CIRCLE('',#5703,0.0832459588202866);
#1999=CIRCLE('',#5705,0.0849112532949988);
#2000=CIRCLE('',#5706,0.0849112532949988);
#2001=CIRCLE('',#5711,0.102205108962932);
#2002=CIRCLE('',#5712,0.102205108962932);
#2003=CIRCLE('',#5714,0.0645667342358188);
#2004=CIRCLE('',#5715,0.0645667342358188);
#2005=CIRCLE('',#5717,0.0550718571591688);
#2006=CIRCLE('',#5718,0.0550718571591688);
#2007=CIRCLE('',#5725,0.120926431872218);
#2008=CIRCLE('',#5726,0.120926431872218);
#2009=CIRCLE('',#5730,0.113333306292007);
#2010=CIRCLE('',#5731,0.113333306292007);
#2011=CIRCLE('',#5733,0.106010685186621);
#2012=CIRCLE('',#5734,0.106010685186621);
#2013=CIRCLE('',#5736,0.110813008121476);
#2014=CIRCLE('',#5737,0.110813008121476);
#2015=CIRCLE('',#5739,0.157637244767378);
#2016=CIRCLE('',#5740,0.157637244767378);
#2017=CIRCLE('',#5743,0.0768463039110567);
#2018=CIRCLE('',#5744,0.0768463039110567);
#2019=CIRCLE('',#5746,0.0367438921721291);
#2020=CIRCLE('',#5747,0.0367438921721291);
#2021=CIRCLE('',#5749,0.0482840607727865);
#2022=CIRCLE('',#5750,0.0482840607727865);
#2023=CIRCLE('',#5765,0.0567820753666978);
#2024=CIRCLE('',#5766,0.0567820753666978);
#2025=CIRCLE('',#5776,0.121868698080733);
#2026=CIRCLE('',#5777,0.121868698080733);
#2027=CIRCLE('',#5779,0.083245958812446);
#2028=CIRCLE('',#5780,0.083245958812446);
#2029=CIRCLE('',#5782,0.0849112532951387);
#2030=CIRCLE('',#5783,0.0849112532951387);
#2031=CIRCLE('',#5788,0.102205108962932);
#2032=CIRCLE('',#5789,0.102205108962932);
#2033=CIRCLE('',#5791,0.0645667342406663);
#2034=CIRCLE('',#5792,0.0645667342406663);
#2035=CIRCLE('',#5794,0.0550718571541828);
#2036=CIRCLE('',#5795,0.0550718571541828);
#2037=CIRCLE('',#5802,0.120926431866087);
#2038=CIRCLE('',#5803,0.120926431866087);
#2039=CIRCLE('',#5807,0.20957956639284);
#2040=CIRCLE('',#5808,0.20957956639284);
#2041=CIRCLE('',#5812,0.137828630132393);
#2042=CIRCLE('',#5813,0.137828630132393);
#2043=CIRCLE('',#5815,0.0512093516564845);
#2044=CIRCLE('',#5816,0.0512093516564845);
#2045=CIRCLE('',#5818,0.0674381937243024);
#2046=CIRCLE('',#5819,0.0674381937243024);
#2047=CIRCLE('',#5821,0.0509730114065543);
#2048=CIRCLE('',#5822,0.0509730114065543);
#2049=CIRCLE('',#5824,0.0760373475790661);
#2050=CIRCLE('',#5825,0.0760373475790661);
#2051=CIRCLE('',#5829,0.175412258407399);
#2052=CIRCLE('',#5830,0.175412258407399);
#2053=CIRCLE('',#5833,0.138934732218433);
#2054=CIRCLE('',#5834,0.138934732218433);
#2055=CIRCLE('',#5836,0.151098054416725);
#2056=CIRCLE('',#5837,0.151098054416725);
#2057=CIRCLE('',#5839,0.166519260923511);
#2058=CIRCLE('',#5840,0.166519260923511);
#2059=CIRCLE('',#5842,0.130720284579235);
#2060=CIRCLE('',#5843,0.130720284579235);
#2061=CIRCLE('',#5845,0.366299030263269);
#2062=CIRCLE('',#5846,0.366299030263269);
#2063=CIRCLE('',#5848,0.438434746820923);
#2064=CIRCLE('',#5849,0.438434746820923);
#2065=CIRCLE('',#5851,0.624200474248467);
#2066=CIRCLE('',#5852,0.624200474248467);
#2067=CIRCLE('',#5854,0.306700070880414);
#2068=CIRCLE('',#5855,0.306700070880414);
#2069=CIRCLE('',#5857,0.133713477904427);
#2070=CIRCLE('',#5858,0.133713477904427);
#2071=CIRCLE('',#5860,0.163305194555165);
#2072=CIRCLE('',#5861,0.163305194555165);
#2073=CIRCLE('',#5863,0.133854356606157);
#2074=CIRCLE('',#5864,0.133854356606157);
#2075=CIRCLE('',#5866,0.168053769837596);
#2076=CIRCLE('',#5867,0.168053769837596);
#2077=CIRCLE('',#5869,0.555179330959001);
#2078=CIRCLE('',#5870,0.555179330959001);
#2079=CIRCLE('',#5874,1.19724416339943);
#2080=CIRCLE('',#5875,1.19724416339943);
#2081=CIRCLE('',#5877,0.157456156928688);
#2082=CIRCLE('',#5878,0.157456156928688);
#2083=CIRCLE('',#5880,0.0613109685047245);
#2084=CIRCLE('',#5881,0.0613109685047245);
#2085=CIRCLE('',#5883,0.0558659590328349);
#2086=CIRCLE('',#5884,0.0558659590328349);
#2087=CIRCLE('',#5886,0.0377386210552791);
#2088=CIRCLE('',#5887,0.0377386210552791);
#2089=CIRCLE('',#5889,0.134739117093795);
#2090=CIRCLE('',#5890,0.134739117093795);
#2091=CIRCLE('',#5896,0.129211563248467);
#2092=CIRCLE('',#5897,0.129211563248467);
#2093=CIRCLE('',#5899,0.393573116673322);
#2094=CIRCLE('',#5900,0.393573116673322);
#2095=CIRCLE('',#5902,0.54762888968896);
#2096=CIRCLE('',#5903,0.54762888968896);
#2097=CIRCLE('',#5905,0.499764159019788);
#2098=CIRCLE('',#5906,0.499764159019788);
#2099=CIRCLE('',#5908,0.264108612252532);
#2100=CIRCLE('',#5909,0.264108612252532);
#2101=CIRCLE('',#5911,0.0863498281986924);
#2102=CIRCLE('',#5912,0.0863498281986924);
#2103=CIRCLE('',#5914,0.0707736465593724);
#2104=CIRCLE('',#5915,0.0707736465593724);
#2105=CIRCLE('',#5917,0.0707736465475106);
#2106=CIRCLE('',#5918,0.0707736465475106);
#2107=CIRCLE('',#5920,0.0863498281986251);
#2108=CIRCLE('',#5921,0.0863498281986251);
#2109=CIRCLE('',#5923,0.264108612253181);
#2110=CIRCLE('',#5924,0.264108612253181);
#2111=CIRCLE('',#5926,0.499764159018835);
#2112=CIRCLE('',#5927,0.499764159018835);
#2113=CIRCLE('',#5929,0.54762888968664);
#2114=CIRCLE('',#5930,0.54762888968664);
#2115=CIRCLE('',#5932,0.39357311667543);
#2116=CIRCLE('',#5933,0.39357311667543);
#2117=CIRCLE('',#5935,0.129211563275222);
#2118=CIRCLE('',#5936,0.129211563275222);
#2119=CIRCLE('',#5939,0.0445378743711607);
#2120=CIRCLE('',#5940,0.0445378743711607);
#2121=CIRCLE('',#5942,0.0423112935895735);
#2122=CIRCLE('',#5943,0.0423112935895735);
#2123=CIRCLE('',#5945,0.0423112936237941);
#2124=CIRCLE('',#5946,0.0423112936237941);
#2125=CIRCLE('',#5948,0.044537874371065);
#2126=CIRCLE('',#5949,0.044537874371065);
#2127=CIRCLE('',#5952,0.179752648385107);
#2128=CIRCLE('',#5953,0.179752648385107);
#2129=CIRCLE('',#5955,0.391787435025779);
#2130=CIRCLE('',#5956,0.391787435025779);
#2131=CIRCLE('',#5958,0.458497859352858);
#2132=CIRCLE('',#5959,0.458497859352858);
#2133=CIRCLE('',#5961,0.488614112587527);
#2134=CIRCLE('',#5962,0.488614112587527);
#2135=CIRCLE('',#5964,0.633380733754149);
#2136=CIRCLE('',#5965,0.633380733754149);
#2137=CIRCLE('',#5967,0.291606968821816);
#2138=CIRCLE('',#5968,0.291606968821816);
#2139=CIRCLE('',#5970,0.152515775775831);
#2140=CIRCLE('',#5971,0.152515775775831);
#2141=CIRCLE('',#5973,0.11112018146583);
#2142=CIRCLE('',#5974,0.11112018146583);
#2143=CIRCLE('',#5976,0.17772226521771);
#2144=CIRCLE('',#5977,0.17772226521771);
#2145=CIRCLE('',#5979,0.177722265188222);
#2146=CIRCLE('',#5980,0.177722265188222);
#2147=CIRCLE('',#5982,0.111120181493819);
#2148=CIRCLE('',#5983,0.111120181493819);
#2149=CIRCLE('',#5985,0.152515775766013);
#2150=CIRCLE('',#5986,0.152515775766013);
#2151=CIRCLE('',#5988,0.291606968811624);
#2152=CIRCLE('',#5989,0.291606968811624);
#2153=CIRCLE('',#5991,0.633380733754149);
#2154=CIRCLE('',#5992,0.633380733754149);
#2155=CIRCLE('',#5994,0.488614112587527);
#2156=CIRCLE('',#5995,0.488614112587527);
#2157=CIRCLE('',#5997,0.458497859347502);
#2158=CIRCLE('',#5998,0.458497859347502);
#2159=CIRCLE('',#6000,0.391787435035828);
#2160=CIRCLE('',#6001,0.391787435035828);
#2161=CIRCLE('',#6003,0.179752648402712);
#2162=CIRCLE('',#6004,0.179752648402712);
#2163=CIRCLE('',#6007,0.15860550801583);
#2164=CIRCLE('',#6008,0.15860550801583);
#2165=CIRCLE('',#6010,0.158605508034458);
#2166=CIRCLE('',#6011,0.158605508034458);
#2167=CIRCLE('',#6015,0.121868698069867);
#2168=CIRCLE('',#6016,0.121868698069867);
#2169=CIRCLE('',#6018,0.0832459588151409);
#2170=CIRCLE('',#6019,0.0832459588151409);
#2171=CIRCLE('',#6021,0.0849112533041822);
#2172=CIRCLE('',#6022,0.0849112533041822);
#2173=CIRCLE('',#6027,0.102205108967704);
#2174=CIRCLE('',#6028,0.102205108967704);
#2175=CIRCLE('',#6030,0.0645667342316591);
#2176=CIRCLE('',#6031,0.0645667342316591);
#2177=CIRCLE('',#6033,0.0550718571564472);
#2178=CIRCLE('',#6034,0.0550718571564472);
#2179=CIRCLE('',#6041,0.120926431874168);
#2180=CIRCLE('',#6042,0.120926431874168);
#2181=CIRCLE('',#6076,0.149999999999991);
#2182=CIRCLE('',#6077,0.149999999999991);
#2183=CIRCLE('',#6084,0.15000000000019);
#2184=CIRCLE('',#6085,0.15000000000019);
#2185=CIRCLE('',#6089,0.150000000000972);
#2186=CIRCLE('',#6090,0.150000000000972);
#2187=CIRCLE('',#6097,0.149999999999667);
#2188=CIRCLE('',#6098,0.149999999999667);
#2189=CIRCLE('',#6102,0.149999999999991);
#2190=CIRCLE('',#6103,0.149999999999991);
#2191=CIRCLE('',#6110,0.150000000000187);
#2192=CIRCLE('',#6111,0.150000000000187);
#2193=CIRCLE('',#6121,0.149999999999979);
#2194=CIRCLE('',#6122,0.149999999999979);
#2195=CIRCLE('',#6129,0.150000000000005);
#2196=CIRCLE('',#6130,0.150000000000005);
#2197=CIRCLE('',#6134,0.150000000000153);
#2198=CIRCLE('',#6135,0.150000000000153);
#2199=CIRCLE('',#6142,0.149999999999821);
#2200=CIRCLE('',#6143,0.149999999999821);
#2201=CIRCLE('',#6147,0.150000000000005);
#2202=CIRCLE('',#6148,0.150000000000005);
#2203=CIRCLE('',#6155,0.150000000000005);
#2204=CIRCLE('',#6156,0.150000000000005);
#2205=VERTEX_POINT('',#7864);
#2206=VERTEX_POINT('',#7865);
#2207=VERTEX_POINT('',#7867);
#2208=VERTEX_POINT('',#7869);
#2209=VERTEX_POINT('',#7873);
#2210=VERTEX_POINT('',#7875);
#2211=VERTEX_POINT('',#7879);
#2212=VERTEX_POINT('',#7881);
#2213=VERTEX_POINT('',#7885);
#2214=VERTEX_POINT('',#7887);
#2215=VERTEX_POINT('',#7891);
#2216=VERTEX_POINT('',#7893);
#2217=VERTEX_POINT('',#7897);
#2218=VERTEX_POINT('',#7899);
#2219=VERTEX_POINT('',#7903);
#2220=VERTEX_POINT('',#7905);
#2221=VERTEX_POINT('',#7909);
#2222=VERTEX_POINT('',#7911);
#2223=VERTEX_POINT('',#7915);
#2224=VERTEX_POINT('',#7917);
#2225=VERTEX_POINT('',#7921);
#2226=VERTEX_POINT('',#7923);
#2227=VERTEX_POINT('',#7927);
#2228=VERTEX_POINT('',#7929);
#2229=VERTEX_POINT('',#7933);
#2230=VERTEX_POINT('',#7935);
#2231=VERTEX_POINT('',#7939);
#2232=VERTEX_POINT('',#7941);
#2233=VERTEX_POINT('',#7945);
#2234=VERTEX_POINT('',#7947);
#2235=VERTEX_POINT('',#7951);
#2236=VERTEX_POINT('',#7953);
#2237=VERTEX_POINT('',#7957);
#2238=VERTEX_POINT('',#7959);
#2239=VERTEX_POINT('',#7963);
#2240=VERTEX_POINT('',#7965);
#2241=VERTEX_POINT('',#7969);
#2242=VERTEX_POINT('',#7971);
#2243=VERTEX_POINT('',#7975);
#2244=VERTEX_POINT('',#7977);
#2245=VERTEX_POINT('',#7981);
#2246=VERTEX_POINT('',#7983);
#2247=VERTEX_POINT('',#7987);
#2248=VERTEX_POINT('',#7989);
#2249=VERTEX_POINT('',#7993);
#2250=VERTEX_POINT('',#7995);
#2251=VERTEX_POINT('',#7999);
#2252=VERTEX_POINT('',#8001);
#2253=VERTEX_POINT('',#8005);
#2254=VERTEX_POINT('',#8007);
#2255=VERTEX_POINT('',#8016);
#2256=VERTEX_POINT('',#8017);
#2257=VERTEX_POINT('',#8019);
#2258=VERTEX_POINT('',#8021);
#2259=VERTEX_POINT('',#8025);
#2260=VERTEX_POINT('',#8027);
#2261=VERTEX_POINT('',#8031);
#2262=VERTEX_POINT('',#8033);
#2263=VERTEX_POINT('',#8042);
#2264=VERTEX_POINT('',#8044);
#2265=VERTEX_POINT('',#8050);
#2266=VERTEX_POINT('',#8051);
#2267=VERTEX_POINT('',#8053);
#2268=VERTEX_POINT('',#8055);
#2269=VERTEX_POINT('',#8059);
#2270=VERTEX_POINT('',#8061);
#2271=VERTEX_POINT('',#8065);
#2272=VERTEX_POINT('',#8067);
#2273=VERTEX_POINT('',#8076);
#2274=VERTEX_POINT('',#8077);
#2275=VERTEX_POINT('',#8079);
#2276=VERTEX_POINT('',#8081);
#2277=VERTEX_POINT('',#8085);
#2278=VERTEX_POINT('',#8087);
#2279=VERTEX_POINT('',#8091);
#2280=VERTEX_POINT('',#8093);
#2281=VERTEX_POINT('',#8097);
#2282=VERTEX_POINT('',#8099);
#2283=VERTEX_POINT('',#8103);
#2284=VERTEX_POINT('',#8105);
#2285=VERTEX_POINT('',#8109);
#2286=VERTEX_POINT('',#8111);
#2287=VERTEX_POINT('',#8115);
#2288=VERTEX_POINT('',#8117);
#2289=VERTEX_POINT('',#8121);
#2290=VERTEX_POINT('',#8123);
#2291=VERTEX_POINT('',#8127);
#2292=VERTEX_POINT('',#8129);
#2293=VERTEX_POINT('',#8133);
#2294=VERTEX_POINT('',#8135);
#2295=VERTEX_POINT('',#8139);
#2296=VERTEX_POINT('',#8141);
#2297=VERTEX_POINT('',#8145);
#2298=VERTEX_POINT('',#8147);
#2299=VERTEX_POINT('',#8151);
#2300=VERTEX_POINT('',#8153);
#2301=VERTEX_POINT('',#8157);
#2302=VERTEX_POINT('',#8159);
#2303=VERTEX_POINT('',#8168);
#2304=VERTEX_POINT('',#8169);
#2305=VERTEX_POINT('',#8171);
#2306=VERTEX_POINT('',#8173);
#2307=VERTEX_POINT('',#8177);
#2308=VERTEX_POINT('',#8179);
#2309=VERTEX_POINT('',#8183);
#2310=VERTEX_POINT('',#8185);
#2311=VERTEX_POINT('',#8189);
#2312=VERTEX_POINT('',#8191);
#2313=VERTEX_POINT('',#8195);
#2314=VERTEX_POINT('',#8197);
#2315=VERTEX_POINT('',#8201);
#2316=VERTEX_POINT('',#8203);
#2317=VERTEX_POINT('',#8207);
#2318=VERTEX_POINT('',#8209);
#2319=VERTEX_POINT('',#8213);
#2320=VERTEX_POINT('',#8215);
#2321=VERTEX_POINT('',#8219);
#2322=VERTEX_POINT('',#8221);
#2323=VERTEX_POINT('',#8225);
#2324=VERTEX_POINT('',#8227);
#2325=VERTEX_POINT('',#8231);
#2326=VERTEX_POINT('',#8233);
#2327=VERTEX_POINT('',#8237);
#2328=VERTEX_POINT('',#8239);
#2329=VERTEX_POINT('',#8243);
#2330=VERTEX_POINT('',#8245);
#2331=VERTEX_POINT('',#8249);
#2332=VERTEX_POINT('',#8251);
#2333=VERTEX_POINT('',#8255);
#2334=VERTEX_POINT('',#8257);
#2335=VERTEX_POINT('',#8261);
#2336=VERTEX_POINT('',#8263);
#2337=VERTEX_POINT('',#8267);
#2338=VERTEX_POINT('',#8269);
#2339=VERTEX_POINT('',#8273);
#2340=VERTEX_POINT('',#8275);
#2341=VERTEX_POINT('',#8284);
#2342=VERTEX_POINT('',#8286);
#2343=VERTEX_POINT('',#8292);
#2344=VERTEX_POINT('',#8293);
#2345=VERTEX_POINT('',#8295);
#2346=VERTEX_POINT('',#8297);
#2347=VERTEX_POINT('',#8301);
#2348=VERTEX_POINT('',#8303);
#2349=VERTEX_POINT('',#8307);
#2350=VERTEX_POINT('',#8309);
#2351=VERTEX_POINT('',#8318);
#2352=VERTEX_POINT('',#8319);
#2353=VERTEX_POINT('',#8321);
#2354=VERTEX_POINT('',#8323);
#2355=VERTEX_POINT('',#8327);
#2356=VERTEX_POINT('',#8329);
#2357=VERTEX_POINT('',#8333);
#2358=VERTEX_POINT('',#8335);
#2359=VERTEX_POINT('',#8339);
#2360=VERTEX_POINT('',#8341);
#2361=VERTEX_POINT('',#8345);
#2362=VERTEX_POINT('',#8347);
#2363=VERTEX_POINT('',#8351);
#2364=VERTEX_POINT('',#8353);
#2365=VERTEX_POINT('',#8357);
#2366=VERTEX_POINT('',#8359);
#2367=VERTEX_POINT('',#8363);
#2368=VERTEX_POINT('',#8365);
#2369=VERTEX_POINT('',#8369);
#2370=VERTEX_POINT('',#8371);
#2371=VERTEX_POINT('',#8375);
#2372=VERTEX_POINT('',#8377);
#2373=VERTEX_POINT('',#8381);
#2374=VERTEX_POINT('',#8383);
#2375=VERTEX_POINT('',#8387);
#2376=VERTEX_POINT('',#8389);
#2377=VERTEX_POINT('',#8393);
#2378=VERTEX_POINT('',#8395);
#2379=VERTEX_POINT('',#8399);
#2380=VERTEX_POINT('',#8401);
#2381=VERTEX_POINT('',#8410);
#2382=VERTEX_POINT('',#8411);
#2383=VERTEX_POINT('',#8413);
#2384=VERTEX_POINT('',#8415);
#2385=VERTEX_POINT('',#8419);
#2386=VERTEX_POINT('',#8421);
#2387=VERTEX_POINT('',#8425);
#2388=VERTEX_POINT('',#8427);
#2389=VERTEX_POINT('',#8431);
#2390=VERTEX_POINT('',#8433);
#2391=VERTEX_POINT('',#8437);
#2392=VERTEX_POINT('',#8439);
#2393=VERTEX_POINT('',#8443);
#2394=VERTEX_POINT('',#8445);
#2395=VERTEX_POINT('',#8449);
#2396=VERTEX_POINT('',#8451);
#2397=VERTEX_POINT('',#8458);
#2398=VERTEX_POINT('',#8459);
#2399=VERTEX_POINT('',#8461);
#2400=VERTEX_POINT('',#8463);
#2401=VERTEX_POINT('',#8467);
#2402=VERTEX_POINT('',#8469);
#2403=VERTEX_POINT('',#8473);
#2404=VERTEX_POINT('',#8475);
#2405=VERTEX_POINT('',#8479);
#2406=VERTEX_POINT('',#8481);
#2407=VERTEX_POINT('',#8485);
#2408=VERTEX_POINT('',#8487);
#2409=VERTEX_POINT('',#8491);
#2410=VERTEX_POINT('',#8493);
#2411=VERTEX_POINT('',#8497);
#2412=VERTEX_POINT('',#8499);
#2413=VERTEX_POINT('',#8503);
#2414=VERTEX_POINT('',#8505);
#2415=VERTEX_POINT('',#8509);
#2416=VERTEX_POINT('',#8511);
#2417=VERTEX_POINT('',#8515);
#2418=VERTEX_POINT('',#8517);
#2419=VERTEX_POINT('',#8521);
#2420=VERTEX_POINT('',#8523);
#2421=VERTEX_POINT('',#8527);
#2422=VERTEX_POINT('',#8529);
#2423=VERTEX_POINT('',#8533);
#2424=VERTEX_POINT('',#8535);
#2425=VERTEX_POINT('',#8539);
#2426=VERTEX_POINT('',#8541);
#2427=VERTEX_POINT('',#8545);
#2428=VERTEX_POINT('',#8547);
#2429=VERTEX_POINT('',#8551);
#2430=VERTEX_POINT('',#8553);
#2431=VERTEX_POINT('',#8557);
#2432=VERTEX_POINT('',#8559);
#2433=VERTEX_POINT('',#8563);
#2434=VERTEX_POINT('',#8565);
#2435=VERTEX_POINT('',#8569);
#2436=VERTEX_POINT('',#8571);
#2437=VERTEX_POINT('',#8575);
#2438=VERTEX_POINT('',#8577);
#2439=VERTEX_POINT('',#8581);
#2440=VERTEX_POINT('',#8583);
#2441=VERTEX_POINT('',#8587);
#2442=VERTEX_POINT('',#8589);
#2443=VERTEX_POINT('',#8593);
#2444=VERTEX_POINT('',#8595);
#2445=VERTEX_POINT('',#8599);
#2446=VERTEX_POINT('',#8601);
#2447=VERTEX_POINT('',#8605);
#2448=VERTEX_POINT('',#8607);
#2449=VERTEX_POINT('',#8616);
#2450=VERTEX_POINT('',#8617);
#2451=VERTEX_POINT('',#8619);
#2452=VERTEX_POINT('',#8621);
#2453=VERTEX_POINT('',#8625);
#2454=VERTEX_POINT('',#8627);
#2455=VERTEX_POINT('',#8631);
#2456=VERTEX_POINT('',#8633);
#2457=VERTEX_POINT('',#8637);
#2458=VERTEX_POINT('',#8639);
#2459=VERTEX_POINT('',#8643);
#2460=VERTEX_POINT('',#8645);
#2461=VERTEX_POINT('',#8649);
#2462=VERTEX_POINT('',#8651);
#2463=VERTEX_POINT('',#8655);
#2464=VERTEX_POINT('',#8657);
#2465=VERTEX_POINT('',#8661);
#2466=VERTEX_POINT('',#8663);
#2467=VERTEX_POINT('',#8667);
#2468=VERTEX_POINT('',#8669);
#2469=VERTEX_POINT('',#8673);
#2470=VERTEX_POINT('',#8675);
#2471=VERTEX_POINT('',#8679);
#2472=VERTEX_POINT('',#8681);
#2473=VERTEX_POINT('',#8685);
#2474=VERTEX_POINT('',#8687);
#2475=VERTEX_POINT('',#8691);
#2476=VERTEX_POINT('',#8693);
#2477=VERTEX_POINT('',#8697);
#2478=VERTEX_POINT('',#8699);
#2479=VERTEX_POINT('',#8703);
#2480=VERTEX_POINT('',#8705);
#2481=VERTEX_POINT('',#8709);
#2482=VERTEX_POINT('',#8711);
#2483=VERTEX_POINT('',#8715);
#2484=VERTEX_POINT('',#8717);
#2485=VERTEX_POINT('',#8721);
#2486=VERTEX_POINT('',#8723);
#2487=VERTEX_POINT('',#8727);
#2488=VERTEX_POINT('',#8729);
#2489=VERTEX_POINT('',#8736);
#2490=VERTEX_POINT('',#8737);
#2491=VERTEX_POINT('',#8739);
#2492=VERTEX_POINT('',#8741);
#2493=VERTEX_POINT('',#8745);
#2494=VERTEX_POINT('',#8747);
#2495=VERTEX_POINT('',#8751);
#2496=VERTEX_POINT('',#8753);
#2497=VERTEX_POINT('',#8757);
#2498=VERTEX_POINT('',#8759);
#2499=VERTEX_POINT('',#8763);
#2500=VERTEX_POINT('',#8765);
#2501=VERTEX_POINT('',#8769);
#2502=VERTEX_POINT('',#8771);
#2503=VERTEX_POINT('',#8775);
#2504=VERTEX_POINT('',#8777);
#2505=VERTEX_POINT('',#8781);
#2506=VERTEX_POINT('',#8783);
#2507=VERTEX_POINT('',#8787);
#2508=VERTEX_POINT('',#8789);
#2509=VERTEX_POINT('',#8793);
#2510=VERTEX_POINT('',#8795);
#2511=VERTEX_POINT('',#8799);
#2512=VERTEX_POINT('',#8801);
#2513=VERTEX_POINT('',#8805);
#2514=VERTEX_POINT('',#8807);
#2515=VERTEX_POINT('',#8811);
#2516=VERTEX_POINT('',#8813);
#2517=VERTEX_POINT('',#8817);
#2518=VERTEX_POINT('',#8819);
#2519=VERTEX_POINT('',#8823);
#2520=VERTEX_POINT('',#8825);
#2521=VERTEX_POINT('',#8829);
#2522=VERTEX_POINT('',#8831);
#2523=VERTEX_POINT('',#8835);
#2524=VERTEX_POINT('',#8837);
#2525=VERTEX_POINT('',#8841);
#2526=VERTEX_POINT('',#8843);
#2527=VERTEX_POINT('',#8847);
#2528=VERTEX_POINT('',#8849);
#2529=VERTEX_POINT('',#8853);
#2530=VERTEX_POINT('',#8855);
#2531=VERTEX_POINT('',#8859);
#2532=VERTEX_POINT('',#8861);
#2533=VERTEX_POINT('',#8870);
#2534=VERTEX_POINT('',#8871);
#2535=VERTEX_POINT('',#8873);
#2536=VERTEX_POINT('',#8875);
#2537=VERTEX_POINT('',#8879);
#2538=VERTEX_POINT('',#8881);
#2539=VERTEX_POINT('',#8885);
#2540=VERTEX_POINT('',#8887);
#2541=VERTEX_POINT('',#8891);
#2542=VERTEX_POINT('',#8893);
#2543=VERTEX_POINT('',#8897);
#2544=VERTEX_POINT('',#8899);
#2545=VERTEX_POINT('',#8903);
#2546=VERTEX_POINT('',#8905);
#2547=VERTEX_POINT('',#8909);
#2548=VERTEX_POINT('',#8911);
#2549=VERTEX_POINT('',#8915);
#2550=VERTEX_POINT('',#8917);
#2551=VERTEX_POINT('',#8921);
#2552=VERTEX_POINT('',#8923);
#2553=VERTEX_POINT('',#8927);
#2554=VERTEX_POINT('',#8929);
#2555=VERTEX_POINT('',#8933);
#2556=VERTEX_POINT('',#8935);
#2557=VERTEX_POINT('',#8939);
#2558=VERTEX_POINT('',#8941);
#2559=VERTEX_POINT('',#8945);
#2560=VERTEX_POINT('',#8947);
#2561=VERTEX_POINT('',#8951);
#2562=VERTEX_POINT('',#8953);
#2563=VERTEX_POINT('',#8962);
#2564=VERTEX_POINT('',#8963);
#2565=VERTEX_POINT('',#8965);
#2566=VERTEX_POINT('',#8967);
#2567=VERTEX_POINT('',#8971);
#2568=VERTEX_POINT('',#8973);
#2569=VERTEX_POINT('',#8977);
#2570=VERTEX_POINT('',#8979);
#2571=VERTEX_POINT('',#8988);
#2572=VERTEX_POINT('',#8989);
#2573=VERTEX_POINT('',#8991);
#2574=VERTEX_POINT('',#8993);
#2575=VERTEX_POINT('',#8997);
#2576=VERTEX_POINT('',#8999);
#2577=VERTEX_POINT('',#9003);
#2578=VERTEX_POINT('',#9005);
#2579=VERTEX_POINT('',#9014);
#2580=VERTEX_POINT('',#9015);
#2581=VERTEX_POINT('',#9017);
#2582=VERTEX_POINT('',#9019);
#2583=VERTEX_POINT('',#9023);
#2584=VERTEX_POINT('',#9025);
#2585=VERTEX_POINT('',#9029);
#2586=VERTEX_POINT('',#9031);
#2587=VERTEX_POINT('',#9040);
#2588=VERTEX_POINT('',#9041);
#2589=VERTEX_POINT('',#9043);
#2590=VERTEX_POINT('',#9045);
#2591=VERTEX_POINT('',#9049);
#2592=VERTEX_POINT('',#9051);
#2593=VERTEX_POINT('',#9055);
#2594=VERTEX_POINT('',#9057);
#2595=VERTEX_POINT('',#9066);
#2596=VERTEX_POINT('',#9067);
#2597=VERTEX_POINT('',#9069);
#2598=VERTEX_POINT('',#9071);
#2599=VERTEX_POINT('',#9075);
#2600=VERTEX_POINT('',#9077);
#2601=VERTEX_POINT('',#9081);
#2602=VERTEX_POINT('',#9083);
#2603=VERTEX_POINT('',#9087);
#2604=VERTEX_POINT('',#9088);
#2605=VERTEX_POINT('',#9090);
#2606=VERTEX_POINT('',#9092);
#2607=VERTEX_POINT('',#9096);
#2608=VERTEX_POINT('',#9097);
#2609=VERTEX_POINT('',#9099);
#2610=VERTEX_POINT('',#9101);
#2611=VERTEX_POINT('',#9105);
#2612=VERTEX_POINT('',#9107);
#2613=VERTEX_POINT('',#9111);
#2614=VERTEX_POINT('',#9113);
#2615=VERTEX_POINT('',#9117);
#2616=VERTEX_POINT('',#9119);
#2617=VERTEX_POINT('',#9123);
#2618=VERTEX_POINT('',#9125);
#2619=VERTEX_POINT('',#9129);
#2620=VERTEX_POINT('',#9131);
#2621=VERTEX_POINT('',#9135);
#2622=VERTEX_POINT('',#9137);
#2623=VERTEX_POINT('',#9141);
#2624=VERTEX_POINT('',#9143);
#2625=VERTEX_POINT('',#9147);
#2626=VERTEX_POINT('',#9149);
#2627=VERTEX_POINT('',#9156);
#2628=VERTEX_POINT('',#9158);
#2629=VERTEX_POINT('',#9162);
#2630=VERTEX_POINT('',#9164);
#2631=VERTEX_POINT('',#9168);
#2632=VERTEX_POINT('',#9170);
#2633=VERTEX_POINT('',#9174);
#2634=VERTEX_POINT('',#9176);
#2635=VERTEX_POINT('',#9180);
#2636=VERTEX_POINT('',#9182);
#2637=VERTEX_POINT('',#9186);
#2638=VERTEX_POINT('',#9188);
#2639=VERTEX_POINT('',#9192);
#2640=VERTEX_POINT('',#9194);
#2641=VERTEX_POINT('',#9198);
#2642=VERTEX_POINT('',#9200);
#2643=VERTEX_POINT('',#9207);
#2644=VERTEX_POINT('',#9209);
#2645=VERTEX_POINT('',#9213);
#2646=VERTEX_POINT('',#9215);
#2647=VERTEX_POINT('',#9219);
#2648=VERTEX_POINT('',#9221);
#2649=VERTEX_POINT('',#9225);
#2650=VERTEX_POINT('',#9227);
#2651=VERTEX_POINT('',#9231);
#2652=VERTEX_POINT('',#9233);
#2653=VERTEX_POINT('',#9237);
#2654=VERTEX_POINT('',#9239);
#2655=VERTEX_POINT('',#9243);
#2656=VERTEX_POINT('',#9245);
#2657=VERTEX_POINT('',#9249);
#2658=VERTEX_POINT('',#9251);
#2659=VERTEX_POINT('',#9260);
#2660=VERTEX_POINT('',#9261);
#2661=VERTEX_POINT('',#9263);
#2662=VERTEX_POINT('',#9265);
#2663=VERTEX_POINT('',#9269);
#2664=VERTEX_POINT('',#9270);
#2665=VERTEX_POINT('',#9272);
#2666=VERTEX_POINT('',#9274);
#2667=VERTEX_POINT('',#9278);
#2668=VERTEX_POINT('',#9279);
#2669=VERTEX_POINT('',#9281);
#2670=VERTEX_POINT('',#9283);
#2671=VERTEX_POINT('',#9287);
#2672=VERTEX_POINT('',#9289);
#2673=VERTEX_POINT('',#9293);
#2674=VERTEX_POINT('',#9295);
#2675=VERTEX_POINT('',#9299);
#2676=VERTEX_POINT('',#9301);
#2677=VERTEX_POINT('',#9305);
#2678=VERTEX_POINT('',#9307);
#2679=VERTEX_POINT('',#9311);
#2680=VERTEX_POINT('',#9313);
#2681=VERTEX_POINT('',#9317);
#2682=VERTEX_POINT('',#9319);
#2683=VERTEX_POINT('',#9323);
#2684=VERTEX_POINT('',#9325);
#2685=VERTEX_POINT('',#9329);
#2686=VERTEX_POINT('',#9331);
#2687=VERTEX_POINT('',#9335);
#2688=VERTEX_POINT('',#9337);
#2689=VERTEX_POINT('',#9344);
#2690=VERTEX_POINT('',#9346);
#2691=VERTEX_POINT('',#9350);
#2692=VERTEX_POINT('',#9352);
#2693=VERTEX_POINT('',#9356);
#2694=VERTEX_POINT('',#9358);
#2695=VERTEX_POINT('',#9362);
#2696=VERTEX_POINT('',#9364);
#2697=VERTEX_POINT('',#9368);
#2698=VERTEX_POINT('',#9370);
#2699=VERTEX_POINT('',#9374);
#2700=VERTEX_POINT('',#9376);
#2701=VERTEX_POINT('',#9380);
#2702=VERTEX_POINT('',#9382);
#2703=VERTEX_POINT('',#9386);
#2704=VERTEX_POINT('',#9388);
#2705=VERTEX_POINT('',#9395);
#2706=VERTEX_POINT('',#9397);
#2707=VERTEX_POINT('',#9401);
#2708=VERTEX_POINT('',#9403);
#2709=VERTEX_POINT('',#9407);
#2710=VERTEX_POINT('',#9409);
#2711=VERTEX_POINT('',#9413);
#2712=VERTEX_POINT('',#9415);
#2713=VERTEX_POINT('',#9419);
#2714=VERTEX_POINT('',#9421);
#2715=VERTEX_POINT('',#9425);
#2716=VERTEX_POINT('',#9427);
#2717=VERTEX_POINT('',#9431);
#2718=VERTEX_POINT('',#9433);
#2719=VERTEX_POINT('',#9442);
#2720=VERTEX_POINT('',#9443);
#2721=VERTEX_POINT('',#9445);
#2722=VERTEX_POINT('',#9447);
#2723=VERTEX_POINT('',#9451);
#2724=VERTEX_POINT('',#9453);
#2725=VERTEX_POINT('',#9457);
#2726=VERTEX_POINT('',#9459);
#2727=VERTEX_POINT('',#9468);
#2728=VERTEX_POINT('',#9469);
#2729=VERTEX_POINT('',#9471);
#2730=VERTEX_POINT('',#9473);
#2731=VERTEX_POINT('',#9477);
#2732=VERTEX_POINT('',#9478);
#2733=VERTEX_POINT('',#9483);
#2734=VERTEX_POINT('',#9484);
#2735=VERTEX_POINT('',#9492);
#2736=VERTEX_POINT('',#9493);
#2737=VERTEX_POINT('',#9495);
#2738=VERTEX_POINT('',#9497);
#2739=EDGE_CURVE('',#2205,#2206,#1949,.T.);
#2740=EDGE_CURVE('',#2205,#2207,#863,.T.);
#2741=EDGE_CURVE('',#2208,#2207,#1950,.T.);
#2742=EDGE_CURVE('',#2206,#2208,#864,.T.);
#2743=EDGE_CURVE('',#2206,#2209,#1951,.T.);
#2744=EDGE_CURVE('',#2210,#2208,#1952,.T.);
#2745=EDGE_CURVE('',#2209,#2210,#865,.T.);
#2746=EDGE_CURVE('',#2209,#2211,#1953,.T.);
#2747=EDGE_CURVE('',#2212,#2210,#1954,.T.);
#2748=EDGE_CURVE('',#2211,#2212,#866,.T.);
#2749=EDGE_CURVE('',#2211,#2213,#1955,.T.);
#2750=EDGE_CURVE('',#2214,#2212,#1956,.T.);
#2751=EDGE_CURVE('',#2213,#2214,#867,.T.);
#2752=EDGE_CURVE('',#2213,#2215,#1957,.T.);
#2753=EDGE_CURVE('',#2216,#2214,#1958,.T.);
#2754=EDGE_CURVE('',#2215,#2216,#868,.T.);
#2755=EDGE_CURVE('',#2215,#2217,#1959,.T.);
#2756=EDGE_CURVE('',#2218,#2216,#1960,.T.);
#2757=EDGE_CURVE('',#2217,#2218,#869,.T.);
#2758=EDGE_CURVE('',#2217,#2219,#1961,.T.);
#2759=EDGE_CURVE('',#2220,#2218,#1962,.T.);
#2760=EDGE_CURVE('',#2219,#2220,#870,.T.);
#2761=EDGE_CURVE('',#2219,#2221,#871,.T.);
#2762=EDGE_CURVE('',#2222,#2220,#872,.T.);
#2763=EDGE_CURVE('',#2221,#2222,#873,.T.);
#2764=EDGE_CURVE('',#2221,#2223,#874,.T.);
#2765=EDGE_CURVE('',#2224,#2222,#875,.T.);
#2766=EDGE_CURVE('',#2223,#2224,#876,.T.);
#2767=EDGE_CURVE('',#2223,#2225,#1963,.T.);
#2768=EDGE_CURVE('',#2226,#2224,#1964,.T.);
#2769=EDGE_CURVE('',#2225,#2226,#877,.T.);
#2770=EDGE_CURVE('',#2225,#2227,#1965,.T.);
#2771=EDGE_CURVE('',#2228,#2226,#1966,.T.);
#2772=EDGE_CURVE('',#2227,#2228,#878,.T.);
#2773=EDGE_CURVE('',#2227,#2229,#1967,.T.);
#2774=EDGE_CURVE('',#2230,#2228,#1968,.T.);
#2775=EDGE_CURVE('',#2229,#2230,#879,.T.);
#2776=EDGE_CURVE('',#2229,#2231,#880,.T.);
#2777=EDGE_CURVE('',#2232,#2230,#881,.T.);
#2778=EDGE_CURVE('',#2231,#2232,#882,.T.);
#2779=EDGE_CURVE('',#2231,#2233,#1969,.T.);
#2780=EDGE_CURVE('',#2234,#2232,#1970,.T.);
#2781=EDGE_CURVE('',#2233,#2234,#883,.T.);
#2782=EDGE_CURVE('',#2233,#2235,#1971,.T.);
#2783=EDGE_CURVE('',#2236,#2234,#1972,.T.);
#2784=EDGE_CURVE('',#2235,#2236,#884,.T.);
#2785=EDGE_CURVE('',#2235,#2237,#1973,.T.);
#2786=EDGE_CURVE('',#2238,#2236,#1974,.T.);
#2787=EDGE_CURVE('',#2237,#2238,#885,.T.);
#2788=EDGE_CURVE('',#2237,#2239,#1975,.T.);
#2789=EDGE_CURVE('',#2240,#2238,#1976,.T.);
#2790=EDGE_CURVE('',#2239,#2240,#886,.T.);
#2791=EDGE_CURVE('',#2239,#2241,#1977,.T.);
#2792=EDGE_CURVE('',#2242,#2240,#1978,.T.);
#2793=EDGE_CURVE('',#2241,#2242,#887,.T.);
#2794=EDGE_CURVE('',#2241,#2243,#1979,.T.);
#2795=EDGE_CURVE('',#2244,#2242,#1980,.T.);
#2796=EDGE_CURVE('',#2243,#2244,#888,.T.);
#2797=EDGE_CURVE('',#2243,#2245,#1981,.T.);
#2798=EDGE_CURVE('',#2246,#2244,#1982,.T.);
#2799=EDGE_CURVE('',#2245,#2246,#889,.T.);
#2800=EDGE_CURVE('',#2245,#2247,#1983,.T.);
#2801=EDGE_CURVE('',#2248,#2246,#1984,.T.);
#2802=EDGE_CURVE('',#2247,#2248,#890,.T.);
#2803=EDGE_CURVE('',#2247,#2249,#1985,.T.);
#2804=EDGE_CURVE('',#2250,#2248,#1986,.T.);
#2805=EDGE_CURVE('',#2249,#2250,#891,.T.);
#2806=EDGE_CURVE('',#2249,#2251,#1987,.T.);
#2807=EDGE_CURVE('',#2252,#2250,#1988,.T.);
#2808=EDGE_CURVE('',#2251,#2252,#892,.T.);
#2809=EDGE_CURVE('',#2251,#2253,#1989,.T.);
#2810=EDGE_CURVE('',#2254,#2252,#1990,.T.);
#2811=EDGE_CURVE('',#2253,#2254,#893,.T.);
#2812=EDGE_CURVE('',#2253,#2205,#1991,.T.);
#2813=EDGE_CURVE('',#2207,#2254,#1992,.T.);
#2814=EDGE_CURVE('',#2255,#2256,#894,.T.);
#2815=EDGE_CURVE('',#2255,#2257,#895,.T.);
#2816=EDGE_CURVE('',#2258,#2257,#896,.T.);
#2817=EDGE_CURVE('',#2256,#2258,#897,.T.);
#2818=EDGE_CURVE('',#2256,#2259,#898,.T.);
#2819=EDGE_CURVE('',#2260,#2258,#899,.T.);
#2820=EDGE_CURVE('',#2259,#2260,#900,.T.);
#2821=EDGE_CURVE('',#2259,#2261,#901,.T.);
#2822=EDGE_CURVE('',#2262,#2260,#902,.T.);
#2823=EDGE_CURVE('',#2261,#2262,#903,.T.);
#2824=EDGE_CURVE('',#2261,#2255,#904,.T.);
#2825=EDGE_CURVE('',#2257,#2262,#905,.T.);
#2826=EDGE_CURVE('',#2263,#2263,#1993,.T.);
#2827=EDGE_CURVE('',#2263,#2264,#906,.T.);
#2828=EDGE_CURVE('',#2264,#2264,#1994,.T.);
#2829=EDGE_CURVE('',#2265,#2266,#907,.T.);
#2830=EDGE_CURVE('',#2265,#2267,#908,.T.);
#2831=EDGE_CURVE('',#2268,#2267,#909,.T.);
#2832=EDGE_CURVE('',#2266,#2268,#910,.T.);
#2833=EDGE_CURVE('',#2266,#2269,#911,.T.);
#2834=EDGE_CURVE('',#2270,#2268,#912,.T.);
#2835=EDGE_CURVE('',#2269,#2270,#913,.T.);
#2836=EDGE_CURVE('',#2269,#2271,#914,.T.);
#2837=EDGE_CURVE('',#2272,#2270,#915,.T.);
#2838=EDGE_CURVE('',#2271,#2272,#916,.T.);
#2839=EDGE_CURVE('',#2271,#2265,#917,.T.);
#2840=EDGE_CURVE('',#2267,#2272,#918,.T.);
#2841=EDGE_CURVE('',#2273,#2274,#1995,.T.);
#2842=EDGE_CURVE('',#2273,#2275,#919,.T.);
#2843=EDGE_CURVE('',#2276,#2275,#1996,.T.);
#2844=EDGE_CURVE('',#2274,#2276,#920,.T.);
#2845=EDGE_CURVE('',#2274,#2277,#1997,.T.);
#2846=EDGE_CURVE('',#2278,#2276,#1998,.T.);
#2847=EDGE_CURVE('',#2277,#2278,#921,.T.);
#2848=EDGE_CURVE('',#2277,#2279,#1999,.T.);
#2849=EDGE_CURVE('',#2280,#2278,#2000,.T.);
#2850=EDGE_CURVE('',#2279,#2280,#922,.T.);
#2851=EDGE_CURVE('',#2279,#2281,#923,.T.);
#2852=EDGE_CURVE('',#2282,#2280,#924,.T.);
#2853=EDGE_CURVE('',#2281,#2282,#925,.T.);
#2854=EDGE_CURVE('',#2281,#2283,#926,.T.);
#2855=EDGE_CURVE('',#2284,#2282,#927,.T.);
#2856=EDGE_CURVE('',#2283,#2284,#928,.T.);
#2857=EDGE_CURVE('',#2283,#2285,#929,.T.);
#2858=EDGE_CURVE('',#2286,#2284,#930,.T.);
#2859=EDGE_CURVE('',#2285,#2286,#931,.T.);
#2860=EDGE_CURVE('',#2285,#2287,#2001,.T.);
#2861=EDGE_CURVE('',#2288,#2286,#2002,.T.);
#2862=EDGE_CURVE('',#2287,#2288,#932,.T.);
#2863=EDGE_CURVE('',#2287,#2289,#2003,.T.);
#2864=EDGE_CURVE('',#2290,#2288,#2004,.T.);
#2865=EDGE_CURVE('',#2289,#2290,#933,.T.);
#2866=EDGE_CURVE('',#2289,#2291,#2005,.T.);
#2867=EDGE_CURVE('',#2292,#2290,#2006,.T.);
#2868=EDGE_CURVE('',#2291,#2292,#934,.T.);
#2869=EDGE_CURVE('',#2291,#2293,#935,.T.);
#2870=EDGE_CURVE('',#2294,#2292,#936,.T.);
#2871=EDGE_CURVE('',#2293,#2294,#937,.T.);
#2872=EDGE_CURVE('',#2293,#2295,#938,.T.);
#2873=EDGE_CURVE('',#2296,#2294,#939,.T.);
#2874=EDGE_CURVE('',#2295,#2296,#940,.T.);
#2875=EDGE_CURVE('',#2295,#2297,#941,.T.);
#2876=EDGE_CURVE('',#2298,#2296,#942,.T.);
#2877=EDGE_CURVE('',#2297,#2298,#943,.T.);
#2878=EDGE_CURVE('',#2297,#2299,#944,.T.);
#2879=EDGE_CURVE('',#2300,#2298,#945,.T.);
#2880=EDGE_CURVE('',#2299,#2300,#946,.T.);
#2881=EDGE_CURVE('',#2299,#2301,#947,.T.);
#2882=EDGE_CURVE('',#2302,#2300,#948,.T.);
#2883=EDGE_CURVE('',#2301,#2302,#949,.T.);
#2884=EDGE_CURVE('',#2301,#2273,#2007,.T.);
#2885=EDGE_CURVE('',#2275,#2302,#2008,.T.);
#2886=EDGE_CURVE('',#2303,#2304,#2009,.T.);
#2887=EDGE_CURVE('',#2303,#2305,#950,.T.);
#2888=EDGE_CURVE('',#2306,#2305,#2010,.T.);
#2889=EDGE_CURVE('',#2304,#2306,#951,.T.);
#2890=EDGE_CURVE('',#2304,#2307,#2011,.T.);
#2891=EDGE_CURVE('',#2308,#2306,#2012,.T.);
#2892=EDGE_CURVE('',#2307,#2308,#952,.T.);
#2893=EDGE_CURVE('',#2307,#2309,#2013,.T.);
#2894=EDGE_CURVE('',#2310,#2308,#2014,.T.);
#2895=EDGE_CURVE('',#2309,#2310,#953,.T.);
#2896=EDGE_CURVE('',#2309,#2311,#2015,.T.);
#2897=EDGE_CURVE('',#2312,#2310,#2016,.T.);
#2898=EDGE_CURVE('',#2311,#2312,#954,.T.);
#2899=EDGE_CURVE('',#2311,#2313,#955,.T.);
#2900=EDGE_CURVE('',#2314,#2312,#956,.T.);
#2901=EDGE_CURVE('',#2313,#2314,#957,.T.);
#2902=EDGE_CURVE('',#2313,#2315,#2017,.T.);
#2903=EDGE_CURVE('',#2316,#2314,#2018,.T.);
#2904=EDGE_CURVE('',#2315,#2316,#958,.T.);
#2905=EDGE_CURVE('',#2315,#2317,#2019,.T.);
#2906=EDGE_CURVE('',#2318,#2316,#2020,.T.);
#2907=EDGE_CURVE('',#2317,#2318,#959,.T.);
#2908=EDGE_CURVE('',#2317,#2319,#2021,.T.);
#2909=EDGE_CURVE('',#2320,#2318,#2022,.T.);
#2910=EDGE_CURVE('',#2319,#2320,#960,.T.);
#2911=EDGE_CURVE('',#2319,#2321,#961,.T.);
#2912=EDGE_CURVE('',#2322,#2320,#962,.T.);
#2913=EDGE_CURVE('',#2321,#2322,#963,.T.);
#2914=EDGE_CURVE('',#2321,#2323,#964,.T.);
#2915=EDGE_CURVE('',#2324,#2322,#965,.T.);
#2916=EDGE_CURVE('',#2323,#2324,#966,.T.);
#2917=EDGE_CURVE('',#2323,#2325,#967,.T.);
#2918=EDGE_CURVE('',#2326,#2324,#968,.T.);
#2919=EDGE_CURVE('',#2325,#2326,#969,.T.);
#2920=EDGE_CURVE('',#2325,#2327,#970,.T.);
#2921=EDGE_CURVE('',#2328,#2326,#971,.T.);
#2922=EDGE_CURVE('',#2327,#2328,#972,.T.);
#2923=EDGE_CURVE('',#2327,#2329,#973,.T.);
#2924=EDGE_CURVE('',#2330,#2328,#974,.T.);
#2925=EDGE_CURVE('',#2329,#2330,#975,.T.);
#2926=EDGE_CURVE('',#2329,#2331,#976,.T.);
#2927=EDGE_CURVE('',#2332,#2330,#977,.T.);
#2928=EDGE_CURVE('',#2331,#2332,#978,.T.);
#2929=EDGE_CURVE('',#2331,#2333,#979,.T.);
#2930=EDGE_CURVE('',#2334,#2332,#980,.T.);
#2931=EDGE_CURVE('',#2333,#2334,#981,.T.);
#2932=EDGE_CURVE('',#2333,#2335,#982,.T.);
#2933=EDGE_CURVE('',#2336,#2334,#983,.T.);
#2934=EDGE_CURVE('',#2335,#2336,#984,.T.);
#2935=EDGE_CURVE('',#2335,#2337,#985,.T.);
#2936=EDGE_CURVE('',#2338,#2336,#986,.T.);
#2937=EDGE_CURVE('',#2337,#2338,#987,.T.);
#2938=EDGE_CURVE('',#2337,#2339,#988,.T.);
#2939=EDGE_CURVE('',#2340,#2338,#989,.T.);
#2940=EDGE_CURVE('',#2339,#2340,#990,.T.);
#2941=EDGE_CURVE('',#2339,#2303,#991,.T.);
#2942=EDGE_CURVE('',#2305,#2340,#992,.T.);
#2943=EDGE_CURVE('',#2341,#2341,#2023,.T.);
#2944=EDGE_CURVE('',#2341,#2342,#993,.T.);
#2945=EDGE_CURVE('',#2342,#2342,#2024,.T.);
#2946=EDGE_CURVE('',#2343,#2344,#994,.T.);
#2947=EDGE_CURVE('',#2343,#2345,#995,.T.);
#2948=EDGE_CURVE('',#2346,#2345,#996,.T.);
#2949=EDGE_CURVE('',#2344,#2346,#997,.T.);
#2950=EDGE_CURVE('',#2344,#2347,#998,.T.);
#2951=EDGE_CURVE('',#2348,#2346,#999,.T.);
#2952=EDGE_CURVE('',#2347,#2348,#1000,.T.);
#2953=EDGE_CURVE('',#2347,#2349,#1001,.T.);
#2954=EDGE_CURVE('',#2350,#2348,#1002,.T.);
#2955=EDGE_CURVE('',#2349,#2350,#1003,.T.);
#2956=EDGE_CURVE('',#2349,#2343,#1004,.T.);
#2957=EDGE_CURVE('',#2345,#2350,#1005,.T.);
#2958=EDGE_CURVE('',#2351,#2352,#2025,.T.);
#2959=EDGE_CURVE('',#2351,#2353,#1006,.T.);
#2960=EDGE_CURVE('',#2354,#2353,#2026,.T.);
#2961=EDGE_CURVE('',#2352,#2354,#1007,.T.);
#2962=EDGE_CURVE('',#2352,#2355,#2027,.T.);
#2963=EDGE_CURVE('',#2356,#2354,#2028,.T.);
#2964=EDGE_CURVE('',#2355,#2356,#1008,.T.);
#2965=EDGE_CURVE('',#2355,#2357,#2029,.T.);
#2966=EDGE_CURVE('',#2358,#2356,#2030,.T.);
#2967=EDGE_CURVE('',#2357,#2358,#1009,.T.);
#2968=EDGE_CURVE('',#2357,#2359,#1010,.T.);
#2969=EDGE_CURVE('',#2360,#2358,#1011,.T.);
#2970=EDGE_CURVE('',#2359,#2360,#1012,.T.);
#2971=EDGE_CURVE('',#2359,#2361,#1013,.T.);
#2972=EDGE_CURVE('',#2362,#2360,#1014,.T.);
#2973=EDGE_CURVE('',#2361,#2362,#1015,.T.);
#2974=EDGE_CURVE('',#2361,#2363,#1016,.T.);
#2975=EDGE_CURVE('',#2364,#2362,#1017,.T.);
#2976=EDGE_CURVE('',#2363,#2364,#1018,.T.);
#2977=EDGE_CURVE('',#2363,#2365,#2031,.T.);
#2978=EDGE_CURVE('',#2366,#2364,#2032,.T.);
#2979=EDGE_CURVE('',#2365,#2366,#1019,.T.);
#2980=EDGE_CURVE('',#2365,#2367,#2033,.T.);
#2981=EDGE_CURVE('',#2368,#2366,#2034,.T.);
#2982=EDGE_CURVE('',#2367,#2368,#1020,.T.);
#2983=EDGE_CURVE('',#2367,#2369,#2035,.T.);
#2984=EDGE_CURVE('',#2370,#2368,#2036,.T.);
#2985=EDGE_CURVE('',#2369,#2370,#1021,.T.);
#2986=EDGE_CURVE('',#2369,#2371,#1022,.T.);
#2987=EDGE_CURVE('',#2372,#2370,#1023,.T.);
#2988=EDGE_CURVE('',#2371,#2372,#1024,.T.);
#2989=EDGE_CURVE('',#2371,#2373,#1025,.T.);
#2990=EDGE_CURVE('',#2374,#2372,#1026,.T.);
#2991=EDGE_CURVE('',#2373,#2374,#1027,.T.);
#2992=EDGE_CURVE('',#2373,#2375,#1028,.T.);
#2993=EDGE_CURVE('',#2376,#2374,#1029,.T.);
#2994=EDGE_CURVE('',#2375,#2376,#1030,.T.);
#2995=EDGE_CURVE('',#2375,#2377,#1031,.T.);
#2996=EDGE_CURVE('',#2378,#2376,#1032,.T.);
#2997=EDGE_CURVE('',#2377,#2378,#1033,.T.);
#2998=EDGE_CURVE('',#2377,#2379,#1034,.T.);
#2999=EDGE_CURVE('',#2380,#2378,#1035,.T.);
#3000=EDGE_CURVE('',#2379,#2380,#1036,.T.);
#3001=EDGE_CURVE('',#2379,#2351,#2037,.T.);
#3002=EDGE_CURVE('',#2353,#2380,#2038,.T.);
#3003=EDGE_CURVE('',#2381,#2382,#2039,.T.);
#3004=EDGE_CURVE('',#2381,#2383,#1037,.T.);
#3005=EDGE_CURVE('',#2384,#2383,#2040,.T.);
#3006=EDGE_CURVE('',#2382,#2384,#1038,.T.);
#3007=EDGE_CURVE('',#2382,#2385,#1039,.T.);
#3008=EDGE_CURVE('',#2386,#2384,#1040,.T.);
#3009=EDGE_CURVE('',#2385,#2386,#1041,.T.);
#3010=EDGE_CURVE('',#2385,#2387,#1042,.T.);
#3011=EDGE_CURVE('',#2388,#2386,#1043,.T.);
#3012=EDGE_CURVE('',#2387,#2388,#1044,.T.);
#3013=EDGE_CURVE('',#2387,#2389,#2041,.T.);
#3014=EDGE_CURVE('',#2390,#2388,#2042,.T.);
#3015=EDGE_CURVE('',#2389,#2390,#1045,.T.);
#3016=EDGE_CURVE('',#2389,#2391,#2043,.T.);
#3017=EDGE_CURVE('',#2392,#2390,#2044,.T.);
#3018=EDGE_CURVE('',#2391,#2392,#1046,.T.);
#3019=EDGE_CURVE('',#2391,#2393,#2045,.T.);
#3020=EDGE_CURVE('',#2394,#2392,#2046,.T.);
#3021=EDGE_CURVE('',#2393,#2394,#1047,.T.);
#3022=EDGE_CURVE('',#2393,#2395,#2047,.T.);
#3023=EDGE_CURVE('',#2396,#2394,#2048,.T.);
#3024=EDGE_CURVE('',#2395,#2396,#1048,.T.);
#3025=EDGE_CURVE('',#2395,#2381,#2049,.T.);
#3026=EDGE_CURVE('',#2383,#2396,#2050,.T.);
#3027=EDGE_CURVE('',#2397,#2398,#1049,.T.);
#3028=EDGE_CURVE('',#2397,#2399,#1050,.T.);
#3029=EDGE_CURVE('',#2400,#2399,#1051,.T.);
#3030=EDGE_CURVE('',#2398,#2400,#1052,.T.);
#3031=EDGE_CURVE('',#2398,#2401,#1053,.T.);
#3032=EDGE_CURVE('',#2402,#2400,#1054,.T.);
#3033=EDGE_CURVE('',#2401,#2402,#1055,.T.);
#3034=EDGE_CURVE('',#2401,#2403,#2051,.T.);
#3035=EDGE_CURVE('',#2404,#2402,#2052,.T.);
#3036=EDGE_CURVE('',#2403,#2404,#1056,.T.);
#3037=EDGE_CURVE('',#2403,#2405,#1057,.T.);
#3038=EDGE_CURVE('',#2406,#2404,#1058,.T.);
#3039=EDGE_CURVE('',#2405,#2406,#1059,.T.);
#3040=EDGE_CURVE('',#2405,#2407,#2053,.T.);
#3041=EDGE_CURVE('',#2408,#2406,#2054,.T.);
#3042=EDGE_CURVE('',#2407,#2408,#1060,.T.);
#3043=EDGE_CURVE('',#2407,#2409,#2055,.T.);
#3044=EDGE_CURVE('',#2410,#2408,#2056,.T.);
#3045=EDGE_CURVE('',#2409,#2410,#1061,.T.);
#3046=EDGE_CURVE('',#2409,#2411,#2057,.T.);
#3047=EDGE_CURVE('',#2412,#2410,#2058,.T.);
#3048=EDGE_CURVE('',#2411,#2412,#1062,.T.);
#3049=EDGE_CURVE('',#2411,#2413,#2059,.T.);
#3050=EDGE_CURVE('',#2414,#2412,#2060,.T.);
#3051=EDGE_CURVE('',#2413,#2414,#1063,.T.);
#3052=EDGE_CURVE('',#2413,#2415,#2061,.T.);
#3053=EDGE_CURVE('',#2416,#2414,#2062,.T.);
#3054=EDGE_CURVE('',#2415,#2416,#1064,.T.);
#3055=EDGE_CURVE('',#2415,#2417,#2063,.T.);
#3056=EDGE_CURVE('',#2418,#2416,#2064,.T.);
#3057=EDGE_CURVE('',#2417,#2418,#1065,.T.);
#3058=EDGE_CURVE('',#2417,#2419,#2065,.T.);
#3059=EDGE_CURVE('',#2420,#2418,#2066,.T.);
#3060=EDGE_CURVE('',#2419,#2420,#1066,.T.);
#3061=EDGE_CURVE('',#2419,#2421,#2067,.T.);
#3062=EDGE_CURVE('',#2422,#2420,#2068,.T.);
#3063=EDGE_CURVE('',#2421,#2422,#1067,.T.);
#3064=EDGE_CURVE('',#2421,#2423,#2069,.T.);
#3065=EDGE_CURVE('',#2424,#2422,#2070,.T.);
#3066=EDGE_CURVE('',#2423,#2424,#1068,.T.);
#3067=EDGE_CURVE('',#2423,#2425,#2071,.T.);
#3068=EDGE_CURVE('',#2426,#2424,#2072,.T.);
#3069=EDGE_CURVE('',#2425,#2426,#1069,.T.);
#3070=EDGE_CURVE('',#2425,#2427,#2073,.T.);
#3071=EDGE_CURVE('',#2428,#2426,#2074,.T.);
#3072=EDGE_CURVE('',#2427,#2428,#1070,.T.);
#3073=EDGE_CURVE('',#2427,#2429,#2075,.T.);
#3074=EDGE_CURVE('',#2430,#2428,#2076,.T.);
#3075=EDGE_CURVE('',#2429,#2430,#1071,.T.);
#3076=EDGE_CURVE('',#2429,#2431,#2077,.T.);
#3077=EDGE_CURVE('',#2432,#2430,#2078,.T.);
#3078=EDGE_CURVE('',#2431,#2432,#1072,.T.);
#3079=EDGE_CURVE('',#2431,#2433,#1073,.T.);
#3080=EDGE_CURVE('',#2434,#2432,#1074,.T.);
#3081=EDGE_CURVE('',#2433,#2434,#1075,.T.);
#3082=EDGE_CURVE('',#2433,#2435,#1076,.T.);
#3083=EDGE_CURVE('',#2436,#2434,#1077,.T.);
#3084=EDGE_CURVE('',#2435,#2436,#1078,.T.);
#3085=EDGE_CURVE('',#2435,#2437,#2079,.T.);
#3086=EDGE_CURVE('',#2438,#2436,#2080,.T.);
#3087=EDGE_CURVE('',#2437,#2438,#1079,.T.);
#3088=EDGE_CURVE('',#2437,#2439,#2081,.T.);
#3089=EDGE_CURVE('',#2440,#2438,#2082,.T.);
#3090=EDGE_CURVE('',#2439,#2440,#1080,.T.);
#3091=EDGE_CURVE('',#2439,#2441,#2083,.T.);
#3092=EDGE_CURVE('',#2442,#2440,#2084,.T.);
#3093=EDGE_CURVE('',#2441,#2442,#1081,.T.);
#3094=EDGE_CURVE('',#2441,#2443,#2085,.T.);
#3095=EDGE_CURVE('',#2444,#2442,#2086,.T.);
#3096=EDGE_CURVE('',#2443,#2444,#1082,.T.);
#3097=EDGE_CURVE('',#2443,#2445,#2087,.T.);
#3098=EDGE_CURVE('',#2446,#2444,#2088,.T.);
#3099=EDGE_CURVE('',#2445,#2446,#1083,.T.);
#3100=EDGE_CURVE('',#2445,#2447,#2089,.T.);
#3101=EDGE_CURVE('',#2448,#2446,#2090,.T.);
#3102=EDGE_CURVE('',#2447,#2448,#1084,.T.);
#3103=EDGE_CURVE('',#2447,#2397,#1085,.T.);
#3104=EDGE_CURVE('',#2399,#2448,#1086,.T.);
#3105=EDGE_CURVE('',#2449,#2450,#1087,.T.);
#3106=EDGE_CURVE('',#2449,#2451,#1088,.T.);
#3107=EDGE_CURVE('',#2452,#2451,#1089,.T.);
#3108=EDGE_CURVE('',#2450,#2452,#1090,.T.);
#3109=EDGE_CURVE('',#2450,#2453,#2091,.T.);
#3110=EDGE_CURVE('',#2454,#2452,#2092,.T.);
#3111=EDGE_CURVE('',#2453,#2454,#1091,.T.);
#3112=EDGE_CURVE('',#2453,#2455,#2093,.T.);
#3113=EDGE_CURVE('',#2456,#2454,#2094,.T.);
#3114=EDGE_CURVE('',#2455,#2456,#1092,.T.);
#3115=EDGE_CURVE('',#2455,#2457,#2095,.T.);
#3116=EDGE_CURVE('',#2458,#2456,#2096,.T.);
#3117=EDGE_CURVE('',#2457,#2458,#1093,.T.);
#3118=EDGE_CURVE('',#2457,#2459,#2097,.T.);
#3119=EDGE_CURVE('',#2460,#2458,#2098,.T.);
#3120=EDGE_CURVE('',#2459,#2460,#1094,.T.);
#3121=EDGE_CURVE('',#2459,#2461,#2099,.T.);
#3122=EDGE_CURVE('',#2462,#2460,#2100,.T.);
#3123=EDGE_CURVE('',#2461,#2462,#1095,.T.);
#3124=EDGE_CURVE('',#2461,#2463,#2101,.T.);
#3125=EDGE_CURVE('',#2464,#2462,#2102,.T.);
#3126=EDGE_CURVE('',#2463,#2464,#1096,.T.);
#3127=EDGE_CURVE('',#2463,#2465,#2103,.T.);
#3128=EDGE_CURVE('',#2466,#2464,#2104,.T.);
#3129=EDGE_CURVE('',#2465,#2466,#1097,.T.);
#3130=EDGE_CURVE('',#2465,#2467,#2105,.T.);
#3131=EDGE_CURVE('',#2468,#2466,#2106,.T.);
#3132=EDGE_CURVE('',#2467,#2468,#1098,.T.);
#3133=EDGE_CURVE('',#2467,#2469,#2107,.T.);
#3134=EDGE_CURVE('',#2470,#2468,#2108,.T.);
#3135=EDGE_CURVE('',#2469,#2470,#1099,.T.);
#3136=EDGE_CURVE('',#2469,#2471,#2109,.T.);
#3137=EDGE_CURVE('',#2472,#2470,#2110,.T.);
#3138=EDGE_CURVE('',#2471,#2472,#1100,.T.);
#3139=EDGE_CURVE('',#2471,#2473,#2111,.T.);
#3140=EDGE_CURVE('',#2474,#2472,#2112,.T.);
#3141=EDGE_CURVE('',#2473,#2474,#1101,.T.);
#3142=EDGE_CURVE('',#2473,#2475,#2113,.T.);
#3143=EDGE_CURVE('',#2476,#2474,#2114,.T.);
#3144=EDGE_CURVE('',#2475,#2476,#1102,.T.);
#3145=EDGE_CURVE('',#2475,#2477,#2115,.T.);
#3146=EDGE_CURVE('',#2478,#2476,#2116,.T.);
#3147=EDGE_CURVE('',#2477,#2478,#1103,.T.);
#3148=EDGE_CURVE('',#2477,#2479,#2117,.T.);
#3149=EDGE_CURVE('',#2480,#2478,#2118,.T.);
#3150=EDGE_CURVE('',#2479,#2480,#1104,.T.);
#3151=EDGE_CURVE('',#2479,#2481,#1105,.T.);
#3152=EDGE_CURVE('',#2482,#2480,#1106,.T.);
#3153=EDGE_CURVE('',#2481,#2482,#1107,.T.);
#3154=EDGE_CURVE('',#2481,#2483,#2119,.T.);
#3155=EDGE_CURVE('',#2484,#2482,#2120,.T.);
#3156=EDGE_CURVE('',#2483,#2484,#1108,.T.);
#3157=EDGE_CURVE('',#2483,#2485,#2121,.T.);
#3158=EDGE_CURVE('',#2486,#2484,#2122,.T.);
#3159=EDGE_CURVE('',#2485,#2486,#1109,.T.);
#3160=EDGE_CURVE('',#2485,#2487,#2123,.T.);
#3161=EDGE_CURVE('',#2488,#2486,#2124,.T.);
#3162=EDGE_CURVE('',#2487,#2488,#1110,.T.);
#3163=EDGE_CURVE('',#2487,#2449,#2125,.T.);
#3164=EDGE_CURVE('',#2451,#2488,#2126,.T.);
#3165=EDGE_CURVE('',#2489,#2490,#1111,.T.);
#3166=EDGE_CURVE('',#2489,#2491,#1112,.T.);
#3167=EDGE_CURVE('',#2492,#2491,#1113,.T.);
#3168=EDGE_CURVE('',#2490,#2492,#1114,.T.);
#3169=EDGE_CURVE('',#2490,#2493,#2127,.T.);
#3170=EDGE_CURVE('',#2494,#2492,#2128,.T.);
#3171=EDGE_CURVE('',#2493,#2494,#1115,.T.);
#3172=EDGE_CURVE('',#2493,#2495,#2129,.T.);
#3173=EDGE_CURVE('',#2496,#2494,#2130,.T.);
#3174=EDGE_CURVE('',#2495,#2496,#1116,.T.);
#3175=EDGE_CURVE('',#2495,#2497,#2131,.T.);
#3176=EDGE_CURVE('',#2498,#2496,#2132,.T.);
#3177=EDGE_CURVE('',#2497,#2498,#1117,.T.);
#3178=EDGE_CURVE('',#2497,#2499,#2133,.T.);
#3179=EDGE_CURVE('',#2500,#2498,#2134,.T.);
#3180=EDGE_CURVE('',#2499,#2500,#1118,.T.);
#3181=EDGE_CURVE('',#2499,#2501,#2135,.T.);
#3182=EDGE_CURVE('',#2502,#2500,#2136,.T.);
#3183=EDGE_CURVE('',#2501,#2502,#1119,.T.);
#3184=EDGE_CURVE('',#2501,#2503,#2137,.T.);
#3185=EDGE_CURVE('',#2504,#2502,#2138,.T.);
#3186=EDGE_CURVE('',#2503,#2504,#1120,.T.);
#3187=EDGE_CURVE('',#2503,#2505,#2139,.T.);
#3188=EDGE_CURVE('',#2506,#2504,#2140,.T.);
#3189=EDGE_CURVE('',#2505,#2506,#1121,.T.);
#3190=EDGE_CURVE('',#2505,#2507,#2141,.T.);
#3191=EDGE_CURVE('',#2508,#2506,#2142,.T.);
#3192=EDGE_CURVE('',#2507,#2508,#1122,.T.);
#3193=EDGE_CURVE('',#2507,#2509,#2143,.T.);
#3194=EDGE_CURVE('',#2510,#2508,#2144,.T.);
#3195=EDGE_CURVE('',#2509,#2510,#1123,.T.);
#3196=EDGE_CURVE('',#2509,#2511,#2145,.T.);
#3197=EDGE_CURVE('',#2512,#2510,#2146,.T.);
#3198=EDGE_CURVE('',#2511,#2512,#1124,.T.);
#3199=EDGE_CURVE('',#2511,#2513,#2147,.T.);
#3200=EDGE_CURVE('',#2514,#2512,#2148,.T.);
#3201=EDGE_CURVE('',#2513,#2514,#1125,.T.);
#3202=EDGE_CURVE('',#2513,#2515,#2149,.T.);
#3203=EDGE_CURVE('',#2516,#2514,#2150,.T.);
#3204=EDGE_CURVE('',#2515,#2516,#1126,.T.);
#3205=EDGE_CURVE('',#2515,#2517,#2151,.T.);
#3206=EDGE_CURVE('',#2518,#2516,#2152,.T.);
#3207=EDGE_CURVE('',#2517,#2518,#1127,.T.);
#3208=EDGE_CURVE('',#2517,#2519,#2153,.T.);
#3209=EDGE_CURVE('',#2520,#2518,#2154,.T.);
#3210=EDGE_CURVE('',#2519,#2520,#1128,.T.);
#3211=EDGE_CURVE('',#2519,#2521,#2155,.T.);
#3212=EDGE_CURVE('',#2522,#2520,#2156,.T.);
#3213=EDGE_CURVE('',#2521,#2522,#1129,.T.);
#3214=EDGE_CURVE('',#2521,#2523,#2157,.T.);
#3215=EDGE_CURVE('',#2524,#2522,#2158,.T.);
#3216=EDGE_CURVE('',#2523,#2524,#1130,.T.);
#3217=EDGE_CURVE('',#2523,#2525,#2159,.T.);
#3218=EDGE_CURVE('',#2526,#2524,#2160,.T.);
#3219=EDGE_CURVE('',#2525,#2526,#1131,.T.);
#3220=EDGE_CURVE('',#2525,#2527,#2161,.T.);
#3221=EDGE_CURVE('',#2528,#2526,#2162,.T.);
#3222=EDGE_CURVE('',#2527,#2528,#1132,.T.);
#3223=EDGE_CURVE('',#2527,#2529,#1133,.T.);
#3224=EDGE_CURVE('',#2530,#2528,#1134,.T.);
#3225=EDGE_CURVE('',#2529,#2530,#1135,.T.);
#3226=EDGE_CURVE('',#2529,#2531,#2163,.T.);
#3227=EDGE_CURVE('',#2532,#2530,#2164,.T.);
#3228=EDGE_CURVE('',#2531,#2532,#1136,.T.);
#3229=EDGE_CURVE('',#2531,#2489,#2165,.T.);
#3230=EDGE_CURVE('',#2491,#2532,#2166,.T.);
#3231=EDGE_CURVE('',#2533,#2534,#2167,.T.);
#3232=EDGE_CURVE('',#2533,#2535,#1137,.T.);
#3233=EDGE_CURVE('',#2536,#2535,#2168,.T.);
#3234=EDGE_CURVE('',#2534,#2536,#1138,.T.);
#3235=EDGE_CURVE('',#2534,#2537,#2169,.T.);
#3236=EDGE_CURVE('',#2538,#2536,#2170,.T.);
#3237=EDGE_CURVE('',#2537,#2538,#1139,.T.);
#3238=EDGE_CURVE('',#2537,#2539,#2171,.T.);
#3239=EDGE_CURVE('',#2540,#2538,#2172,.T.);
#3240=EDGE_CURVE('',#2539,#2540,#1140,.T.);
#3241=EDGE_CURVE('',#2539,#2541,#1141,.T.);
#3242=EDGE_CURVE('',#2542,#2540,#1142,.T.);
#3243=EDGE_CURVE('',#2541,#2542,#1143,.T.);
#3244=EDGE_CURVE('',#2541,#2543,#1144,.T.);
#3245=EDGE_CURVE('',#2544,#2542,#1145,.T.);
#3246=EDGE_CURVE('',#2543,#2544,#1146,.T.);
#3247=EDGE_CURVE('',#2543,#2545,#1147,.T.);
#3248=EDGE_CURVE('',#2546,#2544,#1148,.T.);
#3249=EDGE_CURVE('',#2545,#2546,#1149,.T.);
#3250=EDGE_CURVE('',#2545,#2547,#2173,.T.);
#3251=EDGE_CURVE('',#2548,#2546,#2174,.T.);
#3252=EDGE_CURVE('',#2547,#2548,#1150,.T.);
#3253=EDGE_CURVE('',#2547,#2549,#2175,.T.);
#3254=EDGE_CURVE('',#2550,#2548,#2176,.T.);
#3255=EDGE_CURVE('',#2549,#2550,#1151,.T.);
#3256=EDGE_CURVE('',#2549,#2551,#2177,.T.);
#3257=EDGE_CURVE('',#2552,#2550,#2178,.T.);
#3258=EDGE_CURVE('',#2551,#2552,#1152,.T.);
#3259=EDGE_CURVE('',#2551,#2553,#1153,.T.);
#3260=EDGE_CURVE('',#2554,#2552,#1154,.T.);
#3261=EDGE_CURVE('',#2553,#2554,#1155,.T.);
#3262=EDGE_CURVE('',#2553,#2555,#1156,.T.);
#3263=EDGE_CURVE('',#2556,#2554,#1157,.T.);
#3264=EDGE_CURVE('',#2555,#2556,#1158,.T.);
#3265=EDGE_CURVE('',#2555,#2557,#1159,.T.);
#3266=EDGE_CURVE('',#2558,#2556,#1160,.T.);
#3267=EDGE_CURVE('',#2557,#2558,#1161,.T.);
#3268=EDGE_CURVE('',#2557,#2559,#1162,.T.);
#3269=EDGE_CURVE('',#2560,#2558,#1163,.T.);
#3270=EDGE_CURVE('',#2559,#2560,#1164,.T.);
#3271=EDGE_CURVE('',#2559,#2561,#1165,.T.);
#3272=EDGE_CURVE('',#2562,#2560,#1166,.T.);
#3273=EDGE_CURVE('',#2561,#2562,#1167,.T.);
#3274=EDGE_CURVE('',#2561,#2533,#2179,.T.);
#3275=EDGE_CURVE('',#2535,#2562,#2180,.T.);
#3276=EDGE_CURVE('',#2563,#2564,#1168,.T.);
#3277=EDGE_CURVE('',#2564,#2565,#1169,.T.);
#3278=EDGE_CURVE('',#2566,#2565,#1170,.T.);
#3279=EDGE_CURVE('',#2563,#2566,#1171,.T.);
#3280=EDGE_CURVE('',#2563,#2567,#1172,.T.);
#3281=EDGE_CURVE('',#2568,#2566,#1173,.T.);
#3282=EDGE_CURVE('',#2567,#2568,#1174,.T.);
#3283=EDGE_CURVE('',#2567,#2569,#1175,.T.);
#3284=EDGE_CURVE('',#2570,#2568,#1176,.T.);
#3285=EDGE_CURVE('',#2569,#2570,#1177,.T.);
#3286=EDGE_CURVE('',#2564,#2569,#1178,.T.);
#3287=EDGE_CURVE('',#2565,#2570,#1179,.T.);
#3288=EDGE_CURVE('',#2571,#2572,#1180,.T.);
#3289=EDGE_CURVE('',#2572,#2573,#1181,.T.);
#3290=EDGE_CURVE('',#2574,#2573,#1182,.T.);
#3291=EDGE_CURVE('',#2571,#2574,#1183,.T.);
#3292=EDGE_CURVE('',#2571,#2575,#1184,.T.);
#3293=EDGE_CURVE('',#2576,#2574,#1185,.T.);
#3294=EDGE_CURVE('',#2575,#2576,#1186,.T.);
#3295=EDGE_CURVE('',#2575,#2577,#1187,.T.);
#3296=EDGE_CURVE('',#2578,#2576,#1188,.T.);
#3297=EDGE_CURVE('',#2577,#2578,#1189,.T.);
#3298=EDGE_CURVE('',#2572,#2577,#1190,.T.);
#3299=EDGE_CURVE('',#2573,#2578,#1191,.T.);
#3300=EDGE_CURVE('',#2579,#2580,#1192,.T.);
#3301=EDGE_CURVE('',#2580,#2581,#1193,.T.);
#3302=EDGE_CURVE('',#2582,#2581,#1194,.T.);
#3303=EDGE_CURVE('',#2579,#2582,#1195,.T.);
#3304=EDGE_CURVE('',#2579,#2583,#1196,.T.);
#3305=EDGE_CURVE('',#2584,#2582,#1197,.T.);
#3306=EDGE_CURVE('',#2583,#2584,#1198,.T.);
#3307=EDGE_CURVE('',#2583,#2585,#1199,.T.);
#3308=EDGE_CURVE('',#2586,#2584,#1200,.T.);
#3309=EDGE_CURVE('',#2585,#2586,#1201,.T.);
#3310=EDGE_CURVE('',#2580,#2585,#1202,.T.);
#3311=EDGE_CURVE('',#2581,#2586,#1203,.T.);
#3312=EDGE_CURVE('',#2587,#2588,#1204,.T.);
#3313=EDGE_CURVE('',#2588,#2589,#1205,.T.);
#3314=EDGE_CURVE('',#2590,#2589,#1206,.T.);
#3315=EDGE_CURVE('',#2587,#2590,#1207,.T.);
#3316=EDGE_CURVE('',#2587,#2591,#1208,.T.);
#3317=EDGE_CURVE('',#2592,#2590,#1209,.T.);
#3318=EDGE_CURVE('',#2591,#2592,#1210,.T.);
#3319=EDGE_CURVE('',#2591,#2593,#1211,.T.);
#3320=EDGE_CURVE('',#2594,#2592,#1212,.T.);
#3321=EDGE_CURVE('',#2593,#2594,#1213,.T.);
#3322=EDGE_CURVE('',#2588,#2593,#1214,.T.);
#3323=EDGE_CURVE('',#2589,#2594,#1215,.T.);
#3324=EDGE_CURVE('',#2595,#2596,#1216,.T.);
#3325=EDGE_CURVE('',#2597,#2596,#1217,.T.);
#3326=EDGE_CURVE('',#2598,#2597,#1218,.T.);
#3327=EDGE_CURVE('',#2595,#2598,#1219,.T.);
#3328=EDGE_CURVE('',#2598,#2599,#1220,.T.);
#3329=EDGE_CURVE('',#2600,#2597,#1221,.T.);
#3330=EDGE_CURVE('',#2599,#2600,#1222,.T.);
#3331=EDGE_CURVE('',#2599,#2601,#1223,.T.);
#3332=EDGE_CURVE('',#2602,#2600,#1224,.T.);
#3333=EDGE_CURVE('',#2601,#2602,#1225,.T.);
#3334=EDGE_CURVE('',#2603,#2604,#1226,.T.);
#3335=EDGE_CURVE('',#2603,#2605,#1227,.T.);
#3336=EDGE_CURVE('',#2606,#2605,#1228,.T.);
#3337=EDGE_CURVE('',#2604,#2606,#1229,.T.);
#3338=EDGE_CURVE('',#2607,#2608,#1230,.T.);
#3339=EDGE_CURVE('',#2607,#2609,#1231,.T.);
#3340=EDGE_CURVE('',#2610,#2609,#1232,.T.);
#3341=EDGE_CURVE('',#2608,#2610,#1233,.T.);
#3342=EDGE_CURVE('',#2611,#2604,#1234,.T.);
#3343=EDGE_CURVE('',#2612,#2606,#1235,.T.);
#3344=EDGE_CURVE('',#2611,#2612,#1236,.T.);
#3345=EDGE_CURVE('',#2613,#2611,#2181,.T.);
#3346=EDGE_CURVE('',#2614,#2612,#2182,.T.);
#3347=EDGE_CURVE('',#2613,#2614,#1237,.T.);
#3348=EDGE_CURVE('',#2615,#2613,#1238,.T.);
#3349=EDGE_CURVE('',#2616,#2614,#1239,.T.);
#3350=EDGE_CURVE('',#2615,#2616,#1240,.T.);
#3351=EDGE_CURVE('',#2617,#2615,#1241,.T.);
#3352=EDGE_CURVE('',#2618,#2616,#1242,.T.);
#3353=EDGE_CURVE('',#2617,#2618,#1243,.T.);
#3354=EDGE_CURVE('',#2619,#2617,#1244,.T.);
#3355=EDGE_CURVE('',#2620,#2618,#1245,.T.);
#3356=EDGE_CURVE('',#2619,#2620,#1246,.T.);
#3357=EDGE_CURVE('',#2621,#2619,#1247,.T.);
#3358=EDGE_CURVE('',#2622,#2620,#1248,.T.);
#3359=EDGE_CURVE('',#2621,#2622,#1249,.T.);
#3360=EDGE_CURVE('',#2623,#2621,#1250,.T.);
#3361=EDGE_CURVE('',#2624,#2622,#1251,.T.);
#3362=EDGE_CURVE('',#2623,#2624,#1252,.T.);
#3363=EDGE_CURVE('',#2625,#2623,#2183,.T.);
#3364=EDGE_CURVE('',#2626,#2624,#2184,.T.);
#3365=EDGE_CURVE('',#2625,#2626,#1253,.T.);
#3366=EDGE_CURVE('',#2625,#2607,#1254,.T.);
#3367=EDGE_CURVE('',#2609,#2626,#1255,.T.);
#3368=EDGE_CURVE('',#2627,#2608,#1256,.T.);
#3369=EDGE_CURVE('',#2628,#2610,#1257,.T.);
#3370=EDGE_CURVE('',#2627,#2628,#1258,.T.);
#3371=EDGE_CURVE('',#2629,#2627,#2185,.T.);
#3372=EDGE_CURVE('',#2630,#2628,#2186,.T.);
#3373=EDGE_CURVE('',#2629,#2630,#1259,.T.);
#3374=EDGE_CURVE('',#2631,#2629,#1260,.T.);
#3375=EDGE_CURVE('',#2632,#2630,#1261,.T.);
#3376=EDGE_CURVE('',#2631,#2632,#1262,.T.);
#3377=EDGE_CURVE('',#2633,#2631,#1263,.T.);
#3378=EDGE_CURVE('',#2634,#2632,#1264,.T.);
#3379=EDGE_CURVE('',#2633,#2634,#1265,.T.);
#3380=EDGE_CURVE('',#2635,#2633,#1266,.T.);
#3381=EDGE_CURVE('',#2636,#2634,#1267,.T.);
#3382=EDGE_CURVE('',#2635,#2636,#1268,.T.);
#3383=EDGE_CURVE('',#2637,#2635,#1269,.T.);
#3384=EDGE_CURVE('',#2638,#2636,#1270,.T.);
#3385=EDGE_CURVE('',#2637,#2638,#1271,.T.);
#3386=EDGE_CURVE('',#2639,#2637,#1272,.T.);
#3387=EDGE_CURVE('',#2640,#2638,#1273,.T.);
#3388=EDGE_CURVE('',#2639,#2640,#1274,.T.);
#3389=EDGE_CURVE('',#2641,#2639,#2187,.T.);
#3390=EDGE_CURVE('',#2642,#2640,#2188,.T.);
#3391=EDGE_CURVE('',#2641,#2642,#1275,.T.);
#3392=EDGE_CURVE('',#2595,#2641,#1276,.T.);
#3393=EDGE_CURVE('',#2596,#2642,#1277,.T.);
#3394=EDGE_CURVE('',#2643,#2601,#1278,.T.);
#3395=EDGE_CURVE('',#2644,#2602,#1279,.T.);
#3396=EDGE_CURVE('',#2643,#2644,#1280,.T.);
#3397=EDGE_CURVE('',#2645,#2643,#2189,.T.);
#3398=EDGE_CURVE('',#2646,#2644,#2190,.T.);
#3399=EDGE_CURVE('',#2645,#2646,#1281,.T.);
#3400=EDGE_CURVE('',#2647,#2645,#1282,.T.);
#3401=EDGE_CURVE('',#2648,#2646,#1283,.T.);
#3402=EDGE_CURVE('',#2647,#2648,#1284,.T.);
#3403=EDGE_CURVE('',#2649,#2647,#1285,.T.);
#3404=EDGE_CURVE('',#2650,#2648,#1286,.T.);
#3405=EDGE_CURVE('',#2649,#2650,#1287,.T.);
#3406=EDGE_CURVE('',#2651,#2649,#1288,.T.);
#3407=EDGE_CURVE('',#2652,#2650,#1289,.T.);
#3408=EDGE_CURVE('',#2651,#2652,#1290,.T.);
#3409=EDGE_CURVE('',#2653,#2651,#1291,.T.);
#3410=EDGE_CURVE('',#2654,#2652,#1292,.T.);
#3411=EDGE_CURVE('',#2653,#2654,#1293,.T.);
#3412=EDGE_CURVE('',#2655,#2653,#1294,.T.);
#3413=EDGE_CURVE('',#2656,#2654,#1295,.T.);
#3414=EDGE_CURVE('',#2655,#2656,#1296,.T.);
#3415=EDGE_CURVE('',#2657,#2655,#2191,.T.);
#3416=EDGE_CURVE('',#2658,#2656,#2192,.T.);
#3417=EDGE_CURVE('',#2657,#2658,#1297,.T.);
#3418=EDGE_CURVE('',#2657,#2603,#1298,.T.);
#3419=EDGE_CURVE('',#2605,#2658,#1299,.T.);
#3420=EDGE_CURVE('',#2659,#2660,#1300,.T.);
#3421=EDGE_CURVE('',#2659,#2661,#1301,.T.);
#3422=EDGE_CURVE('',#2662,#2661,#1302,.T.);
#3423=EDGE_CURVE('',#2660,#2662,#1303,.T.);
#3424=EDGE_CURVE('',#2663,#2664,#1304,.T.);
#3425=EDGE_CURVE('',#2663,#2665,#1305,.T.);
#3426=EDGE_CURVE('',#2666,#2665,#1306,.T.);
#3427=EDGE_CURVE('',#2664,#2666,#1307,.T.);
#3428=EDGE_CURVE('',#2667,#2668,#1308,.T.);
#3429=EDGE_CURVE('',#2667,#2669,#1309,.T.);
#3430=EDGE_CURVE('',#2670,#2669,#1310,.T.);
#3431=EDGE_CURVE('',#2668,#2670,#1311,.T.);
#3432=EDGE_CURVE('',#2671,#2667,#1312,.T.);
#3433=EDGE_CURVE('',#2671,#2672,#1313,.T.);
#3434=EDGE_CURVE('',#2669,#2672,#1314,.T.);
#3435=EDGE_CURVE('',#2673,#2668,#1315,.T.);
#3436=EDGE_CURVE('',#2674,#2670,#1316,.T.);
#3437=EDGE_CURVE('',#2673,#2674,#1317,.T.);
#3438=EDGE_CURVE('',#2675,#2673,#2193,.T.);
#3439=EDGE_CURVE('',#2676,#2674,#2194,.T.);
#3440=EDGE_CURVE('',#2675,#2676,#1318,.T.);
#3441=EDGE_CURVE('',#2677,#2675,#1319,.T.);
#3442=EDGE_CURVE('',#2678,#2676,#1320,.T.);
#3443=EDGE_CURVE('',#2677,#2678,#1321,.T.);
#3444=EDGE_CURVE('',#2679,#2677,#1322,.T.);
#3445=EDGE_CURVE('',#2680,#2678,#1323,.T.);
#3446=EDGE_CURVE('',#2679,#2680,#1324,.T.);
#3447=EDGE_CURVE('',#2681,#2679,#1325,.T.);
#3448=EDGE_CURVE('',#2682,#2680,#1326,.T.);
#3449=EDGE_CURVE('',#2681,#2682,#1327,.T.);
#3450=EDGE_CURVE('',#2683,#2681,#1328,.T.);
#3451=EDGE_CURVE('',#2684,#2682,#1329,.T.);
#3452=EDGE_CURVE('',#2683,#2684,#1330,.T.);
#3453=EDGE_CURVE('',#2685,#2683,#1331,.T.);
#3454=EDGE_CURVE('',#2686,#2684,#1332,.T.);
#3455=EDGE_CURVE('',#2685,#2686,#1333,.T.);
#3456=EDGE_CURVE('',#2687,#2685,#2195,.T.);
#3457=EDGE_CURVE('',#2688,#2686,#2196,.T.);
#3458=EDGE_CURVE('',#2687,#2688,#1334,.T.);
#3459=EDGE_CURVE('',#2687,#2659,#1335,.T.);
#3460=EDGE_CURVE('',#2661,#2688,#1336,.T.);
#3461=EDGE_CURVE('',#2689,#2660,#1337,.T.);
#3462=EDGE_CURVE('',#2690,#2662,#1338,.T.);
#3463=EDGE_CURVE('',#2689,#2690,#1339,.T.);
#3464=EDGE_CURVE('',#2691,#2689,#2197,.T.);
#3465=EDGE_CURVE('',#2692,#2690,#2198,.T.);
#3466=EDGE_CURVE('',#2691,#2692,#1340,.T.);
#3467=EDGE_CURVE('',#2693,#2691,#1341,.T.);
#3468=EDGE_CURVE('',#2694,#2692,#1342,.T.);
#3469=EDGE_CURVE('',#2693,#2694,#1343,.T.);
#3470=EDGE_CURVE('',#2695,#2693,#1344,.T.);
#3471=EDGE_CURVE('',#2696,#2694,#1345,.T.);
#3472=EDGE_CURVE('',#2695,#2696,#1346,.T.);
#3473=EDGE_CURVE('',#2697,#2695,#1347,.T.);
#3474=EDGE_CURVE('',#2698,#2696,#1348,.T.);
#3475=EDGE_CURVE('',#2697,#2698,#1349,.T.);
#3476=EDGE_CURVE('',#2699,#2697,#1350,.T.);
#3477=EDGE_CURVE('',#2700,#2698,#1351,.T.);
#3478=EDGE_CURVE('',#2699,#2700,#1352,.T.);
#3479=EDGE_CURVE('',#2701,#2699,#1353,.T.);
#3480=EDGE_CURVE('',#2702,#2700,#1354,.T.);
#3481=EDGE_CURVE('',#2701,#2702,#1355,.T.);
#3482=EDGE_CURVE('',#2703,#2701,#2199,.T.);
#3483=EDGE_CURVE('',#2704,#2702,#2200,.T.);
#3484=EDGE_CURVE('',#2703,#2704,#1356,.T.);
#3485=EDGE_CURVE('',#2703,#2663,#1357,.T.);
#3486=EDGE_CURVE('',#2665,#2704,#1358,.T.);
#3487=EDGE_CURVE('',#2705,#2664,#1359,.T.);
#3488=EDGE_CURVE('',#2706,#2666,#1360,.T.);
#3489=EDGE_CURVE('',#2705,#2706,#1361,.T.);
#3490=EDGE_CURVE('',#2707,#2705,#2201,.T.);
#3491=EDGE_CURVE('',#2708,#2706,#2202,.T.);
#3492=EDGE_CURVE('',#2707,#2708,#1362,.T.);
#3493=EDGE_CURVE('',#2709,#2707,#1363,.T.);
#3494=EDGE_CURVE('',#2710,#2708,#1364,.T.);
#3495=EDGE_CURVE('',#2709,#2710,#1365,.T.);
#3496=EDGE_CURVE('',#2711,#2709,#1366,.T.);
#3497=EDGE_CURVE('',#2712,#2710,#1367,.T.);
#3498=EDGE_CURVE('',#2711,#2712,#1368,.T.);
#3499=EDGE_CURVE('',#2713,#2711,#1369,.T.);
#3500=EDGE_CURVE('',#2714,#2712,#1370,.T.);
#3501=EDGE_CURVE('',#2713,#2714,#1371,.T.);
#3502=EDGE_CURVE('',#2715,#2713,#1372,.T.);
#3503=EDGE_CURVE('',#2716,#2714,#1373,.T.);
#3504=EDGE_CURVE('',#2715,#2716,#1374,.T.);
#3505=EDGE_CURVE('',#2717,#2715,#1375,.T.);
#3506=EDGE_CURVE('',#2718,#2716,#1376,.T.);
#3507=EDGE_CURVE('',#2717,#2718,#1377,.T.);
#3508=EDGE_CURVE('',#2671,#2717,#2203,.T.);
#3509=EDGE_CURVE('',#2672,#2718,#2204,.T.);
#3510=EDGE_CURVE('',#2719,#2720,#1378,.T.);
#3511=EDGE_CURVE('',#2721,#2720,#1379,.T.);
#3512=EDGE_CURVE('',#2722,#2721,#1380,.T.);
#3513=EDGE_CURVE('',#2722,#2719,#1381,.T.);
#3514=EDGE_CURVE('',#2720,#2723,#1382,.T.);
#3515=EDGE_CURVE('',#2724,#2723,#1383,.T.);
#3516=EDGE_CURVE('',#2721,#2724,#1384,.T.);
#3517=EDGE_CURVE('',#2723,#2725,#1385,.T.);
#3518=EDGE_CURVE('',#2726,#2725,#1386,.T.);
#3519=EDGE_CURVE('',#2724,#2726,#1387,.T.);
#3520=EDGE_CURVE('',#2725,#2719,#1388,.T.);
#3521=EDGE_CURVE('',#2726,#2722,#1389,.T.);
#3522=EDGE_CURVE('',#2727,#2728,#1390,.T.);
#3523=EDGE_CURVE('',#2727,#2729,#1391,.T.);
#3524=EDGE_CURVE('',#2729,#2730,#1392,.T.);
#3525=EDGE_CURVE('',#2730,#2728,#1393,.T.);
#3526=EDGE_CURVE('',#2731,#2732,#1394,.T.);
#3527=EDGE_CURVE('',#2731,#2727,#1395,.T.);
#3528=EDGE_CURVE('',#2728,#2732,#1396,.T.);
#3529=EDGE_CURVE('',#2733,#2734,#1397,.T.);
#3530=EDGE_CURVE('',#2733,#2731,#1398,.T.);
#3531=EDGE_CURVE('',#2732,#2734,#1399,.T.);
#3532=EDGE_CURVE('',#2729,#2733,#1400,.T.);
#3533=EDGE_CURVE('',#2734,#2730,#1401,.T.);
#3534=EDGE_CURVE('',#2735,#2736,#1402,.T.);
#3535=EDGE_CURVE('',#2736,#2737,#1403,.T.);
#3536=EDGE_CURVE('',#2737,#2738,#1404,.T.);
#3537=EDGE_CURVE('',#2738,#2735,#1405,.T.);
#3538=EDGE_CURVE('',#2727,#2738,#16,.T.);
#3539=EDGE_CURVE('',#2735,#2731,#17,.T.);
#3540=EDGE_CURVE('',#2736,#2733,#18,.T.);
#3541=EDGE_CURVE('',#2729,#2737,#19,.T.);
#3542=ORIENTED_EDGE('',*,*,#2739,.F.);
#3543=ORIENTED_EDGE('',*,*,#2740,.T.);
#3544=ORIENTED_EDGE('',*,*,#2741,.F.);
#3545=ORIENTED_EDGE('',*,*,#2742,.F.);
#3546=ORIENTED_EDGE('',*,*,#2743,.F.);
#3547=ORIENTED_EDGE('',*,*,#2742,.T.);
#3548=ORIENTED_EDGE('',*,*,#2744,.F.);
#3549=ORIENTED_EDGE('',*,*,#2745,.F.);
#3550=ORIENTED_EDGE('',*,*,#2746,.F.);
#3551=ORIENTED_EDGE('',*,*,#2745,.T.);
#3552=ORIENTED_EDGE('',*,*,#2747,.F.);
#3553=ORIENTED_EDGE('',*,*,#2748,.F.);
#3554=ORIENTED_EDGE('',*,*,#2749,.F.);
#3555=ORIENTED_EDGE('',*,*,#2748,.T.);
#3556=ORIENTED_EDGE('',*,*,#2750,.F.);
#3557=ORIENTED_EDGE('',*,*,#2751,.F.);
#3558=ORIENTED_EDGE('',*,*,#2752,.F.);
#3559=ORIENTED_EDGE('',*,*,#2751,.T.);
#3560=ORIENTED_EDGE('',*,*,#2753,.F.);
#3561=ORIENTED_EDGE('',*,*,#2754,.F.);
#3562=ORIENTED_EDGE('',*,*,#2755,.F.);
#3563=ORIENTED_EDGE('',*,*,#2754,.T.);
#3564=ORIENTED_EDGE('',*,*,#2756,.F.);
#3565=ORIENTED_EDGE('',*,*,#2757,.F.);
#3566=ORIENTED_EDGE('',*,*,#2758,.F.);
#3567=ORIENTED_EDGE('',*,*,#2757,.T.);
#3568=ORIENTED_EDGE('',*,*,#2759,.F.);
#3569=ORIENTED_EDGE('',*,*,#2760,.F.);
#3570=ORIENTED_EDGE('',*,*,#2761,.F.);
#3571=ORIENTED_EDGE('',*,*,#2760,.T.);
#3572=ORIENTED_EDGE('',*,*,#2762,.F.);
#3573=ORIENTED_EDGE('',*,*,#2763,.F.);
#3574=ORIENTED_EDGE('',*,*,#2764,.F.);
#3575=ORIENTED_EDGE('',*,*,#2763,.T.);
#3576=ORIENTED_EDGE('',*,*,#2765,.F.);
#3577=ORIENTED_EDGE('',*,*,#2766,.F.);
#3578=ORIENTED_EDGE('',*,*,#2767,.F.);
#3579=ORIENTED_EDGE('',*,*,#2766,.T.);
#3580=ORIENTED_EDGE('',*,*,#2768,.F.);
#3581=ORIENTED_EDGE('',*,*,#2769,.F.);
#3582=ORIENTED_EDGE('',*,*,#2770,.F.);
#3583=ORIENTED_EDGE('',*,*,#2769,.T.);
#3584=ORIENTED_EDGE('',*,*,#2771,.F.);
#3585=ORIENTED_EDGE('',*,*,#2772,.F.);
#3586=ORIENTED_EDGE('',*,*,#2773,.F.);
#3587=ORIENTED_EDGE('',*,*,#2772,.T.);
#3588=ORIENTED_EDGE('',*,*,#2774,.F.);
#3589=ORIENTED_EDGE('',*,*,#2775,.F.);
#3590=ORIENTED_EDGE('',*,*,#2776,.F.);
#3591=ORIENTED_EDGE('',*,*,#2775,.T.);
#3592=ORIENTED_EDGE('',*,*,#2777,.F.);
#3593=ORIENTED_EDGE('',*,*,#2778,.F.);
#3594=ORIENTED_EDGE('',*,*,#2779,.F.);
#3595=ORIENTED_EDGE('',*,*,#2778,.T.);
#3596=ORIENTED_EDGE('',*,*,#2780,.F.);
#3597=ORIENTED_EDGE('',*,*,#2781,.F.);
#3598=ORIENTED_EDGE('',*,*,#2782,.F.);
#3599=ORIENTED_EDGE('',*,*,#2781,.T.);
#3600=ORIENTED_EDGE('',*,*,#2783,.F.);
#3601=ORIENTED_EDGE('',*,*,#2784,.F.);
#3602=ORIENTED_EDGE('',*,*,#2785,.F.);
#3603=ORIENTED_EDGE('',*,*,#2784,.T.);
#3604=ORIENTED_EDGE('',*,*,#2786,.F.);
#3605=ORIENTED_EDGE('',*,*,#2787,.F.);
#3606=ORIENTED_EDGE('',*,*,#2788,.F.);
#3607=ORIENTED_EDGE('',*,*,#2787,.T.);
#3608=ORIENTED_EDGE('',*,*,#2789,.F.);
#3609=ORIENTED_EDGE('',*,*,#2790,.F.);
#3610=ORIENTED_EDGE('',*,*,#2791,.F.);
#3611=ORIENTED_EDGE('',*,*,#2790,.T.);
#3612=ORIENTED_EDGE('',*,*,#2792,.F.);
#3613=ORIENTED_EDGE('',*,*,#2793,.F.);
#3614=ORIENTED_EDGE('',*,*,#2794,.F.);
#3615=ORIENTED_EDGE('',*,*,#2793,.T.);
#3616=ORIENTED_EDGE('',*,*,#2795,.F.);
#3617=ORIENTED_EDGE('',*,*,#2796,.F.);
#3618=ORIENTED_EDGE('',*,*,#2797,.F.);
#3619=ORIENTED_EDGE('',*,*,#2796,.T.);
#3620=ORIENTED_EDGE('',*,*,#2798,.F.);
#3621=ORIENTED_EDGE('',*,*,#2799,.F.);
#3622=ORIENTED_EDGE('',*,*,#2800,.F.);
#3623=ORIENTED_EDGE('',*,*,#2799,.T.);
#3624=ORIENTED_EDGE('',*,*,#2801,.F.);
#3625=ORIENTED_EDGE('',*,*,#2802,.F.);
#3626=ORIENTED_EDGE('',*,*,#2803,.F.);
#3627=ORIENTED_EDGE('',*,*,#2802,.T.);
#3628=ORIENTED_EDGE('',*,*,#2804,.F.);
#3629=ORIENTED_EDGE('',*,*,#2805,.F.);
#3630=ORIENTED_EDGE('',*,*,#2806,.F.);
#3631=ORIENTED_EDGE('',*,*,#2805,.T.);
#3632=ORIENTED_EDGE('',*,*,#2807,.F.);
#3633=ORIENTED_EDGE('',*,*,#2808,.F.);
#3634=ORIENTED_EDGE('',*,*,#2809,.F.);
#3635=ORIENTED_EDGE('',*,*,#2808,.T.);
#3636=ORIENTED_EDGE('',*,*,#2810,.F.);
#3637=ORIENTED_EDGE('',*,*,#2811,.F.);
#3638=ORIENTED_EDGE('',*,*,#2812,.F.);
#3639=ORIENTED_EDGE('',*,*,#2811,.T.);
#3640=ORIENTED_EDGE('',*,*,#2813,.F.);
#3641=ORIENTED_EDGE('',*,*,#2740,.F.);
#3642=ORIENTED_EDGE('',*,*,#2812,.T.);
#3643=ORIENTED_EDGE('',*,*,#2739,.T.);
#3644=ORIENTED_EDGE('',*,*,#2743,.T.);
#3645=ORIENTED_EDGE('',*,*,#2746,.T.);
#3646=ORIENTED_EDGE('',*,*,#2749,.T.);
#3647=ORIENTED_EDGE('',*,*,#2752,.T.);
#3648=ORIENTED_EDGE('',*,*,#2755,.T.);
#3649=ORIENTED_EDGE('',*,*,#2758,.T.);
#3650=ORIENTED_EDGE('',*,*,#2761,.T.);
#3651=ORIENTED_EDGE('',*,*,#2764,.T.);
#3652=ORIENTED_EDGE('',*,*,#2767,.T.);
#3653=ORIENTED_EDGE('',*,*,#2770,.T.);
#3654=ORIENTED_EDGE('',*,*,#2773,.T.);
#3655=ORIENTED_EDGE('',*,*,#2776,.T.);
#3656=ORIENTED_EDGE('',*,*,#2779,.T.);
#3657=ORIENTED_EDGE('',*,*,#2782,.T.);
#3658=ORIENTED_EDGE('',*,*,#2785,.T.);
#3659=ORIENTED_EDGE('',*,*,#2788,.T.);
#3660=ORIENTED_EDGE('',*,*,#2791,.T.);
#3661=ORIENTED_EDGE('',*,*,#2794,.T.);
#3662=ORIENTED_EDGE('',*,*,#2797,.T.);
#3663=ORIENTED_EDGE('',*,*,#2800,.T.);
#3664=ORIENTED_EDGE('',*,*,#2803,.T.);
#3665=ORIENTED_EDGE('',*,*,#2806,.T.);
#3666=ORIENTED_EDGE('',*,*,#2809,.T.);
#3667=ORIENTED_EDGE('',*,*,#2813,.T.);
#3668=ORIENTED_EDGE('',*,*,#2810,.T.);
#3669=ORIENTED_EDGE('',*,*,#2807,.T.);
#3670=ORIENTED_EDGE('',*,*,#2804,.T.);
#3671=ORIENTED_EDGE('',*,*,#2801,.T.);
#3672=ORIENTED_EDGE('',*,*,#2798,.T.);
#3673=ORIENTED_EDGE('',*,*,#2795,.T.);
#3674=ORIENTED_EDGE('',*,*,#2792,.T.);
#3675=ORIENTED_EDGE('',*,*,#2789,.T.);
#3676=ORIENTED_EDGE('',*,*,#2786,.T.);
#3677=ORIENTED_EDGE('',*,*,#2783,.T.);
#3678=ORIENTED_EDGE('',*,*,#2780,.T.);
#3679=ORIENTED_EDGE('',*,*,#2777,.T.);
#3680=ORIENTED_EDGE('',*,*,#2774,.T.);
#3681=ORIENTED_EDGE('',*,*,#2771,.T.);
#3682=ORIENTED_EDGE('',*,*,#2768,.T.);
#3683=ORIENTED_EDGE('',*,*,#2765,.T.);
#3684=ORIENTED_EDGE('',*,*,#2762,.T.);
#3685=ORIENTED_EDGE('',*,*,#2759,.T.);
#3686=ORIENTED_EDGE('',*,*,#2756,.T.);
#3687=ORIENTED_EDGE('',*,*,#2753,.T.);
#3688=ORIENTED_EDGE('',*,*,#2750,.T.);
#3689=ORIENTED_EDGE('',*,*,#2747,.T.);
#3690=ORIENTED_EDGE('',*,*,#2744,.T.);
#3691=ORIENTED_EDGE('',*,*,#2741,.T.);
#3692=ORIENTED_EDGE('',*,*,#2814,.F.);
#3693=ORIENTED_EDGE('',*,*,#2815,.T.);
#3694=ORIENTED_EDGE('',*,*,#2816,.F.);
#3695=ORIENTED_EDGE('',*,*,#2817,.F.);
#3696=ORIENTED_EDGE('',*,*,#2818,.F.);
#3697=ORIENTED_EDGE('',*,*,#2817,.T.);
#3698=ORIENTED_EDGE('',*,*,#2819,.F.);
#3699=ORIENTED_EDGE('',*,*,#2820,.F.);
#3700=ORIENTED_EDGE('',*,*,#2821,.F.);
#3701=ORIENTED_EDGE('',*,*,#2820,.T.);
#3702=ORIENTED_EDGE('',*,*,#2822,.F.);
#3703=ORIENTED_EDGE('',*,*,#2823,.F.);
#3704=ORIENTED_EDGE('',*,*,#2824,.F.);
#3705=ORIENTED_EDGE('',*,*,#2823,.T.);
#3706=ORIENTED_EDGE('',*,*,#2825,.F.);
#3707=ORIENTED_EDGE('',*,*,#2815,.F.);
#3708=ORIENTED_EDGE('',*,*,#2824,.T.);
#3709=ORIENTED_EDGE('',*,*,#2814,.T.);
#3710=ORIENTED_EDGE('',*,*,#2818,.T.);
#3711=ORIENTED_EDGE('',*,*,#2821,.T.);
#3712=ORIENTED_EDGE('',*,*,#2825,.T.);
#3713=ORIENTED_EDGE('',*,*,#2822,.T.);
#3714=ORIENTED_EDGE('',*,*,#2819,.T.);
#3715=ORIENTED_EDGE('',*,*,#2816,.T.);
#3716=ORIENTED_EDGE('',*,*,#2826,.F.);
#3717=ORIENTED_EDGE('',*,*,#2827,.T.);
#3718=ORIENTED_EDGE('',*,*,#2828,.F.);
#3719=ORIENTED_EDGE('',*,*,#2827,.F.);
#3720=ORIENTED_EDGE('',*,*,#2828,.T.);
#3721=ORIENTED_EDGE('',*,*,#2826,.T.);
#3722=ORIENTED_EDGE('',*,*,#2829,.F.);
#3723=ORIENTED_EDGE('',*,*,#2830,.T.);
#3724=ORIENTED_EDGE('',*,*,#2831,.F.);
#3725=ORIENTED_EDGE('',*,*,#2832,.F.);
#3726=ORIENTED_EDGE('',*,*,#2833,.F.);
#3727=ORIENTED_EDGE('',*,*,#2832,.T.);
#3728=ORIENTED_EDGE('',*,*,#2834,.F.);
#3729=ORIENTED_EDGE('',*,*,#2835,.F.);
#3730=ORIENTED_EDGE('',*,*,#2836,.F.);
#3731=ORIENTED_EDGE('',*,*,#2835,.T.);
#3732=ORIENTED_EDGE('',*,*,#2837,.F.);
#3733=ORIENTED_EDGE('',*,*,#2838,.F.);
#3734=ORIENTED_EDGE('',*,*,#2839,.F.);
#3735=ORIENTED_EDGE('',*,*,#2838,.T.);
#3736=ORIENTED_EDGE('',*,*,#2840,.F.);
#3737=ORIENTED_EDGE('',*,*,#2830,.F.);
#3738=ORIENTED_EDGE('',*,*,#2839,.T.);
#3739=ORIENTED_EDGE('',*,*,#2829,.T.);
#3740=ORIENTED_EDGE('',*,*,#2833,.T.);
#3741=ORIENTED_EDGE('',*,*,#2836,.T.);
#3742=ORIENTED_EDGE('',*,*,#2840,.T.);
#3743=ORIENTED_EDGE('',*,*,#2837,.T.);
#3744=ORIENTED_EDGE('',*,*,#2834,.T.);
#3745=ORIENTED_EDGE('',*,*,#2831,.T.);
#3746=ORIENTED_EDGE('',*,*,#2841,.F.);
#3747=ORIENTED_EDGE('',*,*,#2842,.T.);
#3748=ORIENTED_EDGE('',*,*,#2843,.F.);
#3749=ORIENTED_EDGE('',*,*,#2844,.F.);
#3750=ORIENTED_EDGE('',*,*,#2845,.F.);
#3751=ORIENTED_EDGE('',*,*,#2844,.T.);
#3752=ORIENTED_EDGE('',*,*,#2846,.F.);
#3753=ORIENTED_EDGE('',*,*,#2847,.F.);
#3754=ORIENTED_EDGE('',*,*,#2848,.F.);
#3755=ORIENTED_EDGE('',*,*,#2847,.T.);
#3756=ORIENTED_EDGE('',*,*,#2849,.F.);
#3757=ORIENTED_EDGE('',*,*,#2850,.F.);
#3758=ORIENTED_EDGE('',*,*,#2851,.F.);
#3759=ORIENTED_EDGE('',*,*,#2850,.T.);
#3760=ORIENTED_EDGE('',*,*,#2852,.F.);
#3761=ORIENTED_EDGE('',*,*,#2853,.F.);
#3762=ORIENTED_EDGE('',*,*,#2854,.F.);
#3763=ORIENTED_EDGE('',*,*,#2853,.T.);
#3764=ORIENTED_EDGE('',*,*,#2855,.F.);
#3765=ORIENTED_EDGE('',*,*,#2856,.F.);
#3766=ORIENTED_EDGE('',*,*,#2857,.F.);
#3767=ORIENTED_EDGE('',*,*,#2856,.T.);
#3768=ORIENTED_EDGE('',*,*,#2858,.F.);
#3769=ORIENTED_EDGE('',*,*,#2859,.F.);
#3770=ORIENTED_EDGE('',*,*,#2860,.F.);
#3771=ORIENTED_EDGE('',*,*,#2859,.T.);
#3772=ORIENTED_EDGE('',*,*,#2861,.F.);
#3773=ORIENTED_EDGE('',*,*,#2862,.F.);
#3774=ORIENTED_EDGE('',*,*,#2863,.F.);
#3775=ORIENTED_EDGE('',*,*,#2862,.T.);
#3776=ORIENTED_EDGE('',*,*,#2864,.F.);
#3777=ORIENTED_EDGE('',*,*,#2865,.F.);
#3778=ORIENTED_EDGE('',*,*,#2866,.F.);
#3779=ORIENTED_EDGE('',*,*,#2865,.T.);
#3780=ORIENTED_EDGE('',*,*,#2867,.F.);
#3781=ORIENTED_EDGE('',*,*,#2868,.F.);
#3782=ORIENTED_EDGE('',*,*,#2869,.F.);
#3783=ORIENTED_EDGE('',*,*,#2868,.T.);
#3784=ORIENTED_EDGE('',*,*,#2870,.F.);
#3785=ORIENTED_EDGE('',*,*,#2871,.F.);
#3786=ORIENTED_EDGE('',*,*,#2872,.F.);
#3787=ORIENTED_EDGE('',*,*,#2871,.T.);
#3788=ORIENTED_EDGE('',*,*,#2873,.F.);
#3789=ORIENTED_EDGE('',*,*,#2874,.F.);
#3790=ORIENTED_EDGE('',*,*,#2875,.F.);
#3791=ORIENTED_EDGE('',*,*,#2874,.T.);
#3792=ORIENTED_EDGE('',*,*,#2876,.F.);
#3793=ORIENTED_EDGE('',*,*,#2877,.F.);
#3794=ORIENTED_EDGE('',*,*,#2878,.F.);
#3795=ORIENTED_EDGE('',*,*,#2877,.T.);
#3796=ORIENTED_EDGE('',*,*,#2879,.F.);
#3797=ORIENTED_EDGE('',*,*,#2880,.F.);
#3798=ORIENTED_EDGE('',*,*,#2881,.F.);
#3799=ORIENTED_EDGE('',*,*,#2880,.T.);
#3800=ORIENTED_EDGE('',*,*,#2882,.F.);
#3801=ORIENTED_EDGE('',*,*,#2883,.F.);
#3802=ORIENTED_EDGE('',*,*,#2884,.F.);
#3803=ORIENTED_EDGE('',*,*,#2883,.T.);
#3804=ORIENTED_EDGE('',*,*,#2885,.F.);
#3805=ORIENTED_EDGE('',*,*,#2842,.F.);
#3806=ORIENTED_EDGE('',*,*,#2884,.T.);
#3807=ORIENTED_EDGE('',*,*,#2841,.T.);
#3808=ORIENTED_EDGE('',*,*,#2845,.T.);
#3809=ORIENTED_EDGE('',*,*,#2848,.T.);
#3810=ORIENTED_EDGE('',*,*,#2851,.T.);
#3811=ORIENTED_EDGE('',*,*,#2854,.T.);
#3812=ORIENTED_EDGE('',*,*,#2857,.T.);
#3813=ORIENTED_EDGE('',*,*,#2860,.T.);
#3814=ORIENTED_EDGE('',*,*,#2863,.T.);
#3815=ORIENTED_EDGE('',*,*,#2866,.T.);
#3816=ORIENTED_EDGE('',*,*,#2869,.T.);
#3817=ORIENTED_EDGE('',*,*,#2872,.T.);
#3818=ORIENTED_EDGE('',*,*,#2875,.T.);
#3819=ORIENTED_EDGE('',*,*,#2878,.T.);
#3820=ORIENTED_EDGE('',*,*,#2881,.T.);
#3821=ORIENTED_EDGE('',*,*,#2885,.T.);
#3822=ORIENTED_EDGE('',*,*,#2882,.T.);
#3823=ORIENTED_EDGE('',*,*,#2879,.T.);
#3824=ORIENTED_EDGE('',*,*,#2876,.T.);
#3825=ORIENTED_EDGE('',*,*,#2873,.T.);
#3826=ORIENTED_EDGE('',*,*,#2870,.T.);
#3827=ORIENTED_EDGE('',*,*,#2867,.T.);
#3828=ORIENTED_EDGE('',*,*,#2864,.T.);
#3829=ORIENTED_EDGE('',*,*,#2861,.T.);
#3830=ORIENTED_EDGE('',*,*,#2858,.T.);
#3831=ORIENTED_EDGE('',*,*,#2855,.T.);
#3832=ORIENTED_EDGE('',*,*,#2852,.T.);
#3833=ORIENTED_EDGE('',*,*,#2849,.T.);
#3834=ORIENTED_EDGE('',*,*,#2846,.T.);
#3835=ORIENTED_EDGE('',*,*,#2843,.T.);
#3836=ORIENTED_EDGE('',*,*,#2886,.F.);
#3837=ORIENTED_EDGE('',*,*,#2887,.T.);
#3838=ORIENTED_EDGE('',*,*,#2888,.F.);
#3839=ORIENTED_EDGE('',*,*,#2889,.F.);
#3840=ORIENTED_EDGE('',*,*,#2890,.F.);
#3841=ORIENTED_EDGE('',*,*,#2889,.T.);
#3842=ORIENTED_EDGE('',*,*,#2891,.F.);
#3843=ORIENTED_EDGE('',*,*,#2892,.F.);
#3844=ORIENTED_EDGE('',*,*,#2893,.F.);
#3845=ORIENTED_EDGE('',*,*,#2892,.T.);
#3846=ORIENTED_EDGE('',*,*,#2894,.F.);
#3847=ORIENTED_EDGE('',*,*,#2895,.F.);
#3848=ORIENTED_EDGE('',*,*,#2896,.F.);
#3849=ORIENTED_EDGE('',*,*,#2895,.T.);
#3850=ORIENTED_EDGE('',*,*,#2897,.F.);
#3851=ORIENTED_EDGE('',*,*,#2898,.F.);
#3852=ORIENTED_EDGE('',*,*,#2899,.F.);
#3853=ORIENTED_EDGE('',*,*,#2898,.T.);
#3854=ORIENTED_EDGE('',*,*,#2900,.F.);
#3855=ORIENTED_EDGE('',*,*,#2901,.F.);
#3856=ORIENTED_EDGE('',*,*,#2902,.F.);
#3857=ORIENTED_EDGE('',*,*,#2901,.T.);
#3858=ORIENTED_EDGE('',*,*,#2903,.F.);
#3859=ORIENTED_EDGE('',*,*,#2904,.F.);
#3860=ORIENTED_EDGE('',*,*,#2905,.F.);
#3861=ORIENTED_EDGE('',*,*,#2904,.T.);
#3862=ORIENTED_EDGE('',*,*,#2906,.F.);
#3863=ORIENTED_EDGE('',*,*,#2907,.F.);
#3864=ORIENTED_EDGE('',*,*,#2908,.F.);
#3865=ORIENTED_EDGE('',*,*,#2907,.T.);
#3866=ORIENTED_EDGE('',*,*,#2909,.F.);
#3867=ORIENTED_EDGE('',*,*,#2910,.F.);
#3868=ORIENTED_EDGE('',*,*,#2911,.F.);
#3869=ORIENTED_EDGE('',*,*,#2910,.T.);
#3870=ORIENTED_EDGE('',*,*,#2912,.F.);
#3871=ORIENTED_EDGE('',*,*,#2913,.F.);
#3872=ORIENTED_EDGE('',*,*,#2914,.F.);
#3873=ORIENTED_EDGE('',*,*,#2913,.T.);
#3874=ORIENTED_EDGE('',*,*,#2915,.F.);
#3875=ORIENTED_EDGE('',*,*,#2916,.F.);
#3876=ORIENTED_EDGE('',*,*,#2917,.F.);
#3877=ORIENTED_EDGE('',*,*,#2916,.T.);
#3878=ORIENTED_EDGE('',*,*,#2918,.F.);
#3879=ORIENTED_EDGE('',*,*,#2919,.F.);
#3880=ORIENTED_EDGE('',*,*,#2920,.F.);
#3881=ORIENTED_EDGE('',*,*,#2919,.T.);
#3882=ORIENTED_EDGE('',*,*,#2921,.F.);
#3883=ORIENTED_EDGE('',*,*,#2922,.F.);
#3884=ORIENTED_EDGE('',*,*,#2923,.F.);
#3885=ORIENTED_EDGE('',*,*,#2922,.T.);
#3886=ORIENTED_EDGE('',*,*,#2924,.F.);
#3887=ORIENTED_EDGE('',*,*,#2925,.F.);
#3888=ORIENTED_EDGE('',*,*,#2926,.F.);
#3889=ORIENTED_EDGE('',*,*,#2925,.T.);
#3890=ORIENTED_EDGE('',*,*,#2927,.F.);
#3891=ORIENTED_EDGE('',*,*,#2928,.F.);
#3892=ORIENTED_EDGE('',*,*,#2929,.F.);
#3893=ORIENTED_EDGE('',*,*,#2928,.T.);
#3894=ORIENTED_EDGE('',*,*,#2930,.F.);
#3895=ORIENTED_EDGE('',*,*,#2931,.F.);
#3896=ORIENTED_EDGE('',*,*,#2932,.F.);
#3897=ORIENTED_EDGE('',*,*,#2931,.T.);
#3898=ORIENTED_EDGE('',*,*,#2933,.F.);
#3899=ORIENTED_EDGE('',*,*,#2934,.F.);
#3900=ORIENTED_EDGE('',*,*,#2935,.F.);
#3901=ORIENTED_EDGE('',*,*,#2934,.T.);
#3902=ORIENTED_EDGE('',*,*,#2936,.F.);
#3903=ORIENTED_EDGE('',*,*,#2937,.F.);
#3904=ORIENTED_EDGE('',*,*,#2938,.F.);
#3905=ORIENTED_EDGE('',*,*,#2937,.T.);
#3906=ORIENTED_EDGE('',*,*,#2939,.F.);
#3907=ORIENTED_EDGE('',*,*,#2940,.F.);
#3908=ORIENTED_EDGE('',*,*,#2941,.F.);
#3909=ORIENTED_EDGE('',*,*,#2940,.T.);
#3910=ORIENTED_EDGE('',*,*,#2942,.F.);
#3911=ORIENTED_EDGE('',*,*,#2887,.F.);
#3912=ORIENTED_EDGE('',*,*,#2941,.T.);
#3913=ORIENTED_EDGE('',*,*,#2886,.T.);
#3914=ORIENTED_EDGE('',*,*,#2890,.T.);
#3915=ORIENTED_EDGE('',*,*,#2893,.T.);
#3916=ORIENTED_EDGE('',*,*,#2896,.T.);
#3917=ORIENTED_EDGE('',*,*,#2899,.T.);
#3918=ORIENTED_EDGE('',*,*,#2902,.T.);
#3919=ORIENTED_EDGE('',*,*,#2905,.T.);
#3920=ORIENTED_EDGE('',*,*,#2908,.T.);
#3921=ORIENTED_EDGE('',*,*,#2911,.T.);
#3922=ORIENTED_EDGE('',*,*,#2914,.T.);
#3923=ORIENTED_EDGE('',*,*,#2917,.T.);
#3924=ORIENTED_EDGE('',*,*,#2920,.T.);
#3925=ORIENTED_EDGE('',*,*,#2923,.T.);
#3926=ORIENTED_EDGE('',*,*,#2926,.T.);
#3927=ORIENTED_EDGE('',*,*,#2929,.T.);
#3928=ORIENTED_EDGE('',*,*,#2932,.T.);
#3929=ORIENTED_EDGE('',*,*,#2935,.T.);
#3930=ORIENTED_EDGE('',*,*,#2938,.T.);
#3931=ORIENTED_EDGE('',*,*,#2942,.T.);
#3932=ORIENTED_EDGE('',*,*,#2939,.T.);
#3933=ORIENTED_EDGE('',*,*,#2936,.T.);
#3934=ORIENTED_EDGE('',*,*,#2933,.T.);
#3935=ORIENTED_EDGE('',*,*,#2930,.T.);
#3936=ORIENTED_EDGE('',*,*,#2927,.T.);
#3937=ORIENTED_EDGE('',*,*,#2924,.T.);
#3938=ORIENTED_EDGE('',*,*,#2921,.T.);
#3939=ORIENTED_EDGE('',*,*,#2918,.T.);
#3940=ORIENTED_EDGE('',*,*,#2915,.T.);
#3941=ORIENTED_EDGE('',*,*,#2912,.T.);
#3942=ORIENTED_EDGE('',*,*,#2909,.T.);
#3943=ORIENTED_EDGE('',*,*,#2906,.T.);
#3944=ORIENTED_EDGE('',*,*,#2903,.T.);
#3945=ORIENTED_EDGE('',*,*,#2900,.T.);
#3946=ORIENTED_EDGE('',*,*,#2897,.T.);
#3947=ORIENTED_EDGE('',*,*,#2894,.T.);
#3948=ORIENTED_EDGE('',*,*,#2891,.T.);
#3949=ORIENTED_EDGE('',*,*,#2888,.T.);
#3950=ORIENTED_EDGE('',*,*,#2943,.F.);
#3951=ORIENTED_EDGE('',*,*,#2944,.T.);
#3952=ORIENTED_EDGE('',*,*,#2945,.F.);
#3953=ORIENTED_EDGE('',*,*,#2944,.F.);
#3954=ORIENTED_EDGE('',*,*,#2945,.T.);
#3955=ORIENTED_EDGE('',*,*,#2943,.T.);
#3956=ORIENTED_EDGE('',*,*,#2946,.F.);
#3957=ORIENTED_EDGE('',*,*,#2947,.T.);
#3958=ORIENTED_EDGE('',*,*,#2948,.F.);
#3959=ORIENTED_EDGE('',*,*,#2949,.F.);
#3960=ORIENTED_EDGE('',*,*,#2950,.F.);
#3961=ORIENTED_EDGE('',*,*,#2949,.T.);
#3962=ORIENTED_EDGE('',*,*,#2951,.F.);
#3963=ORIENTED_EDGE('',*,*,#2952,.F.);
#3964=ORIENTED_EDGE('',*,*,#2953,.F.);
#3965=ORIENTED_EDGE('',*,*,#2952,.T.);
#3966=ORIENTED_EDGE('',*,*,#2954,.F.);
#3967=ORIENTED_EDGE('',*,*,#2955,.F.);
#3968=ORIENTED_EDGE('',*,*,#2956,.F.);
#3969=ORIENTED_EDGE('',*,*,#2955,.T.);
#3970=ORIENTED_EDGE('',*,*,#2957,.F.);
#3971=ORIENTED_EDGE('',*,*,#2947,.F.);
#3972=ORIENTED_EDGE('',*,*,#2956,.T.);
#3973=ORIENTED_EDGE('',*,*,#2946,.T.);
#3974=ORIENTED_EDGE('',*,*,#2950,.T.);
#3975=ORIENTED_EDGE('',*,*,#2953,.T.);
#3976=ORIENTED_EDGE('',*,*,#2957,.T.);
#3977=ORIENTED_EDGE('',*,*,#2954,.T.);
#3978=ORIENTED_EDGE('',*,*,#2951,.T.);
#3979=ORIENTED_EDGE('',*,*,#2948,.T.);
#3980=ORIENTED_EDGE('',*,*,#2958,.F.);
#3981=ORIENTED_EDGE('',*,*,#2959,.T.);
#3982=ORIENTED_EDGE('',*,*,#2960,.F.);
#3983=ORIENTED_EDGE('',*,*,#2961,.F.);
#3984=ORIENTED_EDGE('',*,*,#2962,.F.);
#3985=ORIENTED_EDGE('',*,*,#2961,.T.);
#3986=ORIENTED_EDGE('',*,*,#2963,.F.);
#3987=ORIENTED_EDGE('',*,*,#2964,.F.);
#3988=ORIENTED_EDGE('',*,*,#2965,.F.);
#3989=ORIENTED_EDGE('',*,*,#2964,.T.);
#3990=ORIENTED_EDGE('',*,*,#2966,.F.);
#3991=ORIENTED_EDGE('',*,*,#2967,.F.);
#3992=ORIENTED_EDGE('',*,*,#2968,.F.);
#3993=ORIENTED_EDGE('',*,*,#2967,.T.);
#3994=ORIENTED_EDGE('',*,*,#2969,.F.);
#3995=ORIENTED_EDGE('',*,*,#2970,.F.);
#3996=ORIENTED_EDGE('',*,*,#2971,.F.);
#3997=ORIENTED_EDGE('',*,*,#2970,.T.);
#3998=ORIENTED_EDGE('',*,*,#2972,.F.);
#3999=ORIENTED_EDGE('',*,*,#2973,.F.);
#4000=ORIENTED_EDGE('',*,*,#2974,.F.);
#4001=ORIENTED_EDGE('',*,*,#2973,.T.);
#4002=ORIENTED_EDGE('',*,*,#2975,.F.);
#4003=ORIENTED_EDGE('',*,*,#2976,.F.);
#4004=ORIENTED_EDGE('',*,*,#2977,.F.);
#4005=ORIENTED_EDGE('',*,*,#2976,.T.);
#4006=ORIENTED_EDGE('',*,*,#2978,.F.);
#4007=ORIENTED_EDGE('',*,*,#2979,.F.);
#4008=ORIENTED_EDGE('',*,*,#2980,.F.);
#4009=ORIENTED_EDGE('',*,*,#2979,.T.);
#4010=ORIENTED_EDGE('',*,*,#2981,.F.);
#4011=ORIENTED_EDGE('',*,*,#2982,.F.);
#4012=ORIENTED_EDGE('',*,*,#2983,.F.);
#4013=ORIENTED_EDGE('',*,*,#2982,.T.);
#4014=ORIENTED_EDGE('',*,*,#2984,.F.);
#4015=ORIENTED_EDGE('',*,*,#2985,.F.);
#4016=ORIENTED_EDGE('',*,*,#2986,.F.);
#4017=ORIENTED_EDGE('',*,*,#2985,.T.);
#4018=ORIENTED_EDGE('',*,*,#2987,.F.);
#4019=ORIENTED_EDGE('',*,*,#2988,.F.);
#4020=ORIENTED_EDGE('',*,*,#2989,.F.);
#4021=ORIENTED_EDGE('',*,*,#2988,.T.);
#4022=ORIENTED_EDGE('',*,*,#2990,.F.);
#4023=ORIENTED_EDGE('',*,*,#2991,.F.);
#4024=ORIENTED_EDGE('',*,*,#2992,.F.);
#4025=ORIENTED_EDGE('',*,*,#2991,.T.);
#4026=ORIENTED_EDGE('',*,*,#2993,.F.);
#4027=ORIENTED_EDGE('',*,*,#2994,.F.);
#4028=ORIENTED_EDGE('',*,*,#2995,.F.);
#4029=ORIENTED_EDGE('',*,*,#2994,.T.);
#4030=ORIENTED_EDGE('',*,*,#2996,.F.);
#4031=ORIENTED_EDGE('',*,*,#2997,.F.);
#4032=ORIENTED_EDGE('',*,*,#2998,.F.);
#4033=ORIENTED_EDGE('',*,*,#2997,.T.);
#4034=ORIENTED_EDGE('',*,*,#2999,.F.);
#4035=ORIENTED_EDGE('',*,*,#3000,.F.);
#4036=ORIENTED_EDGE('',*,*,#3001,.F.);
#4037=ORIENTED_EDGE('',*,*,#3000,.T.);
#4038=ORIENTED_EDGE('',*,*,#3002,.F.);
#4039=ORIENTED_EDGE('',*,*,#2959,.F.);
#4040=ORIENTED_EDGE('',*,*,#3001,.T.);
#4041=ORIENTED_EDGE('',*,*,#2958,.T.);
#4042=ORIENTED_EDGE('',*,*,#2962,.T.);
#4043=ORIENTED_EDGE('',*,*,#2965,.T.);
#4044=ORIENTED_EDGE('',*,*,#2968,.T.);
#4045=ORIENTED_EDGE('',*,*,#2971,.T.);
#4046=ORIENTED_EDGE('',*,*,#2974,.T.);
#4047=ORIENTED_EDGE('',*,*,#2977,.T.);
#4048=ORIENTED_EDGE('',*,*,#2980,.T.);
#4049=ORIENTED_EDGE('',*,*,#2983,.T.);
#4050=ORIENTED_EDGE('',*,*,#2986,.T.);
#4051=ORIENTED_EDGE('',*,*,#2989,.T.);
#4052=ORIENTED_EDGE('',*,*,#2992,.T.);
#4053=ORIENTED_EDGE('',*,*,#2995,.T.);
#4054=ORIENTED_EDGE('',*,*,#2998,.T.);
#4055=ORIENTED_EDGE('',*,*,#3002,.T.);
#4056=ORIENTED_EDGE('',*,*,#2999,.T.);
#4057=ORIENTED_EDGE('',*,*,#2996,.T.);
#4058=ORIENTED_EDGE('',*,*,#2993,.T.);
#4059=ORIENTED_EDGE('',*,*,#2990,.T.);
#4060=ORIENTED_EDGE('',*,*,#2987,.T.);
#4061=ORIENTED_EDGE('',*,*,#2984,.T.);
#4062=ORIENTED_EDGE('',*,*,#2981,.T.);
#4063=ORIENTED_EDGE('',*,*,#2978,.T.);
#4064=ORIENTED_EDGE('',*,*,#2975,.T.);
#4065=ORIENTED_EDGE('',*,*,#2972,.T.);
#4066=ORIENTED_EDGE('',*,*,#2969,.T.);
#4067=ORIENTED_EDGE('',*,*,#2966,.T.);
#4068=ORIENTED_EDGE('',*,*,#2963,.T.);
#4069=ORIENTED_EDGE('',*,*,#2960,.T.);
#4070=ORIENTED_EDGE('',*,*,#3003,.F.);
#4071=ORIENTED_EDGE('',*,*,#3004,.T.);
#4072=ORIENTED_EDGE('',*,*,#3005,.F.);
#4073=ORIENTED_EDGE('',*,*,#3006,.F.);
#4074=ORIENTED_EDGE('',*,*,#3007,.F.);
#4075=ORIENTED_EDGE('',*,*,#3006,.T.);
#4076=ORIENTED_EDGE('',*,*,#3008,.F.);
#4077=ORIENTED_EDGE('',*,*,#3009,.F.);
#4078=ORIENTED_EDGE('',*,*,#3010,.F.);
#4079=ORIENTED_EDGE('',*,*,#3009,.T.);
#4080=ORIENTED_EDGE('',*,*,#3011,.F.);
#4081=ORIENTED_EDGE('',*,*,#3012,.F.);
#4082=ORIENTED_EDGE('',*,*,#3013,.F.);
#4083=ORIENTED_EDGE('',*,*,#3012,.T.);
#4084=ORIENTED_EDGE('',*,*,#3014,.F.);
#4085=ORIENTED_EDGE('',*,*,#3015,.F.);
#4086=ORIENTED_EDGE('',*,*,#3016,.F.);
#4087=ORIENTED_EDGE('',*,*,#3015,.T.);
#4088=ORIENTED_EDGE('',*,*,#3017,.F.);
#4089=ORIENTED_EDGE('',*,*,#3018,.F.);
#4090=ORIENTED_EDGE('',*,*,#3019,.F.);
#4091=ORIENTED_EDGE('',*,*,#3018,.T.);
#4092=ORIENTED_EDGE('',*,*,#3020,.F.);
#4093=ORIENTED_EDGE('',*,*,#3021,.F.);
#4094=ORIENTED_EDGE('',*,*,#3022,.F.);
#4095=ORIENTED_EDGE('',*,*,#3021,.T.);
#4096=ORIENTED_EDGE('',*,*,#3023,.F.);
#4097=ORIENTED_EDGE('',*,*,#3024,.F.);
#4098=ORIENTED_EDGE('',*,*,#3025,.F.);
#4099=ORIENTED_EDGE('',*,*,#3024,.T.);
#4100=ORIENTED_EDGE('',*,*,#3026,.F.);
#4101=ORIENTED_EDGE('',*,*,#3004,.F.);
#4102=ORIENTED_EDGE('',*,*,#3027,.F.);
#4103=ORIENTED_EDGE('',*,*,#3028,.T.);
#4104=ORIENTED_EDGE('',*,*,#3029,.F.);
#4105=ORIENTED_EDGE('',*,*,#3030,.F.);
#4106=ORIENTED_EDGE('',*,*,#3031,.F.);
#4107=ORIENTED_EDGE('',*,*,#3030,.T.);
#4108=ORIENTED_EDGE('',*,*,#3032,.F.);
#4109=ORIENTED_EDGE('',*,*,#3033,.F.);
#4110=ORIENTED_EDGE('',*,*,#3034,.F.);
#4111=ORIENTED_EDGE('',*,*,#3033,.T.);
#4112=ORIENTED_EDGE('',*,*,#3035,.F.);
#4113=ORIENTED_EDGE('',*,*,#3036,.F.);
#4114=ORIENTED_EDGE('',*,*,#3037,.F.);
#4115=ORIENTED_EDGE('',*,*,#3036,.T.);
#4116=ORIENTED_EDGE('',*,*,#3038,.F.);
#4117=ORIENTED_EDGE('',*,*,#3039,.F.);
#4118=ORIENTED_EDGE('',*,*,#3040,.F.);
#4119=ORIENTED_EDGE('',*,*,#3039,.T.);
#4120=ORIENTED_EDGE('',*,*,#3041,.F.);
#4121=ORIENTED_EDGE('',*,*,#3042,.F.);
#4122=ORIENTED_EDGE('',*,*,#3043,.F.);
#4123=ORIENTED_EDGE('',*,*,#3042,.T.);
#4124=ORIENTED_EDGE('',*,*,#3044,.F.);
#4125=ORIENTED_EDGE('',*,*,#3045,.F.);
#4126=ORIENTED_EDGE('',*,*,#3046,.F.);
#4127=ORIENTED_EDGE('',*,*,#3045,.T.);
#4128=ORIENTED_EDGE('',*,*,#3047,.F.);
#4129=ORIENTED_EDGE('',*,*,#3048,.F.);
#4130=ORIENTED_EDGE('',*,*,#3049,.F.);
#4131=ORIENTED_EDGE('',*,*,#3048,.T.);
#4132=ORIENTED_EDGE('',*,*,#3050,.F.);
#4133=ORIENTED_EDGE('',*,*,#3051,.F.);
#4134=ORIENTED_EDGE('',*,*,#3052,.F.);
#4135=ORIENTED_EDGE('',*,*,#3051,.T.);
#4136=ORIENTED_EDGE('',*,*,#3053,.F.);
#4137=ORIENTED_EDGE('',*,*,#3054,.F.);
#4138=ORIENTED_EDGE('',*,*,#3055,.F.);
#4139=ORIENTED_EDGE('',*,*,#3054,.T.);
#4140=ORIENTED_EDGE('',*,*,#3056,.F.);
#4141=ORIENTED_EDGE('',*,*,#3057,.F.);
#4142=ORIENTED_EDGE('',*,*,#3058,.F.);
#4143=ORIENTED_EDGE('',*,*,#3057,.T.);
#4144=ORIENTED_EDGE('',*,*,#3059,.F.);
#4145=ORIENTED_EDGE('',*,*,#3060,.F.);
#4146=ORIENTED_EDGE('',*,*,#3061,.F.);
#4147=ORIENTED_EDGE('',*,*,#3060,.T.);
#4148=ORIENTED_EDGE('',*,*,#3062,.F.);
#4149=ORIENTED_EDGE('',*,*,#3063,.F.);
#4150=ORIENTED_EDGE('',*,*,#3064,.F.);
#4151=ORIENTED_EDGE('',*,*,#3063,.T.);
#4152=ORIENTED_EDGE('',*,*,#3065,.F.);
#4153=ORIENTED_EDGE('',*,*,#3066,.F.);
#4154=ORIENTED_EDGE('',*,*,#3067,.F.);
#4155=ORIENTED_EDGE('',*,*,#3066,.T.);
#4156=ORIENTED_EDGE('',*,*,#3068,.F.);
#4157=ORIENTED_EDGE('',*,*,#3069,.F.);
#4158=ORIENTED_EDGE('',*,*,#3070,.F.);
#4159=ORIENTED_EDGE('',*,*,#3069,.T.);
#4160=ORIENTED_EDGE('',*,*,#3071,.F.);
#4161=ORIENTED_EDGE('',*,*,#3072,.F.);
#4162=ORIENTED_EDGE('',*,*,#3073,.F.);
#4163=ORIENTED_EDGE('',*,*,#3072,.T.);
#4164=ORIENTED_EDGE('',*,*,#3074,.F.);
#4165=ORIENTED_EDGE('',*,*,#3075,.F.);
#4166=ORIENTED_EDGE('',*,*,#3076,.F.);
#4167=ORIENTED_EDGE('',*,*,#3075,.T.);
#4168=ORIENTED_EDGE('',*,*,#3077,.F.);
#4169=ORIENTED_EDGE('',*,*,#3078,.F.);
#4170=ORIENTED_EDGE('',*,*,#3079,.F.);
#4171=ORIENTED_EDGE('',*,*,#3078,.T.);
#4172=ORIENTED_EDGE('',*,*,#3080,.F.);
#4173=ORIENTED_EDGE('',*,*,#3081,.F.);
#4174=ORIENTED_EDGE('',*,*,#3082,.F.);
#4175=ORIENTED_EDGE('',*,*,#3081,.T.);
#4176=ORIENTED_EDGE('',*,*,#3083,.F.);
#4177=ORIENTED_EDGE('',*,*,#3084,.F.);
#4178=ORIENTED_EDGE('',*,*,#3085,.F.);
#4179=ORIENTED_EDGE('',*,*,#3084,.T.);
#4180=ORIENTED_EDGE('',*,*,#3086,.F.);
#4181=ORIENTED_EDGE('',*,*,#3087,.F.);
#4182=ORIENTED_EDGE('',*,*,#3088,.F.);
#4183=ORIENTED_EDGE('',*,*,#3087,.T.);
#4184=ORIENTED_EDGE('',*,*,#3089,.F.);
#4185=ORIENTED_EDGE('',*,*,#3090,.F.);
#4186=ORIENTED_EDGE('',*,*,#3091,.F.);
#4187=ORIENTED_EDGE('',*,*,#3090,.T.);
#4188=ORIENTED_EDGE('',*,*,#3092,.F.);
#4189=ORIENTED_EDGE('',*,*,#3093,.F.);
#4190=ORIENTED_EDGE('',*,*,#3094,.F.);
#4191=ORIENTED_EDGE('',*,*,#3093,.T.);
#4192=ORIENTED_EDGE('',*,*,#3095,.F.);
#4193=ORIENTED_EDGE('',*,*,#3096,.F.);
#4194=ORIENTED_EDGE('',*,*,#3097,.F.);
#4195=ORIENTED_EDGE('',*,*,#3096,.T.);
#4196=ORIENTED_EDGE('',*,*,#3098,.F.);
#4197=ORIENTED_EDGE('',*,*,#3099,.F.);
#4198=ORIENTED_EDGE('',*,*,#3100,.F.);
#4199=ORIENTED_EDGE('',*,*,#3099,.T.);
#4200=ORIENTED_EDGE('',*,*,#3101,.F.);
#4201=ORIENTED_EDGE('',*,*,#3102,.F.);
#4202=ORIENTED_EDGE('',*,*,#3103,.F.);
#4203=ORIENTED_EDGE('',*,*,#3102,.T.);
#4204=ORIENTED_EDGE('',*,*,#3104,.F.);
#4205=ORIENTED_EDGE('',*,*,#3028,.F.);
#4206=ORIENTED_EDGE('',*,*,#3103,.T.);
#4207=ORIENTED_EDGE('',*,*,#3027,.T.);
#4208=ORIENTED_EDGE('',*,*,#3031,.T.);
#4209=ORIENTED_EDGE('',*,*,#3034,.T.);
#4210=ORIENTED_EDGE('',*,*,#3037,.T.);
#4211=ORIENTED_EDGE('',*,*,#3040,.T.);
#4212=ORIENTED_EDGE('',*,*,#3043,.T.);
#4213=ORIENTED_EDGE('',*,*,#3046,.T.);
#4214=ORIENTED_EDGE('',*,*,#3049,.T.);
#4215=ORIENTED_EDGE('',*,*,#3052,.T.);
#4216=ORIENTED_EDGE('',*,*,#3055,.T.);
#4217=ORIENTED_EDGE('',*,*,#3058,.T.);
#4218=ORIENTED_EDGE('',*,*,#3061,.T.);
#4219=ORIENTED_EDGE('',*,*,#3064,.T.);
#4220=ORIENTED_EDGE('',*,*,#3067,.T.);
#4221=ORIENTED_EDGE('',*,*,#3070,.T.);
#4222=ORIENTED_EDGE('',*,*,#3073,.T.);
#4223=ORIENTED_EDGE('',*,*,#3076,.T.);
#4224=ORIENTED_EDGE('',*,*,#3079,.T.);
#4225=ORIENTED_EDGE('',*,*,#3082,.T.);
#4226=ORIENTED_EDGE('',*,*,#3085,.T.);
#4227=ORIENTED_EDGE('',*,*,#3088,.T.);
#4228=ORIENTED_EDGE('',*,*,#3091,.T.);
#4229=ORIENTED_EDGE('',*,*,#3094,.T.);
#4230=ORIENTED_EDGE('',*,*,#3097,.T.);
#4231=ORIENTED_EDGE('',*,*,#3100,.T.);
#4232=ORIENTED_EDGE('',*,*,#3025,.T.);
#4233=ORIENTED_EDGE('',*,*,#3003,.T.);
#4234=ORIENTED_EDGE('',*,*,#3007,.T.);
#4235=ORIENTED_EDGE('',*,*,#3010,.T.);
#4236=ORIENTED_EDGE('',*,*,#3013,.T.);
#4237=ORIENTED_EDGE('',*,*,#3016,.T.);
#4238=ORIENTED_EDGE('',*,*,#3019,.T.);
#4239=ORIENTED_EDGE('',*,*,#3022,.T.);
#4240=ORIENTED_EDGE('',*,*,#3104,.T.);
#4241=ORIENTED_EDGE('',*,*,#3101,.T.);
#4242=ORIENTED_EDGE('',*,*,#3098,.T.);
#4243=ORIENTED_EDGE('',*,*,#3095,.T.);
#4244=ORIENTED_EDGE('',*,*,#3092,.T.);
#4245=ORIENTED_EDGE('',*,*,#3089,.T.);
#4246=ORIENTED_EDGE('',*,*,#3086,.T.);
#4247=ORIENTED_EDGE('',*,*,#3083,.T.);
#4248=ORIENTED_EDGE('',*,*,#3080,.T.);
#4249=ORIENTED_EDGE('',*,*,#3077,.T.);
#4250=ORIENTED_EDGE('',*,*,#3074,.T.);
#4251=ORIENTED_EDGE('',*,*,#3071,.T.);
#4252=ORIENTED_EDGE('',*,*,#3068,.T.);
#4253=ORIENTED_EDGE('',*,*,#3065,.T.);
#4254=ORIENTED_EDGE('',*,*,#3062,.T.);
#4255=ORIENTED_EDGE('',*,*,#3059,.T.);
#4256=ORIENTED_EDGE('',*,*,#3056,.T.);
#4257=ORIENTED_EDGE('',*,*,#3053,.T.);
#4258=ORIENTED_EDGE('',*,*,#3050,.T.);
#4259=ORIENTED_EDGE('',*,*,#3047,.T.);
#4260=ORIENTED_EDGE('',*,*,#3044,.T.);
#4261=ORIENTED_EDGE('',*,*,#3041,.T.);
#4262=ORIENTED_EDGE('',*,*,#3038,.T.);
#4263=ORIENTED_EDGE('',*,*,#3035,.T.);
#4264=ORIENTED_EDGE('',*,*,#3032,.T.);
#4265=ORIENTED_EDGE('',*,*,#3029,.T.);
#4266=ORIENTED_EDGE('',*,*,#3026,.T.);
#4267=ORIENTED_EDGE('',*,*,#3023,.T.);
#4268=ORIENTED_EDGE('',*,*,#3020,.T.);
#4269=ORIENTED_EDGE('',*,*,#3017,.T.);
#4270=ORIENTED_EDGE('',*,*,#3014,.T.);
#4271=ORIENTED_EDGE('',*,*,#3011,.T.);
#4272=ORIENTED_EDGE('',*,*,#3008,.T.);
#4273=ORIENTED_EDGE('',*,*,#3005,.T.);
#4274=ORIENTED_EDGE('',*,*,#3105,.F.);
#4275=ORIENTED_EDGE('',*,*,#3106,.T.);
#4276=ORIENTED_EDGE('',*,*,#3107,.F.);
#4277=ORIENTED_EDGE('',*,*,#3108,.F.);
#4278=ORIENTED_EDGE('',*,*,#3109,.F.);
#4279=ORIENTED_EDGE('',*,*,#3108,.T.);
#4280=ORIENTED_EDGE('',*,*,#3110,.F.);
#4281=ORIENTED_EDGE('',*,*,#3111,.F.);
#4282=ORIENTED_EDGE('',*,*,#3112,.F.);
#4283=ORIENTED_EDGE('',*,*,#3111,.T.);
#4284=ORIENTED_EDGE('',*,*,#3113,.F.);
#4285=ORIENTED_EDGE('',*,*,#3114,.F.);
#4286=ORIENTED_EDGE('',*,*,#3115,.F.);
#4287=ORIENTED_EDGE('',*,*,#3114,.T.);
#4288=ORIENTED_EDGE('',*,*,#3116,.F.);
#4289=ORIENTED_EDGE('',*,*,#3117,.F.);
#4290=ORIENTED_EDGE('',*,*,#3118,.F.);
#4291=ORIENTED_EDGE('',*,*,#3117,.T.);
#4292=ORIENTED_EDGE('',*,*,#3119,.F.);
#4293=ORIENTED_EDGE('',*,*,#3120,.F.);
#4294=ORIENTED_EDGE('',*,*,#3121,.F.);
#4295=ORIENTED_EDGE('',*,*,#3120,.T.);
#4296=ORIENTED_EDGE('',*,*,#3122,.F.);
#4297=ORIENTED_EDGE('',*,*,#3123,.F.);
#4298=ORIENTED_EDGE('',*,*,#3124,.F.);
#4299=ORIENTED_EDGE('',*,*,#3123,.T.);
#4300=ORIENTED_EDGE('',*,*,#3125,.F.);
#4301=ORIENTED_EDGE('',*,*,#3126,.F.);
#4302=ORIENTED_EDGE('',*,*,#3127,.F.);
#4303=ORIENTED_EDGE('',*,*,#3126,.T.);
#4304=ORIENTED_EDGE('',*,*,#3128,.F.);
#4305=ORIENTED_EDGE('',*,*,#3129,.F.);
#4306=ORIENTED_EDGE('',*,*,#3130,.F.);
#4307=ORIENTED_EDGE('',*,*,#3129,.T.);
#4308=ORIENTED_EDGE('',*,*,#3131,.F.);
#4309=ORIENTED_EDGE('',*,*,#3132,.F.);
#4310=ORIENTED_EDGE('',*,*,#3133,.F.);
#4311=ORIENTED_EDGE('',*,*,#3132,.T.);
#4312=ORIENTED_EDGE('',*,*,#3134,.F.);
#4313=ORIENTED_EDGE('',*,*,#3135,.F.);
#4314=ORIENTED_EDGE('',*,*,#3136,.F.);
#4315=ORIENTED_EDGE('',*,*,#3135,.T.);
#4316=ORIENTED_EDGE('',*,*,#3137,.F.);
#4317=ORIENTED_EDGE('',*,*,#3138,.F.);
#4318=ORIENTED_EDGE('',*,*,#3139,.F.);
#4319=ORIENTED_EDGE('',*,*,#3138,.T.);
#4320=ORIENTED_EDGE('',*,*,#3140,.F.);
#4321=ORIENTED_EDGE('',*,*,#3141,.F.);
#4322=ORIENTED_EDGE('',*,*,#3142,.F.);
#4323=ORIENTED_EDGE('',*,*,#3141,.T.);
#4324=ORIENTED_EDGE('',*,*,#3143,.F.);
#4325=ORIENTED_EDGE('',*,*,#3144,.F.);
#4326=ORIENTED_EDGE('',*,*,#3145,.F.);
#4327=ORIENTED_EDGE('',*,*,#3144,.T.);
#4328=ORIENTED_EDGE('',*,*,#3146,.F.);
#4329=ORIENTED_EDGE('',*,*,#3147,.F.);
#4330=ORIENTED_EDGE('',*,*,#3148,.F.);
#4331=ORIENTED_EDGE('',*,*,#3147,.T.);
#4332=ORIENTED_EDGE('',*,*,#3149,.F.);
#4333=ORIENTED_EDGE('',*,*,#3150,.F.);
#4334=ORIENTED_EDGE('',*,*,#3151,.F.);
#4335=ORIENTED_EDGE('',*,*,#3150,.T.);
#4336=ORIENTED_EDGE('',*,*,#3152,.F.);
#4337=ORIENTED_EDGE('',*,*,#3153,.F.);
#4338=ORIENTED_EDGE('',*,*,#3154,.F.);
#4339=ORIENTED_EDGE('',*,*,#3153,.T.);
#4340=ORIENTED_EDGE('',*,*,#3155,.F.);
#4341=ORIENTED_EDGE('',*,*,#3156,.F.);
#4342=ORIENTED_EDGE('',*,*,#3157,.F.);
#4343=ORIENTED_EDGE('',*,*,#3156,.T.);
#4344=ORIENTED_EDGE('',*,*,#3158,.F.);
#4345=ORIENTED_EDGE('',*,*,#3159,.F.);
#4346=ORIENTED_EDGE('',*,*,#3160,.F.);
#4347=ORIENTED_EDGE('',*,*,#3159,.T.);
#4348=ORIENTED_EDGE('',*,*,#3161,.F.);
#4349=ORIENTED_EDGE('',*,*,#3162,.F.);
#4350=ORIENTED_EDGE('',*,*,#3163,.F.);
#4351=ORIENTED_EDGE('',*,*,#3162,.T.);
#4352=ORIENTED_EDGE('',*,*,#3164,.F.);
#4353=ORIENTED_EDGE('',*,*,#3106,.F.);
#4354=ORIENTED_EDGE('',*,*,#3165,.F.);
#4355=ORIENTED_EDGE('',*,*,#3166,.T.);
#4356=ORIENTED_EDGE('',*,*,#3167,.F.);
#4357=ORIENTED_EDGE('',*,*,#3168,.F.);
#4358=ORIENTED_EDGE('',*,*,#3169,.F.);
#4359=ORIENTED_EDGE('',*,*,#3168,.T.);
#4360=ORIENTED_EDGE('',*,*,#3170,.F.);
#4361=ORIENTED_EDGE('',*,*,#3171,.F.);
#4362=ORIENTED_EDGE('',*,*,#3172,.F.);
#4363=ORIENTED_EDGE('',*,*,#3171,.T.);
#4364=ORIENTED_EDGE('',*,*,#3173,.F.);
#4365=ORIENTED_EDGE('',*,*,#3174,.F.);
#4366=ORIENTED_EDGE('',*,*,#3175,.F.);
#4367=ORIENTED_EDGE('',*,*,#3174,.T.);
#4368=ORIENTED_EDGE('',*,*,#3176,.F.);
#4369=ORIENTED_EDGE('',*,*,#3177,.F.);
#4370=ORIENTED_EDGE('',*,*,#3178,.F.);
#4371=ORIENTED_EDGE('',*,*,#3177,.T.);
#4372=ORIENTED_EDGE('',*,*,#3179,.F.);
#4373=ORIENTED_EDGE('',*,*,#3180,.F.);
#4374=ORIENTED_EDGE('',*,*,#3181,.F.);
#4375=ORIENTED_EDGE('',*,*,#3180,.T.);
#4376=ORIENTED_EDGE('',*,*,#3182,.F.);
#4377=ORIENTED_EDGE('',*,*,#3183,.F.);
#4378=ORIENTED_EDGE('',*,*,#3184,.F.);
#4379=ORIENTED_EDGE('',*,*,#3183,.T.);
#4380=ORIENTED_EDGE('',*,*,#3185,.F.);
#4381=ORIENTED_EDGE('',*,*,#3186,.F.);
#4382=ORIENTED_EDGE('',*,*,#3187,.F.);
#4383=ORIENTED_EDGE('',*,*,#3186,.T.);
#4384=ORIENTED_EDGE('',*,*,#3188,.F.);
#4385=ORIENTED_EDGE('',*,*,#3189,.F.);
#4386=ORIENTED_EDGE('',*,*,#3190,.F.);
#4387=ORIENTED_EDGE('',*,*,#3189,.T.);
#4388=ORIENTED_EDGE('',*,*,#3191,.F.);
#4389=ORIENTED_EDGE('',*,*,#3192,.F.);
#4390=ORIENTED_EDGE('',*,*,#3193,.F.);
#4391=ORIENTED_EDGE('',*,*,#3192,.T.);
#4392=ORIENTED_EDGE('',*,*,#3194,.F.);
#4393=ORIENTED_EDGE('',*,*,#3195,.F.);
#4394=ORIENTED_EDGE('',*,*,#3196,.F.);
#4395=ORIENTED_EDGE('',*,*,#3195,.T.);
#4396=ORIENTED_EDGE('',*,*,#3197,.F.);
#4397=ORIENTED_EDGE('',*,*,#3198,.F.);
#4398=ORIENTED_EDGE('',*,*,#3199,.F.);
#4399=ORIENTED_EDGE('',*,*,#3198,.T.);
#4400=ORIENTED_EDGE('',*,*,#3200,.F.);
#4401=ORIENTED_EDGE('',*,*,#3201,.F.);
#4402=ORIENTED_EDGE('',*,*,#3202,.F.);
#4403=ORIENTED_EDGE('',*,*,#3201,.T.);
#4404=ORIENTED_EDGE('',*,*,#3203,.F.);
#4405=ORIENTED_EDGE('',*,*,#3204,.F.);
#4406=ORIENTED_EDGE('',*,*,#3205,.F.);
#4407=ORIENTED_EDGE('',*,*,#3204,.T.);
#4408=ORIENTED_EDGE('',*,*,#3206,.F.);
#4409=ORIENTED_EDGE('',*,*,#3207,.F.);
#4410=ORIENTED_EDGE('',*,*,#3208,.F.);
#4411=ORIENTED_EDGE('',*,*,#3207,.T.);
#4412=ORIENTED_EDGE('',*,*,#3209,.F.);
#4413=ORIENTED_EDGE('',*,*,#3210,.F.);
#4414=ORIENTED_EDGE('',*,*,#3211,.F.);
#4415=ORIENTED_EDGE('',*,*,#3210,.T.);
#4416=ORIENTED_EDGE('',*,*,#3212,.F.);
#4417=ORIENTED_EDGE('',*,*,#3213,.F.);
#4418=ORIENTED_EDGE('',*,*,#3214,.F.);
#4419=ORIENTED_EDGE('',*,*,#3213,.T.);
#4420=ORIENTED_EDGE('',*,*,#3215,.F.);
#4421=ORIENTED_EDGE('',*,*,#3216,.F.);
#4422=ORIENTED_EDGE('',*,*,#3217,.F.);
#4423=ORIENTED_EDGE('',*,*,#3216,.T.);
#4424=ORIENTED_EDGE('',*,*,#3218,.F.);
#4425=ORIENTED_EDGE('',*,*,#3219,.F.);
#4426=ORIENTED_EDGE('',*,*,#3220,.F.);
#4427=ORIENTED_EDGE('',*,*,#3219,.T.);
#4428=ORIENTED_EDGE('',*,*,#3221,.F.);
#4429=ORIENTED_EDGE('',*,*,#3222,.F.);
#4430=ORIENTED_EDGE('',*,*,#3223,.F.);
#4431=ORIENTED_EDGE('',*,*,#3222,.T.);
#4432=ORIENTED_EDGE('',*,*,#3224,.F.);
#4433=ORIENTED_EDGE('',*,*,#3225,.F.);
#4434=ORIENTED_EDGE('',*,*,#3226,.F.);
#4435=ORIENTED_EDGE('',*,*,#3225,.T.);
#4436=ORIENTED_EDGE('',*,*,#3227,.F.);
#4437=ORIENTED_EDGE('',*,*,#3228,.F.);
#4438=ORIENTED_EDGE('',*,*,#3229,.F.);
#4439=ORIENTED_EDGE('',*,*,#3228,.T.);
#4440=ORIENTED_EDGE('',*,*,#3230,.F.);
#4441=ORIENTED_EDGE('',*,*,#3166,.F.);
#4442=ORIENTED_EDGE('',*,*,#3229,.T.);
#4443=ORIENTED_EDGE('',*,*,#3165,.T.);
#4444=ORIENTED_EDGE('',*,*,#3169,.T.);
#4445=ORIENTED_EDGE('',*,*,#3172,.T.);
#4446=ORIENTED_EDGE('',*,*,#3175,.T.);
#4447=ORIENTED_EDGE('',*,*,#3178,.T.);
#4448=ORIENTED_EDGE('',*,*,#3181,.T.);
#4449=ORIENTED_EDGE('',*,*,#3184,.T.);
#4450=ORIENTED_EDGE('',*,*,#3187,.T.);
#4451=ORIENTED_EDGE('',*,*,#3190,.T.);
#4452=ORIENTED_EDGE('',*,*,#3193,.T.);
#4453=ORIENTED_EDGE('',*,*,#3196,.T.);
#4454=ORIENTED_EDGE('',*,*,#3199,.T.);
#4455=ORIENTED_EDGE('',*,*,#3202,.T.);
#4456=ORIENTED_EDGE('',*,*,#3205,.T.);
#4457=ORIENTED_EDGE('',*,*,#3208,.T.);
#4458=ORIENTED_EDGE('',*,*,#3211,.T.);
#4459=ORIENTED_EDGE('',*,*,#3214,.T.);
#4460=ORIENTED_EDGE('',*,*,#3217,.T.);
#4461=ORIENTED_EDGE('',*,*,#3220,.T.);
#4462=ORIENTED_EDGE('',*,*,#3223,.T.);
#4463=ORIENTED_EDGE('',*,*,#3226,.T.);
#4464=ORIENTED_EDGE('',*,*,#3163,.T.);
#4465=ORIENTED_EDGE('',*,*,#3105,.T.);
#4466=ORIENTED_EDGE('',*,*,#3109,.T.);
#4467=ORIENTED_EDGE('',*,*,#3112,.T.);
#4468=ORIENTED_EDGE('',*,*,#3115,.T.);
#4469=ORIENTED_EDGE('',*,*,#3118,.T.);
#4470=ORIENTED_EDGE('',*,*,#3121,.T.);
#4471=ORIENTED_EDGE('',*,*,#3124,.T.);
#4472=ORIENTED_EDGE('',*,*,#3127,.T.);
#4473=ORIENTED_EDGE('',*,*,#3130,.T.);
#4474=ORIENTED_EDGE('',*,*,#3133,.T.);
#4475=ORIENTED_EDGE('',*,*,#3136,.T.);
#4476=ORIENTED_EDGE('',*,*,#3139,.T.);
#4477=ORIENTED_EDGE('',*,*,#3142,.T.);
#4478=ORIENTED_EDGE('',*,*,#3145,.T.);
#4479=ORIENTED_EDGE('',*,*,#3148,.T.);
#4480=ORIENTED_EDGE('',*,*,#3151,.T.);
#4481=ORIENTED_EDGE('',*,*,#3154,.T.);
#4482=ORIENTED_EDGE('',*,*,#3157,.T.);
#4483=ORIENTED_EDGE('',*,*,#3160,.T.);
#4484=ORIENTED_EDGE('',*,*,#3230,.T.);
#4485=ORIENTED_EDGE('',*,*,#3227,.T.);
#4486=ORIENTED_EDGE('',*,*,#3224,.T.);
#4487=ORIENTED_EDGE('',*,*,#3221,.T.);
#4488=ORIENTED_EDGE('',*,*,#3218,.T.);
#4489=ORIENTED_EDGE('',*,*,#3215,.T.);
#4490=ORIENTED_EDGE('',*,*,#3212,.T.);
#4491=ORIENTED_EDGE('',*,*,#3209,.T.);
#4492=ORIENTED_EDGE('',*,*,#3206,.T.);
#4493=ORIENTED_EDGE('',*,*,#3203,.T.);
#4494=ORIENTED_EDGE('',*,*,#3200,.T.);
#4495=ORIENTED_EDGE('',*,*,#3197,.T.);
#4496=ORIENTED_EDGE('',*,*,#3194,.T.);
#4497=ORIENTED_EDGE('',*,*,#3191,.T.);
#4498=ORIENTED_EDGE('',*,*,#3188,.T.);
#4499=ORIENTED_EDGE('',*,*,#3185,.T.);
#4500=ORIENTED_EDGE('',*,*,#3182,.T.);
#4501=ORIENTED_EDGE('',*,*,#3179,.T.);
#4502=ORIENTED_EDGE('',*,*,#3176,.T.);
#4503=ORIENTED_EDGE('',*,*,#3173,.T.);
#4504=ORIENTED_EDGE('',*,*,#3170,.T.);
#4505=ORIENTED_EDGE('',*,*,#3167,.T.);
#4506=ORIENTED_EDGE('',*,*,#3164,.T.);
#4507=ORIENTED_EDGE('',*,*,#3161,.T.);
#4508=ORIENTED_EDGE('',*,*,#3158,.T.);
#4509=ORIENTED_EDGE('',*,*,#3155,.T.);
#4510=ORIENTED_EDGE('',*,*,#3152,.T.);
#4511=ORIENTED_EDGE('',*,*,#3149,.T.);
#4512=ORIENTED_EDGE('',*,*,#3146,.T.);
#4513=ORIENTED_EDGE('',*,*,#3143,.T.);
#4514=ORIENTED_EDGE('',*,*,#3140,.T.);
#4515=ORIENTED_EDGE('',*,*,#3137,.T.);
#4516=ORIENTED_EDGE('',*,*,#3134,.T.);
#4517=ORIENTED_EDGE('',*,*,#3131,.T.);
#4518=ORIENTED_EDGE('',*,*,#3128,.T.);
#4519=ORIENTED_EDGE('',*,*,#3125,.T.);
#4520=ORIENTED_EDGE('',*,*,#3122,.T.);
#4521=ORIENTED_EDGE('',*,*,#3119,.T.);
#4522=ORIENTED_EDGE('',*,*,#3116,.T.);
#4523=ORIENTED_EDGE('',*,*,#3113,.T.);
#4524=ORIENTED_EDGE('',*,*,#3110,.T.);
#4525=ORIENTED_EDGE('',*,*,#3107,.T.);
#4526=ORIENTED_EDGE('',*,*,#3231,.F.);
#4527=ORIENTED_EDGE('',*,*,#3232,.T.);
#4528=ORIENTED_EDGE('',*,*,#3233,.F.);
#4529=ORIENTED_EDGE('',*,*,#3234,.F.);
#4530=ORIENTED_EDGE('',*,*,#3235,.F.);
#4531=ORIENTED_EDGE('',*,*,#3234,.T.);
#4532=ORIENTED_EDGE('',*,*,#3236,.F.);
#4533=ORIENTED_EDGE('',*,*,#3237,.F.);
#4534=ORIENTED_EDGE('',*,*,#3238,.F.);
#4535=ORIENTED_EDGE('',*,*,#3237,.T.);
#4536=ORIENTED_EDGE('',*,*,#3239,.F.);
#4537=ORIENTED_EDGE('',*,*,#3240,.F.);
#4538=ORIENTED_EDGE('',*,*,#3241,.F.);
#4539=ORIENTED_EDGE('',*,*,#3240,.T.);
#4540=ORIENTED_EDGE('',*,*,#3242,.F.);
#4541=ORIENTED_EDGE('',*,*,#3243,.F.);
#4542=ORIENTED_EDGE('',*,*,#3244,.F.);
#4543=ORIENTED_EDGE('',*,*,#3243,.T.);
#4544=ORIENTED_EDGE('',*,*,#3245,.F.);
#4545=ORIENTED_EDGE('',*,*,#3246,.F.);
#4546=ORIENTED_EDGE('',*,*,#3247,.F.);
#4547=ORIENTED_EDGE('',*,*,#3246,.T.);
#4548=ORIENTED_EDGE('',*,*,#3248,.F.);
#4549=ORIENTED_EDGE('',*,*,#3249,.F.);
#4550=ORIENTED_EDGE('',*,*,#3250,.F.);
#4551=ORIENTED_EDGE('',*,*,#3249,.T.);
#4552=ORIENTED_EDGE('',*,*,#3251,.F.);
#4553=ORIENTED_EDGE('',*,*,#3252,.F.);
#4554=ORIENTED_EDGE('',*,*,#3253,.F.);
#4555=ORIENTED_EDGE('',*,*,#3252,.T.);
#4556=ORIENTED_EDGE('',*,*,#3254,.F.);
#4557=ORIENTED_EDGE('',*,*,#3255,.F.);
#4558=ORIENTED_EDGE('',*,*,#3256,.F.);
#4559=ORIENTED_EDGE('',*,*,#3255,.T.);
#4560=ORIENTED_EDGE('',*,*,#3257,.F.);
#4561=ORIENTED_EDGE('',*,*,#3258,.F.);
#4562=ORIENTED_EDGE('',*,*,#3259,.F.);
#4563=ORIENTED_EDGE('',*,*,#3258,.T.);
#4564=ORIENTED_EDGE('',*,*,#3260,.F.);
#4565=ORIENTED_EDGE('',*,*,#3261,.F.);
#4566=ORIENTED_EDGE('',*,*,#3262,.F.);
#4567=ORIENTED_EDGE('',*,*,#3261,.T.);
#4568=ORIENTED_EDGE('',*,*,#3263,.F.);
#4569=ORIENTED_EDGE('',*,*,#3264,.F.);
#4570=ORIENTED_EDGE('',*,*,#3265,.F.);
#4571=ORIENTED_EDGE('',*,*,#3264,.T.);
#4572=ORIENTED_EDGE('',*,*,#3266,.F.);
#4573=ORIENTED_EDGE('',*,*,#3267,.F.);
#4574=ORIENTED_EDGE('',*,*,#3268,.F.);
#4575=ORIENTED_EDGE('',*,*,#3267,.T.);
#4576=ORIENTED_EDGE('',*,*,#3269,.F.);
#4577=ORIENTED_EDGE('',*,*,#3270,.F.);
#4578=ORIENTED_EDGE('',*,*,#3271,.F.);
#4579=ORIENTED_EDGE('',*,*,#3270,.T.);
#4580=ORIENTED_EDGE('',*,*,#3272,.F.);
#4581=ORIENTED_EDGE('',*,*,#3273,.F.);
#4582=ORIENTED_EDGE('',*,*,#3274,.F.);
#4583=ORIENTED_EDGE('',*,*,#3273,.T.);
#4584=ORIENTED_EDGE('',*,*,#3275,.F.);
#4585=ORIENTED_EDGE('',*,*,#3232,.F.);
#4586=ORIENTED_EDGE('',*,*,#3274,.T.);
#4587=ORIENTED_EDGE('',*,*,#3231,.T.);
#4588=ORIENTED_EDGE('',*,*,#3235,.T.);
#4589=ORIENTED_EDGE('',*,*,#3238,.T.);
#4590=ORIENTED_EDGE('',*,*,#3241,.T.);
#4591=ORIENTED_EDGE('',*,*,#3244,.T.);
#4592=ORIENTED_EDGE('',*,*,#3247,.T.);
#4593=ORIENTED_EDGE('',*,*,#3250,.T.);
#4594=ORIENTED_EDGE('',*,*,#3253,.T.);
#4595=ORIENTED_EDGE('',*,*,#3256,.T.);
#4596=ORIENTED_EDGE('',*,*,#3259,.T.);
#4597=ORIENTED_EDGE('',*,*,#3262,.T.);
#4598=ORIENTED_EDGE('',*,*,#3265,.T.);
#4599=ORIENTED_EDGE('',*,*,#3268,.T.);
#4600=ORIENTED_EDGE('',*,*,#3271,.T.);
#4601=ORIENTED_EDGE('',*,*,#3275,.T.);
#4602=ORIENTED_EDGE('',*,*,#3272,.T.);
#4603=ORIENTED_EDGE('',*,*,#3269,.T.);
#4604=ORIENTED_EDGE('',*,*,#3266,.T.);
#4605=ORIENTED_EDGE('',*,*,#3263,.T.);
#4606=ORIENTED_EDGE('',*,*,#3260,.T.);
#4607=ORIENTED_EDGE('',*,*,#3257,.T.);
#4608=ORIENTED_EDGE('',*,*,#3254,.T.);
#4609=ORIENTED_EDGE('',*,*,#3251,.T.);
#4610=ORIENTED_EDGE('',*,*,#3248,.T.);
#4611=ORIENTED_EDGE('',*,*,#3245,.T.);
#4612=ORIENTED_EDGE('',*,*,#3242,.T.);
#4613=ORIENTED_EDGE('',*,*,#3239,.T.);
#4614=ORIENTED_EDGE('',*,*,#3236,.T.);
#4615=ORIENTED_EDGE('',*,*,#3233,.T.);
#4616=ORIENTED_EDGE('',*,*,#3276,.T.);
#4617=ORIENTED_EDGE('',*,*,#3277,.T.);
#4618=ORIENTED_EDGE('',*,*,#3278,.F.);
#4619=ORIENTED_EDGE('',*,*,#3279,.F.);
#4620=ORIENTED_EDGE('',*,*,#3280,.F.);
#4621=ORIENTED_EDGE('',*,*,#3279,.T.);
#4622=ORIENTED_EDGE('',*,*,#3281,.F.);
#4623=ORIENTED_EDGE('',*,*,#3282,.F.);
#4624=ORIENTED_EDGE('',*,*,#3283,.F.);
#4625=ORIENTED_EDGE('',*,*,#3282,.T.);
#4626=ORIENTED_EDGE('',*,*,#3284,.F.);
#4627=ORIENTED_EDGE('',*,*,#3285,.F.);
#4628=ORIENTED_EDGE('',*,*,#3286,.T.);
#4629=ORIENTED_EDGE('',*,*,#3285,.T.);
#4630=ORIENTED_EDGE('',*,*,#3287,.F.);
#4631=ORIENTED_EDGE('',*,*,#3277,.F.);
#4632=ORIENTED_EDGE('',*,*,#3280,.T.);
#4633=ORIENTED_EDGE('',*,*,#3283,.T.);
#4634=ORIENTED_EDGE('',*,*,#3286,.F.);
#4635=ORIENTED_EDGE('',*,*,#3276,.F.);
#4636=ORIENTED_EDGE('',*,*,#3287,.T.);
#4637=ORIENTED_EDGE('',*,*,#3284,.T.);
#4638=ORIENTED_EDGE('',*,*,#3281,.T.);
#4639=ORIENTED_EDGE('',*,*,#3278,.T.);
#4640=ORIENTED_EDGE('',*,*,#3288,.T.);
#4641=ORIENTED_EDGE('',*,*,#3289,.T.);
#4642=ORIENTED_EDGE('',*,*,#3290,.F.);
#4643=ORIENTED_EDGE('',*,*,#3291,.F.);
#4644=ORIENTED_EDGE('',*,*,#3292,.F.);
#4645=ORIENTED_EDGE('',*,*,#3291,.T.);
#4646=ORIENTED_EDGE('',*,*,#3293,.F.);
#4647=ORIENTED_EDGE('',*,*,#3294,.F.);
#4648=ORIENTED_EDGE('',*,*,#3295,.F.);
#4649=ORIENTED_EDGE('',*,*,#3294,.T.);
#4650=ORIENTED_EDGE('',*,*,#3296,.F.);
#4651=ORIENTED_EDGE('',*,*,#3297,.F.);
#4652=ORIENTED_EDGE('',*,*,#3298,.T.);
#4653=ORIENTED_EDGE('',*,*,#3297,.T.);
#4654=ORIENTED_EDGE('',*,*,#3299,.F.);
#4655=ORIENTED_EDGE('',*,*,#3289,.F.);
#4656=ORIENTED_EDGE('',*,*,#3292,.T.);
#4657=ORIENTED_EDGE('',*,*,#3295,.T.);
#4658=ORIENTED_EDGE('',*,*,#3298,.F.);
#4659=ORIENTED_EDGE('',*,*,#3288,.F.);
#4660=ORIENTED_EDGE('',*,*,#3299,.T.);
#4661=ORIENTED_EDGE('',*,*,#3296,.T.);
#4662=ORIENTED_EDGE('',*,*,#3293,.T.);
#4663=ORIENTED_EDGE('',*,*,#3290,.T.);
#4664=ORIENTED_EDGE('',*,*,#3300,.T.);
#4665=ORIENTED_EDGE('',*,*,#3301,.T.);
#4666=ORIENTED_EDGE('',*,*,#3302,.F.);
#4667=ORIENTED_EDGE('',*,*,#3303,.F.);
#4668=ORIENTED_EDGE('',*,*,#3304,.F.);
#4669=ORIENTED_EDGE('',*,*,#3303,.T.);
#4670=ORIENTED_EDGE('',*,*,#3305,.F.);
#4671=ORIENTED_EDGE('',*,*,#3306,.F.);
#4672=ORIENTED_EDGE('',*,*,#3307,.F.);
#4673=ORIENTED_EDGE('',*,*,#3306,.T.);
#4674=ORIENTED_EDGE('',*,*,#3308,.F.);
#4675=ORIENTED_EDGE('',*,*,#3309,.F.);
#4676=ORIENTED_EDGE('',*,*,#3310,.T.);
#4677=ORIENTED_EDGE('',*,*,#3309,.T.);
#4678=ORIENTED_EDGE('',*,*,#3311,.F.);
#4679=ORIENTED_EDGE('',*,*,#3301,.F.);
#4680=ORIENTED_EDGE('',*,*,#3304,.T.);
#4681=ORIENTED_EDGE('',*,*,#3307,.T.);
#4682=ORIENTED_EDGE('',*,*,#3310,.F.);
#4683=ORIENTED_EDGE('',*,*,#3300,.F.);
#4684=ORIENTED_EDGE('',*,*,#3311,.T.);
#4685=ORIENTED_EDGE('',*,*,#3308,.T.);
#4686=ORIENTED_EDGE('',*,*,#3305,.T.);
#4687=ORIENTED_EDGE('',*,*,#3302,.T.);
#4688=ORIENTED_EDGE('',*,*,#3312,.T.);
#4689=ORIENTED_EDGE('',*,*,#3313,.T.);
#4690=ORIENTED_EDGE('',*,*,#3314,.F.);
#4691=ORIENTED_EDGE('',*,*,#3315,.F.);
#4692=ORIENTED_EDGE('',*,*,#3316,.F.);
#4693=ORIENTED_EDGE('',*,*,#3315,.T.);
#4694=ORIENTED_EDGE('',*,*,#3317,.F.);
#4695=ORIENTED_EDGE('',*,*,#3318,.F.);
#4696=ORIENTED_EDGE('',*,*,#3319,.F.);
#4697=ORIENTED_EDGE('',*,*,#3318,.T.);
#4698=ORIENTED_EDGE('',*,*,#3320,.F.);
#4699=ORIENTED_EDGE('',*,*,#3321,.F.);
#4700=ORIENTED_EDGE('',*,*,#3322,.T.);
#4701=ORIENTED_EDGE('',*,*,#3321,.T.);
#4702=ORIENTED_EDGE('',*,*,#3323,.F.);
#4703=ORIENTED_EDGE('',*,*,#3313,.F.);
#4704=ORIENTED_EDGE('',*,*,#3316,.T.);
#4705=ORIENTED_EDGE('',*,*,#3319,.T.);
#4706=ORIENTED_EDGE('',*,*,#3322,.F.);
#4707=ORIENTED_EDGE('',*,*,#3312,.F.);
#4708=ORIENTED_EDGE('',*,*,#3323,.T.);
#4709=ORIENTED_EDGE('',*,*,#3320,.T.);
#4710=ORIENTED_EDGE('',*,*,#3317,.T.);
#4711=ORIENTED_EDGE('',*,*,#3314,.T.);
#4712=ORIENTED_EDGE('',*,*,#3324,.T.);
#4713=ORIENTED_EDGE('',*,*,#3325,.F.);
#4714=ORIENTED_EDGE('',*,*,#3326,.F.);
#4715=ORIENTED_EDGE('',*,*,#3327,.F.);
#4716=ORIENTED_EDGE('',*,*,#3328,.F.);
#4717=ORIENTED_EDGE('',*,*,#3326,.T.);
#4718=ORIENTED_EDGE('',*,*,#3329,.F.);
#4719=ORIENTED_EDGE('',*,*,#3330,.F.);
#4720=ORIENTED_EDGE('',*,*,#3331,.F.);
#4721=ORIENTED_EDGE('',*,*,#3330,.T.);
#4722=ORIENTED_EDGE('',*,*,#3332,.F.);
#4723=ORIENTED_EDGE('',*,*,#3333,.F.);
#4724=ORIENTED_EDGE('',*,*,#3334,.F.);
#4725=ORIENTED_EDGE('',*,*,#3335,.T.);
#4726=ORIENTED_EDGE('',*,*,#3336,.F.);
#4727=ORIENTED_EDGE('',*,*,#3337,.F.);
#4728=ORIENTED_EDGE('',*,*,#3338,.F.);
#4729=ORIENTED_EDGE('',*,*,#3339,.T.);
#4730=ORIENTED_EDGE('',*,*,#3340,.F.);
#4731=ORIENTED_EDGE('',*,*,#3341,.F.);
#4732=ORIENTED_EDGE('',*,*,#3342,.T.);
#4733=ORIENTED_EDGE('',*,*,#3337,.T.);
#4734=ORIENTED_EDGE('',*,*,#3343,.F.);
#4735=ORIENTED_EDGE('',*,*,#3344,.F.);
#4736=ORIENTED_EDGE('',*,*,#3345,.T.);
#4737=ORIENTED_EDGE('',*,*,#3344,.T.);
#4738=ORIENTED_EDGE('',*,*,#3346,.F.);
#4739=ORIENTED_EDGE('',*,*,#3347,.F.);
#4740=ORIENTED_EDGE('',*,*,#3348,.T.);
#4741=ORIENTED_EDGE('',*,*,#3347,.T.);
#4742=ORIENTED_EDGE('',*,*,#3349,.F.);
#4743=ORIENTED_EDGE('',*,*,#3350,.F.);
#4744=ORIENTED_EDGE('',*,*,#3351,.T.);
#4745=ORIENTED_EDGE('',*,*,#3350,.T.);
#4746=ORIENTED_EDGE('',*,*,#3352,.F.);
#4747=ORIENTED_EDGE('',*,*,#3353,.F.);
#4748=ORIENTED_EDGE('',*,*,#3354,.T.);
#4749=ORIENTED_EDGE('',*,*,#3353,.T.);
#4750=ORIENTED_EDGE('',*,*,#3355,.F.);
#4751=ORIENTED_EDGE('',*,*,#3356,.F.);
#4752=ORIENTED_EDGE('',*,*,#3357,.T.);
#4753=ORIENTED_EDGE('',*,*,#3356,.T.);
#4754=ORIENTED_EDGE('',*,*,#3358,.F.);
#4755=ORIENTED_EDGE('',*,*,#3359,.F.);
#4756=ORIENTED_EDGE('',*,*,#3360,.T.);
#4757=ORIENTED_EDGE('',*,*,#3359,.T.);
#4758=ORIENTED_EDGE('',*,*,#3361,.F.);
#4759=ORIENTED_EDGE('',*,*,#3362,.F.);
#4760=ORIENTED_EDGE('',*,*,#3363,.T.);
#4761=ORIENTED_EDGE('',*,*,#3362,.T.);
#4762=ORIENTED_EDGE('',*,*,#3364,.F.);
#4763=ORIENTED_EDGE('',*,*,#3365,.F.);
#4764=ORIENTED_EDGE('',*,*,#3366,.F.);
#4765=ORIENTED_EDGE('',*,*,#3365,.T.);
#4766=ORIENTED_EDGE('',*,*,#3367,.F.);
#4767=ORIENTED_EDGE('',*,*,#3339,.F.);
#4768=ORIENTED_EDGE('',*,*,#3368,.T.);
#4769=ORIENTED_EDGE('',*,*,#3341,.T.);
#4770=ORIENTED_EDGE('',*,*,#3369,.F.);
#4771=ORIENTED_EDGE('',*,*,#3370,.F.);
#4772=ORIENTED_EDGE('',*,*,#3371,.T.);
#4773=ORIENTED_EDGE('',*,*,#3370,.T.);
#4774=ORIENTED_EDGE('',*,*,#3372,.F.);
#4775=ORIENTED_EDGE('',*,*,#3373,.F.);
#4776=ORIENTED_EDGE('',*,*,#3374,.T.);
#4777=ORIENTED_EDGE('',*,*,#3373,.T.);
#4778=ORIENTED_EDGE('',*,*,#3375,.F.);
#4779=ORIENTED_EDGE('',*,*,#3376,.F.);
#4780=ORIENTED_EDGE('',*,*,#3377,.T.);
#4781=ORIENTED_EDGE('',*,*,#3376,.T.);
#4782=ORIENTED_EDGE('',*,*,#3378,.F.);
#4783=ORIENTED_EDGE('',*,*,#3379,.F.);
#4784=ORIENTED_EDGE('',*,*,#3380,.T.);
#4785=ORIENTED_EDGE('',*,*,#3379,.T.);
#4786=ORIENTED_EDGE('',*,*,#3381,.F.);
#4787=ORIENTED_EDGE('',*,*,#3382,.F.);
#4788=ORIENTED_EDGE('',*,*,#3383,.T.);
#4789=ORIENTED_EDGE('',*,*,#3382,.T.);
#4790=ORIENTED_EDGE('',*,*,#3384,.F.);
#4791=ORIENTED_EDGE('',*,*,#3385,.F.);
#4792=ORIENTED_EDGE('',*,*,#3386,.T.);
#4793=ORIENTED_EDGE('',*,*,#3385,.T.);
#4794=ORIENTED_EDGE('',*,*,#3387,.F.);
#4795=ORIENTED_EDGE('',*,*,#3388,.F.);
#4796=ORIENTED_EDGE('',*,*,#3389,.T.);
#4797=ORIENTED_EDGE('',*,*,#3388,.T.);
#4798=ORIENTED_EDGE('',*,*,#3390,.F.);
#4799=ORIENTED_EDGE('',*,*,#3391,.F.);
#4800=ORIENTED_EDGE('',*,*,#3392,.T.);
#4801=ORIENTED_EDGE('',*,*,#3391,.T.);
#4802=ORIENTED_EDGE('',*,*,#3393,.F.);
#4803=ORIENTED_EDGE('',*,*,#3324,.F.);
#4804=ORIENTED_EDGE('',*,*,#3394,.T.);
#4805=ORIENTED_EDGE('',*,*,#3333,.T.);
#4806=ORIENTED_EDGE('',*,*,#3395,.F.);
#4807=ORIENTED_EDGE('',*,*,#3396,.F.);
#4808=ORIENTED_EDGE('',*,*,#3397,.T.);
#4809=ORIENTED_EDGE('',*,*,#3396,.T.);
#4810=ORIENTED_EDGE('',*,*,#3398,.F.);
#4811=ORIENTED_EDGE('',*,*,#3399,.F.);
#4812=ORIENTED_EDGE('',*,*,#3400,.T.);
#4813=ORIENTED_EDGE('',*,*,#3399,.T.);
#4814=ORIENTED_EDGE('',*,*,#3401,.F.);
#4815=ORIENTED_EDGE('',*,*,#3402,.F.);
#4816=ORIENTED_EDGE('',*,*,#3403,.T.);
#4817=ORIENTED_EDGE('',*,*,#3402,.T.);
#4818=ORIENTED_EDGE('',*,*,#3404,.F.);
#4819=ORIENTED_EDGE('',*,*,#3405,.F.);
#4820=ORIENTED_EDGE('',*,*,#3406,.T.);
#4821=ORIENTED_EDGE('',*,*,#3405,.T.);
#4822=ORIENTED_EDGE('',*,*,#3407,.F.);
#4823=ORIENTED_EDGE('',*,*,#3408,.F.);
#4824=ORIENTED_EDGE('',*,*,#3409,.T.);
#4825=ORIENTED_EDGE('',*,*,#3408,.T.);
#4826=ORIENTED_EDGE('',*,*,#3410,.F.);
#4827=ORIENTED_EDGE('',*,*,#3411,.F.);
#4828=ORIENTED_EDGE('',*,*,#3412,.T.);
#4829=ORIENTED_EDGE('',*,*,#3411,.T.);
#4830=ORIENTED_EDGE('',*,*,#3413,.F.);
#4831=ORIENTED_EDGE('',*,*,#3414,.F.);
#4832=ORIENTED_EDGE('',*,*,#3415,.T.);
#4833=ORIENTED_EDGE('',*,*,#3414,.T.);
#4834=ORIENTED_EDGE('',*,*,#3416,.F.);
#4835=ORIENTED_EDGE('',*,*,#3417,.F.);
#4836=ORIENTED_EDGE('',*,*,#3418,.F.);
#4837=ORIENTED_EDGE('',*,*,#3417,.T.);
#4838=ORIENTED_EDGE('',*,*,#3419,.F.);
#4839=ORIENTED_EDGE('',*,*,#3335,.F.);
#4840=ORIENTED_EDGE('',*,*,#3419,.T.);
#4841=ORIENTED_EDGE('',*,*,#3416,.T.);
#4842=ORIENTED_EDGE('',*,*,#3413,.T.);
#4843=ORIENTED_EDGE('',*,*,#3410,.T.);
#4844=ORIENTED_EDGE('',*,*,#3407,.T.);
#4845=ORIENTED_EDGE('',*,*,#3404,.T.);
#4846=ORIENTED_EDGE('',*,*,#3401,.T.);
#4847=ORIENTED_EDGE('',*,*,#3398,.T.);
#4848=ORIENTED_EDGE('',*,*,#3395,.T.);
#4849=ORIENTED_EDGE('',*,*,#3332,.T.);
#4850=ORIENTED_EDGE('',*,*,#3329,.T.);
#4851=ORIENTED_EDGE('',*,*,#3325,.T.);
#4852=ORIENTED_EDGE('',*,*,#3393,.T.);
#4853=ORIENTED_EDGE('',*,*,#3390,.T.);
#4854=ORIENTED_EDGE('',*,*,#3387,.T.);
#4855=ORIENTED_EDGE('',*,*,#3384,.T.);
#4856=ORIENTED_EDGE('',*,*,#3381,.T.);
#4857=ORIENTED_EDGE('',*,*,#3378,.T.);
#4858=ORIENTED_EDGE('',*,*,#3375,.T.);
#4859=ORIENTED_EDGE('',*,*,#3372,.T.);
#4860=ORIENTED_EDGE('',*,*,#3369,.T.);
#4861=ORIENTED_EDGE('',*,*,#3340,.T.);
#4862=ORIENTED_EDGE('',*,*,#3367,.T.);
#4863=ORIENTED_EDGE('',*,*,#3364,.T.);
#4864=ORIENTED_EDGE('',*,*,#3361,.T.);
#4865=ORIENTED_EDGE('',*,*,#3358,.T.);
#4866=ORIENTED_EDGE('',*,*,#3355,.T.);
#4867=ORIENTED_EDGE('',*,*,#3352,.T.);
#4868=ORIENTED_EDGE('',*,*,#3349,.T.);
#4869=ORIENTED_EDGE('',*,*,#3346,.T.);
#4870=ORIENTED_EDGE('',*,*,#3343,.T.);
#4871=ORIENTED_EDGE('',*,*,#3336,.T.);
#4872=ORIENTED_EDGE('',*,*,#3342,.F.);
#4873=ORIENTED_EDGE('',*,*,#3345,.F.);
#4874=ORIENTED_EDGE('',*,*,#3348,.F.);
#4875=ORIENTED_EDGE('',*,*,#3351,.F.);
#4876=ORIENTED_EDGE('',*,*,#3354,.F.);
#4877=ORIENTED_EDGE('',*,*,#3357,.F.);
#4878=ORIENTED_EDGE('',*,*,#3360,.F.);
#4879=ORIENTED_EDGE('',*,*,#3363,.F.);
#4880=ORIENTED_EDGE('',*,*,#3366,.T.);
#4881=ORIENTED_EDGE('',*,*,#3338,.T.);
#4882=ORIENTED_EDGE('',*,*,#3368,.F.);
#4883=ORIENTED_EDGE('',*,*,#3371,.F.);
#4884=ORIENTED_EDGE('',*,*,#3374,.F.);
#4885=ORIENTED_EDGE('',*,*,#3377,.F.);
#4886=ORIENTED_EDGE('',*,*,#3380,.F.);
#4887=ORIENTED_EDGE('',*,*,#3383,.F.);
#4888=ORIENTED_EDGE('',*,*,#3386,.F.);
#4889=ORIENTED_EDGE('',*,*,#3389,.F.);
#4890=ORIENTED_EDGE('',*,*,#3392,.F.);
#4891=ORIENTED_EDGE('',*,*,#3327,.T.);
#4892=ORIENTED_EDGE('',*,*,#3328,.T.);
#4893=ORIENTED_EDGE('',*,*,#3331,.T.);
#4894=ORIENTED_EDGE('',*,*,#3394,.F.);
#4895=ORIENTED_EDGE('',*,*,#3397,.F.);
#4896=ORIENTED_EDGE('',*,*,#3400,.F.);
#4897=ORIENTED_EDGE('',*,*,#3403,.F.);
#4898=ORIENTED_EDGE('',*,*,#3406,.F.);
#4899=ORIENTED_EDGE('',*,*,#3409,.F.);
#4900=ORIENTED_EDGE('',*,*,#3412,.F.);
#4901=ORIENTED_EDGE('',*,*,#3415,.F.);
#4902=ORIENTED_EDGE('',*,*,#3418,.T.);
#4903=ORIENTED_EDGE('',*,*,#3334,.T.);
#4904=ORIENTED_EDGE('',*,*,#3420,.F.);
#4905=ORIENTED_EDGE('',*,*,#3421,.T.);
#4906=ORIENTED_EDGE('',*,*,#3422,.F.);
#4907=ORIENTED_EDGE('',*,*,#3423,.F.);
#4908=ORIENTED_EDGE('',*,*,#3424,.F.);
#4909=ORIENTED_EDGE('',*,*,#3425,.T.);
#4910=ORIENTED_EDGE('',*,*,#3426,.F.);
#4911=ORIENTED_EDGE('',*,*,#3427,.F.);
#4912=ORIENTED_EDGE('',*,*,#3428,.F.);
#4913=ORIENTED_EDGE('',*,*,#3429,.T.);
#4914=ORIENTED_EDGE('',*,*,#3430,.F.);
#4915=ORIENTED_EDGE('',*,*,#3431,.F.);
#4916=ORIENTED_EDGE('',*,*,#3432,.F.);
#4917=ORIENTED_EDGE('',*,*,#3433,.T.);
#4918=ORIENTED_EDGE('',*,*,#3434,.F.);
#4919=ORIENTED_EDGE('',*,*,#3429,.F.);
#4920=ORIENTED_EDGE('',*,*,#3435,.T.);
#4921=ORIENTED_EDGE('',*,*,#3431,.T.);
#4922=ORIENTED_EDGE('',*,*,#3436,.F.);
#4923=ORIENTED_EDGE('',*,*,#3437,.F.);
#4924=ORIENTED_EDGE('',*,*,#3438,.T.);
#4925=ORIENTED_EDGE('',*,*,#3437,.T.);
#4926=ORIENTED_EDGE('',*,*,#3439,.F.);
#4927=ORIENTED_EDGE('',*,*,#3440,.F.);
#4928=ORIENTED_EDGE('',*,*,#3441,.T.);
#4929=ORIENTED_EDGE('',*,*,#3440,.T.);
#4930=ORIENTED_EDGE('',*,*,#3442,.F.);
#4931=ORIENTED_EDGE('',*,*,#3443,.F.);
#4932=ORIENTED_EDGE('',*,*,#3444,.T.);
#4933=ORIENTED_EDGE('',*,*,#3443,.T.);
#4934=ORIENTED_EDGE('',*,*,#3445,.F.);
#4935=ORIENTED_EDGE('',*,*,#3446,.F.);
#4936=ORIENTED_EDGE('',*,*,#3447,.T.);
#4937=ORIENTED_EDGE('',*,*,#3446,.T.);
#4938=ORIENTED_EDGE('',*,*,#3448,.F.);
#4939=ORIENTED_EDGE('',*,*,#3449,.F.);
#4940=ORIENTED_EDGE('',*,*,#3450,.T.);
#4941=ORIENTED_EDGE('',*,*,#3449,.T.);
#4942=ORIENTED_EDGE('',*,*,#3451,.F.);
#4943=ORIENTED_EDGE('',*,*,#3452,.F.);
#4944=ORIENTED_EDGE('',*,*,#3453,.T.);
#4945=ORIENTED_EDGE('',*,*,#3452,.T.);
#4946=ORIENTED_EDGE('',*,*,#3454,.F.);
#4947=ORIENTED_EDGE('',*,*,#3455,.F.);
#4948=ORIENTED_EDGE('',*,*,#3456,.T.);
#4949=ORIENTED_EDGE('',*,*,#3455,.T.);
#4950=ORIENTED_EDGE('',*,*,#3457,.F.);
#4951=ORIENTED_EDGE('',*,*,#3458,.F.);
#4952=ORIENTED_EDGE('',*,*,#3459,.F.);
#4953=ORIENTED_EDGE('',*,*,#3458,.T.);
#4954=ORIENTED_EDGE('',*,*,#3460,.F.);
#4955=ORIENTED_EDGE('',*,*,#3421,.F.);
#4956=ORIENTED_EDGE('',*,*,#3461,.T.);
#4957=ORIENTED_EDGE('',*,*,#3423,.T.);
#4958=ORIENTED_EDGE('',*,*,#3462,.F.);
#4959=ORIENTED_EDGE('',*,*,#3463,.F.);
#4960=ORIENTED_EDGE('',*,*,#3464,.T.);
#4961=ORIENTED_EDGE('',*,*,#3463,.T.);
#4962=ORIENTED_EDGE('',*,*,#3465,.F.);
#4963=ORIENTED_EDGE('',*,*,#3466,.F.);
#4964=ORIENTED_EDGE('',*,*,#3467,.T.);
#4965=ORIENTED_EDGE('',*,*,#3466,.T.);
#4966=ORIENTED_EDGE('',*,*,#3468,.F.);
#4967=ORIENTED_EDGE('',*,*,#3469,.F.);
#4968=ORIENTED_EDGE('',*,*,#3470,.T.);
#4969=ORIENTED_EDGE('',*,*,#3469,.T.);
#4970=ORIENTED_EDGE('',*,*,#3471,.F.);
#4971=ORIENTED_EDGE('',*,*,#3472,.F.);
#4972=ORIENTED_EDGE('',*,*,#3473,.T.);
#4973=ORIENTED_EDGE('',*,*,#3472,.T.);
#4974=ORIENTED_EDGE('',*,*,#3474,.F.);
#4975=ORIENTED_EDGE('',*,*,#3475,.F.);
#4976=ORIENTED_EDGE('',*,*,#3476,.T.);
#4977=ORIENTED_EDGE('',*,*,#3475,.T.);
#4978=ORIENTED_EDGE('',*,*,#3477,.F.);
#4979=ORIENTED_EDGE('',*,*,#3478,.F.);
#4980=ORIENTED_EDGE('',*,*,#3479,.T.);
#4981=ORIENTED_EDGE('',*,*,#3478,.T.);
#4982=ORIENTED_EDGE('',*,*,#3480,.F.);
#4983=ORIENTED_EDGE('',*,*,#3481,.F.);
#4984=ORIENTED_EDGE('',*,*,#3482,.T.);
#4985=ORIENTED_EDGE('',*,*,#3481,.T.);
#4986=ORIENTED_EDGE('',*,*,#3483,.F.);
#4987=ORIENTED_EDGE('',*,*,#3484,.F.);
#4988=ORIENTED_EDGE('',*,*,#3485,.F.);
#4989=ORIENTED_EDGE('',*,*,#3484,.T.);
#4990=ORIENTED_EDGE('',*,*,#3486,.F.);
#4991=ORIENTED_EDGE('',*,*,#3425,.F.);
#4992=ORIENTED_EDGE('',*,*,#3487,.T.);
#4993=ORIENTED_EDGE('',*,*,#3427,.T.);
#4994=ORIENTED_EDGE('',*,*,#3488,.F.);
#4995=ORIENTED_EDGE('',*,*,#3489,.F.);
#4996=ORIENTED_EDGE('',*,*,#3490,.T.);
#4997=ORIENTED_EDGE('',*,*,#3489,.T.);
#4998=ORIENTED_EDGE('',*,*,#3491,.F.);
#4999=ORIENTED_EDGE('',*,*,#3492,.F.);
#5000=ORIENTED_EDGE('',*,*,#3493,.T.);
#5001=ORIENTED_EDGE('',*,*,#3492,.T.);
#5002=ORIENTED_EDGE('',*,*,#3494,.F.);
#5003=ORIENTED_EDGE('',*,*,#3495,.F.);
#5004=ORIENTED_EDGE('',*,*,#3496,.T.);
#5005=ORIENTED_EDGE('',*,*,#3495,.T.);
#5006=ORIENTED_EDGE('',*,*,#3497,.F.);
#5007=ORIENTED_EDGE('',*,*,#3498,.F.);
#5008=ORIENTED_EDGE('',*,*,#3499,.T.);
#5009=ORIENTED_EDGE('',*,*,#3498,.T.);
#5010=ORIENTED_EDGE('',*,*,#3500,.F.);
#5011=ORIENTED_EDGE('',*,*,#3501,.F.);
#5012=ORIENTED_EDGE('',*,*,#3502,.T.);
#5013=ORIENTED_EDGE('',*,*,#3501,.T.);
#5014=ORIENTED_EDGE('',*,*,#3503,.F.);
#5015=ORIENTED_EDGE('',*,*,#3504,.F.);
#5016=ORIENTED_EDGE('',*,*,#3505,.T.);
#5017=ORIENTED_EDGE('',*,*,#3504,.T.);
#5018=ORIENTED_EDGE('',*,*,#3506,.F.);
#5019=ORIENTED_EDGE('',*,*,#3507,.F.);
#5020=ORIENTED_EDGE('',*,*,#3508,.T.);
#5021=ORIENTED_EDGE('',*,*,#3507,.T.);
#5022=ORIENTED_EDGE('',*,*,#3509,.F.);
#5023=ORIENTED_EDGE('',*,*,#3433,.F.);
#5024=ORIENTED_EDGE('',*,*,#3509,.T.);
#5025=ORIENTED_EDGE('',*,*,#3506,.T.);
#5026=ORIENTED_EDGE('',*,*,#3503,.T.);
#5027=ORIENTED_EDGE('',*,*,#3500,.T.);
#5028=ORIENTED_EDGE('',*,*,#3497,.T.);
#5029=ORIENTED_EDGE('',*,*,#3494,.T.);
#5030=ORIENTED_EDGE('',*,*,#3491,.T.);
#5031=ORIENTED_EDGE('',*,*,#3488,.T.);
#5032=ORIENTED_EDGE('',*,*,#3426,.T.);
#5033=ORIENTED_EDGE('',*,*,#3486,.T.);
#5034=ORIENTED_EDGE('',*,*,#3483,.T.);
#5035=ORIENTED_EDGE('',*,*,#3480,.T.);
#5036=ORIENTED_EDGE('',*,*,#3477,.T.);
#5037=ORIENTED_EDGE('',*,*,#3474,.T.);
#5038=ORIENTED_EDGE('',*,*,#3471,.T.);
#5039=ORIENTED_EDGE('',*,*,#3468,.T.);
#5040=ORIENTED_EDGE('',*,*,#3465,.T.);
#5041=ORIENTED_EDGE('',*,*,#3462,.T.);
#5042=ORIENTED_EDGE('',*,*,#3422,.T.);
#5043=ORIENTED_EDGE('',*,*,#3460,.T.);
#5044=ORIENTED_EDGE('',*,*,#3457,.T.);
#5045=ORIENTED_EDGE('',*,*,#3454,.T.);
#5046=ORIENTED_EDGE('',*,*,#3451,.T.);
#5047=ORIENTED_EDGE('',*,*,#3448,.T.);
#5048=ORIENTED_EDGE('',*,*,#3445,.T.);
#5049=ORIENTED_EDGE('',*,*,#3442,.T.);
#5050=ORIENTED_EDGE('',*,*,#3439,.T.);
#5051=ORIENTED_EDGE('',*,*,#3436,.T.);
#5052=ORIENTED_EDGE('',*,*,#3430,.T.);
#5053=ORIENTED_EDGE('',*,*,#3434,.T.);
#5054=ORIENTED_EDGE('',*,*,#3508,.F.);
#5055=ORIENTED_EDGE('',*,*,#3432,.T.);
#5056=ORIENTED_EDGE('',*,*,#3428,.T.);
#5057=ORIENTED_EDGE('',*,*,#3435,.F.);
#5058=ORIENTED_EDGE('',*,*,#3438,.F.);
#5059=ORIENTED_EDGE('',*,*,#3441,.F.);
#5060=ORIENTED_EDGE('',*,*,#3444,.F.);
#5061=ORIENTED_EDGE('',*,*,#3447,.F.);
#5062=ORIENTED_EDGE('',*,*,#3450,.F.);
#5063=ORIENTED_EDGE('',*,*,#3453,.F.);
#5064=ORIENTED_EDGE('',*,*,#3456,.F.);
#5065=ORIENTED_EDGE('',*,*,#3459,.T.);
#5066=ORIENTED_EDGE('',*,*,#3420,.T.);
#5067=ORIENTED_EDGE('',*,*,#3461,.F.);
#5068=ORIENTED_EDGE('',*,*,#3464,.F.);
#5069=ORIENTED_EDGE('',*,*,#3467,.F.);
#5070=ORIENTED_EDGE('',*,*,#3470,.F.);
#5071=ORIENTED_EDGE('',*,*,#3473,.F.);
#5072=ORIENTED_EDGE('',*,*,#3476,.F.);
#5073=ORIENTED_EDGE('',*,*,#3479,.F.);
#5074=ORIENTED_EDGE('',*,*,#3482,.F.);
#5075=ORIENTED_EDGE('',*,*,#3485,.T.);
#5076=ORIENTED_EDGE('',*,*,#3424,.T.);
#5077=ORIENTED_EDGE('',*,*,#3487,.F.);
#5078=ORIENTED_EDGE('',*,*,#3490,.F.);
#5079=ORIENTED_EDGE('',*,*,#3493,.F.);
#5080=ORIENTED_EDGE('',*,*,#3496,.F.);
#5081=ORIENTED_EDGE('',*,*,#3499,.F.);
#5082=ORIENTED_EDGE('',*,*,#3502,.F.);
#5083=ORIENTED_EDGE('',*,*,#3505,.F.);
#5084=ORIENTED_EDGE('',*,*,#3510,.T.);
#5085=ORIENTED_EDGE('',*,*,#3511,.F.);
#5086=ORIENTED_EDGE('',*,*,#3512,.F.);
#5087=ORIENTED_EDGE('',*,*,#3513,.T.);
#5088=ORIENTED_EDGE('',*,*,#3514,.T.);
#5089=ORIENTED_EDGE('',*,*,#3515,.F.);
#5090=ORIENTED_EDGE('',*,*,#3516,.F.);
#5091=ORIENTED_EDGE('',*,*,#3511,.T.);
#5092=ORIENTED_EDGE('',*,*,#3517,.T.);
#5093=ORIENTED_EDGE('',*,*,#3518,.F.);
#5094=ORIENTED_EDGE('',*,*,#3519,.F.);
#5095=ORIENTED_EDGE('',*,*,#3515,.T.);
#5096=ORIENTED_EDGE('',*,*,#3520,.T.);
#5097=ORIENTED_EDGE('',*,*,#3513,.F.);
#5098=ORIENTED_EDGE('',*,*,#3521,.F.);
#5099=ORIENTED_EDGE('',*,*,#3518,.T.);
#5100=ORIENTED_EDGE('',*,*,#3512,.T.);
#5101=ORIENTED_EDGE('',*,*,#3516,.T.);
#5102=ORIENTED_EDGE('',*,*,#3519,.T.);
#5103=ORIENTED_EDGE('',*,*,#3521,.T.);
#5104=ORIENTED_EDGE('',*,*,#3510,.F.);
#5105=ORIENTED_EDGE('',*,*,#3520,.F.);
#5106=ORIENTED_EDGE('',*,*,#3517,.F.);
#5107=ORIENTED_EDGE('',*,*,#3514,.F.);
#5108=ORIENTED_EDGE('',*,*,#3522,.F.);
#5109=ORIENTED_EDGE('',*,*,#3523,.T.);
#5110=ORIENTED_EDGE('',*,*,#3524,.T.);
#5111=ORIENTED_EDGE('',*,*,#3525,.T.);
#5112=ORIENTED_EDGE('',*,*,#3526,.F.);
#5113=ORIENTED_EDGE('',*,*,#3527,.T.);
#5114=ORIENTED_EDGE('',*,*,#3522,.T.);
#5115=ORIENTED_EDGE('',*,*,#3528,.T.);
#5116=ORIENTED_EDGE('',*,*,#3529,.F.);
#5117=ORIENTED_EDGE('',*,*,#3530,.T.);
#5118=ORIENTED_EDGE('',*,*,#3526,.T.);
#5119=ORIENTED_EDGE('',*,*,#3531,.T.);
#5120=ORIENTED_EDGE('',*,*,#3524,.F.);
#5121=ORIENTED_EDGE('',*,*,#3532,.T.);
#5122=ORIENTED_EDGE('',*,*,#3529,.T.);
#5123=ORIENTED_EDGE('',*,*,#3533,.T.);
#5124=ORIENTED_EDGE('',*,*,#3534,.T.);
#5125=ORIENTED_EDGE('',*,*,#3535,.T.);
#5126=ORIENTED_EDGE('',*,*,#3536,.T.);
#5127=ORIENTED_EDGE('',*,*,#3537,.T.);
#5128=ORIENTED_EDGE('',*,*,#3525,.F.);
#5129=ORIENTED_EDGE('',*,*,#3533,.F.);
#5130=ORIENTED_EDGE('',*,*,#3531,.F.);
#5131=ORIENTED_EDGE('',*,*,#3528,.F.);
#5132=ORIENTED_EDGE('',*,*,#3538,.F.);
#5133=ORIENTED_EDGE('',*,*,#3527,.F.);
#5134=ORIENTED_EDGE('',*,*,#3539,.F.);
#5135=ORIENTED_EDGE('',*,*,#3537,.F.);
#5136=ORIENTED_EDGE('',*,*,#3539,.T.);
#5137=ORIENTED_EDGE('',*,*,#3530,.F.);
#5138=ORIENTED_EDGE('',*,*,#3540,.F.);
#5139=ORIENTED_EDGE('',*,*,#3534,.F.);
#5140=ORIENTED_EDGE('',*,*,#3538,.T.);
#5141=ORIENTED_EDGE('',*,*,#3536,.F.);
#5142=ORIENTED_EDGE('',*,*,#3541,.F.);
#5143=ORIENTED_EDGE('',*,*,#3523,.F.);
#5144=ORIENTED_EDGE('',*,*,#3540,.T.);
#5145=ORIENTED_EDGE('',*,*,#3532,.F.);
#5146=ORIENTED_EDGE('',*,*,#3541,.T.);
#5147=ORIENTED_EDGE('',*,*,#3535,.F.);
#5148=CYLINDRICAL_SURFACE('',#5610,0.232413005351467);
#5149=CYLINDRICAL_SURFACE('',#5613,0.309781395451785);
#5150=CYLINDRICAL_SURFACE('',#5616,0.399702177291309);
#5151=CYLINDRICAL_SURFACE('',#5619,0.511137878750006);
#5152=CYLINDRICAL_SURFACE('',#5622,0.63448622724207);
#5153=CYLINDRICAL_SURFACE('',#5625,0.519485515549688);
#5154=CYLINDRICAL_SURFACE('',#5628,0.416669187232566);
#5155=CYLINDRICAL_SURFACE('',#5633,1.12762993202004);
#5156=CYLINDRICAL_SURFACE('',#5636,0.168318219931115);
#5157=CYLINDRICAL_SURFACE('',#5639,0.616660536559601);
#5158=CYLINDRICAL_SURFACE('',#5643,0.529219548049731);
#5159=CYLINDRICAL_SURFACE('',#5646,0.722918122092659);
#5160=CYLINDRICAL_SURFACE('',#5649,0.638441587515731);
#5161=CYLINDRICAL_SURFACE('',#5652,0.612452496834442);
#5162=CYLINDRICAL_SURFACE('',#5655,0.42084744440972);
#5163=CYLINDRICAL_SURFACE('',#5658,0.266680898609668);
#5164=CYLINDRICAL_SURFACE('',#5661,0.249492890217269);
#5165=CYLINDRICAL_SURFACE('',#5664,0.328008445202349);
#5166=CYLINDRICAL_SURFACE('',#5667,0.444977767179768);
#5167=CYLINDRICAL_SURFACE('',#5670,0.168318219937364);
#5168=CYLINDRICAL_SURFACE('',#5673,0.368752083495292);
#5169=CYLINDRICAL_SURFACE('',#5676,0.247322342158666);
#5170=CYLINDRICAL_SURFACE('',#5687,0.117151026461484);
#5171=CYLINDRICAL_SURFACE('',#5698,0.121868698059791);
#5172=CYLINDRICAL_SURFACE('',#5701,0.0832459588202866);
#5173=CYLINDRICAL_SURFACE('',#5704,0.0849112532949988);
#5174=CYLINDRICAL_SURFACE('',#5710,0.102205108962932);
#5175=CYLINDRICAL_SURFACE('',#5713,0.0645667342358188);
#5176=CYLINDRICAL_SURFACE('',#5716,0.0550718571591688);
#5177=CYLINDRICAL_SURFACE('',#5724,0.120926431872218);
#5178=CYLINDRICAL_SURFACE('',#5729,0.113333306292007);
#5179=CYLINDRICAL_SURFACE('',#5732,0.106010685186621);
#5180=CYLINDRICAL_SURFACE('',#5735,0.110813008121476);
#5181=CYLINDRICAL_SURFACE('',#5738,0.157637244767378);
#5182=CYLINDRICAL_SURFACE('',#5742,0.0768463039110567);
#5183=CYLINDRICAL_SURFACE('',#5745,0.0367438921721291);
#5184=CYLINDRICAL_SURFACE('',#5748,0.0482840607727865);
#5185=CYLINDRICAL_SURFACE('',#5764,0.0567820753666978);
#5186=CYLINDRICAL_SURFACE('',#5775,0.121868698080733);
#5187=CYLINDRICAL_SURFACE('',#5778,0.083245958812446);
#5188=CYLINDRICAL_SURFACE('',#5781,0.0849112532951387);
#5189=CYLINDRICAL_SURFACE('',#5787,0.102205108962932);
#5190=CYLINDRICAL_SURFACE('',#5790,0.0645667342406663);
#5191=CYLINDRICAL_SURFACE('',#5793,0.0550718571541828);
#5192=CYLINDRICAL_SURFACE('',#5801,0.120926431866087);
#5193=CYLINDRICAL_SURFACE('',#5806,0.20957956639284);
#5194=CYLINDRICAL_SURFACE('',#5811,0.137828630132393);
#5195=CYLINDRICAL_SURFACE('',#5814,0.0512093516564845);
#5196=CYLINDRICAL_SURFACE('',#5817,0.0674381937243024);
#5197=CYLINDRICAL_SURFACE('',#5820,0.0509730114065543);
#5198=CYLINDRICAL_SURFACE('',#5823,0.0760373475790661);
#5199=CYLINDRICAL_SURFACE('',#5828,0.175412258407399);
#5200=CYLINDRICAL_SURFACE('',#5832,0.138934732218433);
#5201=CYLINDRICAL_SURFACE('',#5835,0.151098054416725);
#5202=CYLINDRICAL_SURFACE('',#5838,0.166519260923511);
#5203=CYLINDRICAL_SURFACE('',#5841,0.130720284579235);
#5204=CYLINDRICAL_SURFACE('',#5844,0.366299030263269);
#5205=CYLINDRICAL_SURFACE('',#5847,0.438434746820923);
#5206=CYLINDRICAL_SURFACE('',#5850,0.624200474248467);
#5207=CYLINDRICAL_SURFACE('',#5853,0.306700070880414);
#5208=CYLINDRICAL_SURFACE('',#5856,0.133713477904427);
#5209=CYLINDRICAL_SURFACE('',#5859,0.163305194555165);
#5210=CYLINDRICAL_SURFACE('',#5862,0.133854356606157);
#5211=CYLINDRICAL_SURFACE('',#5865,0.168053769837596);
#5212=CYLINDRICAL_SURFACE('',#5868,0.555179330959001);
#5213=CYLINDRICAL_SURFACE('',#5873,1.19724416339943);
#5214=CYLINDRICAL_SURFACE('',#5876,0.157456156928688);
#5215=CYLINDRICAL_SURFACE('',#5879,0.0613109685047245);
#5216=CYLINDRICAL_SURFACE('',#5882,0.0558659590328349);
#5217=CYLINDRICAL_SURFACE('',#5885,0.0377386210552791);
#5218=CYLINDRICAL_SURFACE('',#5888,0.134739117093795);
#5219=CYLINDRICAL_SURFACE('',#5895,0.129211563248467);
#5220=CYLINDRICAL_SURFACE('',#5898,0.393573116673322);
#5221=CYLINDRICAL_SURFACE('',#5901,0.54762888968896);
#5222=CYLINDRICAL_SURFACE('',#5904,0.499764159019788);
#5223=CYLINDRICAL_SURFACE('',#5907,0.264108612252532);
#5224=CYLINDRICAL_SURFACE('',#5910,0.0863498281986924);
#5225=CYLINDRICAL_SURFACE('',#5913,0.0707736465593724);
#5226=CYLINDRICAL_SURFACE('',#5916,0.0707736465475106);
#5227=CYLINDRICAL_SURFACE('',#5919,0.0863498281986251);
#5228=CYLINDRICAL_SURFACE('',#5922,0.264108612253181);
#5229=CYLINDRICAL_SURFACE('',#5925,0.499764159018835);
#5230=CYLINDRICAL_SURFACE('',#5928,0.54762888968664);
#5231=CYLINDRICAL_SURFACE('',#5931,0.39357311667543);
#5232=CYLINDRICAL_SURFACE('',#5934,0.129211563275222);
#5233=CYLINDRICAL_SURFACE('',#5938,0.0445378743711607);
#5234=CYLINDRICAL_SURFACE('',#5941,0.0423112935895735);
#5235=CYLINDRICAL_SURFACE('',#5944,0.0423112936237941);
#5236=CYLINDRICAL_SURFACE('',#5947,0.044537874371065);
#5237=CYLINDRICAL_SURFACE('',#5951,0.179752648385107);
#5238=CYLINDRICAL_SURFACE('',#5954,0.391787435025779);
#5239=CYLINDRICAL_SURFACE('',#5957,0.458497859352858);
#5240=CYLINDRICAL_SURFACE('',#5960,0.488614112587527);
#5241=CYLINDRICAL_SURFACE('',#5963,0.633380733754149);
#5242=CYLINDRICAL_SURFACE('',#5966,0.291606968821816);
#5243=CYLINDRICAL_SURFACE('',#5969,0.152515775775831);
#5244=CYLINDRICAL_SURFACE('',#5972,0.11112018146583);
#5245=CYLINDRICAL_SURFACE('',#5975,0.17772226521771);
#5246=CYLINDRICAL_SURFACE('',#5978,0.177722265188222);
#5247=CYLINDRICAL_SURFACE('',#5981,0.111120181493819);
#5248=CYLINDRICAL_SURFACE('',#5984,0.152515775766013);
#5249=CYLINDRICAL_SURFACE('',#5987,0.291606968811624);
#5250=CYLINDRICAL_SURFACE('',#5990,0.633380733754149);
#5251=CYLINDRICAL_SURFACE('',#5993,0.488614112587527);
#5252=CYLINDRICAL_SURFACE('',#5996,0.458497859347502);
#5253=CYLINDRICAL_SURFACE('',#5999,0.391787435035828);
#5254=CYLINDRICAL_SURFACE('',#6002,0.179752648402712);
#5255=CYLINDRICAL_SURFACE('',#6006,0.15860550801583);
#5256=CYLINDRICAL_SURFACE('',#6009,0.158605508034458);
#5257=CYLINDRICAL_SURFACE('',#6014,0.121868698069867);
#5258=CYLINDRICAL_SURFACE('',#6017,0.0832459588151409);
#5259=CYLINDRICAL_SURFACE('',#6020,0.0849112533041822);
#5260=CYLINDRICAL_SURFACE('',#6026,0.102205108967704);
#5261=CYLINDRICAL_SURFACE('',#6029,0.0645667342316591);
#5262=CYLINDRICAL_SURFACE('',#6032,0.0550718571564472);
#5263=CYLINDRICAL_SURFACE('',#6040,0.120926431874168);
#5264=CYLINDRICAL_SURFACE('',#6075,0.149999999999991);
#5265=CYLINDRICAL_SURFACE('',#6083,0.15000000000019);
#5266=CYLINDRICAL_SURFACE('',#6088,0.150000000000972);
#5267=CYLINDRICAL_SURFACE('',#6096,0.149999999999667);
#5268=CYLINDRICAL_SURFACE('',#6101,0.149999999999991);
#5269=CYLINDRICAL_SURFACE('',#6109,0.150000000000187);
#5270=CYLINDRICAL_SURFACE('',#6120,0.149999999999979);
#5271=CYLINDRICAL_SURFACE('',#6128,0.150000000000005);
#5272=CYLINDRICAL_SURFACE('',#6133,0.150000000000153);
#5273=CYLINDRICAL_SURFACE('',#6141,0.149999999999821);
#5274=CYLINDRICAL_SURFACE('',#6146,0.150000000000005);
#5275=CYLINDRICAL_SURFACE('',#6154,0.150000000000005);
#5276=CYLINDRICAL_SURFACE('',#6171,0.0999999999999998);
#5277=CYLINDRICAL_SURFACE('',#6174,0.1);
#5278=CYLINDRICAL_SURFACE('',#6176,0.1);
#5279=CYLINDRICAL_SURFACE('',#6178,0.0999999999999998);
#5280=ADVANCED_FACE('',(#241),#5148,.F.);
#5281=ADVANCED_FACE('',(#242),#5149,.F.);
#5282=ADVANCED_FACE('',(#243),#5150,.F.);
#5283=ADVANCED_FACE('',(#244),#5151,.F.);
#5284=ADVANCED_FACE('',(#245),#5152,.F.);
#5285=ADVANCED_FACE('',(#246),#5153,.F.);
#5286=ADVANCED_FACE('',(#247),#5154,.F.);
#5287=ADVANCED_FACE('',(#248),#64,.T.);
#5288=ADVANCED_FACE('',(#249),#65,.T.);
#5289=ADVANCED_FACE('',(#250),#5155,.F.);
#5290=ADVANCED_FACE('',(#251),#5156,.F.);
#5291=ADVANCED_FACE('',(#252),#5157,.T.);
#5292=ADVANCED_FACE('',(#253),#66,.T.);
#5293=ADVANCED_FACE('',(#254),#5158,.T.);
#5294=ADVANCED_FACE('',(#255),#5159,.T.);
#5295=ADVANCED_FACE('',(#256),#5160,.T.);
#5296=ADVANCED_FACE('',(#257),#5161,.T.);
#5297=ADVANCED_FACE('',(#258),#5162,.T.);
#5298=ADVANCED_FACE('',(#259),#5163,.T.);
#5299=ADVANCED_FACE('',(#260),#5164,.T.);
#5300=ADVANCED_FACE('',(#261),#5165,.T.);
#5301=ADVANCED_FACE('',(#262),#5166,.T.);
#5302=ADVANCED_FACE('',(#263),#5167,.F.);
#5303=ADVANCED_FACE('',(#264),#5168,.F.);
#5304=ADVANCED_FACE('',(#265),#5169,.F.);
#5305=ADVANCED_FACE('',(#266),#67,.F.);
#5306=ADVANCED_FACE('',(#267),#68,.T.);
#5307=ADVANCED_FACE('',(#268),#69,.T.);
#5308=ADVANCED_FACE('',(#269),#70,.T.);
#5309=ADVANCED_FACE('',(#270),#71,.T.);
#5310=ADVANCED_FACE('',(#271),#72,.T.);
#5311=ADVANCED_FACE('',(#272),#73,.F.);
#5312=ADVANCED_FACE('',(#273),#74,.T.);
#5313=ADVANCED_FACE('',(#274),#5170,.T.);
#5314=ADVANCED_FACE('',(#275),#75,.F.);
#5315=ADVANCED_FACE('',(#276),#76,.T.);
#5316=ADVANCED_FACE('',(#277),#77,.T.);
#5317=ADVANCED_FACE('',(#278),#78,.T.);
#5318=ADVANCED_FACE('',(#279),#79,.T.);
#5319=ADVANCED_FACE('',(#280),#80,.T.);
#5320=ADVANCED_FACE('',(#281),#81,.F.);
#5321=ADVANCED_FACE('',(#282),#82,.T.);
#5322=ADVANCED_FACE('',(#283),#5171,.T.);
#5323=ADVANCED_FACE('',(#284),#5172,.T.);
#5324=ADVANCED_FACE('',(#285),#5173,.T.);
#5325=ADVANCED_FACE('',(#286),#83,.T.);
#5326=ADVANCED_FACE('',(#287),#84,.T.);
#5327=ADVANCED_FACE('',(#288),#85,.T.);
#5328=ADVANCED_FACE('',(#289),#5174,.F.);
#5329=ADVANCED_FACE('',(#290),#5175,.F.);
#5330=ADVANCED_FACE('',(#291),#5176,.F.);
#5331=ADVANCED_FACE('',(#292),#86,.T.);
#5332=ADVANCED_FACE('',(#293),#87,.T.);
#5333=ADVANCED_FACE('',(#294),#88,.T.);
#5334=ADVANCED_FACE('',(#295),#89,.T.);
#5335=ADVANCED_FACE('',(#296),#90,.T.);
#5336=ADVANCED_FACE('',(#297),#5177,.T.);
#5337=ADVANCED_FACE('',(#298),#91,.F.);
#5338=ADVANCED_FACE('',(#299),#92,.T.);
#5339=ADVANCED_FACE('',(#300),#5178,.T.);
#5340=ADVANCED_FACE('',(#301),#5179,.T.);
#5341=ADVANCED_FACE('',(#302),#5180,.T.);
#5342=ADVANCED_FACE('',(#303),#5181,.T.);
#5343=ADVANCED_FACE('',(#304),#93,.T.);
#5344=ADVANCED_FACE('',(#305),#5182,.F.);
#5345=ADVANCED_FACE('',(#306),#5183,.F.);
#5346=ADVANCED_FACE('',(#307),#5184,.F.);
#5347=ADVANCED_FACE('',(#308),#94,.T.);
#5348=ADVANCED_FACE('',(#309),#95,.T.);
#5349=ADVANCED_FACE('',(#310),#96,.T.);
#5350=ADVANCED_FACE('',(#311),#97,.T.);
#5351=ADVANCED_FACE('',(#312),#98,.T.);
#5352=ADVANCED_FACE('',(#313),#99,.T.);
#5353=ADVANCED_FACE('',(#314),#100,.T.);
#5354=ADVANCED_FACE('',(#315),#101,.T.);
#5355=ADVANCED_FACE('',(#316),#102,.T.);
#5356=ADVANCED_FACE('',(#317),#103,.T.);
#5357=ADVANCED_FACE('',(#318),#104,.T.);
#5358=ADVANCED_FACE('',(#319),#105,.F.);
#5359=ADVANCED_FACE('',(#320),#106,.T.);
#5360=ADVANCED_FACE('',(#321),#5185,.T.);
#5361=ADVANCED_FACE('',(#322),#107,.F.);
#5362=ADVANCED_FACE('',(#323),#108,.T.);
#5363=ADVANCED_FACE('',(#324),#109,.T.);
#5364=ADVANCED_FACE('',(#325),#110,.T.);
#5365=ADVANCED_FACE('',(#326),#111,.T.);
#5366=ADVANCED_FACE('',(#327),#112,.T.);
#5367=ADVANCED_FACE('',(#328),#113,.F.);
#5368=ADVANCED_FACE('',(#329),#114,.T.);
#5369=ADVANCED_FACE('',(#330),#5186,.T.);
#5370=ADVANCED_FACE('',(#331),#5187,.T.);
#5371=ADVANCED_FACE('',(#332),#5188,.T.);
#5372=ADVANCED_FACE('',(#333),#115,.T.);
#5373=ADVANCED_FACE('',(#334),#116,.T.);
#5374=ADVANCED_FACE('',(#335),#117,.T.);
#5375=ADVANCED_FACE('',(#336),#5189,.F.);
#5376=ADVANCED_FACE('',(#337),#5190,.F.);
#5377=ADVANCED_FACE('',(#338),#5191,.F.);
#5378=ADVANCED_FACE('',(#339),#118,.T.);
#5379=ADVANCED_FACE('',(#340),#119,.T.);
#5380=ADVANCED_FACE('',(#341),#120,.T.);
#5381=ADVANCED_FACE('',(#342),#121,.T.);
#5382=ADVANCED_FACE('',(#343),#122,.T.);
#5383=ADVANCED_FACE('',(#344),#5192,.T.);
#5384=ADVANCED_FACE('',(#345),#123,.F.);
#5385=ADVANCED_FACE('',(#346),#124,.T.);
#5386=ADVANCED_FACE('',(#347),#5193,.F.);
#5387=ADVANCED_FACE('',(#348),#125,.T.);
#5388=ADVANCED_FACE('',(#349),#126,.T.);
#5389=ADVANCED_FACE('',(#350),#5194,.F.);
#5390=ADVANCED_FACE('',(#351),#5195,.F.);
#5391=ADVANCED_FACE('',(#352),#5196,.F.);
#5392=ADVANCED_FACE('',(#353),#5197,.F.);
#5393=ADVANCED_FACE('',(#354),#5198,.F.);
#5394=ADVANCED_FACE('',(#355),#127,.T.);
#5395=ADVANCED_FACE('',(#356),#128,.T.);
#5396=ADVANCED_FACE('',(#357),#5199,.T.);
#5397=ADVANCED_FACE('',(#358),#129,.T.);
#5398=ADVANCED_FACE('',(#359),#5200,.T.);
#5399=ADVANCED_FACE('',(#360),#5201,.T.);
#5400=ADVANCED_FACE('',(#361),#5202,.T.);
#5401=ADVANCED_FACE('',(#362),#5203,.T.);
#5402=ADVANCED_FACE('',(#363),#5204,.T.);
#5403=ADVANCED_FACE('',(#364),#5205,.T.);
#5404=ADVANCED_FACE('',(#365),#5206,.T.);
#5405=ADVANCED_FACE('',(#366),#5207,.T.);
#5406=ADVANCED_FACE('',(#367),#5208,.T.);
#5407=ADVANCED_FACE('',(#368),#5209,.T.);
#5408=ADVANCED_FACE('',(#369),#5210,.T.);
#5409=ADVANCED_FACE('',(#370),#5211,.T.);
#5410=ADVANCED_FACE('',(#371),#5212,.T.);
#5411=ADVANCED_FACE('',(#372),#130,.T.);
#5412=ADVANCED_FACE('',(#373),#131,.T.);
#5413=ADVANCED_FACE('',(#374),#5213,.F.);
#5414=ADVANCED_FACE('',(#375),#5214,.F.);
#5415=ADVANCED_FACE('',(#376),#5215,.F.);
#5416=ADVANCED_FACE('',(#377),#5216,.F.);
#5417=ADVANCED_FACE('',(#378),#5217,.F.);
#5418=ADVANCED_FACE('',(#379),#5218,.F.);
#5419=ADVANCED_FACE('',(#380),#132,.T.);
#5420=ADVANCED_FACE('',(#381,#20),#133,.F.);
#5421=ADVANCED_FACE('',(#382,#21),#134,.T.);
#5422=ADVANCED_FACE('',(#383),#135,.T.);
#5423=ADVANCED_FACE('',(#384),#5219,.F.);
#5424=ADVANCED_FACE('',(#385),#5220,.F.);
#5425=ADVANCED_FACE('',(#386),#5221,.F.);
#5426=ADVANCED_FACE('',(#387),#5222,.F.);
#5427=ADVANCED_FACE('',(#388),#5223,.F.);
#5428=ADVANCED_FACE('',(#389),#5224,.F.);
#5429=ADVANCED_FACE('',(#390),#5225,.F.);
#5430=ADVANCED_FACE('',(#391),#5226,.F.);
#5431=ADVANCED_FACE('',(#392),#5227,.F.);
#5432=ADVANCED_FACE('',(#393),#5228,.F.);
#5433=ADVANCED_FACE('',(#394),#5229,.F.);
#5434=ADVANCED_FACE('',(#395),#5230,.F.);
#5435=ADVANCED_FACE('',(#396),#5231,.F.);
#5436=ADVANCED_FACE('',(#397),#5232,.F.);
#5437=ADVANCED_FACE('',(#398),#136,.T.);
#5438=ADVANCED_FACE('',(#399),#5233,.F.);
#5439=ADVANCED_FACE('',(#400),#5234,.F.);
#5440=ADVANCED_FACE('',(#401),#5235,.F.);
#5441=ADVANCED_FACE('',(#402),#5236,.F.);
#5442=ADVANCED_FACE('',(#403),#137,.T.);
#5443=ADVANCED_FACE('',(#404),#5237,.T.);
#5444=ADVANCED_FACE('',(#405),#5238,.T.);
#5445=ADVANCED_FACE('',(#406),#5239,.T.);
#5446=ADVANCED_FACE('',(#407),#5240,.T.);
#5447=ADVANCED_FACE('',(#408),#5241,.T.);
#5448=ADVANCED_FACE('',(#409),#5242,.T.);
#5449=ADVANCED_FACE('',(#410),#5243,.T.);
#5450=ADVANCED_FACE('',(#411),#5244,.T.);
#5451=ADVANCED_FACE('',(#412),#5245,.T.);
#5452=ADVANCED_FACE('',(#413),#5246,.T.);
#5453=ADVANCED_FACE('',(#414),#5247,.T.);
#5454=ADVANCED_FACE('',(#415),#5248,.T.);
#5455=ADVANCED_FACE('',(#416),#5249,.T.);
#5456=ADVANCED_FACE('',(#417),#5250,.T.);
#5457=ADVANCED_FACE('',(#418),#5251,.T.);
#5458=ADVANCED_FACE('',(#419),#5252,.T.);
#5459=ADVANCED_FACE('',(#420),#5253,.T.);
#5460=ADVANCED_FACE('',(#421),#5254,.T.);
#5461=ADVANCED_FACE('',(#422),#138,.T.);
#5462=ADVANCED_FACE('',(#423),#5255,.T.);
#5463=ADVANCED_FACE('',(#424),#5256,.T.);
#5464=ADVANCED_FACE('',(#425,#22),#139,.F.);
#5465=ADVANCED_FACE('',(#426,#23),#140,.T.);
#5466=ADVANCED_FACE('',(#427),#5257,.T.);
#5467=ADVANCED_FACE('',(#428),#5258,.T.);
#5468=ADVANCED_FACE('',(#429),#5259,.T.);
#5469=ADVANCED_FACE('',(#430),#141,.T.);
#5470=ADVANCED_FACE('',(#431),#142,.T.);
#5471=ADVANCED_FACE('',(#432),#143,.T.);
#5472=ADVANCED_FACE('',(#433),#5260,.F.);
#5473=ADVANCED_FACE('',(#434),#5261,.F.);
#5474=ADVANCED_FACE('',(#435),#5262,.F.);
#5475=ADVANCED_FACE('',(#436),#144,.T.);
#5476=ADVANCED_FACE('',(#437),#145,.T.);
#5477=ADVANCED_FACE('',(#438),#146,.T.);
#5478=ADVANCED_FACE('',(#439),#147,.T.);
#5479=ADVANCED_FACE('',(#440),#148,.T.);
#5480=ADVANCED_FACE('',(#441),#5263,.T.);
#5481=ADVANCED_FACE('',(#442),#149,.F.);
#5482=ADVANCED_FACE('',(#443),#150,.T.);
#5483=ADVANCED_FACE('',(#444),#151,.T.);
#5484=ADVANCED_FACE('',(#445),#152,.T.);
#5485=ADVANCED_FACE('',(#446),#153,.T.);
#5486=ADVANCED_FACE('',(#447),#154,.T.);
#5487=ADVANCED_FACE('',(#448),#155,.F.);
#5488=ADVANCED_FACE('',(#449),#156,.T.);
#5489=ADVANCED_FACE('',(#450),#157,.T.);
#5490=ADVANCED_FACE('',(#451),#158,.T.);
#5491=ADVANCED_FACE('',(#452),#159,.T.);
#5492=ADVANCED_FACE('',(#453),#160,.T.);
#5493=ADVANCED_FACE('',(#454),#161,.F.);
#5494=ADVANCED_FACE('',(#455),#162,.T.);
#5495=ADVANCED_FACE('',(#456),#163,.T.);
#5496=ADVANCED_FACE('',(#457),#164,.T.);
#5497=ADVANCED_FACE('',(#458),#165,.T.);
#5498=ADVANCED_FACE('',(#459),#166,.T.);
#5499=ADVANCED_FACE('',(#460),#167,.F.);
#5500=ADVANCED_FACE('',(#461),#168,.T.);
#5501=ADVANCED_FACE('',(#462),#169,.T.);
#5502=ADVANCED_FACE('',(#463),#170,.T.);
#5503=ADVANCED_FACE('',(#464),#171,.T.);
#5504=ADVANCED_FACE('',(#465),#172,.T.);
#5505=ADVANCED_FACE('',(#466),#173,.F.);
#5506=ADVANCED_FACE('',(#467),#174,.T.);
#5507=ADVANCED_FACE('',(#468),#175,.T.);
#5508=ADVANCED_FACE('',(#469),#176,.T.);
#5509=ADVANCED_FACE('',(#470),#177,.T.);
#5510=ADVANCED_FACE('',(#471),#178,.T.);
#5511=ADVANCED_FACE('',(#472),#179,.T.);
#5512=ADVANCED_FACE('',(#473),#180,.T.);
#5513=ADVANCED_FACE('',(#474),#5264,.F.);
#5514=ADVANCED_FACE('',(#475),#181,.T.);
#5515=ADVANCED_FACE('',(#476),#182,.T.);
#5516=ADVANCED_FACE('',(#477),#183,.T.);
#5517=ADVANCED_FACE('',(#478),#184,.T.);
#5518=ADVANCED_FACE('',(#479),#185,.T.);
#5519=ADVANCED_FACE('',(#480),#5265,.F.);
#5520=ADVANCED_FACE('',(#481),#186,.T.);
#5521=ADVANCED_FACE('',(#482),#187,.T.);
#5522=ADVANCED_FACE('',(#483),#5266,.F.);
#5523=ADVANCED_FACE('',(#484),#188,.T.);
#5524=ADVANCED_FACE('',(#485),#189,.T.);
#5525=ADVANCED_FACE('',(#486),#190,.T.);
#5526=ADVANCED_FACE('',(#487),#191,.T.);
#5527=ADVANCED_FACE('',(#488),#192,.T.);
#5528=ADVANCED_FACE('',(#489),#5267,.F.);
#5529=ADVANCED_FACE('',(#490),#193,.T.);
#5530=ADVANCED_FACE('',(#491),#194,.T.);
#5531=ADVANCED_FACE('',(#492),#5268,.F.);
#5532=ADVANCED_FACE('',(#493),#195,.T.);
#5533=ADVANCED_FACE('',(#494),#196,.T.);
#5534=ADVANCED_FACE('',(#495),#197,.T.);
#5535=ADVANCED_FACE('',(#496),#198,.T.);
#5536=ADVANCED_FACE('',(#497),#199,.T.);
#5537=ADVANCED_FACE('',(#498),#5269,.F.);
#5538=ADVANCED_FACE('',(#499),#200,.T.);
#5539=ADVANCED_FACE('',(#500),#201,.T.);
#5540=ADVANCED_FACE('',(#501),#202,.F.);
#5541=ADVANCED_FACE('',(#502),#203,.T.);
#5542=ADVANCED_FACE('',(#503),#204,.T.);
#5543=ADVANCED_FACE('',(#504),#205,.T.);
#5544=ADVANCED_FACE('',(#505),#206,.T.);
#5545=ADVANCED_FACE('',(#506),#207,.T.);
#5546=ADVANCED_FACE('',(#507),#5270,.F.);
#5547=ADVANCED_FACE('',(#508),#208,.T.);
#5548=ADVANCED_FACE('',(#509),#209,.T.);
#5549=ADVANCED_FACE('',(#510),#210,.T.);
#5550=ADVANCED_FACE('',(#511),#211,.T.);
#5551=ADVANCED_FACE('',(#512),#212,.T.);
#5552=ADVANCED_FACE('',(#513),#5271,.F.);
#5553=ADVANCED_FACE('',(#514),#213,.T.);
#5554=ADVANCED_FACE('',(#515),#214,.T.);
#5555=ADVANCED_FACE('',(#516),#5272,.F.);
#5556=ADVANCED_FACE('',(#517),#215,.T.);
#5557=ADVANCED_FACE('',(#518),#216,.T.);
#5558=ADVANCED_FACE('',(#519),#217,.T.);
#5559=ADVANCED_FACE('',(#520),#218,.T.);
#5560=ADVANCED_FACE('',(#521),#219,.T.);
#5561=ADVANCED_FACE('',(#522),#5273,.F.);
#5562=ADVANCED_FACE('',(#523),#220,.T.);
#5563=ADVANCED_FACE('',(#524),#221,.T.);
#5564=ADVANCED_FACE('',(#525),#5274,.F.);
#5565=ADVANCED_FACE('',(#526),#222,.T.);
#5566=ADVANCED_FACE('',(#527),#223,.T.);
#5567=ADVANCED_FACE('',(#528),#224,.T.);
#5568=ADVANCED_FACE('',(#529),#225,.T.);
#5569=ADVANCED_FACE('',(#530),#226,.T.);
#5570=ADVANCED_FACE('',(#531),#5275,.F.);
#5571=ADVANCED_FACE('',(#532),#227,.T.);
#5572=ADVANCED_FACE('',(#533),#228,.F.);
#5573=ADVANCED_FACE('',(#534),#229,.F.);
#5574=ADVANCED_FACE('',(#535),#230,.F.);
#5575=ADVANCED_FACE('',(#536),#231,.F.);
#5576=ADVANCED_FACE('',(#537),#232,.F.);
#5577=ADVANCED_FACE('',(#538),#233,.T.);
#5578=ADVANCED_FACE('',(#539),#234,.F.);
#5579=ADVANCED_FACE('',(#540),#235,.T.);
#5580=ADVANCED_FACE('',(#541),#236,.T.);
#5581=ADVANCED_FACE('',(#542),#237,.T.);
#5582=ADVANCED_FACE('',(#543),#238,.T.);
#5583=ADVANCED_FACE('',(#544),#239,.T.);
#5584=ADVANCED_FACE('',(#545),#240,.F.);
#5585=ADVANCED_FACE('',(#546),#5276,.T.);
#5586=ADVANCED_FACE('',(#547),#5277,.T.);
#5587=ADVANCED_FACE('',(#548),#5278,.T.);
#5588=ADVANCED_FACE('',(#549),#5279,.T.);
#5589=CLOSED_SHELL('',(#5280,#5281,#5282,#5283,#5284,#5285,#5286,#5287,
#5288,#5289,#5290,#5291,#5292,#5293,#5294,#5295,#5296,#5297,#5298,#5299,
#5300,#5301,#5302,#5303,#5304,#5305,#5306));
#5590=CLOSED_SHELL('',(#5307,#5308,#5309,#5310,#5311,#5312));
#5591=CLOSED_SHELL('',(#5313,#5314,#5315));
#5592=CLOSED_SHELL('',(#5316,#5317,#5318,#5319,#5320,#5321));
#5593=CLOSED_SHELL('',(#5322,#5323,#5324,#5325,#5326,#5327,#5328,#5329,
#5330,#5331,#5332,#5333,#5334,#5335,#5336,#5337,#5338));
#5594=CLOSED_SHELL('',(#5339,#5340,#5341,#5342,#5343,#5344,#5345,#5346,
#5347,#5348,#5349,#5350,#5351,#5352,#5353,#5354,#5355,#5356,#5357,#5358,
#5359));
#5595=CLOSED_SHELL('',(#5360,#5361,#5362));
#5596=CLOSED_SHELL('',(#5363,#5364,#5365,#5366,#5367,#5368));
#5597=CLOSED_SHELL('',(#5369,#5370,#5371,#5372,#5373,#5374,#5375,#5376,
#5377,#5378,#5379,#5380,#5381,#5382,#5383,#5384,#5385));
#5598=CLOSED_SHELL('',(#5386,#5387,#5388,#5389,#5390,#5391,#5392,#5393,
#5394,#5395,#5396,#5397,#5398,#5399,#5400,#5401,#5402,#5403,#5404,#5405,
#5406,#5407,#5408,#5409,#5410,#5411,#5412,#5413,#5414,#5415,#5416,#5417,
#5418,#5419,#5420,#5421));
#5599=CLOSED_SHELL('',(#5422,#5423,#5424,#5425,#5426,#5427,#5428,#5429,
#5430,#5431,#5432,#5433,#5434,#5435,#5436,#5437,#5438,#5439,#5440,#5441,
#5442,#5443,#5444,#5445,#5446,#5447,#5448,#5449,#5450,#5451,#5452,#5453,
#5454,#5455,#5456,#5457,#5458,#5459,#5460,#5461,#5462,#5463,#5464,#5465));
#5600=CLOSED_SHELL('',(#5466,#5467,#5468,#5469,#5470,#5471,#5472,#5473,
#5474,#5475,#5476,#5477,#5478,#5479,#5480,#5481,#5482));
#5601=CLOSED_SHELL('',(#5483,#5484,#5485,#5486,#5487,#5488));
#5602=CLOSED_SHELL('',(#5489,#5490,#5491,#5492,#5493,#5494));
#5603=CLOSED_SHELL('',(#5495,#5496,#5497,#5498,#5499,#5500));
#5604=CLOSED_SHELL('',(#5501,#5502,#5503,#5504,#5505,#5506));
#5605=CLOSED_SHELL('',(#5507,#5508,#5509,#5510,#5511,#5512,#5513,#5514,
#5515,#5516,#5517,#5518,#5519,#5520,#5521,#5522,#5523,#5524,#5525,#5526,
#5527,#5528,#5529,#5530,#5531,#5532,#5533,#5534,#5535,#5536,#5537,#5538,
#5539,#5540));
#5606=CLOSED_SHELL('',(#5541,#5542,#5543,#5544,#5545,#5546,#5547,#5548,
#5549,#5550,#5551,#5552,#5553,#5554,#5555,#5556,#5557,#5558,#5559,#5560,
#5561,#5562,#5563,#5564,#5565,#5566,#5567,#5568,#5569,#5570,#5571,#5572));
#5607=CLOSED_SHELL('',(#5573,#5574,#5575,#5576,#5577,#5578));
#5608=CLOSED_SHELL('',(#5579,#5580,#5581,#5582,#5583,#5584,#5585,#5586,
#5587,#5588));
#5609=AXIS2_PLACEMENT_3D('placement',#7862,#6179,#6180);
#5610=AXIS2_PLACEMENT_3D('',#7863,#6181,#6182);
#5611=AXIS2_PLACEMENT_3D('',#7866,#6183,#6184);
#5612=AXIS2_PLACEMENT_3D('',#7870,#6186,#6187);
#5613=AXIS2_PLACEMENT_3D('',#7872,#6189,#6190);
#5614=AXIS2_PLACEMENT_3D('',#7874,#6191,#6192);
#5615=AXIS2_PLACEMENT_3D('',#7876,#6193,#6194);
#5616=AXIS2_PLACEMENT_3D('',#7878,#6196,#6197);
#5617=AXIS2_PLACEMENT_3D('',#7880,#6198,#6199);
#5618=AXIS2_PLACEMENT_3D('',#7882,#6200,#6201);
#5619=AXIS2_PLACEMENT_3D('',#7884,#6203,#6204);
#5620=AXIS2_PLACEMENT_3D('',#7886,#6205,#6206);
#5621=AXIS2_PLACEMENT_3D('',#7888,#6207,#6208);
#5622=AXIS2_PLACEMENT_3D('',#7890,#6210,#6211);
#5623=AXIS2_PLACEMENT_3D('',#7892,#6212,#6213);
#5624=AXIS2_PLACEMENT_3D('',#7894,#6214,#6215);
#5625=AXIS2_PLACEMENT_3D('',#7896,#6217,#6218);
#5626=AXIS2_PLACEMENT_3D('',#7898,#6219,#6220);
#5627=AXIS2_PLACEMENT_3D('',#7900,#6221,#6222);
#5628=AXIS2_PLACEMENT_3D('',#7902,#6224,#6225);
#5629=AXIS2_PLACEMENT_3D('',#7904,#6226,#6227);
#5630=AXIS2_PLACEMENT_3D('',#7906,#6228,#6229);
#5631=AXIS2_PLACEMENT_3D('',#7908,#6231,#6232);
#5632=AXIS2_PLACEMENT_3D('',#7914,#6236,#6237);
#5633=AXIS2_PLACEMENT_3D('',#7920,#6241,#6242);
#5634=AXIS2_PLACEMENT_3D('',#7922,#6243,#6244);
#5635=AXIS2_PLACEMENT_3D('',#7924,#6245,#6246);
#5636=AXIS2_PLACEMENT_3D('',#7926,#6248,#6249);
#5637=AXIS2_PLACEMENT_3D('',#7928,#6250,#6251);
#5638=AXIS2_PLACEMENT_3D('',#7930,#6252,#6253);
#5639=AXIS2_PLACEMENT_3D('',#7932,#6255,#6256);
#5640=AXIS2_PLACEMENT_3D('',#7934,#6257,#6258);
#5641=AXIS2_PLACEMENT_3D('',#7936,#6259,#6260);
#5642=AXIS2_PLACEMENT_3D('',#7938,#6262,#6263);
#5643=AXIS2_PLACEMENT_3D('',#7944,#6267,#6268);
#5644=AXIS2_PLACEMENT_3D('',#7946,#6269,#6270);
#5645=AXIS2_PLACEMENT_3D('',#7948,#6271,#6272);
#5646=AXIS2_PLACEMENT_3D('',#7950,#6274,#6275);
#5647=AXIS2_PLACEMENT_3D('',#7952,#6276,#6277);
#5648=AXIS2_PLACEMENT_3D('',#7954,#6278,#6279);
#5649=AXIS2_PLACEMENT_3D('',#7956,#6281,#6282);
#5650=AXIS2_PLACEMENT_3D('',#7958,#6283,#6284);
#5651=AXIS2_PLACEMENT_3D('',#7960,#6285,#6286);
#5652=AXIS2_PLACEMENT_3D('',#7962,#6288,#6289);
#5653=AXIS2_PLACEMENT_3D('',#7964,#6290,#6291);
#5654=AXIS2_PLACEMENT_3D('',#7966,#6292,#6293);
#5655=AXIS2_PLACEMENT_3D('',#7968,#6295,#6296);
#5656=AXIS2_PLACEMENT_3D('',#7970,#6297,#6298);
#5657=AXIS2_PLACEMENT_3D('',#7972,#6299,#6300);
#5658=AXIS2_PLACEMENT_3D('',#7974,#6302,#6303);
#5659=AXIS2_PLACEMENT_3D('',#7976,#6304,#6305);
#5660=AXIS2_PLACEMENT_3D('',#7978,#6306,#6307);
#5661=AXIS2_PLACEMENT_3D('',#7980,#6309,#6310);
#5662=AXIS2_PLACEMENT_3D('',#7982,#6311,#6312);
#5663=AXIS2_PLACEMENT_3D('',#7984,#6313,#6314);
#5664=AXIS2_PLACEMENT_3D('',#7986,#6316,#6317);
#5665=AXIS2_PLACEMENT_3D('',#7988,#6318,#6319);
#5666=AXIS2_PLACEMENT_3D('',#7990,#6320,#6321);
#5667=AXIS2_PLACEMENT_3D('',#7992,#6323,#6324);
#5668=AXIS2_PLACEMENT_3D('',#7994,#6325,#6326);
#5669=AXIS2_PLACEMENT_3D('',#7996,#6327,#6328);
#5670=AXIS2_PLACEMENT_3D('',#7998,#6330,#6331);
#5671=AXIS2_PLACEMENT_3D('',#8000,#6332,#6333);
#5672=AXIS2_PLACEMENT_3D('',#8002,#6334,#6335);
#5673=AXIS2_PLACEMENT_3D('',#8004,#6337,#6338);
#5674=AXIS2_PLACEMENT_3D('',#8006,#6339,#6340);
#5675=AXIS2_PLACEMENT_3D('',#8008,#6341,#6342);
#5676=AXIS2_PLACEMENT_3D('',#8010,#6344,#6345);
#5677=AXIS2_PLACEMENT_3D('',#8011,#6346,#6347);
#5678=AXIS2_PLACEMENT_3D('',#8012,#6348,#6349);
#5679=AXIS2_PLACEMENT_3D('',#8013,#6350,#6351);
#5680=AXIS2_PLACEMENT_3D('',#8014,#6352,#6353);
#5681=AXIS2_PLACEMENT_3D('',#8015,#6354,#6355);
#5682=AXIS2_PLACEMENT_3D('',#8024,#6360,#6361);
#5683=AXIS2_PLACEMENT_3D('',#8030,#6365,#6366);
#5684=AXIS2_PLACEMENT_3D('',#8036,#6370,#6371);
#5685=AXIS2_PLACEMENT_3D('',#8039,#6374,#6375);
#5686=AXIS2_PLACEMENT_3D('',#8040,#6376,#6377);
#5687=AXIS2_PLACEMENT_3D('',#8041,#6378,#6379);
#5688=AXIS2_PLACEMENT_3D('',#8043,#6380,#6381);
#5689=AXIS2_PLACEMENT_3D('',#8046,#6383,#6384);
#5690=AXIS2_PLACEMENT_3D('',#8047,#6385,#6386);
#5691=AXIS2_PLACEMENT_3D('',#8048,#6387,#6388);
#5692=AXIS2_PLACEMENT_3D('',#8049,#6389,#6390);
#5693=AXIS2_PLACEMENT_3D('',#8058,#6395,#6396);
#5694=AXIS2_PLACEMENT_3D('',#8064,#6400,#6401);
#5695=AXIS2_PLACEMENT_3D('',#8070,#6405,#6406);
#5696=AXIS2_PLACEMENT_3D('',#8073,#6409,#6410);
#5697=AXIS2_PLACEMENT_3D('',#8074,#6411,#6412);
#5698=AXIS2_PLACEMENT_3D('',#8075,#6413,#6414);
#5699=AXIS2_PLACEMENT_3D('',#8078,#6415,#6416);
#5700=AXIS2_PLACEMENT_3D('',#8082,#6418,#6419);
#5701=AXIS2_PLACEMENT_3D('',#8084,#6421,#6422);
#5702=AXIS2_PLACEMENT_3D('',#8086,#6423,#6424);
#5703=AXIS2_PLACEMENT_3D('',#8088,#6425,#6426);
#5704=AXIS2_PLACEMENT_3D('',#8090,#6428,#6429);
#5705=AXIS2_PLACEMENT_3D('',#8092,#6430,#6431);
#5706=AXIS2_PLACEMENT_3D('',#8094,#6432,#6433);
#5707=AXIS2_PLACEMENT_3D('',#8096,#6435,#6436);
#5708=AXIS2_PLACEMENT_3D('',#8102,#6440,#6441);
#5709=AXIS2_PLACEMENT_3D('',#8108,#6445,#6446);
#5710=AXIS2_PLACEMENT_3D('',#8114,#6450,#6451);
#5711=AXIS2_PLACEMENT_3D('',#8116,#6452,#6453);
#5712=AXIS2_PLACEMENT_3D('',#8118,#6454,#6455);
#5713=AXIS2_PLACEMENT_3D('',#8120,#6457,#6458);
#5714=AXIS2_PLACEMENT_3D('',#8122,#6459,#6460);
#5715=AXIS2_PLACEMENT_3D('',#8124,#6461,#6462);
#5716=AXIS2_PLACEMENT_3D('',#8126,#6464,#6465);
#5717=AXIS2_PLACEMENT_3D('',#8128,#6466,#6467);
#5718=AXIS2_PLACEMENT_3D('',#8130,#6468,#6469);
#5719=AXIS2_PLACEMENT_3D('',#8132,#6471,#6472);
#5720=AXIS2_PLACEMENT_3D('',#8138,#6476,#6477);
#5721=AXIS2_PLACEMENT_3D('',#8144,#6481,#6482);
#5722=AXIS2_PLACEMENT_3D('',#8150,#6486,#6487);
#5723=AXIS2_PLACEMENT_3D('',#8156,#6491,#6492);
#5724=AXIS2_PLACEMENT_3D('',#8162,#6496,#6497);
#5725=AXIS2_PLACEMENT_3D('',#8163,#6498,#6499);
#5726=AXIS2_PLACEMENT_3D('',#8164,#6500,#6501);
#5727=AXIS2_PLACEMENT_3D('',#8165,#6502,#6503);
#5728=AXIS2_PLACEMENT_3D('',#8166,#6504,#6505);
#5729=AXIS2_PLACEMENT_3D('',#8167,#6506,#6507);
#5730=AXIS2_PLACEMENT_3D('',#8170,#6508,#6509);
#5731=AXIS2_PLACEMENT_3D('',#8174,#6511,#6512);
#5732=AXIS2_PLACEMENT_3D('',#8176,#6514,#6515);
#5733=AXIS2_PLACEMENT_3D('',#8178,#6516,#6517);
#5734=AXIS2_PLACEMENT_3D('',#8180,#6518,#6519);
#5735=AXIS2_PLACEMENT_3D('',#8182,#6521,#6522);
#5736=AXIS2_PLACEMENT_3D('',#8184,#6523,#6524);
#5737=AXIS2_PLACEMENT_3D('',#8186,#6525,#6526);
#5738=AXIS2_PLACEMENT_3D('',#8188,#6528,#6529);
#5739=AXIS2_PLACEMENT_3D('',#8190,#6530,#6531);
#5740=AXIS2_PLACEMENT_3D('',#8192,#6532,#6533);
#5741=AXIS2_PLACEMENT_3D('',#8194,#6535,#6536);
#5742=AXIS2_PLACEMENT_3D('',#8200,#6540,#6541);
#5743=AXIS2_PLACEMENT_3D('',#8202,#6542,#6543);
#5744=AXIS2_PLACEMENT_3D('',#8204,#6544,#6545);
#5745=AXIS2_PLACEMENT_3D('',#8206,#6547,#6548);
#5746=AXIS2_PLACEMENT_3D('',#8208,#6549,#6550);
#5747=AXIS2_PLACEMENT_3D('',#8210,#6551,#6552);
#5748=AXIS2_PLACEMENT_3D('',#8212,#6554,#6555);
#5749=AXIS2_PLACEMENT_3D('',#8214,#6556,#6557);
#5750=AXIS2_PLACEMENT_3D('',#8216,#6558,#6559);
#5751=AXIS2_PLACEMENT_3D('',#8218,#6561,#6562);
#5752=AXIS2_PLACEMENT_3D('',#8224,#6566,#6567);
#5753=AXIS2_PLACEMENT_3D('',#8230,#6571,#6572);
#5754=AXIS2_PLACEMENT_3D('',#8236,#6576,#6577);
#5755=AXIS2_PLACEMENT_3D('',#8242,#6581,#6582);
#5756=AXIS2_PLACEMENT_3D('',#8248,#6586,#6587);
#5757=AXIS2_PLACEMENT_3D('',#8254,#6591,#6592);
#5758=AXIS2_PLACEMENT_3D('',#8260,#6596,#6597);
#5759=AXIS2_PLACEMENT_3D('',#8266,#6601,#6602);
#5760=AXIS2_PLACEMENT_3D('',#8272,#6606,#6607);
#5761=AXIS2_PLACEMENT_3D('',#8278,#6611,#6612);
#5762=AXIS2_PLACEMENT_3D('',#8281,#6615,#6616);
#5763=AXIS2_PLACEMENT_3D('',#8282,#6617,#6618);
#5764=AXIS2_PLACEMENT_3D('',#8283,#6619,#6620);
#5765=AXIS2_PLACEMENT_3D('',#8285,#6621,#6622);
#5766=AXIS2_PLACEMENT_3D('',#8288,#6624,#6625);
#5767=AXIS2_PLACEMENT_3D('',#8289,#6626,#6627);
#5768=AXIS2_PLACEMENT_3D('',#8290,#6628,#6629);
#5769=AXIS2_PLACEMENT_3D('',#8291,#6630,#6631);
#5770=AXIS2_PLACEMENT_3D('',#8300,#6636,#6637);
#5771=AXIS2_PLACEMENT_3D('',#8306,#6641,#6642);
#5772=AXIS2_PLACEMENT_3D('',#8312,#6646,#6647);
#5773=AXIS2_PLACEMENT_3D('',#8315,#6650,#6651);
#5774=AXIS2_PLACEMENT_3D('',#8316,#6652,#6653);
#5775=AXIS2_PLACEMENT_3D('',#8317,#6654,#6655);
#5776=AXIS2_PLACEMENT_3D('',#8320,#6656,#6657);
#5777=AXIS2_PLACEMENT_3D('',#8324,#6659,#6660);
#5778=AXIS2_PLACEMENT_3D('',#8326,#6662,#6663);
#5779=AXIS2_PLACEMENT_3D('',#8328,#6664,#6665);
#5780=AXIS2_PLACEMENT_3D('',#8330,#6666,#6667);
#5781=AXIS2_PLACEMENT_3D('',#8332,#6669,#6670);
#5782=AXIS2_PLACEMENT_3D('',#8334,#6671,#6672);
#5783=AXIS2_PLACEMENT_3D('',#8336,#6673,#6674);
#5784=AXIS2_PLACEMENT_3D('',#8338,#6676,#6677);
#5785=AXIS2_PLACEMENT_3D('',#8344,#6681,#6682);
#5786=AXIS2_PLACEMENT_3D('',#8350,#6686,#6687);
#5787=AXIS2_PLACEMENT_3D('',#8356,#6691,#6692);
#5788=AXIS2_PLACEMENT_3D('',#8358,#6693,#6694);
#5789=AXIS2_PLACEMENT_3D('',#8360,#6695,#6696);
#5790=AXIS2_PLACEMENT_3D('',#8362,#6698,#6699);
#5791=AXIS2_PLACEMENT_3D('',#8364,#6700,#6701);
#5792=AXIS2_PLACEMENT_3D('',#8366,#6702,#6703);
#5793=AXIS2_PLACEMENT_3D('',#8368,#6705,#6706);
#5794=AXIS2_PLACEMENT_3D('',#8370,#6707,#6708);
#5795=AXIS2_PLACEMENT_3D('',#8372,#6709,#6710);
#5796=AXIS2_PLACEMENT_3D('',#8374,#6712,#6713);
#5797=AXIS2_PLACEMENT_3D('',#8380,#6717,#6718);
#5798=AXIS2_PLACEMENT_3D('',#8386,#6722,#6723);
#5799=AXIS2_PLACEMENT_3D('',#8392,#6727,#6728);
#5800=AXIS2_PLACEMENT_3D('',#8398,#6732,#6733);
#5801=AXIS2_PLACEMENT_3D('',#8404,#6737,#6738);
#5802=AXIS2_PLACEMENT_3D('',#8405,#6739,#6740);
#5803=AXIS2_PLACEMENT_3D('',#8406,#6741,#6742);
#5804=AXIS2_PLACEMENT_3D('',#8407,#6743,#6744);
#5805=AXIS2_PLACEMENT_3D('',#8408,#6745,#6746);
#5806=AXIS2_PLACEMENT_3D('',#8409,#6747,#6748);
#5807=AXIS2_PLACEMENT_3D('',#8412,#6749,#6750);
#5808=AXIS2_PLACEMENT_3D('',#8416,#6752,#6753);
#5809=AXIS2_PLACEMENT_3D('',#8418,#6755,#6756);
#5810=AXIS2_PLACEMENT_3D('',#8424,#6760,#6761);
#5811=AXIS2_PLACEMENT_3D('',#8430,#6765,#6766);
#5812=AXIS2_PLACEMENT_3D('',#8432,#6767,#6768);
#5813=AXIS2_PLACEMENT_3D('',#8434,#6769,#6770);
#5814=AXIS2_PLACEMENT_3D('',#8436,#6772,#6773);
#5815=AXIS2_PLACEMENT_3D('',#8438,#6774,#6775);
#5816=AXIS2_PLACEMENT_3D('',#8440,#6776,#6777);
#5817=AXIS2_PLACEMENT_3D('',#8442,#6779,#6780);
#5818=AXIS2_PLACEMENT_3D('',#8444,#6781,#6782);
#5819=AXIS2_PLACEMENT_3D('',#8446,#6783,#6784);
#5820=AXIS2_PLACEMENT_3D('',#8448,#6786,#6787);
#5821=AXIS2_PLACEMENT_3D('',#8450,#6788,#6789);
#5822=AXIS2_PLACEMENT_3D('',#8452,#6790,#6791);
#5823=AXIS2_PLACEMENT_3D('',#8454,#6793,#6794);
#5824=AXIS2_PLACEMENT_3D('',#8455,#6795,#6796);
#5825=AXIS2_PLACEMENT_3D('',#8456,#6797,#6798);
#5826=AXIS2_PLACEMENT_3D('',#8457,#6799,#6800);
#5827=AXIS2_PLACEMENT_3D('',#8466,#6805,#6806);
#5828=AXIS2_PLACEMENT_3D('',#8472,#6810,#6811);
#5829=AXIS2_PLACEMENT_3D('',#8474,#6812,#6813);
#5830=AXIS2_PLACEMENT_3D('',#8476,#6814,#6815);
#5831=AXIS2_PLACEMENT_3D('',#8478,#6817,#6818);
#5832=AXIS2_PLACEMENT_3D('',#8484,#6822,#6823);
#5833=AXIS2_PLACEMENT_3D('',#8486,#6824,#6825);
#5834=AXIS2_PLACEMENT_3D('',#8488,#6826,#6827);
#5835=AXIS2_PLACEMENT_3D('',#8490,#6829,#6830);
#5836=AXIS2_PLACEMENT_3D('',#8492,#6831,#6832);
#5837=AXIS2_PLACEMENT_3D('',#8494,#6833,#6834);
#5838=AXIS2_PLACEMENT_3D('',#8496,#6836,#6837);
#5839=AXIS2_PLACEMENT_3D('',#8498,#6838,#6839);
#5840=AXIS2_PLACEMENT_3D('',#8500,#6840,#6841);
#5841=AXIS2_PLACEMENT_3D('',#8502,#6843,#6844);
#5842=AXIS2_PLACEMENT_3D('',#8504,#6845,#6846);
#5843=AXIS2_PLACEMENT_3D('',#8506,#6847,#6848);
#5844=AXIS2_PLACEMENT_3D('',#8508,#6850,#6851);
#5845=AXIS2_PLACEMENT_3D('',#8510,#6852,#6853);
#5846=AXIS2_PLACEMENT_3D('',#8512,#6854,#6855);
#5847=AXIS2_PLACEMENT_3D('',#8514,#6857,#6858);
#5848=AXIS2_PLACEMENT_3D('',#8516,#6859,#6860);
#5849=AXIS2_PLACEMENT_3D('',#8518,#6861,#6862);
#5850=AXIS2_PLACEMENT_3D('',#8520,#6864,#6865);
#5851=AXIS2_PLACEMENT_3D('',#8522,#6866,#6867);
#5852=AXIS2_PLACEMENT_3D('',#8524,#6868,#6869);
#5853=AXIS2_PLACEMENT_3D('',#8526,#6871,#6872);
#5854=AXIS2_PLACEMENT_3D('',#8528,#6873,#6874);
#5855=AXIS2_PLACEMENT_3D('',#8530,#6875,#6876);
#5856=AXIS2_PLACEMENT_3D('',#8532,#6878,#6879);
#5857=AXIS2_PLACEMENT_3D('',#8534,#6880,#6881);
#5858=AXIS2_PLACEMENT_3D('',#8536,#6882,#6883);
#5859=AXIS2_PLACEMENT_3D('',#8538,#6885,#6886);
#5860=AXIS2_PLACEMENT_3D('',#8540,#6887,#6888);
#5861=AXIS2_PLACEMENT_3D('',#8542,#6889,#6890);
#5862=AXIS2_PLACEMENT_3D('',#8544,#6892,#6893);
#5863=AXIS2_PLACEMENT_3D('',#8546,#6894,#6895);
#5864=AXIS2_PLACEMENT_3D('',#8548,#6896,#6897);
#5865=AXIS2_PLACEMENT_3D('',#8550,#6899,#6900);
#5866=AXIS2_PLACEMENT_3D('',#8552,#6901,#6902);
#5867=AXIS2_PLACEMENT_3D('',#8554,#6903,#6904);
#5868=AXIS2_PLACEMENT_3D('',#8556,#6906,#6907);
#5869=AXIS2_PLACEMENT_3D('',#8558,#6908,#6909);
#5870=AXIS2_PLACEMENT_3D('',#8560,#6910,#6911);
#5871=AXIS2_PLACEMENT_3D('',#8562,#6913,#6914);
#5872=AXIS2_PLACEMENT_3D('',#8568,#6918,#6919);
#5873=AXIS2_PLACEMENT_3D('',#8574,#6923,#6924);
#5874=AXIS2_PLACEMENT_3D('',#8576,#6925,#6926);
#5875=AXIS2_PLACEMENT_3D('',#8578,#6927,#6928);
#5876=AXIS2_PLACEMENT_3D('',#8580,#6930,#6931);
#5877=AXIS2_PLACEMENT_3D('',#8582,#6932,#6933);
#5878=AXIS2_PLACEMENT_3D('',#8584,#6934,#6935);
#5879=AXIS2_PLACEMENT_3D('',#8586,#6937,#6938);
#5880=AXIS2_PLACEMENT_3D('',#8588,#6939,#6940);
#5881=AXIS2_PLACEMENT_3D('',#8590,#6941,#6942);
#5882=AXIS2_PLACEMENT_3D('',#8592,#6944,#6945);
#5883=AXIS2_PLACEMENT_3D('',#8594,#6946,#6947);
#5884=AXIS2_PLACEMENT_3D('',#8596,#6948,#6949);
#5885=AXIS2_PLACEMENT_3D('',#8598,#6951,#6952);
#5886=AXIS2_PLACEMENT_3D('',#8600,#6953,#6954);
#5887=AXIS2_PLACEMENT_3D('',#8602,#6955,#6956);
#5888=AXIS2_PLACEMENT_3D('',#8604,#6958,#6959);
#5889=AXIS2_PLACEMENT_3D('',#8606,#6960,#6961);
#5890=AXIS2_PLACEMENT_3D('',#8608,#6962,#6963);
#5891=AXIS2_PLACEMENT_3D('',#8610,#6965,#6966);
#5892=AXIS2_PLACEMENT_3D('',#8613,#6969,#6970);
#5893=AXIS2_PLACEMENT_3D('',#8614,#6971,#6972);
#5894=AXIS2_PLACEMENT_3D('',#8615,#6973,#6974);
#5895=AXIS2_PLACEMENT_3D('',#8624,#6979,#6980);
#5896=AXIS2_PLACEMENT_3D('',#8626,#6981,#6982);
#5897=AXIS2_PLACEMENT_3D('',#8628,#6983,#6984);
#5898=AXIS2_PLACEMENT_3D('',#8630,#6986,#6987);
#5899=AXIS2_PLACEMENT_3D('',#8632,#6988,#6989);
#5900=AXIS2_PLACEMENT_3D('',#8634,#6990,#6991);
#5901=AXIS2_PLACEMENT_3D('',#8636,#6993,#6994);
#5902=AXIS2_PLACEMENT_3D('',#8638,#6995,#6996);
#5903=AXIS2_PLACEMENT_3D('',#8640,#6997,#6998);
#5904=AXIS2_PLACEMENT_3D('',#8642,#7000,#7001);
#5905=AXIS2_PLACEMENT_3D('',#8644,#7002,#7003);
#5906=AXIS2_PLACEMENT_3D('',#8646,#7004,#7005);
#5907=AXIS2_PLACEMENT_3D('',#8648,#7007,#7008);
#5908=AXIS2_PLACEMENT_3D('',#8650,#7009,#7010);
#5909=AXIS2_PLACEMENT_3D('',#8652,#7011,#7012);
#5910=AXIS2_PLACEMENT_3D('',#8654,#7014,#7015);
#5911=AXIS2_PLACEMENT_3D('',#8656,#7016,#7017);
#5912=AXIS2_PLACEMENT_3D('',#8658,#7018,#7019);
#5913=AXIS2_PLACEMENT_3D('',#8660,#7021,#7022);
#5914=AXIS2_PLACEMENT_3D('',#8662,#7023,#7024);
#5915=AXIS2_PLACEMENT_3D('',#8664,#7025,#7026);
#5916=AXIS2_PLACEMENT_3D('',#8666,#7028,#7029);
#5917=AXIS2_PLACEMENT_3D('',#8668,#7030,#7031);
#5918=AXIS2_PLACEMENT_3D('',#8670,#7032,#7033);
#5919=AXIS2_PLACEMENT_3D('',#8672,#7035,#7036);
#5920=AXIS2_PLACEMENT_3D('',#8674,#7037,#7038);
#5921=AXIS2_PLACEMENT_3D('',#8676,#7039,#7040);
#5922=AXIS2_PLACEMENT_3D('',#8678,#7042,#7043);
#5923=AXIS2_PLACEMENT_3D('',#8680,#7044,#7045);
#5924=AXIS2_PLACEMENT_3D('',#8682,#7046,#7047);
#5925=AXIS2_PLACEMENT_3D('',#8684,#7049,#7050);
#5926=AXIS2_PLACEMENT_3D('',#8686,#7051,#7052);
#5927=AXIS2_PLACEMENT_3D('',#8688,#7053,#7054);
#5928=AXIS2_PLACEMENT_3D('',#8690,#7056,#7057);
#5929=AXIS2_PLACEMENT_3D('',#8692,#7058,#7059);
#5930=AXIS2_PLACEMENT_3D('',#8694,#7060,#7061);
#5931=AXIS2_PLACEMENT_3D('',#8696,#7063,#7064);
#5932=AXIS2_PLACEMENT_3D('',#8698,#7065,#7066);
#5933=AXIS2_PLACEMENT_3D('',#8700,#7067,#7068);
#5934=AXIS2_PLACEMENT_3D('',#8702,#7070,#7071);
#5935=AXIS2_PLACEMENT_3D('',#8704,#7072,#7073);
#5936=AXIS2_PLACEMENT_3D('',#8706,#7074,#7075);
#5937=AXIS2_PLACEMENT_3D('',#8708,#7077,#7078);
#5938=AXIS2_PLACEMENT_3D('',#8714,#7082,#7083);
#5939=AXIS2_PLACEMENT_3D('',#8716,#7084,#7085);
#5940=AXIS2_PLACEMENT_3D('',#8718,#7086,#7087);
#5941=AXIS2_PLACEMENT_3D('',#8720,#7089,#7090);
#5942=AXIS2_PLACEMENT_3D('',#8722,#7091,#7092);
#5943=AXIS2_PLACEMENT_3D('',#8724,#7093,#7094);
#5944=AXIS2_PLACEMENT_3D('',#8726,#7096,#7097);
#5945=AXIS2_PLACEMENT_3D('',#8728,#7098,#7099);
#5946=AXIS2_PLACEMENT_3D('',#8730,#7100,#7101);
#5947=AXIS2_PLACEMENT_3D('',#8732,#7103,#7104);
#5948=AXIS2_PLACEMENT_3D('',#8733,#7105,#7106);
#5949=AXIS2_PLACEMENT_3D('',#8734,#7107,#7108);
#5950=AXIS2_PLACEMENT_3D('',#8735,#7109,#7110);
#5951=AXIS2_PLACEMENT_3D('',#8744,#7115,#7116);
#5952=AXIS2_PLACEMENT_3D('',#8746,#7117,#7118);
#5953=AXIS2_PLACEMENT_3D('',#8748,#7119,#7120);
#5954=AXIS2_PLACEMENT_3D('',#8750,#7122,#7123);
#5955=AXIS2_PLACEMENT_3D('',#8752,#7124,#7125);
#5956=AXIS2_PLACEMENT_3D('',#8754,#7126,#7127);
#5957=AXIS2_PLACEMENT_3D('',#8756,#7129,#7130);
#5958=AXIS2_PLACEMENT_3D('',#8758,#7131,#7132);
#5959=AXIS2_PLACEMENT_3D('',#8760,#7133,#7134);
#5960=AXIS2_PLACEMENT_3D('',#8762,#7136,#7137);
#5961=AXIS2_PLACEMENT_3D('',#8764,#7138,#7139);
#5962=AXIS2_PLACEMENT_3D('',#8766,#7140,#7141);
#5963=AXIS2_PLACEMENT_3D('',#8768,#7143,#7144);
#5964=AXIS2_PLACEMENT_3D('',#8770,#7145,#7146);
#5965=AXIS2_PLACEMENT_3D('',#8772,#7147,#7148);
#5966=AXIS2_PLACEMENT_3D('',#8774,#7150,#7151);
#5967=AXIS2_PLACEMENT_3D('',#8776,#7152,#7153);
#5968=AXIS2_PLACEMENT_3D('',#8778,#7154,#7155);
#5969=AXIS2_PLACEMENT_3D('',#8780,#7157,#7158);
#5970=AXIS2_PLACEMENT_3D('',#8782,#7159,#7160);
#5971=AXIS2_PLACEMENT_3D('',#8784,#7161,#7162);
#5972=AXIS2_PLACEMENT_3D('',#8786,#7164,#7165);
#5973=AXIS2_PLACEMENT_3D('',#8788,#7166,#7167);
#5974=AXIS2_PLACEMENT_3D('',#8790,#7168,#7169);
#5975=AXIS2_PLACEMENT_3D('',#8792,#7171,#7172);
#5976=AXIS2_PLACEMENT_3D('',#8794,#7173,#7174);
#5977=AXIS2_PLACEMENT_3D('',#8796,#7175,#7176);
#5978=AXIS2_PLACEMENT_3D('',#8798,#7178,#7179);
#5979=AXIS2_PLACEMENT_3D('',#8800,#7180,#7181);
#5980=AXIS2_PLACEMENT_3D('',#8802,#7182,#7183);
#5981=AXIS2_PLACEMENT_3D('',#8804,#7185,#7186);
#5982=AXIS2_PLACEMENT_3D('',#8806,#7187,#7188);
#5983=AXIS2_PLACEMENT_3D('',#8808,#7189,#7190);
#5984=AXIS2_PLACEMENT_3D('',#8810,#7192,#7193);
#5985=AXIS2_PLACEMENT_3D('',#8812,#7194,#7195);
#5986=AXIS2_PLACEMENT_3D('',#8814,#7196,#7197);
#5987=AXIS2_PLACEMENT_3D('',#8816,#7199,#7200);
#5988=AXIS2_PLACEMENT_3D('',#8818,#7201,#7202);
#5989=AXIS2_PLACEMENT_3D('',#8820,#7203,#7204);
#5990=AXIS2_PLACEMENT_3D('',#8822,#7206,#7207);
#5991=AXIS2_PLACEMENT_3D('',#8824,#7208,#7209);
#5992=AXIS2_PLACEMENT_3D('',#8826,#7210,#7211);
#5993=AXIS2_PLACEMENT_3D('',#8828,#7213,#7214);
#5994=AXIS2_PLACEMENT_3D('',#8830,#7215,#7216);
#5995=AXIS2_PLACEMENT_3D('',#8832,#7217,#7218);
#5996=AXIS2_PLACEMENT_3D('',#8834,#7220,#7221);
#5997=AXIS2_PLACEMENT_3D('',#8836,#7222,#7223);
#5998=AXIS2_PLACEMENT_3D('',#8838,#7224,#7225);
#5999=AXIS2_PLACEMENT_3D('',#8840,#7227,#7228);
#6000=AXIS2_PLACEMENT_3D('',#8842,#7229,#7230);
#6001=AXIS2_PLACEMENT_3D('',#8844,#7231,#7232);
#6002=AXIS2_PLACEMENT_3D('',#8846,#7234,#7235);
#6003=AXIS2_PLACEMENT_3D('',#8848,#7236,#7237);
#6004=AXIS2_PLACEMENT_3D('',#8850,#7238,#7239);
#6005=AXIS2_PLACEMENT_3D('',#8852,#7241,#7242);
#6006=AXIS2_PLACEMENT_3D('',#8858,#7246,#7247);
#6007=AXIS2_PLACEMENT_3D('',#8860,#7248,#7249);
#6008=AXIS2_PLACEMENT_3D('',#8862,#7250,#7251);
#6009=AXIS2_PLACEMENT_3D('',#8864,#7253,#7254);
#6010=AXIS2_PLACEMENT_3D('',#8865,#7255,#7256);
#6011=AXIS2_PLACEMENT_3D('',#8866,#7257,#7258);
#6012=AXIS2_PLACEMENT_3D('',#8867,#7259,#7260);
#6013=AXIS2_PLACEMENT_3D('',#8868,#7261,#7262);
#6014=AXIS2_PLACEMENT_3D('',#8869,#7263,#7264);
#6015=AXIS2_PLACEMENT_3D('',#8872,#7265,#7266);
#6016=AXIS2_PLACEMENT_3D('',#8876,#7268,#7269);
#6017=AXIS2_PLACEMENT_3D('',#8878,#7271,#7272);
#6018=AXIS2_PLACEMENT_3D('',#8880,#7273,#7274);
#6019=AXIS2_PLACEMENT_3D('',#8882,#7275,#7276);
#6020=AXIS2_PLACEMENT_3D('',#8884,#7278,#7279);
#6021=AXIS2_PLACEMENT_3D('',#8886,#7280,#7281);
#6022=AXIS2_PLACEMENT_3D('',#8888,#7282,#7283);
#6023=AXIS2_PLACEMENT_3D('',#8890,#7285,#7286);
#6024=AXIS2_PLACEMENT_3D('',#8896,#7290,#7291);
#6025=AXIS2_PLACEMENT_3D('',#8902,#7295,#7296);
#6026=AXIS2_PLACEMENT_3D('',#8908,#7300,#7301);
#6027=AXIS2_PLACEMENT_3D('',#8910,#7302,#7303);
#6028=AXIS2_PLACEMENT_3D('',#8912,#7304,#7305);
#6029=AXIS2_PLACEMENT_3D('',#8914,#7307,#7308);
#6030=AXIS2_PLACEMENT_3D('',#8916,#7309,#7310);
#6031=AXIS2_PLACEMENT_3D('',#8918,#7311,#7312);
#6032=AXIS2_PLACEMENT_3D('',#8920,#7314,#7315);
#6033=AXIS2_PLACEMENT_3D('',#8922,#7316,#7317);
#6034=AXIS2_PLACEMENT_3D('',#8924,#7318,#7319);
#6035=AXIS2_PLACEMENT_3D('',#8926,#7321,#7322);
#6036=AXIS2_PLACEMENT_3D('',#8932,#7326,#7327);
#6037=AXIS2_PLACEMENT_3D('',#8938,#7331,#7332);
#6038=AXIS2_PLACEMENT_3D('',#8944,#7336,#7337);
#6039=AXIS2_PLACEMENT_3D('',#8950,#7341,#7342);
#6040=AXIS2_PLACEMENT_3D('',#8956,#7346,#7347);
#6041=AXIS2_PLACEMENT_3D('',#8957,#7348,#7349);
#6042=AXIS2_PLACEMENT_3D('',#8958,#7350,#7351);
#6043=AXIS2_PLACEMENT_3D('',#8959,#7352,#7353);
#6044=AXIS2_PLACEMENT_3D('',#8960,#7354,#7355);
#6045=AXIS2_PLACEMENT_3D('',#8961,#7356,#7357);
#6046=AXIS2_PLACEMENT_3D('',#8970,#7362,#7363);
#6047=AXIS2_PLACEMENT_3D('',#8976,#7367,#7368);
#6048=AXIS2_PLACEMENT_3D('',#8982,#7372,#7373);
#6049=AXIS2_PLACEMENT_3D('',#8985,#7376,#7377);
#6050=AXIS2_PLACEMENT_3D('',#8986,#7378,#7379);
#6051=AXIS2_PLACEMENT_3D('',#8987,#7380,#7381);
#6052=AXIS2_PLACEMENT_3D('',#8996,#7386,#7387);
#6053=AXIS2_PLACEMENT_3D('',#9002,#7391,#7392);
#6054=AXIS2_PLACEMENT_3D('',#9008,#7396,#7397);
#6055=AXIS2_PLACEMENT_3D('',#9011,#7400,#7401);
#6056=AXIS2_PLACEMENT_3D('',#9012,#7402,#7403);
#6057=AXIS2_PLACEMENT_3D('',#9013,#7404,#7405);
#6058=AXIS2_PLACEMENT_3D('',#9022,#7410,#7411);
#6059=AXIS2_PLACEMENT_3D('',#9028,#7415,#7416);
#6060=AXIS2_PLACEMENT_3D('',#9034,#7420,#7421);
#6061=AXIS2_PLACEMENT_3D('',#9037,#7424,#7425);
#6062=AXIS2_PLACEMENT_3D('',#9038,#7426,#7427);
#6063=AXIS2_PLACEMENT_3D('',#9039,#7428,#7429);
#6064=AXIS2_PLACEMENT_3D('',#9048,#7434,#7435);
#6065=AXIS2_PLACEMENT_3D('',#9054,#7439,#7440);
#6066=AXIS2_PLACEMENT_3D('',#9060,#7444,#7445);
#6067=AXIS2_PLACEMENT_3D('',#9063,#7448,#7449);
#6068=AXIS2_PLACEMENT_3D('',#9064,#7450,#7451);
#6069=AXIS2_PLACEMENT_3D('',#9065,#7452,#7453);
#6070=AXIS2_PLACEMENT_3D('',#9074,#7458,#7459);
#6071=AXIS2_PLACEMENT_3D('',#9080,#7463,#7464);
#6072=AXIS2_PLACEMENT_3D('',#9086,#7468,#7469);
#6073=AXIS2_PLACEMENT_3D('',#9095,#7474,#7475);
#6074=AXIS2_PLACEMENT_3D('',#9104,#7480,#7481);
#6075=AXIS2_PLACEMENT_3D('',#9110,#7485,#7486);
#6076=AXIS2_PLACEMENT_3D('',#9112,#7487,#7488);
#6077=AXIS2_PLACEMENT_3D('',#9114,#7489,#7490);
#6078=AXIS2_PLACEMENT_3D('',#9116,#7492,#7493);
#6079=AXIS2_PLACEMENT_3D('',#9122,#7497,#7498);
#6080=AXIS2_PLACEMENT_3D('',#9128,#7502,#7503);
#6081=AXIS2_PLACEMENT_3D('',#9134,#7507,#7508);
#6082=AXIS2_PLACEMENT_3D('',#9140,#7512,#7513);
#6083=AXIS2_PLACEMENT_3D('',#9146,#7517,#7518);
#6084=AXIS2_PLACEMENT_3D('',#9148,#7519,#7520);
#6085=AXIS2_PLACEMENT_3D('',#9150,#7521,#7522);
#6086=AXIS2_PLACEMENT_3D('',#9152,#7524,#7525);
#6087=AXIS2_PLACEMENT_3D('',#9155,#7528,#7529);
#6088=AXIS2_PLACEMENT_3D('',#9161,#7533,#7534);
#6089=AXIS2_PLACEMENT_3D('',#9163,#7535,#7536);
#6090=AXIS2_PLACEMENT_3D('',#9165,#7537,#7538);
#6091=AXIS2_PLACEMENT_3D('',#9167,#7540,#7541);
#6092=AXIS2_PLACEMENT_3D('',#9173,#7545,#7546);
#6093=AXIS2_PLACEMENT_3D('',#9179,#7550,#7551);
#6094=AXIS2_PLACEMENT_3D('',#9185,#7555,#7556);
#6095=AXIS2_PLACEMENT_3D('',#9191,#7560,#7561);
#6096=AXIS2_PLACEMENT_3D('',#9197,#7565,#7566);
#6097=AXIS2_PLACEMENT_3D('',#9199,#7567,#7568);
#6098=AXIS2_PLACEMENT_3D('',#9201,#7569,#7570);
#6099=AXIS2_PLACEMENT_3D('',#9203,#7572,#7573);
#6100=AXIS2_PLACEMENT_3D('',#9206,#7576,#7577);
#6101=AXIS2_PLACEMENT_3D('',#9212,#7581,#7582);
#6102=AXIS2_PLACEMENT_3D('',#9214,#7583,#7584);
#6103=AXIS2_PLACEMENT_3D('',#9216,#7585,#7586);
#6104=AXIS2_PLACEMENT_3D('',#9218,#7588,#7589);
#6105=AXIS2_PLACEMENT_3D('',#9224,#7593,#7594);
#6106=AXIS2_PLACEMENT_3D('',#9230,#7598,#7599);
#6107=AXIS2_PLACEMENT_3D('',#9236,#7603,#7604);
#6108=AXIS2_PLACEMENT_3D('',#9242,#7608,#7609);
#6109=AXIS2_PLACEMENT_3D('',#9248,#7613,#7614);
#6110=AXIS2_PLACEMENT_3D('',#9250,#7615,#7616);
#6111=AXIS2_PLACEMENT_3D('',#9252,#7617,#7618);
#6112=AXIS2_PLACEMENT_3D('',#9254,#7620,#7621);
#6113=AXIS2_PLACEMENT_3D('',#9257,#7624,#7625);
#6114=AXIS2_PLACEMENT_3D('',#9258,#7626,#7627);
#6115=AXIS2_PLACEMENT_3D('',#9259,#7628,#7629);
#6116=AXIS2_PLACEMENT_3D('',#9268,#7634,#7635);
#6117=AXIS2_PLACEMENT_3D('',#9277,#7640,#7641);
#6118=AXIS2_PLACEMENT_3D('',#9286,#7646,#7647);
#6119=AXIS2_PLACEMENT_3D('',#9292,#7651,#7652);
#6120=AXIS2_PLACEMENT_3D('',#9298,#7656,#7657);
#6121=AXIS2_PLACEMENT_3D('',#9300,#7658,#7659);
#6122=AXIS2_PLACEMENT_3D('',#9302,#7660,#7661);
#6123=AXIS2_PLACEMENT_3D('',#9304,#7663,#7664);
#6124=AXIS2_PLACEMENT_3D('',#9310,#7668,#7669);
#6125=AXIS2_PLACEMENT_3D('',#9316,#7673,#7674);
#6126=AXIS2_PLACEMENT_3D('',#9322,#7678,#7679);
#6127=AXIS2_PLACEMENT_3D('',#9328,#7683,#7684);
#6128=AXIS2_PLACEMENT_3D('',#9334,#7688,#7689);
#6129=AXIS2_PLACEMENT_3D('',#9336,#7690,#7691);
#6130=AXIS2_PLACEMENT_3D('',#9338,#7692,#7693);
#6131=AXIS2_PLACEMENT_3D('',#9340,#7695,#7696);
#6132=AXIS2_PLACEMENT_3D('',#9343,#7699,#7700);
#6133=AXIS2_PLACEMENT_3D('',#9349,#7704,#7705);
#6134=AXIS2_PLACEMENT_3D('',#9351,#7706,#7707);
#6135=AXIS2_PLACEMENT_3D('',#9353,#7708,#7709);
#6136=AXIS2_PLACEMENT_3D('',#9355,#7711,#7712);
#6137=AXIS2_PLACEMENT_3D('',#9361,#7716,#7717);
#6138=AXIS2_PLACEMENT_3D('',#9367,#7721,#7722);
#6139=AXIS2_PLACEMENT_3D('',#9373,#7726,#7727);
#6140=AXIS2_PLACEMENT_3D('',#9379,#7731,#7732);
#6141=AXIS2_PLACEMENT_3D('',#9385,#7736,#7737);
#6142=AXIS2_PLACEMENT_3D('',#9387,#7738,#7739);
#6143=AXIS2_PLACEMENT_3D('',#9389,#7740,#7741);
#6144=AXIS2_PLACEMENT_3D('',#9391,#7743,#7744);
#6145=AXIS2_PLACEMENT_3D('',#9394,#7747,#7748);
#6146=AXIS2_PLACEMENT_3D('',#9400,#7752,#7753);
#6147=AXIS2_PLACEMENT_3D('',#9402,#7754,#7755);
#6148=AXIS2_PLACEMENT_3D('',#9404,#7756,#7757);
#6149=AXIS2_PLACEMENT_3D('',#9406,#7759,#7760);
#6150=AXIS2_PLACEMENT_3D('',#9412,#7764,#7765);
#6151=AXIS2_PLACEMENT_3D('',#9418,#7769,#7770);
#6152=AXIS2_PLACEMENT_3D('',#9424,#7774,#7775);
#6153=AXIS2_PLACEMENT_3D('',#9430,#7779,#7780);
#6154=AXIS2_PLACEMENT_3D('',#9436,#7784,#7785);
#6155=AXIS2_PLACEMENT_3D('',#9437,#7786,#7787);
#6156=AXIS2_PLACEMENT_3D('',#9438,#7788,#7789);
#6157=AXIS2_PLACEMENT_3D('',#9439,#7790,#7791);
#6158=AXIS2_PLACEMENT_3D('',#9440,#7792,#7793);
#6159=AXIS2_PLACEMENT_3D('',#9441,#7794,#7795);
#6160=AXIS2_PLACEMENT_3D('',#9450,#7800,#7801);
#6161=AXIS2_PLACEMENT_3D('',#9456,#7805,#7806);
#6162=AXIS2_PLACEMENT_3D('',#9462,#7810,#7811);
#6163=AXIS2_PLACEMENT_3D('',#9465,#7814,#7815);
#6164=AXIS2_PLACEMENT_3D('',#9466,#7816,#7817);
#6165=AXIS2_PLACEMENT_3D('',#9467,#7818,#7819);
#6166=AXIS2_PLACEMENT_3D('',#9476,#7824,#7825);
#6167=AXIS2_PLACEMENT_3D('',#9482,#7829,#7830);
#6168=AXIS2_PLACEMENT_3D('',#9488,#7834,#7835);
#6169=AXIS2_PLACEMENT_3D('',#9491,#7838,#7839);
#6170=AXIS2_PLACEMENT_3D('',#9500,#7844,#7845);
#6171=AXIS2_PLACEMENT_3D('',#9501,#7846,#7847);
#6172=AXIS2_PLACEMENT_3D('',#9502,#7848,#7849);
#6173=AXIS2_PLACEMENT_3D('',#9503,#7850,#7851);
#6174=AXIS2_PLACEMENT_3D('',#9504,#7852,#7853);
#6175=AXIS2_PLACEMENT_3D('',#9505,#7854,#7855);
#6176=AXIS2_PLACEMENT_3D('',#9506,#7856,#7857);
#6177=AXIS2_PLACEMENT_3D('',#9507,#7858,#7859);
#6178=AXIS2_PLACEMENT_3D('',#9508,#7860,#7861);
#6179=DIRECTION('axis',(0.,0.,1.));
#6180=DIRECTION('refdir',(1.,0.,0.));
#6181=DIRECTION('center_axis',(0.,0.,1.));
#6182=DIRECTION('ref_axis',(-0.172351240941088,0.985035557604936,0.));
#6183=DIRECTION('center_axis',(0.,0.,1.));
#6184=DIRECTION('ref_axis',(-0.172351240941088,0.985035557604936,0.));
#6185=DIRECTION('',(0.,0.,1.));
#6186=DIRECTION('center_axis',(0.,0.,-1.));
#6187=DIRECTION('ref_axis',(-0.172351240941088,0.985035557604936,0.));
#6188=DIRECTION('',(0.,0.,1.));
#6189=DIRECTION('center_axis',(0.,0.,1.));
#6190=DIRECTION('ref_axis',(-0.583726883587401,0.811950075668043,0.));
#6191=DIRECTION('center_axis',(0.,0.,1.));
#6192=DIRECTION('ref_axis',(-0.583726883587401,0.811950075668043,0.));
#6193=DIRECTION('center_axis',(0.,0.,-1.));
#6194=DIRECTION('ref_axis',(-0.583726883587401,0.811950075668043,0.));
#6195=DIRECTION('',(0.,0.,1.));
#6196=DIRECTION('center_axis',(0.,0.,1.));
#6197=DIRECTION('ref_axis',(-0.836369389810687,0.548166255608368,0.));
#6198=DIRECTION('center_axis',(0.,0.,1.));
#6199=DIRECTION('ref_axis',(-0.836369389810687,0.548166255608368,0.));
#6200=DIRECTION('center_axis',(0.,0.,-1.));
#6201=DIRECTION('ref_axis',(-0.836369389810687,0.548166255608368,0.));
#6202=DIRECTION('',(0.,0.,1.));
#6203=DIRECTION('center_axis',(0.,0.,1.));
#6204=DIRECTION('ref_axis',(-0.949066817008989,0.315074874993906,0.));
#6205=DIRECTION('center_axis',(0.,0.,1.));
#6206=DIRECTION('ref_axis',(-0.949066817008989,0.315074874993906,0.));
#6207=DIRECTION('center_axis',(0.,0.,-1.));
#6208=DIRECTION('ref_axis',(-0.949066817008989,0.315074874993906,0.));
#6209=DIRECTION('',(0.,0.,1.));
#6210=DIRECTION('center_axis',(0.,0.,1.));
#6211=DIRECTION('ref_axis',(-0.995510984643872,0.0946460746855796,0.));
#6212=DIRECTION('center_axis',(0.,0.,1.));
#6213=DIRECTION('ref_axis',(-0.995510984643872,0.0946460746855796,0.));
#6214=DIRECTION('center_axis',(0.,0.,-1.));
#6215=DIRECTION('ref_axis',(-0.995510984643872,0.0946460746855796,0.));
#6216=DIRECTION('',(0.,0.,1.));
#6217=DIRECTION('center_axis',(0.,0.,1.));
#6218=DIRECTION('ref_axis',(-0.986701417704629,-0.162543262855384,0.));
#6219=DIRECTION('center_axis',(0.,0.,1.));
#6220=DIRECTION('ref_axis',(-0.986701417704629,-0.162543262855384,0.));
#6221=DIRECTION('center_axis',(0.,0.,-1.));
#6222=DIRECTION('ref_axis',(-0.986701417704629,-0.162543262855384,0.));
#6223=DIRECTION('',(0.,0.,1.));
#6224=DIRECTION('center_axis',(0.,0.,1.));
#6225=DIRECTION('ref_axis',(-0.934200252113447,-0.356749055991984,0.));
#6226=DIRECTION('center_axis',(0.,0.,1.));
#6227=DIRECTION('ref_axis',(-0.934200252113447,-0.356749055991984,0.));
#6228=DIRECTION('center_axis',(0.,0.,-1.));
#6229=DIRECTION('ref_axis',(-0.934200252113447,-0.356749055991984,0.));
#6230=DIRECTION('',(0.,0.,1.));
#6231=DIRECTION('center_axis',(-0.226238221407928,0.974072003074812,0.));
#6232=DIRECTION('ref_axis',(-0.974072003074812,-0.226238221407928,0.));
#6233=DIRECTION('',(0.974072003074812,0.226238221407928,0.));
#6234=DIRECTION('',(-0.974072003074812,-0.226238221407928,0.));
#6235=DIRECTION('',(0.,0.,1.));
#6236=DIRECTION('center_axis',(-0.226238220983374,0.97407200317342,0.));
#6237=DIRECTION('ref_axis',(-0.974072003173419,-0.226238220983374,0.));
#6238=DIRECTION('',(0.974072003173419,0.226238220983374,0.));
#6239=DIRECTION('',(-0.974072003173419,-0.226238220983374,0.));
#6240=DIRECTION('',(0.,0.,1.));
#6241=DIRECTION('center_axis',(0.,0.,1.));
#6242=DIRECTION('ref_axis',(0.997104626840112,0.076041851200773,0.));
#6243=DIRECTION('center_axis',(0.,0.,1.));
#6244=DIRECTION('ref_axis',(0.997104626840112,0.076041851200773,0.));
#6245=DIRECTION('center_axis',(0.,0.,-1.));
#6246=DIRECTION('ref_axis',(0.997104626840112,0.076041851200773,0.));
#6247=DIRECTION('',(0.,0.,1.));
#6248=DIRECTION('center_axis',(0.,0.,1.));
#6249=DIRECTION('ref_axis',(0.198582929856394,-0.980084088213685,0.));
#6250=DIRECTION('center_axis',(0.,0.,1.));
#6251=DIRECTION('ref_axis',(0.198582929856394,-0.980084088213685,0.));
#6252=DIRECTION('center_axis',(0.,0.,-1.));
#6253=DIRECTION('ref_axis',(0.198582929856394,-0.980084088213685,0.));
#6254=DIRECTION('',(0.,0.,1.));
#6255=DIRECTION('center_axis',(0.,0.,1.));
#6256=DIRECTION('ref_axis',(0.986102555786573,-0.166137742464463,0.));
#6257=DIRECTION('center_axis',(0.,0.,-1.));
#6258=DIRECTION('ref_axis',(0.986102555786573,-0.166137742464463,0.));
#6259=DIRECTION('center_axis',(0.,0.,1.));
#6260=DIRECTION('ref_axis',(0.986102555786573,-0.166137742464463,0.));
#6261=DIRECTION('',(0.,0.,1.));
#6262=DIRECTION('center_axis',(0.226238221404272,-0.974072003075662,0.));
#6263=DIRECTION('ref_axis',(0.974072003075662,0.226238221404272,0.));
#6264=DIRECTION('',(-0.974072003075662,-0.226238221404272,0.));
#6265=DIRECTION('',(0.974072003075662,0.226238221404272,0.));
#6266=DIRECTION('',(0.,0.,1.));
#6267=DIRECTION('center_axis',(0.,0.,1.));
#6268=DIRECTION('ref_axis',(-0.900850400473877,-0.434129653405588,0.));
#6269=DIRECTION('center_axis',(0.,0.,-1.));
#6270=DIRECTION('ref_axis',(-0.900850400473877,-0.434129653405588,0.));
#6271=DIRECTION('center_axis',(0.,0.,1.));
#6272=DIRECTION('ref_axis',(-0.900850400473877,-0.434129653405588,0.));
#6273=DIRECTION('',(0.,0.,1.));
#6274=DIRECTION('center_axis',(0.,0.,1.));
#6275=DIRECTION('ref_axis',(-0.997164178240053,-0.0752569042337042,0.));
#6276=DIRECTION('center_axis',(0.,0.,-1.));
#6277=DIRECTION('ref_axis',(-0.997164178240053,-0.0752569042337042,0.));
#6278=DIRECTION('center_axis',(0.,0.,1.));
#6279=DIRECTION('ref_axis',(-0.997164178240053,-0.0752569042337042,0.));
#6280=DIRECTION('',(0.,0.,1.));
#6281=DIRECTION('center_axis',(0.,0.,1.));
#6282=DIRECTION('ref_axis',(-0.967034231137137,0.254646413304812,0.));
#6283=DIRECTION('center_axis',(0.,0.,-1.));
#6284=DIRECTION('ref_axis',(-0.967034231137137,0.254646413304812,0.));
#6285=DIRECTION('center_axis',(0.,0.,1.));
#6286=DIRECTION('ref_axis',(-0.967034231137137,0.254646413304812,0.));
#6287=DIRECTION('',(0.,0.,1.));
#6288=DIRECTION('center_axis',(0.,0.,1.));
#6289=DIRECTION('ref_axis',(-0.894217339184473,0.447633053182895,0.));
#6290=DIRECTION('center_axis',(0.,0.,-1.));
#6291=DIRECTION('ref_axis',(-0.894217339184473,0.447633053182895,0.));
#6292=DIRECTION('center_axis',(0.,0.,1.));
#6293=DIRECTION('ref_axis',(-0.894217339184473,0.447633053182895,0.));
#6294=DIRECTION('',(0.,0.,1.));
#6295=DIRECTION('center_axis',(0.,0.,1.));
#6296=DIRECTION('ref_axis',(-0.74169356882602,0.67073888359191,0.));
#6297=DIRECTION('center_axis',(0.,0.,-1.));
#6298=DIRECTION('ref_axis',(-0.74169356882602,0.67073888359191,0.));
#6299=DIRECTION('center_axis',(0.,0.,1.));
#6300=DIRECTION('ref_axis',(-0.74169356882602,0.67073888359191,0.));
#6301=DIRECTION('',(0.,0.,1.));
#6302=DIRECTION('center_axis',(0.,0.,1.));
#6303=DIRECTION('ref_axis',(-0.364835761663166,0.931071891430333,0.));
#6304=DIRECTION('center_axis',(0.,0.,-1.));
#6305=DIRECTION('ref_axis',(-0.364835761663166,0.931071891430333,0.));
#6306=DIRECTION('center_axis',(0.,0.,1.));
#6307=DIRECTION('ref_axis',(-0.364835761663166,0.931071891430333,0.));
#6308=DIRECTION('',(0.,0.,1.));
#6309=DIRECTION('center_axis',(0.,0.,1.));
#6310=DIRECTION('ref_axis',(0.17825456924885,0.983984404623319,0.));
#6311=DIRECTION('center_axis',(0.,0.,-1.));
#6312=DIRECTION('ref_axis',(0.17825456924885,0.983984404623319,0.));
#6313=DIRECTION('center_axis',(0.,0.,1.));
#6314=DIRECTION('ref_axis',(0.17825456924885,0.983984404623319,0.));
#6315=DIRECTION('',(0.,0.,1.));
#6316=DIRECTION('center_axis',(0.,0.,1.));
#6317=DIRECTION('ref_axis',(0.609521618891401,0.792769447004616,0.));
#6318=DIRECTION('center_axis',(0.,0.,-1.));
#6319=DIRECTION('ref_axis',(0.609521618891401,0.792769447004616,0.));
#6320=DIRECTION('center_axis',(0.,0.,1.));
#6321=DIRECTION('ref_axis',(0.609521618891401,0.792769447004616,0.));
#6322=DIRECTION('',(0.,0.,1.));
#6323=DIRECTION('center_axis',(0.,0.,1.));
#6324=DIRECTION('ref_axis',(0.833469928796195,0.552564817729527,0.));
#6325=DIRECTION('center_axis',(0.,0.,-1.));
#6326=DIRECTION('ref_axis',(0.833469928796195,0.552564817729527,0.));
#6327=DIRECTION('center_axis',(0.,0.,1.));
#6328=DIRECTION('ref_axis',(0.833469928796195,0.552564817729527,0.));
#6329=DIRECTION('',(0.,0.,1.));
#6330=DIRECTION('center_axis',(0.,0.,1.));
#6331=DIRECTION('ref_axis',(-0.359106531136482,0.933296576279546,0.));
#6332=DIRECTION('center_axis',(0.,0.,1.));
#6333=DIRECTION('ref_axis',(-0.359106531136482,0.933296576279546,0.));
#6334=DIRECTION('center_axis',(0.,0.,-1.));
#6335=DIRECTION('ref_axis',(-0.359106531136482,0.933296576279546,0.));
#6336=DIRECTION('',(0.,0.,1.));
#6337=DIRECTION('center_axis',(0.,0.,1.));
#6338=DIRECTION('ref_axis',(0.650823793049513,0.759228812941556,0.));
#6339=DIRECTION('center_axis',(0.,0.,1.));
#6340=DIRECTION('ref_axis',(0.650823793049513,0.759228812941556,0.));
#6341=DIRECTION('center_axis',(0.,0.,-1.));
#6342=DIRECTION('ref_axis',(0.650823793049513,0.759228812941556,0.));
#6343=DIRECTION('',(0.,0.,1.));
#6344=DIRECTION('center_axis',(0.,0.,1.));
#6345=DIRECTION('ref_axis',(0.297512812210451,0.954717825627357,0.));
#6346=DIRECTION('center_axis',(0.,0.,1.));
#6347=DIRECTION('ref_axis',(0.297512812210451,0.954717825627357,0.));
#6348=DIRECTION('center_axis',(0.,0.,-1.));
#6349=DIRECTION('ref_axis',(0.297512812210451,0.954717825627357,0.));
#6350=DIRECTION('center_axis',(0.,0.,1.));
#6351=DIRECTION('ref_axis',(-6.73541583667303E-16,-1.,0.));
#6352=DIRECTION('center_axis',(0.,0.,1.));
#6353=DIRECTION('ref_axis',(-6.73541583667303E-16,-1.,0.));
#6354=DIRECTION('center_axis',(-1.,1.06567113198304E-15,0.));
#6355=DIRECTION('ref_axis',(-1.06567113198304E-15,-1.,0.));
#6356=DIRECTION('',(1.06567113198304E-15,1.,0.));
#6357=DIRECTION('',(0.,0.,1.));
#6358=DIRECTION('',(-1.06567113198304E-15,-1.,0.));
#6359=DIRECTION('',(0.,0.,1.));
#6360=DIRECTION('center_axis',(-0.226238221393425,0.974072003078181,0.));
#6361=DIRECTION('ref_axis',(-0.974072003078181,-0.226238221393425,0.));
#6362=DIRECTION('',(0.974072003078181,0.226238221393425,0.));
#6363=DIRECTION('',(-0.974072003078181,-0.226238221393425,0.));
#6364=DIRECTION('',(0.,0.,1.));
#6365=DIRECTION('center_axis',(1.,-1.06567113198304E-15,0.));
#6366=DIRECTION('ref_axis',(1.06567113198304E-15,1.,0.));
#6367=DIRECTION('',(-1.06567113198304E-15,-1.,0.));
#6368=DIRECTION('',(1.06567113198304E-15,1.,0.));
#6369=DIRECTION('',(0.,0.,1.));
#6370=DIRECTION('center_axis',(0.226238221394323,-0.974072003077972,0.));
#6371=DIRECTION('ref_axis',(0.974072003077972,0.226238221394323,0.));
#6372=DIRECTION('',(-0.974072003077972,-0.226238221394323,0.));
#6373=DIRECTION('',(0.974072003077972,0.226238221394323,0.));
#6374=DIRECTION('center_axis',(0.,0.,1.));
#6375=DIRECTION('ref_axis',(-6.73541583667303E-16,-1.,0.));
#6376=DIRECTION('center_axis',(0.,0.,1.));
#6377=DIRECTION('ref_axis',(-6.73541583667303E-16,-1.,0.));
#6378=DIRECTION('center_axis',(0.,0.,1.));
#6379=DIRECTION('ref_axis',(1.,-1.0881538904858E-15,0.));
#6380=DIRECTION('center_axis',(0.,0.,1.));
#6381=DIRECTION('ref_axis',(1.,-1.0881538904858E-15,0.));
#6382=DIRECTION('',(0.,0.,-1.));
#6383=DIRECTION('center_axis',(0.,0.,-1.));
#6384=DIRECTION('ref_axis',(1.,-1.0881538904858E-15,0.));
#6385=DIRECTION('center_axis',(0.,0.,1.));
#6386=DIRECTION('ref_axis',(-6.73541583667303E-16,-1.,0.));
#6387=DIRECTION('center_axis',(0.,0.,1.));
#6388=DIRECTION('ref_axis',(-6.73541583667303E-16,-1.,0.));
#6389=DIRECTION('center_axis',(-1.02832546071487E-15,-1.,0.));
#6390=DIRECTION('ref_axis',(1.,-1.02832546071487E-15,0.));
#6391=DIRECTION('',(-1.,1.02832546071487E-15,0.));
#6392=DIRECTION('',(0.,0.,1.));
#6393=DIRECTION('',(1.,-1.02832546071487E-15,0.));
#6394=DIRECTION('',(0.,0.,1.));
#6395=DIRECTION('center_axis',(-1.,1.06567113198304E-15,0.));
#6396=DIRECTION('ref_axis',(-1.06567113198304E-15,-1.,0.));
#6397=DIRECTION('',(1.06567113198304E-15,1.,0.));
#6398=DIRECTION('',(-1.06567113198304E-15,-1.,0.));
#6399=DIRECTION('',(0.,0.,1.));
#6400=DIRECTION('center_axis',(1.02832546071487E-15,1.,0.));
#6401=DIRECTION('ref_axis',(-1.,1.02832546071487E-15,0.));
#6402=DIRECTION('',(1.,-1.02832546071487E-15,0.));
#6403=DIRECTION('',(-1.,1.02832546071487E-15,0.));
#6404=DIRECTION('',(0.,0.,1.));
#6405=DIRECTION('center_axis',(1.,-1.06567113198304E-15,0.));
#6406=DIRECTION('ref_axis',(1.06567113198304E-15,1.,0.));
#6407=DIRECTION('',(-1.06567113198304E-15,-1.,0.));
#6408=DIRECTION('',(1.06567113198304E-15,1.,0.));
#6409=DIRECTION('center_axis',(0.,0.,1.));
#6410=DIRECTION('ref_axis',(-6.73541583667303E-16,-1.,0.));
#6411=DIRECTION('center_axis',(0.,0.,1.));
#6412=DIRECTION('ref_axis',(-6.73541583667303E-16,-1.,0.));
#6413=DIRECTION('center_axis',(0.,0.,1.));
#6414=DIRECTION('ref_axis',(0.998329958411744,-0.0577693183065711,0.));
#6415=DIRECTION('center_axis',(0.,0.,-1.));
#6416=DIRECTION('ref_axis',(0.998329958411744,-0.0577693183065711,0.));
#6417=DIRECTION('',(0.,0.,1.));
#6418=DIRECTION('center_axis',(0.,0.,1.));
#6419=DIRECTION('ref_axis',(0.998329958411744,-0.0577693183065711,0.));
#6420=DIRECTION('',(0.,0.,1.));
#6421=DIRECTION('center_axis',(0.,0.,1.));
#6422=DIRECTION('ref_axis',(0.744531910306019,-0.667586874149028,0.));
#6423=DIRECTION('center_axis',(0.,0.,-1.));
#6424=DIRECTION('ref_axis',(0.744531910306019,-0.667586874149028,0.));
#6425=DIRECTION('center_axis',(0.,0.,1.));
#6426=DIRECTION('ref_axis',(0.744531910306019,-0.667586874149028,0.));
#6427=DIRECTION('',(0.,0.,1.));
#6428=DIRECTION('center_axis',(0.,0.,1.));
#6429=DIRECTION('ref_axis',(0.236812467920885,-0.971555379295087,0.));
#6430=DIRECTION('center_axis',(0.,0.,-1.));
#6431=DIRECTION('ref_axis',(0.236812467920885,-0.971555379295087,0.));
#6432=DIRECTION('center_axis',(0.,0.,1.));
#6433=DIRECTION('ref_axis',(0.236812467920885,-0.971555379295087,0.));
#6434=DIRECTION('',(0.,0.,1.));
#6435=DIRECTION('center_axis',(-1.02832546071487E-15,-1.,0.));
#6436=DIRECTION('ref_axis',(1.,-1.02832546071487E-15,0.));
#6437=DIRECTION('',(-1.,1.02832546071487E-15,0.));
#6438=DIRECTION('',(1.,-1.02832546071487E-15,0.));
#6439=DIRECTION('',(0.,0.,1.));
#6440=DIRECTION('center_axis',(-1.,1.06567113198304E-15,0.));
#6441=DIRECTION('ref_axis',(-1.06567113198304E-15,-1.,0.));
#6442=DIRECTION('',(1.06567113198304E-15,1.,0.));
#6443=DIRECTION('',(-1.06567113198304E-15,-1.,0.));
#6444=DIRECTION('',(0.,0.,1.));
#6445=DIRECTION('center_axis',(1.02832546071487E-15,1.,0.));
#6446=DIRECTION('ref_axis',(-1.,1.02832546071487E-15,0.));
#6447=DIRECTION('',(1.,-1.02832546071487E-15,0.));
#6448=DIRECTION('',(-1.,1.02832546071487E-15,0.));
#6449=DIRECTION('',(0.,0.,1.));
#6450=DIRECTION('center_axis',(0.,0.,1.));
#6451=DIRECTION('ref_axis',(0.231620527226607,-0.972806214704279,0.));
#6452=DIRECTION('center_axis',(0.,0.,1.));
#6453=DIRECTION('ref_axis',(0.231620527226607,-0.972806214704279,0.));
#6454=DIRECTION('center_axis',(0.,0.,-1.));
#6455=DIRECTION('ref_axis',(0.231620527226607,-0.972806214704279,0.));
#6456=DIRECTION('',(0.,0.,1.));
#6457=DIRECTION('center_axis',(0.,0.,1.));
#6458=DIRECTION('ref_axis',(0.986725053275385,-0.162399720562227,0.));
#6459=DIRECTION('center_axis',(0.,0.,1.));
#6460=DIRECTION('ref_axis',(0.986725053275385,-0.162399720562227,0.));
#6461=DIRECTION('center_axis',(0.,0.,-1.));
#6462=DIRECTION('ref_axis',(0.986725053275385,-0.162399720562227,0.));
#6463=DIRECTION('',(0.,0.,1.));
#6464=DIRECTION('center_axis',(0.,0.,1.));
#6465=DIRECTION('ref_axis',(0.51511030991056,0.857123893392226,0.));
#6466=DIRECTION('center_axis',(0.,0.,1.));
#6467=DIRECTION('ref_axis',(0.51511030991056,0.857123893392226,0.));
#6468=DIRECTION('center_axis',(0.,0.,-1.));
#6469=DIRECTION('ref_axis',(0.51511030991056,0.857123893392226,0.));
#6470=DIRECTION('',(0.,0.,1.));
#6471=DIRECTION('center_axis',(-1.02832546071487E-15,-1.,0.));
#6472=DIRECTION('ref_axis',(1.,-1.02832546071487E-15,0.));
#6473=DIRECTION('',(-1.,1.02832546071487E-15,0.));
#6474=DIRECTION('',(1.,-1.02832546071487E-15,0.));
#6475=DIRECTION('',(0.,0.,1.));
#6476=DIRECTION('center_axis',(-1.,1.06567113198304E-15,0.));
#6477=DIRECTION('ref_axis',(-1.06567113198304E-15,-1.,0.));
#6478=DIRECTION('',(1.06567113198304E-15,1.,0.));
#6479=DIRECTION('',(-1.06567113198304E-15,-1.,0.));
#6480=DIRECTION('',(0.,0.,1.));
#6481=DIRECTION('center_axis',(1.02832546071487E-15,1.,0.));
#6482=DIRECTION('ref_axis',(-1.,1.02832546071487E-15,0.));
#6483=DIRECTION('',(1.,-1.02832546071487E-15,0.));
#6484=DIRECTION('',(-1.,1.02832546071487E-15,0.));
#6485=DIRECTION('',(0.,0.,1.));
#6486=DIRECTION('center_axis',(1.,-1.06567113198304E-15,0.));
#6487=DIRECTION('ref_axis',(1.06567113198304E-15,1.,0.));
#6488=DIRECTION('',(-1.06567113198304E-15,-1.,0.));
#6489=DIRECTION('',(1.06567113198304E-15,1.,0.));
#6490=DIRECTION('',(0.,0.,1.));
#6491=DIRECTION('center_axis',(-1.02832546071487E-15,-1.,0.));
#6492=DIRECTION('ref_axis',(1.,-1.02832546071487E-15,0.));
#6493=DIRECTION('',(-1.,1.02832546071487E-15,0.));
#6494=DIRECTION('',(1.,-1.02832546071487E-15,0.));
#6495=DIRECTION('',(0.,0.,1.));
#6496=DIRECTION('center_axis',(0.,0.,1.));
#6497=DIRECTION('ref_axis',(0.843661487734737,0.536875492189027,0.));
#6498=DIRECTION('center_axis',(0.,0.,-1.));
#6499=DIRECTION('ref_axis',(0.843661487734737,0.536875492189027,0.));
#6500=DIRECTION('center_axis',(0.,0.,1.));
#6501=DIRECTION('ref_axis',(0.843661487734737,0.536875492189027,0.));
#6502=DIRECTION('center_axis',(0.,0.,1.));
#6503=DIRECTION('ref_axis',(-6.73541583667303E-16,-1.,0.));
#6504=DIRECTION('center_axis',(0.,0.,1.));
#6505=DIRECTION('ref_axis',(-6.73541583667303E-16,-1.,0.));
#6506=DIRECTION('center_axis',(0.,0.,1.));
#6507=DIRECTION('ref_axis',(0.344254649178148,0.938876315879376,0.));
#6508=DIRECTION('center_axis',(0.,0.,-1.));
#6509=DIRECTION('ref_axis',(0.344254649178148,0.938876315879376,0.));
#6510=DIRECTION('',(0.,0.,1.));
#6511=DIRECTION('center_axis',(0.,0.,1.));
#6512=DIRECTION('ref_axis',(0.344254649178148,0.938876315879376,0.));
#6513=DIRECTION('',(0.,0.,1.));
#6514=DIRECTION('center_axis',(0.,0.,1.));
#6515=DIRECTION('ref_axis',(0.766270793304727,0.642517759542991,0.));
#6516=DIRECTION('center_axis',(0.,0.,-1.));
#6517=DIRECTION('ref_axis',(0.766270793304727,0.642517759542991,0.));
#6518=DIRECTION('center_axis',(0.,0.,1.));
#6519=DIRECTION('ref_axis',(0.766270793304727,0.642517759542991,0.));
#6520=DIRECTION('',(0.,0.,1.));
#6521=DIRECTION('center_axis',(0.,0.,1.));
#6522=DIRECTION('ref_axis',(0.969172500805282,0.246383164365657,0.));
#6523=DIRECTION('center_axis',(0.,0.,-1.));
#6524=DIRECTION('ref_axis',(0.969172500805282,0.246383164365657,0.));
#6525=DIRECTION('center_axis',(0.,0.,1.));
#6526=DIRECTION('ref_axis',(0.969172500805282,0.246383164365657,0.));
#6527=DIRECTION('',(0.,0.,1.));
#6528=DIRECTION('center_axis',(0.,0.,1.));
#6529=DIRECTION('ref_axis',(0.971910234092347,-0.235351857580432,0.));
#6530=DIRECTION('center_axis',(0.,0.,-1.));
#6531=DIRECTION('ref_axis',(0.971910234092347,-0.235351857580432,0.));
#6532=DIRECTION('center_axis',(0.,0.,1.));
#6533=DIRECTION('ref_axis',(0.971910234092347,-0.235351857580432,0.));
#6534=DIRECTION('',(0.,0.,1.));
#6535=DIRECTION('center_axis',(-1.02832546071487E-15,-1.,0.));
#6536=DIRECTION('ref_axis',(1.,-1.02832546071487E-15,0.));
#6537=DIRECTION('',(-1.,1.02832546071487E-15,0.));
#6538=DIRECTION('',(1.,-1.02832546071487E-15,0.));
#6539=DIRECTION('',(0.,0.,1.));
#6540=DIRECTION('center_axis',(0.,0.,1.));
#6541=DIRECTION('ref_axis',(0.974428800283742,-0.224696491244493,0.));
#6542=DIRECTION('center_axis',(0.,0.,1.));
#6543=DIRECTION('ref_axis',(0.974428800283742,-0.224696491244493,0.));
#6544=DIRECTION('center_axis',(0.,0.,-1.));
#6545=DIRECTION('ref_axis',(0.974428800283742,-0.224696491244493,0.));
#6546=DIRECTION('',(0.,0.,1.));
#6547=DIRECTION('center_axis',(0.,0.,1.));
#6548=DIRECTION('ref_axis',(0.859522989688275,0.511097084903964,0.));
#6549=DIRECTION('center_axis',(0.,0.,1.));
#6550=DIRECTION('ref_axis',(0.859522989688275,0.511097084903964,0.));
#6551=DIRECTION('center_axis',(0.,0.,-1.));
#6552=DIRECTION('ref_axis',(0.859522989688275,0.511097084903964,0.));
#6553=DIRECTION('',(0.,0.,1.));
#6554=DIRECTION('center_axis',(0.,0.,1.));
#6555=DIRECTION('ref_axis',(0.177563345912701,0.984109373082223,0.));
#6556=DIRECTION('center_axis',(0.,0.,1.));
#6557=DIRECTION('ref_axis',(0.177563345912701,0.984109373082223,0.));
#6558=DIRECTION('center_axis',(0.,0.,-1.));
#6559=DIRECTION('ref_axis',(0.177563345912701,0.984109373082223,0.));
#6560=DIRECTION('',(0.,0.,1.));
#6561=DIRECTION('center_axis',(-1.02832546071487E-15,-1.,0.));
#6562=DIRECTION('ref_axis',(1.,-1.02832546071487E-15,0.));
#6563=DIRECTION('',(-1.,1.02832546071487E-15,0.));
#6564=DIRECTION('',(1.,-1.02832546071487E-15,0.));
#6565=DIRECTION('',(0.,0.,1.));
#6566=DIRECTION('center_axis',(1.,-1.06567113198304E-15,0.));
#6567=DIRECTION('ref_axis',(1.06567113198304E-15,1.,0.));
#6568=DIRECTION('',(-1.06567113198304E-15,-1.,0.));
#6569=DIRECTION('',(1.06567113198304E-15,1.,0.));
#6570=DIRECTION('',(0.,0.,1.));
#6571=DIRECTION('center_axis',(-1.02832546071487E-15,-1.,0.));
#6572=DIRECTION('ref_axis',(1.,-1.02832546071487E-15,0.));
#6573=DIRECTION('',(-1.,1.02832546071487E-15,0.));
#6574=DIRECTION('',(1.,-1.02832546071487E-15,0.));
#6575=DIRECTION('',(0.,0.,1.));
#6576=DIRECTION('center_axis',(-1.,1.06567113198304E-15,0.));
#6577=DIRECTION('ref_axis',(-1.06567113198304E-15,-1.,0.));
#6578=DIRECTION('',(1.06567113198304E-15,1.,0.));
#6579=DIRECTION('',(-1.06567113198304E-15,-1.,0.));
#6580=DIRECTION('',(0.,0.,1.));
#6581=DIRECTION('center_axis',(-1.02832546071487E-15,-1.,0.));
#6582=DIRECTION('ref_axis',(1.,-1.02832546071487E-15,0.));
#6583=DIRECTION('',(-1.,1.02832546071487E-15,0.));
#6584=DIRECTION('',(1.,-1.02832546071487E-15,0.));
#6585=DIRECTION('',(0.,0.,1.));
#6586=DIRECTION('center_axis',(-1.,1.06567113198304E-15,0.));
#6587=DIRECTION('ref_axis',(-1.06567113198304E-15,-1.,0.));
#6588=DIRECTION('',(1.06567113198304E-15,1.,0.));
#6589=DIRECTION('',(-1.06567113198304E-15,-1.,0.));
#6590=DIRECTION('',(0.,0.,1.));
#6591=DIRECTION('center_axis',(1.02832546071487E-15,1.,0.));
#6592=DIRECTION('ref_axis',(-1.,1.02832546071487E-15,0.));
#6593=DIRECTION('',(1.,-1.02832546071487E-15,0.));
#6594=DIRECTION('',(-1.,1.02832546071487E-15,0.));
#6595=DIRECTION('',(0.,0.,1.));
#6596=DIRECTION('center_axis',(-1.,1.06567113198304E-15,0.));
#6597=DIRECTION('ref_axis',(-1.06567113198304E-15,-1.,0.));
#6598=DIRECTION('',(1.06567113198304E-15,1.,0.));
#6599=DIRECTION('',(-1.06567113198304E-15,-1.,0.));
#6600=DIRECTION('',(0.,0.,1.));
#6601=DIRECTION('center_axis',(1.02832546071487E-15,1.,0.));
#6602=DIRECTION('ref_axis',(-1.,1.02832546071487E-15,0.));
#6603=DIRECTION('',(1.,-1.02832546071487E-15,0.));
#6604=DIRECTION('',(-1.,1.02832546071487E-15,0.));
#6605=DIRECTION('',(0.,0.,1.));
#6606=DIRECTION('center_axis',(1.,-1.06567113198304E-15,0.));
#6607=DIRECTION('ref_axis',(1.06567113198304E-15,1.,0.));
#6608=DIRECTION('',(-1.06567113198304E-15,-1.,0.));
#6609=DIRECTION('',(1.06567113198304E-15,1.,0.));
#6610=DIRECTION('',(0.,0.,1.));
#6611=DIRECTION('center_axis',(1.02832546071487E-15,1.,0.));
#6612=DIRECTION('ref_axis',(-1.,1.02832546071487E-15,0.));
#6613=DIRECTION('',(1.,-1.02832546071487E-15,0.));
#6614=DIRECTION('',(-1.,1.02832546071487E-15,0.));
#6615=DIRECTION('center_axis',(0.,0.,1.));
#6616=DIRECTION('ref_axis',(-6.73541583667303E-16,-1.,0.));
#6617=DIRECTION('center_axis',(0.,0.,1.));
#6618=DIRECTION('ref_axis',(-6.73541583667303E-16,-1.,0.));
#6619=DIRECTION('center_axis',(0.,0.,1.));
#6620=DIRECTION('ref_axis',(-1.13179979229405E-15,-1.,0.));
#6621=DIRECTION('center_axis',(0.,0.,1.));
#6622=DIRECTION('ref_axis',(-1.13179979229405E-15,-1.,0.));
#6623=DIRECTION('',(0.,0.,-1.));
#6624=DIRECTION('center_axis',(0.,0.,-1.));
#6625=DIRECTION('ref_axis',(-1.13179979229405E-15,-1.,0.));
#6626=DIRECTION('center_axis',(0.,0.,1.));
#6627=DIRECTION('ref_axis',(-6.90795142605441E-16,-1.,0.));
#6628=DIRECTION('center_axis',(0.,0.,1.));
#6629=DIRECTION('ref_axis',(-6.90795142605441E-16,-1.,0.));
#6630=DIRECTION('center_axis',(-1.02832546071487E-15,-1.,0.));
#6631=DIRECTION('ref_axis',(1.,-1.02832546071487E-15,0.));
#6632=DIRECTION('',(-1.,1.02832546071487E-15,0.));
#6633=DIRECTION('',(0.,0.,1.));
#6634=DIRECTION('',(1.,-1.02832546071487E-15,0.));
#6635=DIRECTION('',(0.,0.,1.));
#6636=DIRECTION('center_axis',(-1.,1.06567113198304E-15,0.));
#6637=DIRECTION('ref_axis',(-1.06567113198304E-15,-1.,0.));
#6638=DIRECTION('',(1.06567113198304E-15,1.,0.));
#6639=DIRECTION('',(-1.06567113198304E-15,-1.,0.));
#6640=DIRECTION('',(0.,0.,1.));
#6641=DIRECTION('center_axis',(1.02832546071487E-15,1.,0.));
#6642=DIRECTION('ref_axis',(-1.,1.02832546071487E-15,0.));
#6643=DIRECTION('',(1.,-1.02832546071487E-15,0.));
#6644=DIRECTION('',(-1.,1.02832546071487E-15,0.));
#6645=DIRECTION('',(0.,0.,1.));
#6646=DIRECTION('center_axis',(1.,-1.06567113198304E-15,0.));
#6647=DIRECTION('ref_axis',(1.06567113198304E-15,1.,0.));
#6648=DIRECTION('',(-1.06567113198304E-15,-1.,0.));
#6649=DIRECTION('',(1.06567113198304E-15,1.,0.));
#6650=DIRECTION('center_axis',(0.,0.,1.));
#6651=DIRECTION('ref_axis',(-6.73541583667303E-16,-1.,0.));
#6652=DIRECTION('center_axis',(0.,0.,1.));
#6653=DIRECTION('ref_axis',(-6.73541583667303E-16,-1.,0.));
#6654=DIRECTION('center_axis',(0.,0.,1.));
#6655=DIRECTION('ref_axis',(0.998329958414882,-0.05776931825234,0.));
#6656=DIRECTION('center_axis',(0.,0.,-1.));
#6657=DIRECTION('ref_axis',(0.998329958414882,-0.05776931825234,0.));
#6658=DIRECTION('',(0.,0.,1.));
#6659=DIRECTION('center_axis',(0.,0.,1.));
#6660=DIRECTION('ref_axis',(0.998329958414882,-0.05776931825234,0.));
#6661=DIRECTION('',(0.,0.,1.));
#6662=DIRECTION('center_axis',(0.,0.,1.));
#6663=DIRECTION('ref_axis',(0.744531910211556,-0.667586874254379,0.));
#6664=DIRECTION('center_axis',(0.,0.,-1.));
#6665=DIRECTION('ref_axis',(0.744531910211556,-0.667586874254379,0.));
#6666=DIRECTION('center_axis',(0.,0.,1.));
#6667=DIRECTION('ref_axis',(0.744531910211556,-0.667586874254379,0.));
#6668=DIRECTION('',(0.,0.,1.));
#6669=DIRECTION('center_axis',(0.,0.,1.));
#6670=DIRECTION('ref_axis',(0.236812467927453,-0.971555379293486,0.));
#6671=DIRECTION('center_axis',(0.,0.,-1.));
#6672=DIRECTION('ref_axis',(0.236812467927453,-0.971555379293486,0.));
#6673=DIRECTION('center_axis',(0.,0.,1.));
#6674=DIRECTION('ref_axis',(0.236812467927453,-0.971555379293486,0.));
#6675=DIRECTION('',(0.,0.,1.));
#6676=DIRECTION('center_axis',(-1.02832546071487E-15,-1.,0.));
#6677=DIRECTION('ref_axis',(1.,-1.02832546071487E-15,0.));
#6678=DIRECTION('',(-1.,1.02832546071487E-15,0.));
#6679=DIRECTION('',(1.,-1.02832546071487E-15,0.));
#6680=DIRECTION('',(0.,0.,1.));
#6681=DIRECTION('center_axis',(-1.,1.06567113198304E-15,0.));
#6682=DIRECTION('ref_axis',(-1.06567113198304E-15,-1.,0.));
#6683=DIRECTION('',(1.06567113198304E-15,1.,0.));
#6684=DIRECTION('',(-1.06567113198304E-15,-1.,0.));
#6685=DIRECTION('',(0.,0.,1.));
#6686=DIRECTION('center_axis',(1.02832546071487E-15,1.,0.));
#6687=DIRECTION('ref_axis',(-1.,1.02832546071487E-15,0.));
#6688=DIRECTION('',(1.,-1.02832546071487E-15,0.));
#6689=DIRECTION('',(-1.,1.02832546071487E-15,0.));
#6690=DIRECTION('',(0.,0.,1.));
#6691=DIRECTION('center_axis',(0.,0.,1.));
#6692=DIRECTION('ref_axis',(0.231620527226607,-0.972806214704279,0.));
#6693=DIRECTION('center_axis',(0.,0.,1.));
#6694=DIRECTION('ref_axis',(0.231620527226607,-0.972806214704279,0.));
#6695=DIRECTION('center_axis',(0.,0.,-1.));
#6696=DIRECTION('ref_axis',(0.231620527226607,-0.972806214704279,0.));
#6697=DIRECTION('',(0.,0.,1.));
#6698=DIRECTION('center_axis',(0.,0.,1.));
#6699=DIRECTION('ref_axis',(0.986725053283515,-0.162399720512826,0.));
#6700=DIRECTION('center_axis',(0.,0.,1.));
#6701=DIRECTION('ref_axis',(0.986725053283515,-0.162399720512826,0.));
#6702=DIRECTION('center_axis',(0.,0.,-1.));
#6703=DIRECTION('ref_axis',(0.986725053283515,-0.162399720512826,0.));
#6704=DIRECTION('',(0.,0.,1.));
#6705=DIRECTION('center_axis',(0.,0.,1.));
#6706=DIRECTION('ref_axis',(0.515110309861256,0.857123893421856,0.));
#6707=DIRECTION('center_axis',(0.,0.,1.));
#6708=DIRECTION('ref_axis',(0.515110309861256,0.857123893421856,0.));
#6709=DIRECTION('center_axis',(0.,0.,-1.));
#6710=DIRECTION('ref_axis',(0.515110309861256,0.857123893421856,0.));
#6711=DIRECTION('',(0.,0.,1.));
#6712=DIRECTION('center_axis',(-1.02832546071487E-15,-1.,0.));
#6713=DIRECTION('ref_axis',(1.,-1.02832546071487E-15,0.));
#6714=DIRECTION('',(-1.,1.02832546071487E-15,0.));
#6715=DIRECTION('',(1.,-1.02832546071487E-15,0.));
#6716=DIRECTION('',(0.,0.,1.));
#6717=DIRECTION('center_axis',(-1.,1.06567113198304E-15,0.));
#6718=DIRECTION('ref_axis',(-1.06567113198304E-15,-1.,0.));
#6719=DIRECTION('',(1.06567113198304E-15,1.,0.));
#6720=DIRECTION('',(-1.06567113198304E-15,-1.,0.));
#6721=DIRECTION('',(0.,0.,1.));
#6722=DIRECTION('center_axis',(1.02832546071487E-15,1.,0.));
#6723=DIRECTION('ref_axis',(-1.,1.02832546071487E-15,0.));
#6724=DIRECTION('',(1.,-1.02832546071487E-15,0.));
#6725=DIRECTION('',(-1.,1.02832546071487E-15,0.));
#6726=DIRECTION('',(0.,0.,1.));
#6727=DIRECTION('center_axis',(1.,-1.06567113198304E-15,0.));
#6728=DIRECTION('ref_axis',(1.06567113198304E-15,1.,0.));
#6729=DIRECTION('',(-1.06567113198304E-15,-1.,0.));
#6730=DIRECTION('',(1.06567113198304E-15,1.,0.));
#6731=DIRECTION('',(0.,0.,1.));
#6732=DIRECTION('center_axis',(-1.02832546071487E-15,-1.,0.));
#6733=DIRECTION('ref_axis',(1.,-1.02832546071487E-15,0.));
#6734=DIRECTION('',(-1.,1.02832546071487E-15,0.));
#6735=DIRECTION('',(1.,-1.02832546071487E-15,0.));
#6736=DIRECTION('',(0.,0.,1.));
#6737=DIRECTION('center_axis',(0.,0.,1.));
#6738=DIRECTION('ref_axis',(0.843661487717416,0.536875492216246,0.));
#6739=DIRECTION('center_axis',(0.,0.,-1.));
#6740=DIRECTION('ref_axis',(0.843661487717416,0.536875492216246,0.));
#6741=DIRECTION('center_axis',(0.,0.,1.));
#6742=DIRECTION('ref_axis',(0.843661487717416,0.536875492216246,0.));
#6743=DIRECTION('center_axis',(0.,0.,1.));
#6744=DIRECTION('ref_axis',(-6.73541583667303E-16,-1.,0.));
#6745=DIRECTION('center_axis',(0.,0.,1.));
#6746=DIRECTION('ref_axis',(-6.73541583667303E-16,-1.,0.));
#6747=DIRECTION('center_axis',(0.,0.,1.));
#6748=DIRECTION('ref_axis',(0.0766964989915805,0.997054485493363,0.));
#6749=DIRECTION('center_axis',(0.,0.,1.));
#6750=DIRECTION('ref_axis',(0.0766964989915805,0.997054485493363,0.));
#6751=DIRECTION('',(0.,0.,1.));
#6752=DIRECTION('center_axis',(0.,0.,-1.));
#6753=DIRECTION('ref_axis',(0.0766964989915805,0.997054485493363,0.));
#6754=DIRECTION('',(0.,0.,1.));
#6755=DIRECTION('center_axis',(1.,-1.06567113198304E-15,0.));
#6756=DIRECTION('ref_axis',(1.06567113198304E-15,1.,0.));
#6757=DIRECTION('',(-1.06567113198304E-15,-1.,0.));
#6758=DIRECTION('',(1.06567113198304E-15,1.,0.));
#6759=DIRECTION('',(0.,0.,1.));
#6760=DIRECTION('center_axis',(1.02832546071487E-15,1.,0.));
#6761=DIRECTION('ref_axis',(-1.,1.02832546071487E-15,0.));
#6762=DIRECTION('',(1.,-1.02832546071487E-15,0.));
#6763=DIRECTION('',(-1.,1.02832546071487E-15,0.));
#6764=DIRECTION('',(0.,0.,1.));
#6765=DIRECTION('center_axis',(0.,0.,1.));
#6766=DIRECTION('ref_axis',(0.187419360025662,-0.982279992409278,0.));
#6767=DIRECTION('center_axis',(0.,0.,1.));
#6768=DIRECTION('ref_axis',(0.187419360025662,-0.982279992409278,0.));
#6769=DIRECTION('center_axis',(0.,0.,-1.));
#6770=DIRECTION('ref_axis',(0.187419360025662,-0.982279992409278,0.));
#6771=DIRECTION('',(0.,0.,1.));
#6772=DIRECTION('center_axis',(0.,0.,1.));
#6773=DIRECTION('ref_axis',(0.628736424015265,-0.777618485580491,0.));
#6774=DIRECTION('center_axis',(0.,0.,1.));
#6775=DIRECTION('ref_axis',(0.628736424015265,-0.777618485580491,0.));
#6776=DIRECTION('center_axis',(0.,0.,-1.));
#6777=DIRECTION('ref_axis',(0.628736424015265,-0.777618485580491,0.));
#6778=DIRECTION('',(0.,0.,1.));
#6779=DIRECTION('center_axis',(0.,0.,1.));
#6780=DIRECTION('ref_axis',(0.971642155340628,-0.236456173455082,0.));
#6781=DIRECTION('center_axis',(0.,0.,1.));
#6782=DIRECTION('ref_axis',(0.971642155340628,-0.236456173455082,0.));
#6783=DIRECTION('center_axis',(0.,0.,-1.));
#6784=DIRECTION('ref_axis',(0.971642155340628,-0.236456173455082,0.));
#6785=DIRECTION('',(0.,0.,1.));
#6786=DIRECTION('center_axis',(0.,0.,1.));
#6787=DIRECTION('ref_axis',(0.915421967363396,0.402495492730701,0.));
#6788=DIRECTION('center_axis',(0.,0.,1.));
#6789=DIRECTION('ref_axis',(0.915421967363396,0.402495492730701,0.));
#6790=DIRECTION('center_axis',(0.,0.,-1.));
#6791=DIRECTION('ref_axis',(0.915421967363396,0.402495492730701,0.));
#6792=DIRECTION('',(0.,0.,1.));
#6793=DIRECTION('center_axis',(0.,0.,1.));
#6794=DIRECTION('ref_axis',(0.465746432728846,0.884918222436601,0.));
#6795=DIRECTION('center_axis',(0.,0.,1.));
#6796=DIRECTION('ref_axis',(0.465746432728846,0.884918222436601,0.));
#6797=DIRECTION('center_axis',(0.,0.,-1.));
#6798=DIRECTION('ref_axis',(0.465746432728846,0.884918222436601,0.));
#6799=DIRECTION('center_axis',(1.,-1.06567113198304E-15,0.));
#6800=DIRECTION('ref_axis',(1.06567113198304E-15,1.,0.));
#6801=DIRECTION('',(-1.06567113198304E-15,-1.,0.));
#6802=DIRECTION('',(0.,0.,1.));
#6803=DIRECTION('',(1.06567113198304E-15,1.,0.));
#6804=DIRECTION('',(0.,0.,1.));
#6805=DIRECTION('center_axis',(-1.02832546071487E-15,-1.,0.));
#6806=DIRECTION('ref_axis',(1.,-1.02832546071487E-15,0.));
#6807=DIRECTION('',(-1.,1.02832546071487E-15,0.));
#6808=DIRECTION('',(1.,-1.02832546071487E-15,0.));
#6809=DIRECTION('',(0.,0.,1.));
#6810=DIRECTION('center_axis',(0.,0.,1.));
#6811=DIRECTION('ref_axis',(-0.358911239884257,-0.933371695459395,0.));
#6812=DIRECTION('center_axis',(0.,0.,-1.));
#6813=DIRECTION('ref_axis',(-0.358911239884257,-0.933371695459395,0.));
#6814=DIRECTION('center_axis',(0.,0.,1.));
#6815=DIRECTION('ref_axis',(-0.358911239884257,-0.933371695459395,0.));
#6816=DIRECTION('',(0.,0.,1.));
#6817=DIRECTION('center_axis',(-0.694687914119333,-0.719311269184997,0.));
#6818=DIRECTION('ref_axis',(0.719311269184997,-0.694687914119333,0.));
#6819=DIRECTION('',(-0.719311269184997,0.694687914119333,0.));
#6820=DIRECTION('',(0.719311269184997,-0.694687914119333,0.));
#6821=DIRECTION('',(0.,0.,1.));
#6822=DIRECTION('center_axis',(0.,0.,1.));
#6823=DIRECTION('ref_axis',(-0.838604165583927,-0.544741272041403,0.));
#6824=DIRECTION('center_axis',(0.,0.,-1.));
#6825=DIRECTION('ref_axis',(-0.838604165583927,-0.544741272041403,0.));
#6826=DIRECTION('center_axis',(0.,0.,1.));
#6827=DIRECTION('ref_axis',(-0.838604165583927,-0.544741272041403,0.));
#6828=DIRECTION('',(0.,0.,1.));
#6829=DIRECTION('center_axis',(0.,0.,1.));
#6830=DIRECTION('ref_axis',(-0.989359135354139,-0.145493990567688,0.));
#6831=DIRECTION('center_axis',(0.,0.,-1.));
#6832=DIRECTION('ref_axis',(-0.989359135354139,-0.145493990567688,0.));
#6833=DIRECTION('center_axis',(0.,0.,1.));
#6834=DIRECTION('ref_axis',(-0.989359135354139,-0.145493990567688,0.));
#6835=DIRECTION('',(0.,0.,1.));
#6836=DIRECTION('center_axis',(0.,0.,1.));
#6837=DIRECTION('ref_axis',(-0.95876330304114,0.284205785904587,0.));
#6838=DIRECTION('center_axis',(0.,0.,-1.));
#6839=DIRECTION('ref_axis',(-0.95876330304114,0.284205785904587,0.));
#6840=DIRECTION('center_axis',(0.,0.,1.));
#6841=DIRECTION('ref_axis',(-0.95876330304114,0.284205785904587,0.));
#6842=DIRECTION('',(0.,0.,1.));
#6843=DIRECTION('center_axis',(0.,0.,1.));
#6844=DIRECTION('ref_axis',(-0.764720301662722,0.644362367169961,0.));
#6845=DIRECTION('center_axis',(0.,0.,-1.));
#6846=DIRECTION('ref_axis',(-0.764720301662722,0.644362367169961,0.));
#6847=DIRECTION('center_axis',(0.,0.,1.));
#6848=DIRECTION('ref_axis',(-0.764720301662722,0.644362367169961,0.));
#6849=DIRECTION('',(0.,0.,1.));
#6850=DIRECTION('center_axis',(0.,0.,1.));
#6851=DIRECTION('ref_axis',(-0.5302002422659,0.847872456859627,0.));
#6852=DIRECTION('center_axis',(0.,0.,-1.));
#6853=DIRECTION('ref_axis',(-0.5302002422659,0.847872456859627,0.));
#6854=DIRECTION('center_axis',(0.,0.,1.));
#6855=DIRECTION('ref_axis',(-0.5302002422659,0.847872456859627,0.));
#6856=DIRECTION('',(0.,0.,1.));
#6857=DIRECTION('center_axis',(0.,0.,1.));
#6858=DIRECTION('ref_axis',(-0.153102994545877,0.988210237278022,0.));
#6859=DIRECTION('center_axis',(0.,0.,-1.));
#6860=DIRECTION('ref_axis',(-0.153102994545877,0.988210237278022,0.));
#6861=DIRECTION('center_axis',(0.,0.,1.));
#6862=DIRECTION('ref_axis',(-0.153102994545877,0.988210237278022,0.));
#6863=DIRECTION('',(0.,0.,1.));
#6864=DIRECTION('center_axis',(0.,0.,1.));
#6865=DIRECTION('ref_axis',(0.0649394320776894,0.997889207357925,0.));
#6866=DIRECTION('center_axis',(0.,0.,-1.));
#6867=DIRECTION('ref_axis',(0.0649394320776894,0.997889207357925,0.));
#6868=DIRECTION('center_axis',(0.,0.,1.));
#6869=DIRECTION('ref_axis',(0.0649394320776894,0.997889207357925,0.));
#6870=DIRECTION('',(0.,0.,1.));
#6871=DIRECTION('center_axis',(0.,0.,1.));
#6872=DIRECTION('ref_axis',(0.285646294114779,0.958335116052049,0.));
#6873=DIRECTION('center_axis',(0.,0.,-1.));
#6874=DIRECTION('ref_axis',(0.285646294114779,0.958335116052049,0.));
#6875=DIRECTION('center_axis',(0.,0.,1.));
#6876=DIRECTION('ref_axis',(0.285646294114779,0.958335116052049,0.));
#6877=DIRECTION('',(0.,0.,1.));
#6878=DIRECTION('center_axis',(0.,0.,1.));
#6879=DIRECTION('ref_axis',(0.797541611542878,0.603263937143262,0.));
#6880=DIRECTION('center_axis',(0.,0.,-1.));
#6881=DIRECTION('ref_axis',(0.797541611542878,0.603263937143262,0.));
#6882=DIRECTION('center_axis',(0.,0.,1.));
#6883=DIRECTION('ref_axis',(0.797541611542878,0.603263937143262,0.));
#6884=DIRECTION('',(0.,0.,1.));
#6885=DIRECTION('center_axis',(0.,0.,1.));
#6886=DIRECTION('ref_axis',(0.99924024190338,-0.0389735674640564,0.));
#6887=DIRECTION('center_axis',(0.,0.,-1.));
#6888=DIRECTION('ref_axis',(0.99924024190338,-0.0389735674640564,0.));
#6889=DIRECTION('center_axis',(0.,0.,1.));
#6890=DIRECTION('ref_axis',(0.99924024190338,-0.0389735674640564,0.));
#6891=DIRECTION('',(0.,0.,1.));
#6892=DIRECTION('center_axis',(0.,0.,1.));
#6893=DIRECTION('ref_axis',(0.853784448352773,-0.52062665678099,0.));
#6894=DIRECTION('center_axis',(0.,0.,-1.));
#6895=DIRECTION('ref_axis',(0.853784448352773,-0.52062665678099,0.));
#6896=DIRECTION('center_axis',(0.,0.,1.));
#6897=DIRECTION('ref_axis',(0.853784448352773,-0.52062665678099,0.));
#6898=DIRECTION('',(0.,0.,1.));
#6899=DIRECTION('center_axis',(0.,0.,1.));
#6900=DIRECTION('ref_axis',(0.434749065798514,-0.900551636380346,0.));
#6901=DIRECTION('center_axis',(0.,0.,-1.));
#6902=DIRECTION('ref_axis',(0.434749065798514,-0.900551636380346,0.));
#6903=DIRECTION('center_axis',(0.,0.,1.));
#6904=DIRECTION('ref_axis',(0.434749065798514,-0.900551636380346,0.));
#6905=DIRECTION('',(0.,0.,1.));
#6906=DIRECTION('center_axis',(0.,0.,1.));
#6907=DIRECTION('ref_axis',(0.108059180742769,-0.994144463072245,0.));
#6908=DIRECTION('center_axis',(0.,0.,-1.));
#6909=DIRECTION('ref_axis',(0.108059180742769,-0.994144463072245,0.));
#6910=DIRECTION('center_axis',(0.,0.,1.));
#6911=DIRECTION('ref_axis',(0.108059180742769,-0.994144463072245,0.));
#6912=DIRECTION('',(0.,0.,1.));
#6913=DIRECTION('center_axis',(-1.02832546071487E-15,-1.,0.));
#6914=DIRECTION('ref_axis',(1.,-1.02832546071487E-15,0.));
#6915=DIRECTION('',(-1.,1.02832546071487E-15,0.));
#6916=DIRECTION('',(1.,-1.02832546071487E-15,0.));
#6917=DIRECTION('',(0.,0.,1.));
#6918=DIRECTION('center_axis',(-1.,1.06567113198304E-15,0.));
#6919=DIRECTION('ref_axis',(-1.06567113198304E-15,-1.,0.));
#6920=DIRECTION('',(1.06567113198304E-15,1.,0.));
#6921=DIRECTION('',(-1.06567113198304E-15,-1.,0.));
#6922=DIRECTION('',(0.,0.,1.));
#6923=DIRECTION('center_axis',(0.,0.,1.));
#6924=DIRECTION('ref_axis',(-0.0322412940182834,0.999480114339463,0.));
#6925=DIRECTION('center_axis',(0.,0.,1.));
#6926=DIRECTION('ref_axis',(-0.0322412940182834,0.999480114339463,0.));
#6927=DIRECTION('center_axis',(0.,0.,-1.));
#6928=DIRECTION('ref_axis',(-0.0322412940182834,0.999480114339463,0.));
#6929=DIRECTION('',(0.,0.,1.));
#6930=DIRECTION('center_axis',(0.,0.,1.));
#6931=DIRECTION('ref_axis',(-0.269932160550705,0.962879342752989,0.));
#6932=DIRECTION('center_axis',(0.,0.,1.));
#6933=DIRECTION('ref_axis',(-0.269932160550705,0.962879342752989,0.));
#6934=DIRECTION('center_axis',(0.,0.,-1.));
#6935=DIRECTION('ref_axis',(-0.269932160550705,0.962879342752989,0.));
#6936=DIRECTION('',(0.,0.,1.));
#6937=DIRECTION('center_axis',(0.,0.,1.));
#6938=DIRECTION('ref_axis',(-0.707106781120309,0.707106781252786,0.));
#6939=DIRECTION('center_axis',(0.,0.,1.));
#6940=DIRECTION('ref_axis',(-0.707106781120309,0.707106781252786,0.));
#6941=DIRECTION('center_axis',(0.,0.,-1.));
#6942=DIRECTION('ref_axis',(-0.707106781120309,0.707106781252786,0.));
#6943=DIRECTION('',(0.,0.,1.));
#6944=DIRECTION('center_axis',(0.,0.,1.));
#6945=DIRECTION('ref_axis',(-0.989646076347273,-0.14352924291045,0.));
#6946=DIRECTION('center_axis',(0.,0.,1.));
#6947=DIRECTION('ref_axis',(-0.989646076347273,-0.14352924291045,0.));
#6948=DIRECTION('center_axis',(0.,0.,-1.));
#6949=DIRECTION('ref_axis',(-0.989646076347273,-0.14352924291045,0.));
#6950=DIRECTION('',(0.,0.,1.));
#6951=DIRECTION('center_axis',(0.,0.,1.));
#6952=DIRECTION('ref_axis',(-0.686698641470337,-0.726942209396864,0.));
#6953=DIRECTION('center_axis',(0.,0.,1.));
#6954=DIRECTION('ref_axis',(-0.686698641470337,-0.726942209396864,0.));
#6955=DIRECTION('center_axis',(0.,0.,-1.));
#6956=DIRECTION('ref_axis',(-0.686698641470337,-0.726942209396864,0.));
#6957=DIRECTION('',(0.,0.,1.));
#6958=DIRECTION('center_axis',(0.,0.,1.));
#6959=DIRECTION('ref_axis',(-0.230506191929478,-0.973070858407635,0.));
#6960=DIRECTION('center_axis',(0.,0.,1.));
#6961=DIRECTION('ref_axis',(-0.230506191929478,-0.973070858407635,0.));
#6962=DIRECTION('center_axis',(0.,0.,-1.));
#6963=DIRECTION('ref_axis',(-0.230506191929478,-0.973070858407635,0.));
#6964=DIRECTION('',(0.,0.,1.));
#6965=DIRECTION('center_axis',(0.0766617101867012,0.997057160944773,0.));
#6966=DIRECTION('ref_axis',(-0.997057160944773,0.0766617101867012,0.));
#6967=DIRECTION('',(0.997057160944773,-0.0766617101867012,0.));
#6968=DIRECTION('',(-0.997057160944773,0.0766617101867012,0.));
#6969=DIRECTION('center_axis',(0.,0.,1.));
#6970=DIRECTION('ref_axis',(1.,-8.97615611276295E-16,0.));
#6971=DIRECTION('center_axis',(0.,0.,1.));
#6972=DIRECTION('ref_axis',(1.,-8.97615611276295E-16,0.));
#6973=DIRECTION('center_axis',(-0.612874503781709,-0.790180259570134,0.));
#6974=DIRECTION('ref_axis',(0.790180259570134,-0.612874503781709,0.));
#6975=DIRECTION('',(-0.790180259570134,0.612874503781709,0.));
#6976=DIRECTION('',(0.,0.,1.));
#6977=DIRECTION('',(0.790180259570134,-0.612874503781709,0.));
#6978=DIRECTION('',(0.,0.,1.));
#6979=DIRECTION('center_axis',(0.,0.,1.));
#6980=DIRECTION('ref_axis',(0.437104599803998,0.899410678628059,0.));
#6981=DIRECTION('center_axis',(0.,0.,1.));
#6982=DIRECTION('ref_axis',(0.437104599803998,0.899410678628059,0.));
#6983=DIRECTION('center_axis',(0.,0.,-1.));
#6984=DIRECTION('ref_axis',(0.437104599803998,0.899410678628059,0.));
#6985=DIRECTION('',(0.,0.,1.));
#6986=DIRECTION('center_axis',(0.,0.,1.));
#6987=DIRECTION('ref_axis',(0.18838647154433,0.982094973685884,0.));
#6988=DIRECTION('center_axis',(0.,0.,1.));
#6989=DIRECTION('ref_axis',(0.18838647154433,0.982094973685884,0.));
#6990=DIRECTION('center_axis',(0.,0.,-1.));
#6991=DIRECTION('ref_axis',(0.18838647154433,0.982094973685884,0.));
#6992=DIRECTION('',(0.,0.,1.));
#6993=DIRECTION('center_axis',(0.,0.,1.));
#6994=DIRECTION('ref_axis',(0.0285597739736208,0.999592086458559,0.));
#6995=DIRECTION('center_axis',(0.,0.,1.));
#6996=DIRECTION('ref_axis',(0.0285597739736208,0.999592086458559,0.));
#6997=DIRECTION('center_axis',(0.,0.,-1.));
#6998=DIRECTION('ref_axis',(0.0285597739736208,0.999592086458559,0.));
#6999=DIRECTION('',(0.,0.,1.));
#7000=DIRECTION('center_axis',(0.,0.,1.));
#7001=DIRECTION('ref_axis',(-0.0905357460665021,0.995893206465524,0.));
#7002=DIRECTION('center_axis',(0.,0.,1.));
#7003=DIRECTION('ref_axis',(-0.0905357460665021,0.995893206465524,0.));
#7004=DIRECTION('center_axis',(0.,0.,-1.));
#7005=DIRECTION('ref_axis',(-0.0905357460665021,0.995893206465524,0.));
#7006=DIRECTION('',(0.,0.,1.));
#7007=DIRECTION('center_axis',(0.,0.,1.));
#7008=DIRECTION('ref_axis',(-0.280276001093176,0.959919456627075,0.));
#7009=DIRECTION('center_axis',(0.,0.,1.));
#7010=DIRECTION('ref_axis',(-0.280276001093176,0.959919456627075,0.));
#7011=DIRECTION('center_axis',(0.,0.,-1.));
#7012=DIRECTION('ref_axis',(-0.280276001093176,0.959919456627075,0.));
#7013=DIRECTION('',(0.,0.,1.));
#7014=DIRECTION('center_axis',(0.,0.,1.));
#7015=DIRECTION('ref_axis',(-0.670118697948125,0.742253952943539,0.));
#7016=DIRECTION('center_axis',(0.,0.,1.));
#7017=DIRECTION('ref_axis',(-0.670118697948125,0.742253952943539,0.));
#7018=DIRECTION('center_axis',(0.,0.,-1.));
#7019=DIRECTION('ref_axis',(-0.670118697948125,0.742253952943539,0.));
#7020=DIRECTION('',(0.,0.,1.));
#7021=DIRECTION('center_axis',(0.,0.,1.));
#7022=DIRECTION('ref_axis',(-0.953926110075794,0.300041624638423,0.));
#7023=DIRECTION('center_axis',(0.,0.,1.));
#7024=DIRECTION('ref_axis',(-0.953926110075794,0.300041624638423,0.));
#7025=DIRECTION('center_axis',(0.,0.,-1.));
#7026=DIRECTION('ref_axis',(-0.953926110075794,0.300041624638423,0.));
#7027=DIRECTION('',(0.,0.,1.));
#7028=DIRECTION('center_axis',(0.,0.,1.));
#7029=DIRECTION('ref_axis',(-0.953926110060003,-0.300041624688627,0.));
#7030=DIRECTION('center_axis',(0.,0.,1.));
#7031=DIRECTION('ref_axis',(-0.953926110060003,-0.300041624688627,0.));
#7032=DIRECTION('center_axis',(0.,0.,-1.));
#7033=DIRECTION('ref_axis',(-0.953926110060003,-0.300041624688627,0.));
#7034=DIRECTION('',(0.,0.,1.));
#7035=DIRECTION('center_axis',(0.,0.,1.));
#7036=DIRECTION('ref_axis',(-0.670118697948127,-0.742253952943537,0.));
#7037=DIRECTION('center_axis',(0.,0.,1.));
#7038=DIRECTION('ref_axis',(-0.670118697948127,-0.742253952943537,0.));
#7039=DIRECTION('center_axis',(0.,0.,-1.));
#7040=DIRECTION('ref_axis',(-0.670118697948127,-0.742253952943537,0.));
#7041=DIRECTION('',(0.,0.,1.));
#7042=DIRECTION('center_axis',(0.,0.,1.));
#7043=DIRECTION('ref_axis',(-0.280276001093178,-0.959919456627074,0.));
#7044=DIRECTION('center_axis',(0.,0.,1.));
#7045=DIRECTION('ref_axis',(-0.280276001093178,-0.959919456627074,0.));
#7046=DIRECTION('center_axis',(0.,0.,-1.));
#7047=DIRECTION('ref_axis',(-0.280276001093178,-0.959919456627074,0.));
#7048=DIRECTION('',(0.,0.,1.));
#7049=DIRECTION('center_axis',(0.,0.,1.));
#7050=DIRECTION('ref_axis',(-0.0905357460665043,-0.995893206465523,0.));
#7051=DIRECTION('center_axis',(0.,0.,1.));
#7052=DIRECTION('ref_axis',(-0.0905357460665043,-0.995893206465523,0.));
#7053=DIRECTION('center_axis',(0.,0.,-1.));
#7054=DIRECTION('ref_axis',(-0.0905357460665043,-0.995893206465523,0.));
#7055=DIRECTION('',(0.,0.,1.));
#7056=DIRECTION('center_axis',(0.,0.,1.));
#7057=DIRECTION('ref_axis',(0.0285597739065418,-0.999592086460476,0.));
#7058=DIRECTION('center_axis',(0.,0.,1.));
#7059=DIRECTION('ref_axis',(0.0285597739065418,-0.999592086460476,0.));
#7060=DIRECTION('center_axis',(0.,0.,-1.));
#7061=DIRECTION('ref_axis',(0.0285597739065418,-0.999592086460476,0.));
#7062=DIRECTION('',(0.,0.,1.));
#7063=DIRECTION('center_axis',(0.,0.,1.));
#7064=DIRECTION('ref_axis',(0.188386471544328,-0.982094973685885,0.));
#7065=DIRECTION('center_axis',(0.,0.,1.));
#7066=DIRECTION('ref_axis',(0.188386471544328,-0.982094973685885,0.));
#7067=DIRECTION('center_axis',(0.,0.,-1.));
#7068=DIRECTION('ref_axis',(0.188386471544328,-0.982094973685885,0.));
#7069=DIRECTION('',(0.,0.,1.));
#7070=DIRECTION('center_axis',(0.,0.,1.));
#7071=DIRECTION('ref_axis',(0.437104600191929,-0.899410678439529,0.));
#7072=DIRECTION('center_axis',(0.,0.,1.));
#7073=DIRECTION('ref_axis',(0.437104600191929,-0.899410678439529,0.));
#7074=DIRECTION('center_axis',(0.,0.,-1.));
#7075=DIRECTION('ref_axis',(0.437104600191929,-0.899410678439529,0.));
#7076=DIRECTION('',(0.,0.,1.));
#7077=DIRECTION('center_axis',(-0.612874503470442,0.790180259811557,0.));
#7078=DIRECTION('ref_axis',(-0.790180259811557,-0.612874503470442,0.));
#7079=DIRECTION('',(0.790180259811557,0.612874503470442,0.));
#7080=DIRECTION('',(-0.790180259811557,-0.612874503470442,0.));
#7081=DIRECTION('',(0.,0.,1.));
#7082=DIRECTION('center_axis',(0.,0.,1.));
#7083=DIRECTION('ref_axis',(0.856442230492638,-0.516242874845546,0.));
#7084=DIRECTION('center_axis',(0.,0.,1.));
#7085=DIRECTION('ref_axis',(0.856442230492638,-0.516242874845546,0.));
#7086=DIRECTION('center_axis',(0.,0.,-1.));
#7087=DIRECTION('ref_axis',(0.856442230492638,-0.516242874845546,0.));
#7088=DIRECTION('',(0.,0.,1.));
#7089=DIRECTION('center_axis',(0.,0.,1.));
#7090=DIRECTION('ref_axis',(0.995842759032929,-0.0910889635558791,0.));
#7091=DIRECTION('center_axis',(0.,0.,1.));
#7092=DIRECTION('ref_axis',(0.995842759032929,-0.0910889635558791,0.));
#7093=DIRECTION('center_axis',(0.,0.,-1.));
#7094=DIRECTION('ref_axis',(0.995842759032929,-0.0910889635558791,0.));
#7095=DIRECTION('',(0.,0.,1.));
#7096=DIRECTION('center_axis',(0.,0.,1.));
#7097=DIRECTION('ref_axis',(0.995842759039663,0.0910889634822506,0.));
#7098=DIRECTION('center_axis',(0.,0.,1.));
#7099=DIRECTION('ref_axis',(0.995842759039663,0.0910889634822506,0.));
#7100=DIRECTION('center_axis',(0.,0.,-1.));
#7101=DIRECTION('ref_axis',(0.995842759039663,0.0910889634822506,0.));
#7102=DIRECTION('',(0.,0.,1.));
#7103=DIRECTION('center_axis',(0.,0.,1.));
#7104=DIRECTION('ref_axis',(0.85644223049264,0.516242874845544,0.));
#7105=DIRECTION('center_axis',(0.,0.,1.));
#7106=DIRECTION('ref_axis',(0.85644223049264,0.516242874845544,0.));
#7107=DIRECTION('center_axis',(0.,0.,-1.));
#7108=DIRECTION('ref_axis',(0.85644223049264,0.516242874845544,0.));
#7109=DIRECTION('center_axis',(-0.800537674708467,0.599282430388512,0.));
#7110=DIRECTION('ref_axis',(-0.599282430388512,-0.800537674708467,0.));
#7111=DIRECTION('',(0.599282430388512,0.800537674708467,0.));
#7112=DIRECTION('',(0.,0.,1.));
#7113=DIRECTION('',(-0.599282430388512,-0.800537674708467,0.));
#7114=DIRECTION('',(0.,0.,1.));
#7115=DIRECTION('center_axis',(0.,0.,1.));
#7116=DIRECTION('ref_axis',(-0.597526159208534,0.801849417946722,0.));
#7117=DIRECTION('center_axis',(0.,0.,-1.));
#7118=DIRECTION('ref_axis',(-0.597526159208534,0.801849417946722,0.));
#7119=DIRECTION('center_axis',(0.,0.,1.));
#7120=DIRECTION('ref_axis',(-0.597526159208534,0.801849417946722,0.));
#7121=DIRECTION('',(0.,0.,1.));
#7122=DIRECTION('center_axis',(0.,0.,1.));
#7123=DIRECTION('ref_axis',(-0.300202428416167,0.953875517021501,0.));
#7124=DIRECTION('center_axis',(0.,0.,-1.));
#7125=DIRECTION('ref_axis',(-0.300202428416167,0.953875517021501,0.));
#7126=DIRECTION('center_axis',(0.,0.,1.));
#7127=DIRECTION('ref_axis',(-0.300202428416167,0.953875517021501,0.));
#7128=DIRECTION('',(0.,0.,1.));
#7129=DIRECTION('center_axis',(0.,0.,1.));
#7130=DIRECTION('ref_axis',(-0.0986971503465823,0.995117516936298,0.));
#7131=DIRECTION('center_axis',(0.,0.,-1.));
#7132=DIRECTION('ref_axis',(-0.0986971503465823,0.995117516936298,0.));
#7133=DIRECTION('center_axis',(0.,0.,1.));
#7134=DIRECTION('ref_axis',(-0.0986971503465823,0.995117516936298,0.));
#7135=DIRECTION('',(0.,0.,1.));
#7136=DIRECTION('center_axis',(0.,0.,1.));
#7137=DIRECTION('ref_axis',(0.0474233106885396,0.99887488185625,0.));
#7138=DIRECTION('center_axis',(0.,0.,-1.));
#7139=DIRECTION('ref_axis',(0.0474233106885396,0.99887488185625,0.));
#7140=DIRECTION('center_axis',(0.,0.,1.));
#7141=DIRECTION('ref_axis',(0.0474233106885396,0.99887488185625,0.));
#7142=DIRECTION('',(0.,0.,1.));
#7143=DIRECTION('center_axis',(0.,0.,1.));
#7144=DIRECTION('ref_axis',(0.164497482783768,0.986377502864803,0.));
#7145=DIRECTION('center_axis',(0.,0.,-1.));
#7146=DIRECTION('ref_axis',(0.164497482783768,0.986377502864803,0.));
#7147=DIRECTION('center_axis',(0.,0.,1.));
#7148=DIRECTION('ref_axis',(0.164497482783768,0.986377502864803,0.));
#7149=DIRECTION('',(0.,0.,1.));
#7150=DIRECTION('center_axis',(0.,0.,1.));
#7151=DIRECTION('ref_axis',(0.360801359484309,0.932642685595225,0.));
#7152=DIRECTION('center_axis',(0.,0.,-1.));
#7153=DIRECTION('ref_axis',(0.360801359484309,0.932642685595225,0.));
#7154=DIRECTION('center_axis',(0.,0.,1.));
#7155=DIRECTION('ref_axis',(0.360801359484309,0.932642685595225,0.));
#7156=DIRECTION('',(0.,0.,1.));
#7157=DIRECTION('center_axis',(0.,0.,1.));
#7158=DIRECTION('ref_axis',(0.602932076880556,0.797792523572702,0.));
#7159=DIRECTION('center_axis',(0.,0.,-1.));
#7160=DIRECTION('ref_axis',(0.602932076880556,0.797792523572702,0.));
#7161=DIRECTION('center_axis',(0.,0.,1.));
#7162=DIRECTION('ref_axis',(0.602932076880556,0.797792523572702,0.));
#7163=DIRECTION('',(0.,0.,1.));
#7164=DIRECTION('center_axis',(0.,0.,1.));
#7165=DIRECTION('ref_axis',(0.823316120710938,0.567583091165948,0.));
#7166=DIRECTION('center_axis',(0.,0.,-1.));
#7167=DIRECTION('ref_axis',(0.823316120710938,0.567583091165948,0.));
#7168=DIRECTION('center_axis',(0.,0.,1.));
#7169=DIRECTION('ref_axis',(0.823316120710938,0.567583091165948,0.));
#7170=DIRECTION('',(0.,0.,1.));
#7171=DIRECTION('center_axis',(0.,0.,1.));
#7172=DIRECTION('ref_axis',(0.978850032023659,0.204579116254033,0.));
#7173=DIRECTION('center_axis',(0.,0.,-1.));
#7174=DIRECTION('ref_axis',(0.978850032023659,0.204579116254033,0.));
#7175=DIRECTION('center_axis',(0.,0.,1.));
#7176=DIRECTION('ref_axis',(0.978850032023659,0.204579116254033,0.));
#7177=DIRECTION('',(0.,0.,1.));
#7178=DIRECTION('center_axis',(0.,0.,1.));
#7179=DIRECTION('ref_axis',(0.978850032016565,-0.204579116287979,0.));
#7180=DIRECTION('center_axis',(0.,0.,-1.));
#7181=DIRECTION('ref_axis',(0.978850032016565,-0.204579116287979,0.));
#7182=DIRECTION('center_axis',(0.,0.,1.));
#7183=DIRECTION('ref_axis',(0.978850032016565,-0.204579116287979,0.));
#7184=DIRECTION('',(0.,0.,1.));
#7185=DIRECTION('center_axis',(0.,0.,1.));
#7186=DIRECTION('ref_axis',(0.823316120809495,-0.567583091022985,0.));
#7187=DIRECTION('center_axis',(0.,0.,-1.));
#7188=DIRECTION('ref_axis',(0.823316120809495,-0.567583091022985,0.));
#7189=DIRECTION('center_axis',(0.,0.,1.));
#7190=DIRECTION('ref_axis',(0.823316120809495,-0.567583091022985,0.));
#7191=DIRECTION('',(0.,0.,1.));
#7192=DIRECTION('center_axis',(0.,0.,1.));
#7193=DIRECTION('ref_axis',(0.602932076812598,-0.797792523624061,0.));
#7194=DIRECTION('center_axis',(0.,0.,-1.));
#7195=DIRECTION('ref_axis',(0.602932076812598,-0.797792523624061,0.));
#7196=DIRECTION('center_axis',(0.,0.,1.));
#7197=DIRECTION('ref_axis',(0.602932076812598,-0.797792523624061,0.));
#7198=DIRECTION('',(0.,0.,1.));
#7199=DIRECTION('center_axis',(0.,0.,1.));
#7200=DIRECTION('ref_axis',(0.360801359400041,-0.932642685627825,0.));
#7201=DIRECTION('center_axis',(0.,0.,-1.));
#7202=DIRECTION('ref_axis',(0.360801359400041,-0.932642685627825,0.));
#7203=DIRECTION('center_axis',(0.,0.,1.));
#7204=DIRECTION('ref_axis',(0.360801359400041,-0.932642685627825,0.));
#7205=DIRECTION('',(0.,0.,1.));
#7206=DIRECTION('center_axis',(0.,0.,1.));
#7207=DIRECTION('ref_axis',(0.164497482783765,-0.986377502864803,0.));
#7208=DIRECTION('center_axis',(0.,0.,-1.));
#7209=DIRECTION('ref_axis',(0.164497482783765,-0.986377502864803,0.));
#7210=DIRECTION('center_axis',(0.,0.,1.));
#7211=DIRECTION('ref_axis',(0.164497482783765,-0.986377502864803,0.));
#7212=DIRECTION('',(0.,0.,1.));
#7213=DIRECTION('center_axis',(0.,0.,1.));
#7214=DIRECTION('ref_axis',(0.0474233106885373,-0.998874881856251,0.));
#7215=DIRECTION('center_axis',(0.,0.,-1.));
#7216=DIRECTION('ref_axis',(0.0474233106885373,-0.998874881856251,0.));
#7217=DIRECTION('center_axis',(0.,0.,1.));
#7218=DIRECTION('ref_axis',(0.0474233106885373,-0.998874881856251,0.));
#7219=DIRECTION('',(0.,0.,1.));
#7220=DIRECTION('center_axis',(0.,0.,1.));
#7221=DIRECTION('ref_axis',(-0.0986971502293735,-0.995117516947923,0.));
#7222=DIRECTION('center_axis',(0.,0.,-1.));
#7223=DIRECTION('ref_axis',(-0.0986971502293735,-0.995117516947923,0.));
#7224=DIRECTION('center_axis',(0.,0.,1.));
#7225=DIRECTION('ref_axis',(-0.0986971502293735,-0.995117516947923,0.));
#7226=DIRECTION('',(0.,0.,1.));
#7227=DIRECTION('center_axis',(0.,0.,1.));
#7228=DIRECTION('ref_axis',(-0.300202428493914,-0.953875516997033,0.));
#7229=DIRECTION('center_axis',(0.,0.,-1.));
#7230=DIRECTION('ref_axis',(-0.300202428493914,-0.953875516997033,0.));
#7231=DIRECTION('center_axis',(0.,0.,1.));
#7232=DIRECTION('ref_axis',(-0.300202428493914,-0.953875516997033,0.));
#7233=DIRECTION('',(0.,0.,1.));
#7234=DIRECTION('center_axis',(0.,0.,1.));
#7235=DIRECTION('ref_axis',(-0.597526159313931,-0.801849417868182,0.));
#7236=DIRECTION('center_axis',(0.,0.,-1.));
#7237=DIRECTION('ref_axis',(-0.597526159313931,-0.801849417868182,0.));
#7238=DIRECTION('center_axis',(0.,0.,1.));
#7239=DIRECTION('ref_axis',(-0.597526159313931,-0.801849417868182,0.));
#7240=DIRECTION('',(0.,0.,1.));
#7241=DIRECTION('center_axis',(-0.800537674179972,-0.599282431094489,0.));
#7242=DIRECTION('ref_axis',(0.599282431094489,-0.800537674179972,0.));
#7243=DIRECTION('',(-0.599282431094489,0.800537674179972,0.));
#7244=DIRECTION('',(0.599282431094489,-0.800537674179972,0.));
#7245=DIRECTION('',(0.,0.,1.));
#7246=DIRECTION('center_axis',(0.,0.,1.));
#7247=DIRECTION('ref_axis',(-0.954975888559195,-0.296683420956709,0.));
#7248=DIRECTION('center_axis',(0.,0.,-1.));
#7249=DIRECTION('ref_axis',(-0.954975888559195,-0.296683420956709,0.));
#7250=DIRECTION('center_axis',(0.,0.,1.));
#7251=DIRECTION('ref_axis',(-0.954975888559195,-0.296683420956709,0.));
#7252=DIRECTION('',(0.,0.,1.));
#7253=DIRECTION('center_axis',(0.,0.,1.));
#7254=DIRECTION('ref_axis',(-0.95497588857002,0.296683420921866,0.));
#7255=DIRECTION('center_axis',(0.,0.,-1.));
#7256=DIRECTION('ref_axis',(-0.95497588857002,0.296683420921866,0.));
#7257=DIRECTION('center_axis',(0.,0.,1.));
#7258=DIRECTION('ref_axis',(-0.95497588857002,0.296683420921866,0.));
#7259=DIRECTION('center_axis',(0.,0.,1.));
#7260=DIRECTION('ref_axis',(1.,-8.97615611276295E-16,0.));
#7261=DIRECTION('center_axis',(0.,0.,1.));
#7262=DIRECTION('ref_axis',(1.,-8.97615611276295E-16,0.));
#7263=DIRECTION('center_axis',(0.,0.,1.));
#7264=DIRECTION('ref_axis',(0.99832995840944,-0.0577693183463834,0.));
#7265=DIRECTION('center_axis',(0.,0.,-1.));
#7266=DIRECTION('ref_axis',(0.99832995840944,-0.0577693183463834,0.));
#7267=DIRECTION('',(0.,0.,1.));
#7268=DIRECTION('center_axis',(0.,0.,1.));
#7269=DIRECTION('ref_axis',(0.99832995840944,-0.0577693183463834,0.));
#7270=DIRECTION('',(0.,0.,1.));
#7271=DIRECTION('center_axis',(0.,0.,1.));
#7272=DIRECTION('ref_axis',(0.744531910327131,-0.667586874125483,0.));
#7273=DIRECTION('center_axis',(0.,0.,-1.));
#7274=DIRECTION('ref_axis',(0.744531910327131,-0.667586874125483,0.));
#7275=DIRECTION('center_axis',(0.,0.,1.));
#7276=DIRECTION('ref_axis',(0.744531910327131,-0.667586874125483,0.));
#7277=DIRECTION('',(0.,0.,1.));
#7278=DIRECTION('center_axis',(0.,0.,1.));
#7279=DIRECTION('ref_axis',(0.236812467816129,-0.971555379320621,0.));
#7280=DIRECTION('center_axis',(0.,0.,-1.));
#7281=DIRECTION('ref_axis',(0.236812467816129,-0.971555379320621,0.));
#7282=DIRECTION('center_axis',(0.,0.,1.));
#7283=DIRECTION('ref_axis',(0.236812467816129,-0.971555379320621,0.));
#7284=DIRECTION('',(0.,0.,1.));
#7285=DIRECTION('center_axis',(1.38160671118282E-11,-1.,0.));
#7286=DIRECTION('ref_axis',(1.,1.38160671118282E-11,0.));
#7287=DIRECTION('',(-1.,-1.38160671118282E-11,0.));
#7288=DIRECTION('',(1.,1.38160671118282E-11,0.));
#7289=DIRECTION('',(0.,0.,1.));
#7290=DIRECTION('center_axis',(-1.,1.06567113198304E-15,0.));
#7291=DIRECTION('ref_axis',(-1.06567113198304E-15,-1.,0.));
#7292=DIRECTION('',(1.06567113198304E-15,1.,0.));
#7293=DIRECTION('',(-1.06567113198304E-15,-1.,0.));
#7294=DIRECTION('',(0.,0.,1.));
#7295=DIRECTION('center_axis',(1.02832546071487E-15,1.,0.));
#7296=DIRECTION('ref_axis',(-1.,1.02832546071487E-15,0.));
#7297=DIRECTION('',(1.,-1.02832546071487E-15,0.));
#7298=DIRECTION('',(-1.,1.02832546071487E-15,0.));
#7299=DIRECTION('',(0.,0.,1.));
#7300=DIRECTION('center_axis',(0.,0.,1.));
#7301=DIRECTION('ref_axis',(0.231620527438527,-0.972806214653822,0.));
#7302=DIRECTION('center_axis',(0.,0.,1.));
#7303=DIRECTION('ref_axis',(0.231620527438527,-0.972806214653822,0.));
#7304=DIRECTION('center_axis',(0.,0.,-1.));
#7305=DIRECTION('ref_axis',(0.231620527438527,-0.972806214653822,0.));
#7306=DIRECTION('',(0.,0.,1.));
#7307=DIRECTION('center_axis',(0.,0.,1.));
#7308=DIRECTION('ref_axis',(0.98672505326738,-0.162399720610862,0.));
#7309=DIRECTION('center_axis',(0.,0.,1.));
#7310=DIRECTION('ref_axis',(0.98672505326738,-0.162399720610862,0.));
#7311=DIRECTION('center_axis',(0.,0.,-1.));
#7312=DIRECTION('ref_axis',(0.98672505326738,-0.162399720610862,0.));
#7313=DIRECTION('',(0.,0.,1.));
#7314=DIRECTION('center_axis',(0.,0.,1.));
#7315=DIRECTION('ref_axis',(0.515110309840077,0.857123893434584,0.));
#7316=DIRECTION('center_axis',(0.,0.,1.));
#7317=DIRECTION('ref_axis',(0.515110309840077,0.857123893434584,0.));
#7318=DIRECTION('center_axis',(0.,0.,-1.));
#7319=DIRECTION('ref_axis',(0.515110309840077,0.857123893434584,0.));
#7320=DIRECTION('',(0.,0.,1.));
#7321=DIRECTION('center_axis',(-1.02832546071487E-15,-1.,0.));
#7322=DIRECTION('ref_axis',(1.,-1.02832546071487E-15,0.));
#7323=DIRECTION('',(-1.,1.02832546071487E-15,0.));
#7324=DIRECTION('',(1.,-1.02832546071487E-15,0.));
#7325=DIRECTION('',(0.,0.,1.));
#7326=DIRECTION('center_axis',(-1.,1.06567113198304E-15,0.));
#7327=DIRECTION('ref_axis',(-1.06567113198304E-15,-1.,0.));
#7328=DIRECTION('',(1.06567113198304E-15,1.,0.));
#7329=DIRECTION('',(-1.06567113198304E-15,-1.,0.));
#7330=DIRECTION('',(0.,0.,1.));
#7331=DIRECTION('center_axis',(1.02832546071487E-15,1.,0.));
#7332=DIRECTION('ref_axis',(-1.,1.02832546071487E-15,0.));
#7333=DIRECTION('',(1.,-1.02832546071487E-15,0.));
#7334=DIRECTION('',(-1.,1.02832546071487E-15,0.));
#7335=DIRECTION('',(0.,0.,1.));
#7336=DIRECTION('center_axis',(1.,-1.06567113198304E-15,0.));
#7337=DIRECTION('ref_axis',(1.06567113198304E-15,1.,0.));
#7338=DIRECTION('',(-1.06567113198304E-15,-1.,0.));
#7339=DIRECTION('',(1.06567113198304E-15,1.,0.));
#7340=DIRECTION('',(0.,0.,1.));
#7341=DIRECTION('center_axis',(-1.02832546071487E-15,-1.,0.));
#7342=DIRECTION('ref_axis',(1.,-1.02832546071487E-15,0.));
#7343=DIRECTION('',(-1.,1.02832546071487E-15,0.));
#7344=DIRECTION('',(1.,-1.02832546071487E-15,0.));
#7345=DIRECTION('',(0.,0.,1.));
#7346=DIRECTION('center_axis',(0.,0.,1.));
#7347=DIRECTION('ref_axis',(0.843661487721128,0.536875492210413,0.));
#7348=DIRECTION('center_axis',(0.,0.,-1.));
#7349=DIRECTION('ref_axis',(0.843661487721128,0.536875492210413,0.));
#7350=DIRECTION('center_axis',(0.,0.,1.));
#7351=DIRECTION('ref_axis',(0.843661487721128,0.536875492210413,0.));
#7352=DIRECTION('center_axis',(0.,0.,1.));
#7353=DIRECTION('ref_axis',(-6.73541583667303E-16,-1.,0.));
#7354=DIRECTION('center_axis',(0.,0.,1.));
#7355=DIRECTION('ref_axis',(-6.73541583667303E-16,-1.,0.));
#7356=DIRECTION('center_axis',(1.,-1.68283524241836E-15,0.));
#7357=DIRECTION('ref_axis',(1.68283524241836E-15,1.,0.));
#7358=DIRECTION('',(1.68283524241836E-15,1.,0.));
#7359=DIRECTION('',(0.,0.,1.));
#7360=DIRECTION('',(1.68283524241836E-15,1.,0.));
#7361=DIRECTION('',(0.,0.,1.));
#7362=DIRECTION('center_axis',(-4.2262552624484E-15,-1.,0.));
#7363=DIRECTION('ref_axis',(1.,-4.2262552624484E-15,0.));
#7364=DIRECTION('',(-1.,4.2262552624484E-15,0.));
#7365=DIRECTION('',(1.,-4.2262552624484E-15,0.));
#7366=DIRECTION('',(0.,0.,1.));
#7367=DIRECTION('center_axis',(-1.,2.69212890116343E-15,0.));
#7368=DIRECTION('ref_axis',(-2.69212890116343E-15,-1.,0.));
#7369=DIRECTION('',(2.69212890116343E-15,1.,0.));
#7370=DIRECTION('',(-2.69212890116343E-15,-1.,0.));
#7371=DIRECTION('',(0.,0.,1.));
#7372=DIRECTION('center_axis',(6.73541583667303E-16,1.,0.));
#7373=DIRECTION('ref_axis',(-1.,6.73541583667303E-16,0.));
#7374=DIRECTION('',(-1.,-3.3578933312685E-13,0.));
#7375=DIRECTION('',(-1.,-3.3578933312685E-13,0.));
#7376=DIRECTION('center_axis',(0.,0.,1.));
#7377=DIRECTION('ref_axis',(-6.73541583667303E-16,-1.,0.));
#7378=DIRECTION('center_axis',(0.,0.,1.));
#7379=DIRECTION('ref_axis',(-6.73541583667303E-16,-1.,0.));
#7380=DIRECTION('center_axis',(1.,-6.73541583667303E-16,0.));
#7381=DIRECTION('ref_axis',(6.73541583667303E-16,1.,0.));
#7382=DIRECTION('',(6.73541583667303E-16,1.,0.));
#7383=DIRECTION('',(0.,0.,1.));
#7384=DIRECTION('',(6.73541583667303E-16,1.,0.));
#7385=DIRECTION('',(0.,0.,1.));
#7386=DIRECTION('center_axis',(2.14636836027976E-16,-1.,0.));
#7387=DIRECTION('ref_axis',(1.,2.14636836027976E-16,0.));
#7388=DIRECTION('',(-1.,-2.14636836027976E-16,0.));
#7389=DIRECTION('',(1.,2.14636836027976E-16,0.));
#7390=DIRECTION('',(0.,0.,1.));
#7391=DIRECTION('center_axis',(-1.,-3.35752075080758E-16,0.));
#7392=DIRECTION('ref_axis',(3.35752075080758E-16,-1.,0.));
#7393=DIRECTION('',(-3.35752075080758E-16,1.,0.));
#7394=DIRECTION('',(3.35752075080758E-16,-1.,0.));
#7395=DIRECTION('',(0.,0.,1.));
#7396=DIRECTION('center_axis',(1.56172000336258E-15,1.,0.));
#7397=DIRECTION('ref_axis',(-1.,1.56172000336258E-15,0.));
#7398=DIRECTION('',(-1.,-3.32393356906946E-13,0.));
#7399=DIRECTION('',(-1.,-3.32393356906946E-13,0.));
#7400=DIRECTION('center_axis',(0.,0.,1.));
#7401=DIRECTION('ref_axis',(-6.73541583667303E-16,-1.,0.));
#7402=DIRECTION('center_axis',(0.,0.,1.));
#7403=DIRECTION('ref_axis',(-6.73541583667303E-16,-1.,0.));
#7404=DIRECTION('center_axis',(1.,3.35752075083757E-16,0.));
#7405=DIRECTION('ref_axis',(-3.35752075083757E-16,1.,0.));
#7406=DIRECTION('',(-3.35752075083757E-16,1.,0.));
#7407=DIRECTION('',(0.,0.,1.));
#7408=DIRECTION('',(-3.35752075083757E-16,1.,0.));
#7409=DIRECTION('',(0.,0.,1.));
#7410=DIRECTION('center_axis',(2.14636836027973E-16,-1.,0.));
#7411=DIRECTION('ref_axis',(1.,2.14636836027973E-16,0.));
#7412=DIRECTION('',(-1.,-2.14636836027973E-16,0.));
#7413=DIRECTION('',(1.,2.14636836027973E-16,0.));
#7414=DIRECTION('',(0.,0.,1.));
#7415=DIRECTION('center_axis',(-1.,-3.35752075080759E-16,0.));
#7416=DIRECTION('ref_axis',(3.35752075080759E-16,-1.,0.));
#7417=DIRECTION('',(-3.35752075080759E-16,1.,0.));
#7418=DIRECTION('',(3.35752075080759E-16,-1.,0.));
#7419=DIRECTION('',(0.,0.,1.));
#7420=DIRECTION('center_axis',(2.29452373819665E-16,1.,0.));
#7421=DIRECTION('ref_axis',(-1.,2.29452373819665E-16,0.));
#7422=DIRECTION('',(-1.,-3.33568887136912E-13,0.));
#7423=DIRECTION('',(-1.,-3.33568887136912E-13,0.));
#7424=DIRECTION('center_axis',(0.,0.,1.));
#7425=DIRECTION('ref_axis',(-6.73541583667303E-16,-1.,0.));
#7426=DIRECTION('center_axis',(0.,0.,1.));
#7427=DIRECTION('ref_axis',(-6.73541583667303E-16,-1.,0.));
#7428=DIRECTION('center_axis',(1.,-6.73541583667303E-16,0.));
#7429=DIRECTION('ref_axis',(6.73541583667303E-16,1.,0.));
#7430=DIRECTION('',(6.73541583667303E-16,1.,0.));
#7431=DIRECTION('',(0.,0.,1.));
#7432=DIRECTION('',(6.73541583667303E-16,1.,0.));
#7433=DIRECTION('',(0.,0.,1.));
#7434=DIRECTION('center_axis',(-6.73541583667303E-16,-1.,0.));
#7435=DIRECTION('ref_axis',(1.,-6.73541583667303E-16,0.));
#7436=DIRECTION('',(-1.,6.73541583667303E-16,0.));
#7437=DIRECTION('',(1.,-6.73541583667303E-16,0.));
#7438=DIRECTION('',(0.,0.,1.));
#7439=DIRECTION('center_axis',(-1.,6.73541583667303E-16,0.));
#7440=DIRECTION('ref_axis',(-6.73541583667303E-16,-1.,0.));
#7441=DIRECTION('',(6.73541583667303E-16,1.,0.));
#7442=DIRECTION('',(-6.73541583667303E-16,-1.,0.));
#7443=DIRECTION('',(0.,0.,1.));
#7444=DIRECTION('center_axis',(6.00261210183895E-15,1.,0.));
#7445=DIRECTION('ref_axis',(-1.,6.00261210183896E-15,0.));
#7446=DIRECTION('',(-1.,-3.33699501606909E-13,0.));
#7447=DIRECTION('',(-1.,-3.33699501606909E-13,0.));
#7448=DIRECTION('center_axis',(0.,0.,1.));
#7449=DIRECTION('ref_axis',(-6.73541583667303E-16,-1.,0.));
#7450=DIRECTION('center_axis',(0.,0.,1.));
#7451=DIRECTION('ref_axis',(-6.73541583667303E-16,-1.,0.));
#7452=DIRECTION('center_axis',(-6.73541583667303E-16,-1.,0.));
#7453=DIRECTION('ref_axis',(1.,-6.73541583667303E-16,0.));
#7454=DIRECTION('',(0.,0.,1.));
#7455=DIRECTION('',(1.,-6.73541583667303E-16,0.));
#7456=DIRECTION('',(0.,0.,1.));
#7457=DIRECTION('',(-1.,6.73541583667303E-16,0.));
#7458=DIRECTION('center_axis',(-1.,-1.1768301240421E-15,0.));
#7459=DIRECTION('ref_axis',(1.1768301240421E-15,-1.,0.));
#7460=DIRECTION('',(-1.1768301240421E-15,1.,0.));
#7461=DIRECTION('',(1.1768301240421E-15,-1.,0.));
#7462=DIRECTION('',(0.,0.,1.));
#7463=DIRECTION('center_axis',(-1.10276513138378E-15,1.,0.));
#7464=DIRECTION('ref_axis',(-1.,-1.10276513138378E-15,0.));
#7465=DIRECTION('',(1.,1.10276513138378E-15,0.));
#7466=DIRECTION('',(-1.,-1.10276513138378E-15,0.));
#7467=DIRECTION('',(0.,0.,1.));
#7468=DIRECTION('center_axis',(1.,3.35752075080757E-16,0.));
#7469=DIRECTION('ref_axis',(-3.35752075080757E-16,1.,0.));
#7470=DIRECTION('',(3.35752075080757E-16,-1.,0.));
#7471=DIRECTION('',(0.,0.,1.));
#7472=DIRECTION('',(-3.35752075080757E-16,1.,0.));
#7473=DIRECTION('',(0.,0.,1.));
#7474=DIRECTION('center_axis',(1.,3.35752075080759E-16,0.));
#7475=DIRECTION('ref_axis',(-3.35752075080759E-16,1.,0.));
#7476=DIRECTION('',(3.35752075080759E-16,-1.,0.));
#7477=DIRECTION('',(0.,0.,1.));
#7478=DIRECTION('',(-3.35752075080759E-16,1.,0.));
#7479=DIRECTION('',(0.,0.,1.));
#7480=DIRECTION('center_axis',(-3.92779210497023E-12,-1.,0.));
#7481=DIRECTION('ref_axis',(1.,-3.92779210497023E-12,0.));
#7482=DIRECTION('',(1.,-3.92779210497023E-12,0.));
#7483=DIRECTION('',(1.,-3.92779210497023E-12,0.));
#7484=DIRECTION('',(0.,0.,1.));
#7485=DIRECTION('center_axis',(0.,0.,1.));
#7486=DIRECTION('ref_axis',(-1.,-9.87513032202837E-14,0.));
#7487=DIRECTION('center_axis',(0.,0.,-1.));
#7488=DIRECTION('ref_axis',(-1.,-9.87513032202837E-14,0.));
#7489=DIRECTION('center_axis',(0.,0.,-1.));
#7490=DIRECTION('ref_axis',(-1.,-9.87513032202837E-14,0.));
#7491=DIRECTION('',(0.,0.,1.));
#7492=DIRECTION('center_axis',(1.,-4.28620312902827E-16,0.));
#7493=DIRECTION('ref_axis',(4.28620312902827E-16,1.,0.));
#7494=DIRECTION('',(4.28620312902827E-16,1.,0.));
#7495=DIRECTION('',(4.28620312902827E-16,1.,0.));
#7496=DIRECTION('',(0.,0.,1.));
#7497=DIRECTION('center_axis',(-4.28620312902827E-16,-1.,0.));
#7498=DIRECTION('ref_axis',(1.,-4.28620312902827E-16,0.));
#7499=DIRECTION('',(1.,-4.28620312902827E-16,0.));
#7500=DIRECTION('',(1.,-4.28620312902827E-16,0.));
#7501=DIRECTION('',(0.,0.,1.));
#7502=DIRECTION('center_axis',(1.,-4.28620312902827E-16,0.));
#7503=DIRECTION('ref_axis',(4.28620312902827E-16,1.,0.));
#7504=DIRECTION('',(4.28620312902827E-16,1.,0.));
#7505=DIRECTION('',(4.28620312902827E-16,1.,0.));
#7506=DIRECTION('',(0.,0.,1.));
#7507=DIRECTION('center_axis',(-5.68005568307326E-13,1.,0.));
#7508=DIRECTION('ref_axis',(-1.,-5.68005568307326E-13,0.));
#7509=DIRECTION('',(-1.,-5.68005568307326E-13,0.));
#7510=DIRECTION('',(-1.,-5.68005568307326E-13,0.));
#7511=DIRECTION('',(0.,0.,1.));
#7512=DIRECTION('center_axis',(1.,1.89435200859065E-12,0.));
#7513=DIRECTION('ref_axis',(-1.89435200859065E-12,1.,0.));
#7514=DIRECTION('',(-1.89435200859065E-12,1.,0.));
#7515=DIRECTION('',(-1.89435200859065E-12,1.,0.));
#7516=DIRECTION('',(0.,0.,1.));
#7517=DIRECTION('center_axis',(0.,0.,1.));
#7518=DIRECTION('ref_axis',(-1.23203602896218E-12,-1.,0.));
#7519=DIRECTION('center_axis',(0.,0.,-1.));
#7520=DIRECTION('ref_axis',(-1.23203602896218E-12,-1.,0.));
#7521=DIRECTION('center_axis',(0.,0.,-1.));
#7522=DIRECTION('ref_axis',(-1.23203602896218E-12,-1.,0.));
#7523=DIRECTION('',(0.,0.,1.));
#7524=DIRECTION('center_axis',(1.04389473558862E-11,1.,0.));
#7525=DIRECTION('ref_axis',(-1.,1.04389473558862E-11,0.));
#7526=DIRECTION('',(1.,2.14636835804214E-16,0.));
#7527=DIRECTION('',(-1.,-2.14636835804214E-16,0.));
#7528=DIRECTION('center_axis',(-3.41103375173325E-12,-1.,0.));
#7529=DIRECTION('ref_axis',(1.,-3.41103375173325E-12,0.));
#7530=DIRECTION('',(1.,-3.41103375173325E-12,0.));
#7531=DIRECTION('',(1.,-3.41103375173325E-12,0.));
#7532=DIRECTION('',(0.,0.,1.));
#7533=DIRECTION('center_axis',(0.,0.,1.));
#7534=DIRECTION('ref_axis',(-1.,-8.14601785999216E-12,0.));
#7535=DIRECTION('center_axis',(0.,0.,-1.));
#7536=DIRECTION('ref_axis',(-1.,-8.14601785999216E-12,0.));
#7537=DIRECTION('center_axis',(0.,0.,-1.));
#7538=DIRECTION('ref_axis',(-1.,-8.14601785999216E-12,0.));
#7539=DIRECTION('',(0.,0.,1.));
#7540=DIRECTION('center_axis',(1.,-4.28620312902827E-16,0.));
#7541=DIRECTION('ref_axis',(4.28620312902827E-16,1.,0.));
#7542=DIRECTION('',(4.28620312902827E-16,1.,0.));
#7543=DIRECTION('',(4.28620312902827E-16,1.,0.));
#7544=DIRECTION('',(0.,0.,1.));
#7545=DIRECTION('center_axis',(-4.28620312902827E-16,-1.,0.));
#7546=DIRECTION('ref_axis',(1.,-4.28620312902827E-16,0.));
#7547=DIRECTION('',(1.,-4.28620312902827E-16,0.));
#7548=DIRECTION('',(1.,-4.28620312902827E-16,0.));
#7549=DIRECTION('',(0.,0.,1.));
#7550=DIRECTION('center_axis',(-1.,4.28620312902827E-16,0.));
#7551=DIRECTION('ref_axis',(-4.28620312902827E-16,-1.,0.));
#7552=DIRECTION('',(-4.28620312902827E-16,-1.,0.));
#7553=DIRECTION('',(-4.28620312902827E-16,-1.,0.));
#7554=DIRECTION('',(0.,0.,1.));
#7555=DIRECTION('center_axis',(-8.49151660521172E-15,-1.,0.));
#7556=DIRECTION('ref_axis',(1.,-8.49151660521172E-15,0.));
#7557=DIRECTION('',(1.,-8.49151660521172E-15,0.));
#7558=DIRECTION('',(1.,-8.49151660521172E-15,0.));
#7559=DIRECTION('',(0.,0.,1.));
#7560=DIRECTION('center_axis',(-1.,1.48338037636633E-14,0.));
#7561=DIRECTION('ref_axis',(-1.48338037636633E-14,-1.,0.));
#7562=DIRECTION('',(-1.48338037636633E-14,-1.,0.));
#7563=DIRECTION('',(-1.48338037636633E-14,-1.,0.));
#7564=DIRECTION('',(0.,0.,1.));
#7565=DIRECTION('center_axis',(0.,0.,1.));
#7566=DIRECTION('ref_axis',(1.,-8.59001092691597E-13,0.));
#7567=DIRECTION('center_axis',(0.,0.,-1.));
#7568=DIRECTION('ref_axis',(1.,-8.59001092691597E-13,0.));
#7569=DIRECTION('center_axis',(0.,0.,-1.));
#7570=DIRECTION('ref_axis',(1.,-8.59001092691597E-13,0.));
#7571=DIRECTION('',(0.,0.,1.));
#7572=DIRECTION('center_axis',(-1.,4.28620312902827E-16,0.));
#7573=DIRECTION('ref_axis',(-4.28620312902827E-16,-1.,0.));
#7574=DIRECTION('',(-4.28620312902827E-16,-1.,0.));
#7575=DIRECTION('',(-4.28620312902827E-16,-1.,0.));
#7576=DIRECTION('center_axis',(1.,6.79590365952919E-11,0.));
#7577=DIRECTION('ref_axis',(-6.79590365952919E-11,1.,0.));
#7578=DIRECTION('',(-6.79590365952919E-11,1.,0.));
#7579=DIRECTION('',(-6.79590365952919E-11,1.,0.));
#7580=DIRECTION('',(0.,0.,1.));
#7581=DIRECTION('center_axis',(0.,0.,1.));
#7582=DIRECTION('ref_axis',(-9.66479491137552E-14,-1.,0.));
#7583=DIRECTION('center_axis',(0.,0.,-1.));
#7584=DIRECTION('ref_axis',(-9.66479491137552E-14,-1.,0.));
#7585=DIRECTION('center_axis',(0.,0.,-1.));
#7586=DIRECTION('ref_axis',(-9.66479491137552E-14,-1.,0.));
#7587=DIRECTION('',(0.,0.,1.));
#7588=DIRECTION('center_axis',(4.28620312902827E-16,1.,0.));
#7589=DIRECTION('ref_axis',(-1.,4.28620312902827E-16,0.));
#7590=DIRECTION('',(-1.,4.28620312902827E-16,0.));
#7591=DIRECTION('',(-1.,4.28620312902827E-16,0.));
#7592=DIRECTION('',(0.,0.,1.));
#7593=DIRECTION('center_axis',(1.,-4.28620312902827E-16,0.));
#7594=DIRECTION('ref_axis',(4.28620312902827E-16,1.,0.));
#7595=DIRECTION('',(4.28620312902827E-16,1.,0.));
#7596=DIRECTION('',(4.28620312902827E-16,1.,0.));
#7597=DIRECTION('',(0.,0.,1.));
#7598=DIRECTION('center_axis',(4.28620312902827E-16,1.,0.));
#7599=DIRECTION('ref_axis',(-1.,4.28620312902827E-16,0.));
#7600=DIRECTION('',(-1.,4.28620312902827E-16,0.));
#7601=DIRECTION('',(-1.,4.28620312902827E-16,0.));
#7602=DIRECTION('',(0.,0.,1.));
#7603=DIRECTION('center_axis',(-1.,-1.53472944721105E-11,0.));
#7604=DIRECTION('ref_axis',(1.53472944721105E-11,-1.,0.));
#7605=DIRECTION('',(1.53472944721105E-11,-1.,0.));
#7606=DIRECTION('',(1.53472944721105E-11,-1.,0.));
#7607=DIRECTION('',(0.,0.,1.));
#7608=DIRECTION('center_axis',(4.28620312902827E-16,1.,0.));
#7609=DIRECTION('ref_axis',(-1.,4.28620312902827E-16,0.));
#7610=DIRECTION('',(-1.,4.28620312902827E-16,0.));
#7611=DIRECTION('',(-1.,4.28620312902827E-16,0.));
#7612=DIRECTION('',(0.,0.,1.));
#7613=DIRECTION('center_axis',(0.,0.,1.));
#7614=DIRECTION('ref_axis',(1.37380784837544E-7,-0.999999999999991,0.));
#7615=DIRECTION('center_axis',(0.,0.,-1.));
#7616=DIRECTION('ref_axis',(1.37380784837544E-7,-0.999999999999991,0.));
#7617=DIRECTION('center_axis',(0.,0.,-1.));
#7618=DIRECTION('ref_axis',(1.37380784837544E-7,-0.999999999999991,0.));
#7619=DIRECTION('',(0.,0.,1.));
#7620=DIRECTION('center_axis',(2.89427561535888E-12,1.,0.));
#7621=DIRECTION('ref_axis',(-1.,2.89427561535888E-12,0.));
#7622=DIRECTION('',(1.,-6.73541583667303E-16,0.));
#7623=DIRECTION('',(-1.,6.73541583667303E-16,0.));
#7624=DIRECTION('center_axis',(0.,0.,1.));
#7625=DIRECTION('ref_axis',(-4.28620312902827E-16,-1.,0.));
#7626=DIRECTION('center_axis',(0.,0.,1.));
#7627=DIRECTION('ref_axis',(-4.28620312902827E-16,-1.,0.));
#7628=DIRECTION('center_axis',(-6.73541583667303E-16,-1.,0.));
#7629=DIRECTION('ref_axis',(1.,-6.73541583667303E-16,0.));
#7630=DIRECTION('',(-1.,6.73541583667303E-16,0.));
#7631=DIRECTION('',(0.,0.,1.));
#7632=DIRECTION('',(1.,-6.73541583667303E-16,0.));
#7633=DIRECTION('',(0.,0.,1.));
#7634=DIRECTION('center_axis',(1.,-6.73541583667303E-16,0.));
#7635=DIRECTION('ref_axis',(6.73541583667303E-16,1.,0.));
#7636=DIRECTION('',(-6.73541583667303E-16,-1.,0.));
#7637=DIRECTION('',(0.,0.,1.));
#7638=DIRECTION('',(6.73541583667303E-16,1.,0.));
#7639=DIRECTION('',(0.,0.,1.));
#7640=DIRECTION('center_axis',(1.,-6.73541583667303E-16,0.));
#7641=DIRECTION('ref_axis',(6.73541583667303E-16,1.,0.));
#7642=DIRECTION('',(-6.73541583667303E-16,-1.,0.));
#7643=DIRECTION('',(0.,0.,1.));
#7644=DIRECTION('',(6.73541583667303E-16,1.,0.));
#7645=DIRECTION('',(0.,0.,1.));
#7646=DIRECTION('center_axis',(4.13449544629191E-12,1.,0.));
#7647=DIRECTION('ref_axis',(-1.,4.13449544629191E-12,0.));
#7648=DIRECTION('',(1.,-9.5553257783825E-15,0.));
#7649=DIRECTION('',(0.,0.,1.));
#7650=DIRECTION('',(-1.,9.5553257783825E-15,0.));
#7651=DIRECTION('center_axis',(8.26384806847534E-13,-1.,0.));
#7652=DIRECTION('ref_axis',(1.,8.26384806847534E-13,0.));
#7653=DIRECTION('',(1.,8.26384806847534E-13,0.));
#7654=DIRECTION('',(1.,8.26384806847534E-13,0.));
#7655=DIRECTION('',(0.,0.,1.));
#7656=DIRECTION('center_axis',(0.,0.,1.));
#7657=DIRECTION('ref_axis',(-0.866025403785863,0.499999999997534,0.));
#7658=DIRECTION('center_axis',(0.,0.,-1.));
#7659=DIRECTION('ref_axis',(-0.866025403785863,0.499999999997534,0.));
#7660=DIRECTION('center_axis',(0.,0.,-1.));
#7661=DIRECTION('ref_axis',(-0.866025403785863,0.499999999997534,0.));
#7662=DIRECTION('',(0.,0.,1.));
#7663=DIRECTION('center_axis',(3.07612380265318E-12,-1.,0.));
#7664=DIRECTION('ref_axis',(1.,3.07612380265318E-12,0.));
#7665=DIRECTION('',(1.,3.07612380265318E-12,0.));
#7666=DIRECTION('',(1.,3.07612380265318E-12,0.));
#7667=DIRECTION('',(0.,0.,1.));
#7668=DIRECTION('center_axis',(-1.,4.28620312902827E-16,0.));
#7669=DIRECTION('ref_axis',(-4.28620312902827E-16,-1.,0.));
#7670=DIRECTION('',(-4.28620312902827E-16,-1.,0.));
#7671=DIRECTION('',(-4.28620312902827E-16,-1.,0.));
#7672=DIRECTION('',(0.,0.,1.));
#7673=DIRECTION('center_axis',(-4.28620312902827E-16,-1.,0.));
#7674=DIRECTION('ref_axis',(1.,-4.28620312902827E-16,0.));
#7675=DIRECTION('',(1.,-4.28620312902827E-16,0.));
#7676=DIRECTION('',(1.,-4.28620312902827E-16,0.));
#7677=DIRECTION('',(0.,0.,1.));
#7678=DIRECTION('center_axis',(1.,-4.28620312902827E-16,0.));
#7679=DIRECTION('ref_axis',(4.28620312902827E-16,1.,0.));
#7680=DIRECTION('',(4.28620312902827E-16,1.,0.));
#7681=DIRECTION('',(4.28620312902827E-16,1.,0.));
#7682=DIRECTION('',(0.,0.,1.));
#7683=DIRECTION('center_axis',(-4.28620312902827E-16,-1.,0.));
#7684=DIRECTION('ref_axis',(1.,-4.28620312902827E-16,0.));
#7685=DIRECTION('',(1.,-4.28620312902827E-16,0.));
#7686=DIRECTION('',(1.,-4.28620312902827E-16,0.));
#7687=DIRECTION('',(0.,0.,1.));
#7688=DIRECTION('center_axis',(0.,0.,1.));
#7689=DIRECTION('ref_axis',(-1.,-2.53197441943082E-15,0.));
#7690=DIRECTION('center_axis',(0.,0.,-1.));
#7691=DIRECTION('ref_axis',(-1.,-2.53197441943082E-15,0.));
#7692=DIRECTION('center_axis',(0.,0.,-1.));
#7693=DIRECTION('ref_axis',(-1.,-2.53197441943082E-15,0.));
#7694=DIRECTION('',(0.,0.,1.));
#7695=DIRECTION('center_axis',(1.,-7.60442911859561E-11,0.));
#7696=DIRECTION('ref_axis',(7.60442911859561E-11,1.,0.));
#7697=DIRECTION('',(-2.52391329137583E-15,-1.,0.));
#7698=DIRECTION('',(2.52391329137583E-15,1.,0.));
#7699=DIRECTION('center_axis',(-1.,4.28620312902827E-16,0.));
#7700=DIRECTION('ref_axis',(-4.28620312902827E-16,-1.,0.));
#7701=DIRECTION('',(-4.28620312902827E-16,-1.,0.));
#7702=DIRECTION('',(-4.28620312902827E-16,-1.,0.));
#7703=DIRECTION('',(0.,0.,1.));
#7704=DIRECTION('center_axis',(0.,0.,1.));
#7705=DIRECTION('ref_axis',(0.733333333467999,0.679869268333782,0.));
#7706=DIRECTION('center_axis',(0.,0.,-1.));
#7707=DIRECTION('ref_axis',(0.733333333467999,0.679869268333782,0.));
#7708=DIRECTION('center_axis',(0.,0.,-1.));
#7709=DIRECTION('ref_axis',(0.733333333467999,0.679869268333782,0.));
#7710=DIRECTION('',(0.,0.,1.));
#7711=DIRECTION('center_axis',(-1.,2.92389872144288E-14,0.));
#7712=DIRECTION('ref_axis',(-2.92389872144288E-14,-1.,0.));
#7713=DIRECTION('',(-2.92389872144288E-14,-1.,0.));
#7714=DIRECTION('',(-2.92389872144288E-14,-1.,0.));
#7715=DIRECTION('',(0.,0.,1.));
#7716=DIRECTION('center_axis',(4.28620312902827E-16,1.,0.));
#7717=DIRECTION('ref_axis',(-1.,4.28620312902827E-16,0.));
#7718=DIRECTION('',(-1.,4.28620312902827E-16,0.));
#7719=DIRECTION('',(-1.,4.28620312902827E-16,0.));
#7720=DIRECTION('',(0.,0.,1.));
#7721=DIRECTION('center_axis',(-1.,4.28620312902827E-16,0.));
#7722=DIRECTION('ref_axis',(-4.28620312902827E-16,-1.,0.));
#7723=DIRECTION('',(-4.28620312902827E-16,-1.,0.));
#7724=DIRECTION('',(-4.28620312902827E-16,-1.,0.));
#7725=DIRECTION('',(0.,0.,1.));
#7726=DIRECTION('center_axis',(4.28620312902827E-16,1.,0.));
#7727=DIRECTION('ref_axis',(-1.,4.28620312902827E-16,0.));
#7728=DIRECTION('',(-1.,4.28620312902827E-16,0.));
#7729=DIRECTION('',(-1.,4.28620312902827E-16,0.));
#7730=DIRECTION('',(0.,0.,1.));
#7731=DIRECTION('center_axis',(1.,-4.28620312902827E-16,0.));
#7732=DIRECTION('ref_axis',(4.28620312902827E-16,1.,0.));
#7733=DIRECTION('',(4.28620312902827E-16,1.,0.));
#7734=DIRECTION('',(4.28620312902827E-16,1.,0.));
#7735=DIRECTION('',(0.,0.,1.));
#7736=DIRECTION('center_axis',(0.,0.,1.));
#7737=DIRECTION('ref_axis',(1.23117878833941E-12,-1.,0.));
#7738=DIRECTION('center_axis',(0.,0.,-1.));
#7739=DIRECTION('ref_axis',(1.23117878833941E-12,-1.,0.));
#7740=DIRECTION('center_axis',(0.,0.,-1.));
#7741=DIRECTION('ref_axis',(1.23117878833941E-12,-1.,0.));
#7742=DIRECTION('',(0.,0.,1.));
#7743=DIRECTION('center_axis',(8.27241985507338E-13,1.,0.));
#7744=DIRECTION('ref_axis',(-1.,8.27241985507338E-13,0.));
#7745=DIRECTION('',(1.,-2.29452373931543E-16,0.));
#7746=DIRECTION('',(-1.,2.29452373931543E-16,0.));
#7747=DIRECTION('center_axis',(-1.03780290962378E-13,-1.,0.));
#7748=DIRECTION('ref_axis',(1.,-1.03780290962378E-13,0.));
#7749=DIRECTION('',(1.,-1.03780290962378E-13,0.));
#7750=DIRECTION('',(1.,-1.03780290962378E-13,0.));
#7751=DIRECTION('',(0.,0.,1.));
#7752=DIRECTION('center_axis',(0.,0.,1.));
#7753=DIRECTION('ref_axis',(-1.,-1.051677053264E-15,0.));
#7754=DIRECTION('center_axis',(0.,0.,-1.));
#7755=DIRECTION('ref_axis',(-1.,-1.051677053264E-15,0.));
#7756=DIRECTION('center_axis',(0.,0.,-1.));
#7757=DIRECTION('ref_axis',(-1.,-1.051677053264E-15,0.));
#7758=DIRECTION('',(0.,0.,1.));
#7759=DIRECTION('center_axis',(1.,-4.28620312902827E-16,0.));
#7760=DIRECTION('ref_axis',(4.28620312902827E-16,1.,0.));
#7761=DIRECTION('',(4.28620312902827E-16,1.,0.));
#7762=DIRECTION('',(4.28620312902827E-16,1.,0.));
#7763=DIRECTION('',(0.,0.,1.));
#7764=DIRECTION('center_axis',(-6.53703603118994E-11,-1.,0.));
#7765=DIRECTION('ref_axis',(1.,-6.53703603118994E-11,0.));
#7766=DIRECTION('',(1.,-6.53703603118994E-11,0.));
#7767=DIRECTION('',(1.,-6.53703603118994E-11,0.));
#7768=DIRECTION('',(0.,0.,1.));
#7769=DIRECTION('center_axis',(1.,-4.28620312902827E-16,0.));
#7770=DIRECTION('ref_axis',(4.28620312902827E-16,1.,0.));
#7771=DIRECTION('',(4.28620312902827E-16,1.,0.));
#7772=DIRECTION('',(4.28620312902827E-16,1.,0.));
#7773=DIRECTION('',(0.,0.,1.));
#7774=DIRECTION('center_axis',(4.28620312902827E-16,1.,0.));
#7775=DIRECTION('ref_axis',(-1.,4.28620312902827E-16,0.));
#7776=DIRECTION('',(-1.,4.28620312902827E-16,0.));
#7777=DIRECTION('',(-1.,4.28620312902827E-16,0.));
#7778=DIRECTION('',(0.,0.,1.));
#7779=DIRECTION('center_axis',(1.,-1.89520924908003E-12,0.));
#7780=DIRECTION('ref_axis',(1.89520924908003E-12,1.,0.));
#7781=DIRECTION('',(1.89520924908003E-12,1.,0.));
#7782=DIRECTION('',(1.89520924908003E-12,1.,0.));
#7783=DIRECTION('',(0.,0.,1.));
#7784=DIRECTION('center_axis',(0.,0.,1.));
#7785=DIRECTION('ref_axis',(2.53197441943082E-15,-1.,0.));
#7786=DIRECTION('center_axis',(0.,0.,-1.));
#7787=DIRECTION('ref_axis',(2.53197441943082E-15,-1.,0.));
#7788=DIRECTION('center_axis',(0.,0.,-1.));
#7789=DIRECTION('ref_axis',(2.53197441943082E-15,-1.,0.));
#7790=DIRECTION('center_axis',(0.,0.,1.));
#7791=DIRECTION('ref_axis',(-4.28620312902827E-16,-1.,0.));
#7792=DIRECTION('center_axis',(0.,0.,1.));
#7793=DIRECTION('ref_axis',(-4.28620312902827E-16,-1.,0.));
#7794=DIRECTION('center_axis',(5.91099673915894E-16,-1.,0.));
#7795=DIRECTION('ref_axis',(1.,5.91099673915894E-16,0.));
#7796=DIRECTION('',(-1.,-5.91099673915894E-16,0.));
#7797=DIRECTION('',(0.,0.,-1.));
#7798=DIRECTION('',(-1.,-5.91099673915894E-16,0.));
#7799=DIRECTION('',(0.,0.,-1.));
#7800=DIRECTION('center_axis',(1.,4.44089209850063E-16,0.));
#7801=DIRECTION('ref_axis',(0.,0.,-1.));
#7802=DIRECTION('',(4.44089209850063E-16,-1.,0.));
#7803=DIRECTION('',(0.,0.,-1.));
#7804=DIRECTION('',(4.44089209850063E-16,-1.,0.));
#7805=DIRECTION('center_axis',(-5.91099673915894E-16,1.,0.));
#7806=DIRECTION('ref_axis',(-1.,-5.91099673915894E-16,0.));
#7807=DIRECTION('',(1.,5.91099673915894E-16,0.));
#7808=DIRECTION('',(0.,0.,-1.));
#7809=DIRECTION('',(1.,5.91099673915894E-16,0.));
#7810=DIRECTION('center_axis',(-1.,-4.44089209850063E-16,0.));
#7811=DIRECTION('ref_axis',(0.,0.,1.));
#7812=DIRECTION('',(-4.44089209850063E-16,1.,0.));
#7813=DIRECTION('',(-4.44089209850063E-16,1.,0.));
#7814=DIRECTION('center_axis',(0.,0.,1.));
#7815=DIRECTION('ref_axis',(-4.44089209850063E-16,1.,0.));
#7816=DIRECTION('center_axis',(0.,0.,1.));
#7817=DIRECTION('ref_axis',(-4.44089209850063E-16,1.,0.));
#7818=DIRECTION('center_axis',(0.984807753012208,4.37342496889407E-16,0.173648177666931));
#7819=DIRECTION('ref_axis',(0.173648177666931,7.71152820120106E-17,-0.984807753012208));
#7820=DIRECTION('',(0.171087869746036,0.171087869746036,-0.970287525247814));
#7821=DIRECTION('',(4.44089209850063E-16,-1.,0.));
#7822=DIRECTION('',(0.171087869746036,-0.171087869746036,-0.970287525247814));
#7823=DIRECTION('',(-4.44089209850063E-16,1.,0.));
#7824=DIRECTION('center_axis',(-5.8211954167536E-16,0.984807753012208,0.173648177666931));
#7825=DIRECTION('ref_axis',(-7.71152820120106E-17,0.173648177666931,-0.984807753012208));
#7826=DIRECTION('',(-0.171087869746036,0.171087869746036,-0.970287525247814));
#7827=DIRECTION('',(1.,5.91099673915894E-16,-9.01164025305905E-35));
#7828=DIRECTION('',(-1.,-5.91099673915894E-16,0.));
#7829=DIRECTION('center_axis',(-0.984807753012208,-4.37342496889407E-16,
0.173648177666931));
#7830=DIRECTION('ref_axis',(0.173648177666931,7.71152820120106E-17,0.984807753012208));
#7831=DIRECTION('',(-0.171087869746036,-0.171087869746036,-0.970287525247814));
#7832=DIRECTION('',(-4.44089209850063E-16,1.,0.));
#7833=DIRECTION('',(4.44089209850063E-16,-1.,0.));
#7834=DIRECTION('center_axis',(5.8211954167536E-16,-0.984807753012208,0.173648177666931));
#7835=DIRECTION('ref_axis',(-7.71152820120106E-17,0.173648177666931,0.984807753012208));
#7836=DIRECTION('',(-1.,-5.91099673915894E-16,-9.01164025305905E-35));
#7837=DIRECTION('',(1.,5.91099673915894E-16,0.));
#7838=DIRECTION('center_axis',(0.,0.,1.));
#7839=DIRECTION('ref_axis',(-4.44089209850063E-16,1.,0.));
#7840=DIRECTION('',(4.44089209850063E-16,-1.,0.));
#7841=DIRECTION('',(1.,5.91099673915894E-16,0.));
#7842=DIRECTION('',(-4.44089209850063E-16,1.,0.));
#7843=DIRECTION('',(-1.,-5.91099673915894E-16,0.));
#7844=DIRECTION('center_axis',(0.,0.,1.));
#7845=DIRECTION('ref_axis',(-4.44089209850063E-16,1.,0.));
#7846=DIRECTION('center_axis',(-1.,-5.91099673915894E-16,0.));
#7847=DIRECTION('ref_axis',(5.91099673915894E-16,-1.,0.));
#7848=DIRECTION('center_axis',(0.707106781186543,-0.707106781186552,-8.75109026821146E-15));
#7849=DIRECTION('ref_axis',(0.707106781186552,0.707106781186543,8.54715933651653E-13));
#7850=DIRECTION('center_axis',(-0.707106781186544,-0.707106781186551,-6.2743666073971E-15));
#7851=DIRECTION('ref_axis',(-0.707106781186551,0.707106781186545,-3.93981962002462E-13));
#7852=DIRECTION('center_axis',(4.44089209850063E-16,-1.,0.));
#7853=DIRECTION('ref_axis',(0.,0.,1.));
#7854=DIRECTION('center_axis',(0.707106781186547,-0.707106781186548,4.29298767874538E-15));
#7855=DIRECTION('ref_axis',(0.707106781186548,0.707106781186547,9.33729004036044E-13));
#7856=DIRECTION('center_axis',(-4.44089209850063E-16,1.,0.));
#7857=DIRECTION('ref_axis',(0.,0.,-1.));
#7858=DIRECTION('center_axis',(-0.707106781186548,-0.707106781186547,-4.12787276802428E-15));
#7859=DIRECTION('ref_axis',(-0.707106781186547,0.707106781186548,-4.53611516168E-13));
#7860=DIRECTION('center_axis',(1.,5.91099673915894E-16,0.));
#7861=DIRECTION('ref_axis',(-5.91099673915894E-16,1.,0.));
#7862=CARTESIAN_POINT('',(0.,0.,0.));
#7863=CARTESIAN_POINT('Origin',(-0.468614091951653,1.57215106866187,0.999999999999996));
#7864=CARTESIAN_POINT('',(-0.454387708227756,1.80412825517527,0.999999999999996));
#7865=CARTESIAN_POINT('',(-0.560761796182768,1.7855160275031,0.999999999999996));
#7866=CARTESIAN_POINT('Origin',(-0.468614091951653,1.57215106866187,0.999999999999996));
#7867=CARTESIAN_POINT('',(-0.454387708227756,1.80412825517527,1.01));
#7868=CARTESIAN_POINT('',(-0.454387708227756,1.80412825517527,0.999999999999996));
#7869=CARTESIAN_POINT('',(-0.560761796182768,1.7855160275031,1.01));
#7870=CARTESIAN_POINT('Origin',(-0.468614091951653,1.57215106866187,1.01));
#7871=CARTESIAN_POINT('',(-0.560761796182768,1.7855160275031,0.999999999999996));
#7872=CARTESIAN_POINT('Origin',(-0.436661550122563,1.50167867637444,0.999999999999996));
#7873=CARTESIAN_POINT('',(-0.666185862081585,1.70972459243074,0.999999999999996));
#7874=CARTESIAN_POINT('Origin',(-0.436661550122563,1.50167867637444,0.999999999999996));
#7875=CARTESIAN_POINT('',(-0.666185862081585,1.70972459243074,1.01));
#7876=CARTESIAN_POINT('Origin',(-0.436661550122563,1.50167867637444,1.01));
#7877=CARTESIAN_POINT('',(-0.666185862081585,1.70972459243074,0.999999999999996));
#7878=CARTESIAN_POINT('Origin',(-0.372005481826936,1.43913313949056,0.999999999999996));
#7879=CARTESIAN_POINT('',(-0.737507390831947,1.60090515513294,0.999999999999996));
#7880=CARTESIAN_POINT('Origin',(-0.372005481826936,1.43913313949056,0.999999999999996));
#7881=CARTESIAN_POINT('',(-0.737507390831947,1.60090515513294,1.01));
#7882=CARTESIAN_POINT('Origin',(-0.372005481826936,1.43913313949056,1.01));
#7883=CARTESIAN_POINT('',(-0.737507390831947,1.60090515513294,0.999999999999996));
#7884=CARTESIAN_POINT('Origin',(-0.275805530901187,1.38160325448079,0.999999999999996));
#7885=CARTESIAN_POINT('',(-0.7769935200296,1.48196525250033,0.999999999999996));
#7886=CARTESIAN_POINT('Origin',(-0.275805530901187,1.38160325448079,0.999999999999996));
#7887=CARTESIAN_POINT('',(-0.7769935200296,1.48196525250033,1.01));
#7888=CARTESIAN_POINT('Origin',(-0.275805530901187,1.38160325448079,1.01));
#7889=CARTESIAN_POINT('',(-0.7769935200296,1.48196525250033,0.999999999999996));
#7890=CARTESIAN_POINT('Origin',(-0.155896403285646,1.35230745623369,0.999999999999996));
#7891=CARTESIAN_POINT('',(-0.790299121951665,1.34201361779652,0.999999999999996));
#7892=CARTESIAN_POINT('Origin',(-0.155896403285646,1.35230745623369,0.999999999999996));
#7893=CARTESIAN_POINT('',(-0.790299121951665,1.34201361779652,1.01));
#7894=CARTESIAN_POINT('Origin',(-0.155896403285646,1.35230745623369,1.01));
#7895=CARTESIAN_POINT('',(-0.790299121951665,1.34201361779652,0.999999999999996));
#7896=CARTESIAN_POINT('Origin',(-0.270837485484209,1.34699449171564,0.999999999999996));
#7897=CARTESIAN_POINT('',(-0.764448126358366,1.18508792581376,0.999999999999996));
#7898=CARTESIAN_POINT('Origin',(-0.270837485484209,1.34699449171564,0.999999999999996));
#7899=CARTESIAN_POINT('',(-0.764448126358366,1.18508792581376,1.01));
#7900=CARTESIAN_POINT('Origin',(-0.270837485484209,1.34699449171564,1.01));
#7901=CARTESIAN_POINT('',(-0.764448126358366,1.18508792581376,0.999999999999996));
#7902=CARTESIAN_POINT('Origin',(-0.366512973936278,1.30862264180815,0.999999999999996));
#7903=CARTESIAN_POINT('',(-0.745499880328851,1.13546913658344,0.999999999999996));
#7904=CARTESIAN_POINT('Origin',(-0.366512973936278,1.30862264180815,0.999999999999996));
#7905=CARTESIAN_POINT('',(-0.745499880328851,1.13546913658344,1.01));
#7906=CARTESIAN_POINT('Origin',(-0.366512973936278,1.30862264180815,1.01));
#7907=CARTESIAN_POINT('',(-0.745499880328851,1.13546913658344,0.999999999999996));
#7908=CARTESIAN_POINT('Origin',(-0.155447927378098,1.27251475944509,0.999999999999996));
#7909=CARTESIAN_POINT('',(-0.155447927378121,1.27251475944521,0.999999999999996));
#7910=CARTESIAN_POINT('',(-0.720064160366971,1.14137684363781,0.999999999999996));
#7911=CARTESIAN_POINT('',(-0.155447927378121,1.27251475944521,1.01));
#7912=CARTESIAN_POINT('',(-0.720064160366971,1.14137684363781,1.01));
#7913=CARTESIAN_POINT('',(-0.155447927378121,1.27251475944521,0.999999999999996));
#7914=CARTESIAN_POINT('Origin',(-0.148113732400086,1.27421820150975,0.999999999999996));
#7915=CARTESIAN_POINT('',(-0.148113732400112,1.27421820150988,0.999999999999996));
#7916=CARTESIAN_POINT('',(-0.425038183682898,1.20989965524119,0.999999999999996));
#7917=CARTESIAN_POINT('',(-0.148113732400112,1.27421820150988,1.01));
#7918=CARTESIAN_POINT('',(-0.425038183682898,1.20989965524119,1.01));
#7919=CARTESIAN_POINT('',(-0.148113732400112,1.27421820150988,0.999999999999996));
#7920=CARTESIAN_POINT('Origin',(-1.27539137189131,1.24603332809023,0.999999999999996));
#7921=CARTESIAN_POINT('',(-0.156876340728272,1.38911857767833,0.999999999999996));
#7922=CARTESIAN_POINT('Origin',(-1.27539137189131,1.24603332809023,0.999999999999996));
#7923=CARTESIAN_POINT('',(-0.156876340728272,1.38911857767833,1.01));
#7924=CARTESIAN_POINT('Origin',(-1.27539137189131,1.24603332809023,1.01));
#7925=CARTESIAN_POINT('',(-0.156876340728272,1.38911857767833,0.999999999999996));
#7926=CARTESIAN_POINT('Origin',(-0.169025930453402,1.5569977325193,0.999999999999996));
#7927=CARTESIAN_POINT('',(-0.114869319524538,1.3976299671043,0.999999999999996));
#7928=CARTESIAN_POINT('Origin',(-0.169025930453402,1.5569977325193,0.999999999999996));
#7929=CARTESIAN_POINT('',(-0.114869319524538,1.3976299671043,1.01));
#7930=CARTESIAN_POINT('Origin',(-0.169025930453402,1.5569977325193,1.01));
#7931=CARTESIAN_POINT('',(-0.114869319524538,1.3976299671043,0.999999999999996));
#7932=CARTESIAN_POINT('Origin',(-0.73142377022516,1.40906791582173,0.999999999999996));
#7933=CARTESIAN_POINT('',(-0.145157550465753,1.21785563347842,0.999999999999996));
#7934=CARTESIAN_POINT('Origin',(-0.73142377022516,1.40906791582173,0.999999999999996));
#7935=CARTESIAN_POINT('',(-0.145157550465753,1.21785563347842,1.01));
#7936=CARTESIAN_POINT('Origin',(-0.73142377022516,1.40906791582173,1.01));
#7937=CARTESIAN_POINT('',(-0.145157550465753,1.21785563347842,0.999999999999996));
#7938=CARTESIAN_POINT('Origin',(-0.736685728470208,1.08046714219688,0.999999999999996));
#7939=CARTESIAN_POINT('',(-0.736685728470207,1.08046714219689,0.999999999999996));
#7940=CARTESIAN_POINT('',(-0.413606966351496,1.15550550104966,0.999999999999996));
#7941=CARTESIAN_POINT('',(-0.736685728470207,1.08046714219689,1.01));
#7942=CARTESIAN_POINT('',(-0.413606966351496,1.15550550104966,1.01));
#7943=CARTESIAN_POINT('',(-0.736685728470207,1.08046714219689,0.999999999999996));
#7944=CARTESIAN_POINT('Origin',(-0.292762877478132,1.36857447012355,0.999999999999996));
#7945=CARTESIAN_POINT('',(-0.794704142313774,1.20085954326024,0.999999999999996));
#7946=CARTESIAN_POINT('Origin',(-0.292762877478132,1.36857447012355,0.999999999999996));
#7947=CARTESIAN_POINT('',(-0.794704142313774,1.20085954326024,1.01));
#7948=CARTESIAN_POINT('Origin',(-0.292762877478132,1.36857447012355,1.01));
#7949=CARTESIAN_POINT('',(-0.794704142313774,1.20085954326024,0.999999999999996));
#7950=CARTESIAN_POINT('Origin',(-0.104004452662732,1.41427123451829,0.999999999999996));
#7951=CARTESIAN_POINT('',(-0.818910762370428,1.52160053895134,0.999999999999996));
#7952=CARTESIAN_POINT('Origin',(-0.104004452662732,1.41427123451829,0.999999999999996));
#7953=CARTESIAN_POINT('',(-0.818910762370428,1.52160053895134,1.01));
#7954=CARTESIAN_POINT('Origin',(-0.104004452662732,1.41427123451829,1.01));
#7955=CARTESIAN_POINT('',(-0.818910762370428,1.52160053895134,0.999999999999996));
#7956=CARTESIAN_POINT('Origin',(-0.189017454517794,1.41747522314383,0.999999999999996));
#7957=CARTESIAN_POINT('',(-0.788502249086648,1.63707859686654,0.999999999999996));
#7958=CARTESIAN_POINT('Origin',(-0.189017454517794,1.41747522314383,0.999999999999996));
#7959=CARTESIAN_POINT('',(-0.788502249086648,1.63707859686654,1.01));
#7960=CARTESIAN_POINT('Origin',(-0.189017454517794,1.41747522314383,1.01));
#7961=CARTESIAN_POINT('',(-0.788502249086648,1.63707859686654,0.999999999999996));
#7962=CARTESIAN_POINT('Origin',(-0.213308562234867,1.42672108337011,0.999999999999996));
#7963=CARTESIAN_POINT('',(-0.726397307842113,1.76114297262045,0.999999999999996));
#7964=CARTESIAN_POINT('Origin',(-0.213308562234867,1.42672108337011,0.999999999999996));
#7965=CARTESIAN_POINT('',(-0.726397307842113,1.76114297262045,1.01));
#7966=CARTESIAN_POINT('Origin',(-0.213308562234867,1.42672108337011,1.01));
#7967=CARTESIAN_POINT('',(-0.726397307842113,1.76114297262045,0.999999999999996));
#7968=CARTESIAN_POINT('Origin',(-0.369167818822177,1.53865777392016,0.999999999999996));
#7969=CARTESIAN_POINT('',(-0.626333975821904,1.871791589616,0.999999999999996));
#7970=CARTESIAN_POINT('Origin',(-0.369167818822177,1.53865777392016,0.999999999999996));
#7971=CARTESIAN_POINT('',(-0.626333975821904,1.871791589616,1.01));
#7972=CARTESIAN_POINT('Origin',(-0.369167818822177,1.53865777392016,1.01));
#7973=CARTESIAN_POINT('',(-0.626333975821904,1.871791589616,0.999999999999996));
#7974=CARTESIAN_POINT('Origin',(-0.467701791790464,1.65742150804535,0.999999999999996));
#7975=CARTESIAN_POINT('',(-0.496937150542756,1.92249507421489,0.999999999999996));
#7976=CARTESIAN_POINT('Origin',(-0.467701791790464,1.65742150804535,0.999999999999996));
#7977=CARTESIAN_POINT('',(-0.496937150542756,1.92249507421489,1.01));
#7978=CARTESIAN_POINT('Origin',(-0.467701791790464,1.65742150804535,1.01));
#7979=CARTESIAN_POINT('',(-0.496937150542756,1.92249507421489,0.999999999999996));
#7980=CARTESIAN_POINT('Origin',(-0.473076740223906,1.67414575754898,0.999999999999996));
#7981=CARTESIAN_POINT('',(-0.363611844937012,1.89834240999655,0.999999999999996));
#7982=CARTESIAN_POINT('Origin',(-0.473076740223906,1.67414575754898,0.999999999999996));
#7983=CARTESIAN_POINT('',(-0.363611844937012,1.89834240999655,1.01));
#7984=CARTESIAN_POINT('Origin',(-0.473076740223906,1.67414575754898,1.01));
#7985=CARTESIAN_POINT('',(-0.363611844937012,1.89834240999655,0.999999999999996));
#7986=CARTESIAN_POINT('Origin',(-0.509490005632184,1.60455830158344,0.999999999999996));
#7987=CARTESIAN_POINT('',(-0.263056941990218,1.82103066764441,0.999999999999996));
#7988=CARTESIAN_POINT('Origin',(-0.509490005632184,1.60455830158344,0.999999999999996));
#7989=CARTESIAN_POINT('',(-0.263056941990218,1.82103066764441,1.01));
#7990=CARTESIAN_POINT('Origin',(-0.509490005632184,1.60455830158344,1.01));
#7991=CARTESIAN_POINT('',(-0.263056941990218,1.82103066764441,0.999999999999996));
#7992=CARTESIAN_POINT('Origin',(-0.598109398530414,1.52820808543692,0.999999999999996));
#7993=CARTESIAN_POINT('',(-0.197942021821801,1.72281354245878,0.999999999999996));
#7994=CARTESIAN_POINT('Origin',(-0.598109398530414,1.52820808543692,0.999999999999996));
#7995=CARTESIAN_POINT('',(-0.197942021821801,1.72281354245878,1.01));
#7996=CARTESIAN_POINT('Origin',(-0.598109398530414,1.52820808543692,1.01));
#7997=CARTESIAN_POINT('',(-0.197942021821801,1.72281354245878,0.999999999999996));
#7998=CARTESIAN_POINT('Origin',(-0.169025930469467,1.55699773252616,0.999999999999996));
#7999=CARTESIAN_POINT('',(-0.258715030671177,1.69942978112369,0.999999999999996));
#8000=CARTESIAN_POINT('Origin',(-0.169025930469467,1.55699773252616,0.999999999999996));
#8001=CARTESIAN_POINT('',(-0.258715030671177,1.69942978112369,1.01));
#8002=CARTESIAN_POINT('Origin',(-0.169025930469467,1.55699773252616,1.01));
#8003=CARTESIAN_POINT('',(-0.258715030671177,1.69942978112369,0.999999999999996));
#8004=CARTESIAN_POINT('Origin',(-0.536305578612617,1.45669208982706,0.999999999999996));
#8005=CARTESIAN_POINT('',(-0.33885205284089,1.76812459333749,0.999999999999996));
#8006=CARTESIAN_POINT('Origin',(-0.536305578612617,1.45669208982706,0.999999999999996));
#8007=CARTESIAN_POINT('',(-0.33885205284089,1.76812459333749,1.01));
#8008=CARTESIAN_POINT('Origin',(-0.536305578612617,1.45669208982706,1.01));
#8009=CARTESIAN_POINT('',(-0.33885205284089,1.76812459333749,0.999999999999996));
#8010=CARTESIAN_POINT('Origin',(-0.467965384040839,1.55717889265264,0.999999999999996));
#8011=CARTESIAN_POINT('Origin',(-0.467965384040839,1.55717889265264,0.999999999999996));
#8012=CARTESIAN_POINT('Origin',(-0.467965384040839,1.55717889265264,1.01));
#8013=CARTESIAN_POINT('Origin',(-0.519667834275946,1.43268249649286,0.999999999999996));
#8014=CARTESIAN_POINT('Origin',(-0.519667834275946,1.43268249649286,1.01));
#8015=CARTESIAN_POINT('Origin',(-0.710656592151599,1.543691993434,0.999999999999996));
#8016=CARTESIAN_POINT('',(-0.7106565921516,1.31873974207174,0.999999999999996));
#8017=CARTESIAN_POINT('',(-0.710656592151599,1.543691993434,0.999999999999996));
#8018=CARTESIAN_POINT('',(-0.7106565921516,0.6918509827639,0.999999999999996));
#8019=CARTESIAN_POINT('',(-0.7106565921516,1.31873974207174,1.01));
#8020=CARTESIAN_POINT('',(-0.7106565921516,1.31873974207174,0.999999999999996));
#8021=CARTESIAN_POINT('',(-0.710656592151599,1.543691993434,1.01));
#8022=CARTESIAN_POINT('',(-0.7106565921516,0.6918509827639,1.01));
#8023=CARTESIAN_POINT('',(-0.710656592151599,1.543691993434,0.999999999999996));
#8024=CARTESIAN_POINT('Origin',(-0.347898664370308,1.62794624580735,0.999999999999996));
#8025=CARTESIAN_POINT('',(-0.347898664370316,1.62794624580736,0.999999999999996));
#8026=CARTESIAN_POINT('',(-0.746731320001138,1.53531326758973,0.999999999999996));
#8027=CARTESIAN_POINT('',(-0.347898664370316,1.62794624580736,1.01));
#8028=CARTESIAN_POINT('',(-0.746731320001138,1.53531326758973,1.01));
#8029=CARTESIAN_POINT('',(-0.347898664370316,1.62794624580736,0.999999999999996));
#8030=CARTESIAN_POINT('Origin',(-0.347898664370316,1.40299399444563,0.999999999999996));
#8031=CARTESIAN_POINT('',(-0.347898664370317,1.40299399444563,0.999999999999996));
#8032=CARTESIAN_POINT('',(-0.347898664370317,0.846454234632501,0.999999999999996));
#8033=CARTESIAN_POINT('',(-0.347898664370317,1.40299399444563,1.01));
#8034=CARTESIAN_POINT('',(-0.347898664370317,0.846454234632501,1.01));
#8035=CARTESIAN_POINT('',(-0.347898664370317,1.40299399444563,0.999999999999996));
#8036=CARTESIAN_POINT('Origin',(-0.710656592151476,1.31873974207117,0.999999999999996));
#8037=CARTESIAN_POINT('',(-0.540565731633058,1.35824509037964,0.999999999999996));
#8038=CARTESIAN_POINT('',(-0.540565731633058,1.35824509037964,1.01));
#8039=CARTESIAN_POINT('Origin',(-0.529277628260991,1.47334299393945,0.999999999999996));
#8040=CARTESIAN_POINT('Origin',(-0.529277628260991,1.47334299393945,1.01));
#8041=CARTESIAN_POINT('Origin',(-0.169025930464199,1.55699773252616,0.999999999999996));
#8042=CARTESIAN_POINT('',(-0.286176956925723,1.55699773252616,1.01));
#8043=CARTESIAN_POINT('Origin',(-0.169025930464199,1.55699773252616,1.01));
#8044=CARTESIAN_POINT('',(-0.286176956925723,1.55699773252616,0.999999999999996));
#8045=CARTESIAN_POINT('',(-0.286176956925683,1.55699773252616,0.999999999999996));
#8046=CARTESIAN_POINT('Origin',(-0.169025930464199,1.55699773252616,0.999999999999996));
#8047=CARTESIAN_POINT('Origin',(-0.169025930464199,1.55699773252616,0.999999999999996));
#8048=CARTESIAN_POINT('Origin',(-0.169025930464199,1.55699773252616,1.01));
#8049=CARTESIAN_POINT('Origin',(-0.823743514372938,0.57154453992585,0.999999999999996));
#8050=CARTESIAN_POINT('',(-0.113612694034271,0.57154453992585,0.999999999999996));
#8051=CARTESIAN_POINT('',(-0.823743514372933,0.571544539925851,0.999999999999996));
#8052=CARTESIAN_POINT('',(-0.278430332036176,0.57154453992585,0.999999999999996));
#8053=CARTESIAN_POINT('',(-0.113612694034271,0.57154453992585,1.01));
#8054=CARTESIAN_POINT('',(-0.113612694034271,0.57154453992585,0.999999999999996));
#8055=CARTESIAN_POINT('',(-0.823743514372933,0.571544539925851,1.01));
#8056=CARTESIAN_POINT('',(-0.278430332036176,0.57154453992585,1.01));
#8057=CARTESIAN_POINT('',(-0.823743514372933,0.571544539925851,0.999999999999996));
#8058=CARTESIAN_POINT('Origin',(-0.823743514372933,0.665109073689945,0.999999999999996));
#8059=CARTESIAN_POINT('',(-0.823743514372933,0.665109073689949,0.999999999999996));
#8060=CARTESIAN_POINT('',(-0.823743514372933,0.318253381691215,0.999999999999996));
#8061=CARTESIAN_POINT('',(-0.823743514372933,0.665109073689949,1.01));
#8062=CARTESIAN_POINT('',(-0.823743514372933,0.318253381691215,1.01));
#8063=CARTESIAN_POINT('',(-0.823743514372933,0.665109073689949,0.999999999999996));
#8064=CARTESIAN_POINT('Origin',(-0.113612694034266,0.665109073689949,0.999999999999996));
#8065=CARTESIAN_POINT('',(-0.113612694034271,0.665109073689948,0.999999999999996));
#8066=CARTESIAN_POINT('',(-0.633495742205767,0.665109073689949,0.999999999999996));
#8067=CARTESIAN_POINT('',(-0.113612694034271,0.665109073689948,1.01));
#8068=CARTESIAN_POINT('',(-0.633495742205767,0.665109073689949,1.01));
#8069=CARTESIAN_POINT('',(-0.113612694034271,0.665109073689948,0.999999999999996));
#8070=CARTESIAN_POINT('Origin',(-0.113612694034271,0.57154453992586,0.999999999999996));
#8071=CARTESIAN_POINT('',(-0.113612694034271,0.365035648573538,0.999999999999996));
#8072=CARTESIAN_POINT('',(-0.113612694034271,0.365035648573538,1.01));
#8073=CARTESIAN_POINT('Origin',(-0.468678104203602,0.6183268068079,0.999999999999996));
#8074=CARTESIAN_POINT('Origin',(-0.468678104203602,0.6183268068079,1.01));
#8075=CARTESIAN_POINT('Origin',(-0.463229775317293,0.261184226857302,0.999999999999996));
#8076=CARTESIAN_POINT('',(-0.343925392521134,0.286052757422094,0.999999999999996));
#8077=CARTESIAN_POINT('',(-0.347590177781357,0.222720438061258,0.999999999999996));
#8078=CARTESIAN_POINT('Origin',(-0.463229775317293,0.261184226857302,0.999999999999996));
#8079=CARTESIAN_POINT('',(-0.343925392521134,0.286052757422094,1.01));
#8080=CARTESIAN_POINT('',(-0.343925392521134,0.286052757422094,0.999999999999996));
#8081=CARTESIAN_POINT('',(-0.347590177781357,0.222720438061258,1.01));
#8082=CARTESIAN_POINT('Origin',(-0.463229775317293,0.261184226857302,1.01));
#8083=CARTESIAN_POINT('',(-0.347590177781357,0.222720438061258,0.999999999999996));
#8084=CARTESIAN_POINT('Origin',(-0.426588150200564,0.248973247691638,0.999999999999996));
#8085=CARTESIAN_POINT('',(-0.391907204707893,0.173295498784143,0.999999999999996));
#8086=CARTESIAN_POINT('Origin',(-0.426588150200564,0.248973247691638,0.999999999999996));
#8087=CARTESIAN_POINT('',(-0.391907204707893,0.173295498784143,1.01));
#8088=CARTESIAN_POINT('Origin',(-0.426588150200564,0.248973247691638,1.01));
#8089=CARTESIAN_POINT('',(-0.391907204707893,0.173295498784143,0.999999999999996));
#8090=CARTESIAN_POINT('Origin',(-0.435706418905434,0.246038538120368,0.999999999999996));
#8091=CARTESIAN_POINT('',(-0.441120183368692,0.161300045742263,0.999999999999996));
#8092=CARTESIAN_POINT('Origin',(-0.435706418905434,0.246038538120368,0.999999999999996));
#8093=CARTESIAN_POINT('',(-0.441120183368692,0.161300045742263,1.01));
#8094=CARTESIAN_POINT('Origin',(-0.435706418905434,0.246038538120368,1.01));
#8095=CARTESIAN_POINT('',(-0.441120183368692,0.161300045742263,0.999999999999996));
#8096=CARTESIAN_POINT('Origin',(-0.823743514372934,0.161300045742264,0.999999999999996));
#8097=CARTESIAN_POINT('',(-0.823743514372934,0.161300045742263,0.999999999999996));
#8098=CARTESIAN_POINT('',(-0.442184076703382,0.161300045742263,0.999999999999996));
#8099=CARTESIAN_POINT('',(-0.823743514372934,0.161300045742263,1.01));
#8100=CARTESIAN_POINT('',(-0.442184076703382,0.161300045742263,1.01));
#8101=CARTESIAN_POINT('',(-0.823743514372934,0.161300045742263,0.999999999999996));
#8102=CARTESIAN_POINT('Origin',(-0.823743514372933,0.247667307675431,0.999999999999996));
#8103=CARTESIAN_POINT('',(-0.823743514372933,0.247667307675429,0.999999999999996));
#8104=CARTESIAN_POINT('',(-0.823743514372934,0.113131134599164,0.999999999999996));
#8105=CARTESIAN_POINT('',(-0.823743514372933,0.247667307675429,1.01));
#8106=CARTESIAN_POINT('',(-0.823743514372934,0.113131134599164,1.01));
#8107=CARTESIAN_POINT('',(-0.823743514372933,0.247667307675429,0.999999999999996));
#8108=CARTESIAN_POINT('Origin',(-0.4878708290743,0.247667307675429,0.999999999999996));
#8109=CARTESIAN_POINT('',(-0.487870829074305,0.247667307675429,0.999999999999996));
#8110=CARTESIAN_POINT('',(-0.633495742205767,0.247667307675429,0.999999999999996));
#8111=CARTESIAN_POINT('',(-0.487870829074305,0.247667307675429,1.01));
#8112=CARTESIAN_POINT('',(-0.633495742205767,0.247667307675429,1.01));
#8113=CARTESIAN_POINT('',(-0.487870829074305,0.247667307675429,0.999999999999996));
#8114=CARTESIAN_POINT('Origin',(-0.485580788028284,0.349846757713572,0.999999999999996));
#8115=CARTESIAN_POINT('',(-0.437489926276795,0.259662760717835,0.999999999999996));
#8116=CARTESIAN_POINT('Origin',(-0.485580788028284,0.349846757713572,0.999999999999996));
#8117=CARTESIAN_POINT('',(-0.437489926276795,0.259662760717835,1.01));
#8118=CARTESIAN_POINT('Origin',(-0.485580788028284,0.349846757713572,1.01));
#8119=CARTESIAN_POINT('',(-0.437489926276795,0.259662760717835,0.999999999999996));
#8120=CARTESIAN_POINT('Origin',(-0.483750444355663,0.304705269939212,0.999999999999996));
#8121=CARTESIAN_POINT('',(-0.425494473234381,0.332545977519076,0.999999999999996));
#8122=CARTESIAN_POINT('Origin',(-0.483750444355663,0.304705269939212,0.999999999999996));
#8123=CARTESIAN_POINT('',(-0.425494473234381,0.332545977519076,1.01));
#8124=CARTESIAN_POINT('Origin',(-0.483750444355663,0.304705269939212,1.01));
#8125=CARTESIAN_POINT('',(-0.425494473234381,0.332545977519076,0.999999999999996));
#8126=CARTESIAN_POINT('Origin',(-0.474675830727706,0.307764865234426,0.999999999999996));
#8127=CARTESIAN_POINT('',(-0.475875376029262,0.362823656921758,0.999999999999996));
#8128=CARTESIAN_POINT('Origin',(-0.474675830727706,0.307764865234426,0.999999999999996));
#8129=CARTESIAN_POINT('',(-0.475875376029262,0.362823656921758,1.01));
#8130=CARTESIAN_POINT('Origin',(-0.474675830727706,0.307764865234426,1.01));
#8131=CARTESIAN_POINT('',(-0.475875376029262,0.362823656921758,0.999999999999996));
#8132=CARTESIAN_POINT('Origin',(-0.82374351437294,0.362823656921758,0.999999999999996));
#8133=CARTESIAN_POINT('',(-0.823743514372933,0.362823656921758,0.999999999999996));
#8134=CARTESIAN_POINT('',(-0.459561673033673,0.362823656921757,0.999999999999996));
#8135=CARTESIAN_POINT('',(-0.823743514372933,0.362823656921758,1.01));
#8136=CARTESIAN_POINT('',(-0.459561673033673,0.362823656921757,1.01));
#8137=CARTESIAN_POINT('',(-0.823743514372933,0.362823656921758,0.999999999999996));
#8138=CARTESIAN_POINT('Origin',(-0.823743514372933,0.451590009462781,0.999999999999996));
#8139=CARTESIAN_POINT('',(-0.823743514372934,0.451590009462776,0.999999999999996));
#8140=CARTESIAN_POINT('',(-0.823743514372933,0.213892940188912,0.999999999999996));
#8141=CARTESIAN_POINT('',(-0.823743514372934,0.451590009462776,1.01));
#8142=CARTESIAN_POINT('',(-0.823743514372933,0.213892940188912,1.01));
#8143=CARTESIAN_POINT('',(-0.823743514372934,0.451590009462776,0.999999999999996));
#8144=CARTESIAN_POINT('Origin',(-0.348723573740516,0.451590009462775,0.999999999999996));
#8145=CARTESIAN_POINT('',(-0.348723573740513,0.451590009462776,0.999999999999996));
#8146=CARTESIAN_POINT('',(-0.633495742205766,0.451590009462776,0.999999999999996));
#8147=CARTESIAN_POINT('',(-0.348723573740513,0.451590009462776,1.01));
#8148=CARTESIAN_POINT('',(-0.633495742205766,0.451590009462776,1.01));
#8149=CARTESIAN_POINT('',(-0.348723573740513,0.451590009462776,0.999999999999996));
#8150=CARTESIAN_POINT('Origin',(-0.348723573740513,0.365222747529611,0.999999999999996));
#8151=CARTESIAN_POINT('',(-0.348723573740513,0.36522274752961,0.999999999999996));
#8152=CARTESIAN_POINT('',(-0.348723573740513,0.258276116459679,0.999999999999996));
#8153=CARTESIAN_POINT('',(-0.348723573740513,0.36522274752961,1.01));
#8154=CARTESIAN_POINT('',(-0.348723573740513,0.258276116459679,1.01));
#8155=CARTESIAN_POINT('',(-0.348723573740513,0.36522274752961,0.999999999999996));
#8156=CARTESIAN_POINT('Origin',(-0.394306295316528,0.36522274752961,0.999999999999996));
#8157=CARTESIAN_POINT('',(-0.394306295316533,0.36522274752961,0.999999999999996));
#8158=CARTESIAN_POINT('',(-0.395985771889555,0.36522274752961,0.999999999999996));
#8159=CARTESIAN_POINT('',(-0.394306295316533,0.36522274752961,1.01));
#8160=CARTESIAN_POINT('',(-0.395985771889555,0.36522274752961,1.01));
#8161=CARTESIAN_POINT('',(-0.394306295316533,0.36522274752961,0.999999999999996));
#8162=CARTESIAN_POINT('Origin',(-0.463144069383676,0.265801608998944,0.999999999999996));
#8163=CARTESIAN_POINT('Origin',(-0.463144069383676,0.265801608998944,0.999999999999996));
#8164=CARTESIAN_POINT('Origin',(-0.463144069383676,0.265801608998944,1.01));
#8165=CARTESIAN_POINT('Origin',(-0.589843218914527,0.311959131577291,0.999999999999996));
#8166=CARTESIAN_POINT('Origin',(-0.589843218914527,0.311959131577291,1.01));
#8167=CARTESIAN_POINT('Origin',(-0.167122845448593,-0.0647881671099944,
0.999999999999996));
#8168=CARTESIAN_POINT('',(-0.167853003478363,0.0485427871095706,0.999999999999996));
#8169=CARTESIAN_POINT('',(-0.094419969155664,0.0221527904053119,0.999999999999996));
#8170=CARTESIAN_POINT('Origin',(-0.167122845448593,-0.0647881671099944,
0.999999999999996));
#8171=CARTESIAN_POINT('',(-0.167853003478363,0.0485427871095706,1.01));
#8172=CARTESIAN_POINT('',(-0.167853003478363,0.0485427871095706,0.999999999999996));
#8173=CARTESIAN_POINT('',(-0.094419969155664,0.0221527904053119,1.01));
#8174=CARTESIAN_POINT('Origin',(-0.167122845448593,-0.0647881671099944,
1.01));
#8175=CARTESIAN_POINT('',(-0.094419969155664,0.0221527904053119,0.999999999999996));
#8176=CARTESIAN_POINT('Origin',(-0.164197770767623,-0.0576552528976686,
0.999999999999996));
#8177=CARTESIAN_POINT('',(-0.0734467812177977,-0.00285996779475994,0.999999999999996));
#8178=CARTESIAN_POINT('Origin',(-0.164197770767623,-0.0576552528976686,
0.999999999999996));
#8179=CARTESIAN_POINT('',(-0.0734467812177977,-0.00285996779475994,1.01));
#8180=CARTESIAN_POINT('Origin',(-0.164197770767623,-0.0576552528976686,
1.01));
#8181=CARTESIAN_POINT('',(-0.0734467812177977,-0.00285996779475994,0.999999999999996));
#8182=CARTESIAN_POINT('Origin',(-0.170379499629659,-0.056558858568466,0.999999999999996));
#8183=CARTESIAN_POINT('',(-0.0595700387148961,-0.057445504388155,0.999999999999996));
#8184=CARTESIAN_POINT('Origin',(-0.170379499629659,-0.056558858568466,0.999999999999996));
#8185=CARTESIAN_POINT('',(-0.0595700387148961,-0.057445504388155,1.01));
#8186=CARTESIAN_POINT('Origin',(-0.170379499629659,-0.056558858568466,1.01));
#8187=CARTESIAN_POINT('',(-0.0595700387148961,-0.057445504388155,0.999999999999996));
#8188=CARTESIAN_POINT('Origin',(-0.216942795152788,-0.048317718836521,0.999999999999996));
#8189=CARTESIAN_POINT('',(-0.0728281536789597,-0.112196283713817,0.999999999999996));
#8190=CARTESIAN_POINT('Origin',(-0.216942795152788,-0.048317718836521,0.999999999999996));
#8191=CARTESIAN_POINT('',(-0.0728281536789597,-0.112196283713817,1.01));
#8192=CARTESIAN_POINT('Origin',(-0.216942795152788,-0.048317718836521,1.01));
#8193=CARTESIAN_POINT('',(-0.0728281536789597,-0.112196283713817,0.999999999999996));
#8194=CARTESIAN_POINT('Origin',(-0.151998143781987,-0.112196283713817,0.999999999999996));
#8195=CARTESIAN_POINT('',(-0.151998143781989,-0.112196283713817,0.999999999999996));
#8196=CARTESIAN_POINT('',(-0.258038061858646,-0.112196283713817,0.999999999999996));
#8197=CARTESIAN_POINT('',(-0.151998143781989,-0.112196283713817,1.01));
#8198=CARTESIAN_POINT('',(-0.258038061858646,-0.112196283713817,1.01));
#8199=CARTESIAN_POINT('',(-0.151998143781989,-0.112196283713817,0.999999999999996));
#8200=CARTESIAN_POINT('Origin',(-0.220810394849889,-0.0779876805903355,
0.999999999999996));
#8201=CARTESIAN_POINT('',(-0.143966602855028,-0.0773663460236441,0.999999999999996));
#8202=CARTESIAN_POINT('Origin',(-0.220810394849889,-0.0779876805903355,
0.999999999999996));
#8203=CARTESIAN_POINT('',(-0.143966602855028,-0.0773663460236441,1.01));
#8204=CARTESIAN_POINT('Origin',(-0.220810394849889,-0.0779876805903355,
1.01));
#8205=CARTESIAN_POINT('',(-0.143966602855028,-0.0773663460236441,0.999999999999996));
#8206=CARTESIAN_POINT('Origin',(-0.180698144787971,-0.0764137499931321,
0.999999999999996));
#8207=CARTESIAN_POINT('',(-0.163993596823877,-0.0436865183766503,0.999999999999996));
#8208=CARTESIAN_POINT('Origin',(-0.180698144787971,-0.0764137499931321,
0.999999999999996));
#8209=CARTESIAN_POINT('',(-0.163993596823877,-0.0436865183766503,1.01));
#8210=CARTESIAN_POINT('Origin',(-0.180698144787971,-0.0764137499931321,
1.01));
#8211=CARTESIAN_POINT('',(-0.163993596823877,-0.0436865183766503,0.999999999999996));
#8212=CARTESIAN_POINT('Origin',(-0.181986776398284,-0.088492723455075,0.999999999999996));
#8213=CARTESIAN_POINT('',(-0.183186321702736,-0.0402235654372333,0.999999999999996));
#8214=CARTESIAN_POINT('Origin',(-0.181986776398284,-0.088492723455075,0.999999999999996));
#8215=CARTESIAN_POINT('',(-0.183186321702736,-0.0402235654372333,1.01));
#8216=CARTESIAN_POINT('Origin',(-0.181986776398284,-0.088492723455075,1.01));
#8217=CARTESIAN_POINT('',(-0.183186321702736,-0.0402235654372333,0.999999999999996));
#8218=CARTESIAN_POINT('Origin',(-0.348723573740521,-0.0402235654372333,
0.999999999999996));
#8219=CARTESIAN_POINT('',(-0.348723573740513,-0.0402235654372333,0.999999999999996));
#8220=CARTESIAN_POINT('',(-0.314416691170782,-0.0402235654372333,0.999999999999996));
#8221=CARTESIAN_POINT('',(-0.348723573740513,-0.0402235654372333,1.01));
#8222=CARTESIAN_POINT('',(-0.314416691170782,-0.0402235654372333,1.01));
#8223=CARTESIAN_POINT('',(-0.348723573740513,-0.0402235654372333,0.999999999999996));
#8224=CARTESIAN_POINT('Origin',(-0.348723573740513,-0.107398102496546,0.999999999999996));
#8225=CARTESIAN_POINT('',(-0.348723573740513,-0.107398102496546,0.999999999999996));
#8226=CARTESIAN_POINT('',(-0.348723573740513,0.0123693290099309,0.999999999999996));
#8227=CARTESIAN_POINT('',(-0.348723573740513,-0.107398102496546,1.01));
#8228=CARTESIAN_POINT('',(-0.348723573740513,0.0123693290099309,1.01));
#8229=CARTESIAN_POINT('',(-0.348723573740513,-0.107398102496546,0.999999999999996));
#8230=CARTESIAN_POINT('Origin',(-0.415898110797712,-0.107398102496545,0.999999999999996));
#8231=CARTESIAN_POINT('',(-0.415898110797719,-0.107398102496545,0.999999999999996));
#8232=CARTESIAN_POINT('',(-0.395985771889555,-0.107398102496545,0.999999999999996));
#8233=CARTESIAN_POINT('',(-0.415898110797719,-0.107398102496545,1.01));
#8234=CARTESIAN_POINT('',(-0.395985771889555,-0.107398102496545,1.01));
#8235=CARTESIAN_POINT('',(-0.415898110797719,-0.107398102496545,0.999999999999996));
#8236=CARTESIAN_POINT('Origin',(-0.415898110797719,-0.0402235654372368,
0.999999999999996));
#8237=CARTESIAN_POINT('',(-0.415898110797719,-0.0402235654372329,0.999999999999996));
#8238=CARTESIAN_POINT('',(-0.415898110797719,-0.0212179395199772,0.999999999999996));
#8239=CARTESIAN_POINT('',(-0.415898110797719,-0.0402235654372329,1.01));
#8240=CARTESIAN_POINT('',(-0.415898110797719,-0.0212179395199772,1.01));
#8241=CARTESIAN_POINT('',(-0.415898110797719,-0.0402235654372329,0.999999999999996));
#8242=CARTESIAN_POINT('Origin',(-0.823743514372936,-0.0402235654372326,
0.999999999999996));
#8243=CARTESIAN_POINT('',(-0.823743514372934,-0.0402235654372327,0.999999999999996));
#8244=CARTESIAN_POINT('',(-0.429573040417897,-0.040223565437233,0.999999999999996));
#8245=CARTESIAN_POINT('',(-0.823743514372934,-0.0402235654372327,1.01));
#8246=CARTESIAN_POINT('',(-0.429573040417897,-0.040223565437233,1.01));
#8247=CARTESIAN_POINT('',(-0.823743514372934,-0.0402235654372327,0.999999999999996));
#8248=CARTESIAN_POINT('Origin',(-0.823743514372934,0.0485427871095663,0.999999999999996));
#8249=CARTESIAN_POINT('',(-0.823743514372934,0.0485427871095711,0.999999999999996));
#8250=CARTESIAN_POINT('',(-0.823743514372934,0.0123693290099314,0.999999999999996));
#8251=CARTESIAN_POINT('',(-0.823743514372934,0.0485427871095711,1.01));
#8252=CARTESIAN_POINT('',(-0.823743514372934,0.0123693290099314,1.01));
#8253=CARTESIAN_POINT('',(-0.823743514372934,0.0485427871095711,0.999999999999996));
#8254=CARTESIAN_POINT('Origin',(-0.415898110797714,0.0485427871095707,0.999999999999996));
#8255=CARTESIAN_POINT('',(-0.415898110797719,0.0485427871095707,0.999999999999996));
#8256=CARTESIAN_POINT('',(-0.633495742205766,0.0485427871095709,0.999999999999996));
#8257=CARTESIAN_POINT('',(-0.415898110797719,0.0485427871095707,1.01));
#8258=CARTESIAN_POINT('',(-0.633495742205766,0.0485427871095709,1.01));
#8259=CARTESIAN_POINT('',(-0.415898110797719,0.0485427871095707,0.999999999999996));
#8260=CARTESIAN_POINT('Origin',(-0.415898110797719,0.0965245992908055,0.999999999999996));
#8261=CARTESIAN_POINT('',(-0.415898110797719,0.096524599290814,0.999999999999996));
#8262=CARTESIAN_POINT('',(-0.415898110797719,0.0567525052833392,0.999999999999996));
#8263=CARTESIAN_POINT('',(-0.415898110797719,0.096524599290814,1.01));
#8264=CARTESIAN_POINT('',(-0.415898110797719,0.0567525052833392,1.01));
#8265=CARTESIAN_POINT('',(-0.415898110797719,0.096524599290814,0.999999999999996));
#8266=CARTESIAN_POINT('Origin',(-0.348723573740519,0.0965245992908139,0.999999999999996));
#8267=CARTESIAN_POINT('',(-0.348723573740513,0.0965245992908139,0.999999999999996));
#8268=CARTESIAN_POINT('',(-0.429573040417897,0.096524599290814,0.999999999999996));
#8269=CARTESIAN_POINT('',(-0.348723573740513,0.0965245992908139,1.01));
#8270=CARTESIAN_POINT('',(-0.429573040417897,0.096524599290814,1.01));
#8271=CARTESIAN_POINT('',(-0.348723573740513,0.0965245992908139,0.999999999999996));
#8272=CARTESIAN_POINT('Origin',(-0.348723573740513,0.0485427871095776,0.999999999999996));
#8273=CARTESIAN_POINT('',(-0.348723573740513,0.0485427871095708,0.999999999999996));
#8274=CARTESIAN_POINT('',(-0.348723573740513,0.0807434113739597,0.999999999999996));
#8275=CARTESIAN_POINT('',(-0.348723573740513,0.0485427871095708,1.01));
#8276=CARTESIAN_POINT('',(-0.348723573740513,0.0807434113739597,1.01));
#8277=CARTESIAN_POINT('',(-0.348723573740513,0.0485427871095708,0.999999999999996));
#8278=CARTESIAN_POINT('Origin',(-0.167853003478363,0.0485427871095706,0.999999999999996));
#8279=CARTESIAN_POINT('',(-0.309618509953498,0.0485427871095706,0.999999999999996));
#8280=CARTESIAN_POINT('',(-0.309618509953498,0.0485427871095706,1.01));
#8281=CARTESIAN_POINT('Origin',(-0.43584370348839,-0.00719874259279152,
0.999999999999998));
#8282=CARTESIAN_POINT('Origin',(-0.43584370348839,-0.00719874259279152,
1.01));
#8283=CARTESIAN_POINT('Origin',(-0.203998925364683,-0.208159908086807,0.999999999999996));
#8284=CARTESIAN_POINT('',(-0.203998925364683,-0.1513778327201,1.01));
#8285=CARTESIAN_POINT('Origin',(-0.203998925364683,-0.208159908086807,1.01));
#8286=CARTESIAN_POINT('',(-0.203998925364683,-0.1513778327201,0.999999999999996));
#8287=CARTESIAN_POINT('',(-0.203998925364683,-0.151377832720109,0.999999999999996));
#8288=CARTESIAN_POINT('Origin',(-0.203998925364683,-0.208159908086807,0.999999999999996));
#8289=CARTESIAN_POINT('Origin',(-0.203998925364683,-0.208159908086807,0.999999999999996));
#8290=CARTESIAN_POINT('Origin',(-0.203998925364683,-0.208159908086807,1.01));
#8291=CARTESIAN_POINT('Origin',(-0.823743514372931,-0.25134353905024,0.999999999999996));
#8292=CARTESIAN_POINT('',(-0.348723573740514,-0.25134353905024,0.999999999999996));
#8293=CARTESIAN_POINT('',(-0.823743514372934,-0.25134353905024,0.999999999999996));
#8294=CARTESIAN_POINT('',(-0.395985771889556,-0.25134353905024,0.999999999999996));
#8295=CARTESIAN_POINT('',(-0.348723573740514,-0.25134353905024,1.01));
#8296=CARTESIAN_POINT('',(-0.348723573740514,-0.25134353905024,0.999999999999996));
#8297=CARTESIAN_POINT('',(-0.823743514372934,-0.25134353905024,1.01));
#8298=CARTESIAN_POINT('',(-0.395985771889556,-0.25134353905024,1.01));
#8299=CARTESIAN_POINT('',(-0.823743514372934,-0.25134353905024,0.999999999999996));
#8300=CARTESIAN_POINT('Origin',(-0.823743514372934,-0.16497627711759,0.999999999999996));
#8301=CARTESIAN_POINT('',(-0.823743514372934,-0.1649762771176,0.999999999999996));
#8302=CARTESIAN_POINT('',(-0.823743514372934,-0.0931906577965608,0.999999999999996));
#8303=CARTESIAN_POINT('',(-0.823743514372934,-0.1649762771176,1.01));
#8304=CARTESIAN_POINT('',(-0.823743514372934,-0.0931906577965608,1.01));
#8305=CARTESIAN_POINT('',(-0.823743514372934,-0.1649762771176,0.999999999999996));
#8306=CARTESIAN_POINT('Origin',(-0.348723573740516,-0.1649762771176,0.999999999999996));
#8307=CARTESIAN_POINT('',(-0.348723573740514,-0.1649762771176,0.999999999999996));
#8308=CARTESIAN_POINT('',(-0.633495742205767,-0.1649762771176,0.999999999999996));
#8309=CARTESIAN_POINT('',(-0.348723573740514,-0.1649762771176,1.01));
#8310=CARTESIAN_POINT('',(-0.633495742205767,-0.1649762771176,1.01));
#8311=CARTESIAN_POINT('',(-0.348723573740514,-0.1649762771176,0.999999999999996));
#8312=CARTESIAN_POINT('Origin',(-0.348723573740514,-0.251343539050239,0.999999999999996));
#8313=CARTESIAN_POINT('',(-0.348723573740513,-0.0500070268299853,0.999999999999996));
#8314=CARTESIAN_POINT('',(-0.348723573740513,-0.0500070268299853,1.01));
#8315=CARTESIAN_POINT('Origin',(-0.586233544056723,-0.208159908083919,0.999999999999996));
#8316=CARTESIAN_POINT('Origin',(-0.586233544056723,-0.208159908083919,1.01));
#8317=CARTESIAN_POINT('Origin',(-0.463229775335993,-0.552107489690018,0.999999999999996));
#8318=CARTESIAN_POINT('',(-0.343925392521134,-0.527238959114688,0.999999999999996));
#8319=CARTESIAN_POINT('',(-0.347590177777678,-0.590571278486601,0.999999999999996));
#8320=CARTESIAN_POINT('Origin',(-0.463229775335993,-0.552107489690018,0.999999999999996));
#8321=CARTESIAN_POINT('',(-0.343925392521134,-0.527238959114688,1.01));
#8322=CARTESIAN_POINT('',(-0.343925392521134,-0.527238959114688,0.999999999999996));
#8323=CARTESIAN_POINT('',(-0.347590177777678,-0.590571278486601,1.01));
#8324=CARTESIAN_POINT('Origin',(-0.463229775335993,-0.552107489690018,1.01));
#8325=CARTESIAN_POINT('',(-0.347590177777678,-0.590571278486601,0.999999999999996));
#8326=CARTESIAN_POINT('Origin',(-0.426588150187134,-0.564318468847783,0.999999999999996));
#8327=CARTESIAN_POINT('',(-0.391907204707893,-0.639996217752649,0.999999999999996));
#8328=CARTESIAN_POINT('Origin',(-0.426588150187134,-0.564318468847783,0.999999999999996));
#8329=CARTESIAN_POINT('',(-0.391907204707893,-0.639996217752649,1.01));
#8330=CARTESIAN_POINT('Origin',(-0.426588150187134,-0.564318468847783,1.01));
#8331=CARTESIAN_POINT('',(-0.391907204707893,-0.639996217752649,0.999999999999996));
#8332=CARTESIAN_POINT('Origin',(-0.435706418906224,-0.56725317841694,0.999999999999996));
#8333=CARTESIAN_POINT('',(-0.441120183368693,-0.651991670795056,0.999999999999996));
#8334=CARTESIAN_POINT('Origin',(-0.435706418906224,-0.56725317841694,0.999999999999996));
#8335=CARTESIAN_POINT('',(-0.441120183368693,-0.651991670795056,1.01));
#8336=CARTESIAN_POINT('Origin',(-0.435706418906224,-0.56725317841694,1.01));
#8337=CARTESIAN_POINT('',(-0.441120183368693,-0.651991670795056,0.999999999999996));
#8338=CARTESIAN_POINT('Origin',(-0.823743514372935,-0.651991670795056,0.999999999999996));
#8339=CARTESIAN_POINT('',(-0.823743514372934,-0.651991670795056,0.999999999999996));
#8340=CARTESIAN_POINT('',(-0.442184076703383,-0.651991670795056,0.999999999999996));
#8341=CARTESIAN_POINT('',(-0.823743514372934,-0.651991670795056,1.01));
#8342=CARTESIAN_POINT('',(-0.442184076703383,-0.651991670795056,1.01));
#8343=CARTESIAN_POINT('',(-0.823743514372934,-0.651991670795056,0.999999999999996));
#8344=CARTESIAN_POINT('Origin',(-0.823743514372935,-0.565624408867156,0.999999999999996));
#8345=CARTESIAN_POINT('',(-0.823743514372935,-0.565624408867159,0.999999999999996));
#8346=CARTESIAN_POINT('',(-0.823743514372934,-0.293514723669237,0.999999999999996));
#8347=CARTESIAN_POINT('',(-0.823743514372935,-0.565624408867159,1.01));
#8348=CARTESIAN_POINT('',(-0.823743514372934,-0.293514723669237,1.01));
#8349=CARTESIAN_POINT('',(-0.823743514372935,-0.565624408867159,0.999999999999996));
#8350=CARTESIAN_POINT('Origin',(-0.487870829074301,-0.565624408867159,0.999999999999996));
#8351=CARTESIAN_POINT('',(-0.487870829074305,-0.565624408867159,0.999999999999996));
#8352=CARTESIAN_POINT('',(-0.633495742205767,-0.565624408867159,0.999999999999996));
#8353=CARTESIAN_POINT('',(-0.487870829074305,-0.565624408867159,1.01));
#8354=CARTESIAN_POINT('',(-0.633495742205767,-0.565624408867159,1.01));
#8355=CARTESIAN_POINT('',(-0.487870829074305,-0.565624408867159,0.999999999999996));
#8356=CARTESIAN_POINT('Origin',(-0.485580788028285,-0.463444958829014,0.999999999999996));
#8357=CARTESIAN_POINT('',(-0.437489926276796,-0.553628955824751,0.999999999999996));
#8358=CARTESIAN_POINT('Origin',(-0.485580788028285,-0.463444958829014,0.999999999999996));
#8359=CARTESIAN_POINT('',(-0.437489926276796,-0.553628955824751,1.01));
#8360=CARTESIAN_POINT('Origin',(-0.485580788028285,-0.463444958829014,1.01));
#8361=CARTESIAN_POINT('',(-0.437489926276796,-0.553628955824751,0.999999999999996));
#8362=CARTESIAN_POINT('Origin',(-0.483750444361985,-0.508586446602838,0.999999999999996));
#8363=CARTESIAN_POINT('',(-0.425494473237279,-0.480745739017705,0.999999999999996));
#8364=CARTESIAN_POINT('Origin',(-0.483750444361985,-0.508586446602838,0.999999999999996));
#8365=CARTESIAN_POINT('',(-0.425494473237279,-0.480745739017705,1.01));
#8366=CARTESIAN_POINT('Origin',(-0.483750444361985,-0.508586446602838,1.01));
#8367=CARTESIAN_POINT('',(-0.425494473237279,-0.480745739017705,0.999999999999996));
#8368=CARTESIAN_POINT('Origin',(-0.474675830725072,-0.505526851302881,0.999999999999996));
#8369=CARTESIAN_POINT('',(-0.475875376029264,-0.450468059621357,0.999999999999996));
#8370=CARTESIAN_POINT('Origin',(-0.474675830725072,-0.505526851302881,0.999999999999996));
#8371=CARTESIAN_POINT('',(-0.475875376029264,-0.450468059621357,1.01));
#8372=CARTESIAN_POINT('Origin',(-0.474675830725072,-0.505526851302881,1.01));
#8373=CARTESIAN_POINT('',(-0.475875376029264,-0.450468059621357,0.999999999999996));
#8374=CARTESIAN_POINT('Origin',(-0.823743514372941,-0.450468059621356,0.999999999999996));
#8375=CARTESIAN_POINT('',(-0.823743514372934,-0.450468059621356,0.999999999999996));
#8376=CARTESIAN_POINT('',(-0.459561673033674,-0.450468059621357,0.999999999999996));
#8377=CARTESIAN_POINT('',(-0.823743514372934,-0.450468059621356,1.01));
#8378=CARTESIAN_POINT('',(-0.459561673033674,-0.450468059621357,1.01));
#8379=CARTESIAN_POINT('',(-0.823743514372934,-0.450468059621356,0.999999999999996));
#8380=CARTESIAN_POINT('Origin',(-0.823743514372934,-0.36170170707349,0.999999999999996));
#8381=CARTESIAN_POINT('',(-0.823743514372934,-0.36170170707349,0.999999999999996));
#8382=CARTESIAN_POINT('',(-0.823743514372934,-0.19275291808212,0.999999999999996));
#8383=CARTESIAN_POINT('',(-0.823743514372934,-0.36170170707349,1.01));
#8384=CARTESIAN_POINT('',(-0.823743514372934,-0.19275291808212,1.01));
#8385=CARTESIAN_POINT('',(-0.823743514372934,-0.36170170707349,0.999999999999996));
#8386=CARTESIAN_POINT('Origin',(-0.348723573740517,-0.36170170707349,0.999999999999996));
#8387=CARTESIAN_POINT('',(-0.348723573740514,-0.36170170707349,0.999999999999996));
#8388=CARTESIAN_POINT('',(-0.633495742205767,-0.36170170707349,0.999999999999996));
#8389=CARTESIAN_POINT('',(-0.348723573740514,-0.36170170707349,1.01));
#8390=CARTESIAN_POINT('',(-0.633495742205767,-0.36170170707349,1.01));
#8391=CARTESIAN_POINT('',(-0.348723573740514,-0.36170170707349,0.999999999999996));
#8392=CARTESIAN_POINT('Origin',(-0.348723573740515,-0.448068969012459,0.999999999999996));
#8393=CARTESIAN_POINT('',(-0.348723573740514,-0.448068969012453,0.999999999999996));
#8394=CARTESIAN_POINT('',(-0.348723573740514,-0.148369741808725,0.999999999999996));
#8395=CARTESIAN_POINT('',(-0.348723573740514,-0.448068969012453,1.01));
#8396=CARTESIAN_POINT('',(-0.348723573740514,-0.148369741808725,1.01));
#8397=CARTESIAN_POINT('',(-0.348723573740514,-0.448068969012453,0.999999999999996));
#8398=CARTESIAN_POINT('Origin',(-0.394306295316528,-0.448068969012453,0.999999999999996));
#8399=CARTESIAN_POINT('',(-0.394306295316535,-0.448068969012453,0.999999999999996));
#8400=CARTESIAN_POINT('',(-0.395985771889556,-0.448068969012453,0.999999999999996));
#8401=CARTESIAN_POINT('',(-0.394306295316535,-0.448068969012453,1.01));
#8402=CARTESIAN_POINT('',(-0.395985771889556,-0.448068969012453,1.01));
#8403=CARTESIAN_POINT('',(-0.394306295316535,-0.448068969012453,0.999999999999996));
#8404=CARTESIAN_POINT('Origin',(-0.463144069377093,-0.547490107540487,0.999999999999996));
#8405=CARTESIAN_POINT('Origin',(-0.463144069377093,-0.547490107540487,0.999999999999996));
#8406=CARTESIAN_POINT('Origin',(-0.463144069377093,-0.547490107540487,1.01));
#8407=CARTESIAN_POINT('Origin',(-0.589843218913988,-0.501332584961689,0.999999999999996));
#8408=CARTESIAN_POINT('Origin',(-0.589843218913988,-0.501332584961689,1.01));
#8409=CARTESIAN_POINT('Origin',(-0.518159348041273,-1.02654969217312,0.999999999999996));
#8410=CARTESIAN_POINT('',(-0.471077194810139,-0.822327104057753,0.999999999999996));
#8411=CARTESIAN_POINT('',(-0.533453550652953,-0.817528922835726,0.999999999999996));
#8412=CARTESIAN_POINT('Origin',(-0.518159348041273,-1.02654969217312,0.999999999999996));
#8413=CARTESIAN_POINT('',(-0.471077194810139,-0.822327104057753,1.01));
#8414=CARTESIAN_POINT('',(-0.471077194810139,-0.822327104057753,0.999999999999996));
#8415=CARTESIAN_POINT('',(-0.533453550652953,-0.817528922835726,1.01));
#8416=CARTESIAN_POINT('Origin',(-0.518159348041273,-1.02654969217312,1.01));
#8417=CARTESIAN_POINT('',(-0.533453550652953,-0.817528922835726,0.999999999999996));
#8418=CARTESIAN_POINT('Origin',(-0.533453550652953,-0.949478906346496,0.999999999999996));
#8419=CARTESIAN_POINT('',(-0.533453550652953,-0.949478906346489,0.999999999999996));
#8420=CARTESIAN_POINT('',(-0.533453550652952,-0.442258341444961,0.999999999999996));
#8421=CARTESIAN_POINT('',(-0.533453550652953,-0.949478906346489,1.01));
#8422=CARTESIAN_POINT('',(-0.533453550652952,-0.442258341444961,1.01));
#8423=CARTESIAN_POINT('',(-0.533453550652953,-0.949478906346489,0.999999999999996));
#8424=CARTESIAN_POINT('Origin',(-0.497467191509125,-0.949478906346489,0.999999999999996));
#8425=CARTESIAN_POINT('',(-0.497467191509128,-0.94947890634649,0.999999999999996));
#8426=CARTESIAN_POINT('',(-0.470357580773732,-0.949478906346489,0.999999999999996));
#8427=CARTESIAN_POINT('',(-0.497467191509128,-0.94947890634649,1.01));
#8428=CARTESIAN_POINT('',(-0.470357580773732,-0.949478906346489,1.01));
#8429=CARTESIAN_POINT('',(-0.497467191509128,-0.94947890634649,0.999999999999996));
#8430=CARTESIAN_POINT('Origin',(-0.495143784197809,-0.811669860699159,0.999999999999996));
#8431=CARTESIAN_POINT('',(-0.442242782348851,-0.938942070106719,0.999999999999996));
#8432=CARTESIAN_POINT('Origin',(-0.495143784197809,-0.811669860699159,0.999999999999996));
#8433=CARTESIAN_POINT('',(-0.442242782348851,-0.938942070106719,1.01));
#8434=CARTESIAN_POINT('Origin',(-0.495143784197809,-0.811669860699159,1.01));
#8435=CARTESIAN_POINT('',(-0.442242782348851,-0.938942070106719,0.999999999999996));
#8436=CARTESIAN_POINT('Origin',(-0.461847409059219,-0.891633970287688,0.999999999999996));
#8437=CARTESIAN_POINT('',(-0.419692771049454,-0.920709461534643,0.999999999999996));
#8438=CARTESIAN_POINT('Origin',(-0.461847409059219,-0.891633970287688,0.999999999999996));
#8439=CARTESIAN_POINT('',(-0.419692771049454,-0.920709461534643,1.01));
#8440=CARTESIAN_POINT('Origin',(-0.461847409059219,-0.891633970287688,1.01));
#8441=CARTESIAN_POINT('',(-0.419692771049454,-0.920709461534643,0.999999999999996));
#8442=CARTESIAN_POINT('Origin',(-0.477394923393013,-0.885804281583868,0.999999999999996));
#8443=CARTESIAN_POINT('',(-0.410106216303737,-0.881316534813728,0.999999999999996));
#8444=CARTESIAN_POINT('Origin',(-0.477394923393013,-0.885804281583868,0.999999999999996));
#8445=CARTESIAN_POINT('',(-0.410106216303737,-0.881316534813728,1.01));
#8446=CARTESIAN_POINT('Origin',(-0.477394923393013,-0.885804281583868,1.01));
#8447=CARTESIAN_POINT('',(-0.410106216303737,-0.881316534813728,0.999999999999996));
#8448=CARTESIAN_POINT('Origin',(-0.461056566742565,-0.882836298673472,0.999999999999996));
#8449=CARTESIAN_POINT('',(-0.425494473232542,-0.846318010148376,0.999999999999996));
#8450=CARTESIAN_POINT('Origin',(-0.461056566742565,-0.882836298673472,0.999999999999996));
#8451=CARTESIAN_POINT('',(-0.425494473232542,-0.846318010148376,1.01));
#8452=CARTESIAN_POINT('Origin',(-0.461056566742565,-0.882836298673472,1.01));
#8453=CARTESIAN_POINT('',(-0.425494473232542,-0.846318010148376,0.999999999999996));
#8454=CARTESIAN_POINT('Origin',(-0.481606536920206,-0.897631892627431,0.999999999999996));
#8455=CARTESIAN_POINT('Origin',(-0.481606536920206,-0.897631892627431,0.999999999999996));
#8456=CARTESIAN_POINT('Origin',(-0.481606536920206,-0.897631892627431,1.01));
#8457=CARTESIAN_POINT('Origin',(-0.665403534163972,-1.03104798706238,0.999999999999996));
#8458=CARTESIAN_POINT('',(-0.665403534163972,-0.949940004103923,0.999999999999996));
#8459=CARTESIAN_POINT('',(-0.665403534163972,-1.03104798706237,0.999999999999996));
#8460=CARTESIAN_POINT('',(-0.665403534163971,-0.442532647876334,0.999999999999996));
#8461=CARTESIAN_POINT('',(-0.665403534163972,-0.949940004103923,1.01));
#8462=CARTESIAN_POINT('',(-0.665403534163972,-0.949940004103923,0.999999999999996));
#8463=CARTESIAN_POINT('',(-0.665403534163972,-1.03104798706237,1.01));
#8464=CARTESIAN_POINT('',(-0.665403534163971,-0.442532647876334,1.01));
#8465=CARTESIAN_POINT('',(-0.665403534163972,-1.03104798706237,0.999999999999996));
#8466=CARTESIAN_POINT('Origin',(-0.686492523838548,-1.03104798706237,0.999999999999996));
#8467=CARTESIAN_POINT('',(-0.686492523838544,-1.03104798706237,0.999999999999996));
#8468=CARTESIAN_POINT('',(-0.554325752101161,-1.03104798706237,0.999999999999996));
#8469=CARTESIAN_POINT('',(-0.686492523838544,-1.03104798706237,1.01));
#8470=CARTESIAN_POINT('',(-0.554325752101161,-1.03104798706237,1.01));
#8471=CARTESIAN_POINT('',(-0.686492523838544,-1.03104798706237,0.999999999999996));
#8472=CARTESIAN_POINT('Origin',(-0.679960573501635,-0.855757388267839,0.999999999999996));
#8473=CARTESIAN_POINT('',(-0.792555336452451,-0.990263446701532,0.999999999999996));
#8474=CARTESIAN_POINT('Origin',(-0.679960573501635,-0.855757388267839,0.999999999999996));
#8475=CARTESIAN_POINT('',(-0.792555336452451,-0.990263446701532,1.01));
#8476=CARTESIAN_POINT('Origin',(-0.679960573501635,-0.855757388267839,1.01));
#8477=CARTESIAN_POINT('',(-0.792555336452451,-0.990263446701532,0.999999999999996));
#8478=CARTESIAN_POINT('Origin',(-0.802899023789867,-0.98027384291236,0.999999999999996));
#8479=CARTESIAN_POINT('',(-0.802899023791412,-0.980273842913958,0.999999999999996));
#8480=CARTESIAN_POINT('',(-0.965834470101252,-0.822915978267189,0.999999999999996));
#8481=CARTESIAN_POINT('',(-0.802899023791412,-0.980273842913958,1.01));
#8482=CARTESIAN_POINT('',(-0.965834470101252,-0.822915978267189,1.01));
#8483=CARTESIAN_POINT('',(-0.802899023791412,-0.980273842913958,0.999999999999996));
#8484=CARTESIAN_POINT('Origin',(-0.696478785220684,-0.890956472600828,0.999999999999996));
#8485=CARTESIAN_POINT('',(-0.821344423757188,-0.951877996954867,0.999999999999996));
#8486=CARTESIAN_POINT('Origin',(-0.696478785220684,-0.890956472600828,0.999999999999996));
#8487=CARTESIAN_POINT('',(-0.821344423757188,-0.951877996954867,1.01));
#8488=CARTESIAN_POINT('Origin',(-0.696478785220684,-0.890956472600828,1.01));
#8489=CARTESIAN_POINT('',(-0.821344423757188,-0.951877996954867,0.999999999999996));
#8490=CARTESIAN_POINT('Origin',(-0.683522981656856,-0.889943578851446,0.999999999999996));
#8491=CARTESIAN_POINT('',(-0.833339876807764,-0.870308916244254,0.999999999999996));
#8492=CARTESIAN_POINT('Origin',(-0.683522981656856,-0.889943578851446,0.999999999999996));
#8493=CARTESIAN_POINT('',(-0.833339876807764,-0.870308916244254,1.01));
#8494=CARTESIAN_POINT('Origin',(-0.683522981656856,-0.889943578851446,1.01));
#8495=CARTESIAN_POINT('',(-0.833339876807764,-0.870308916244254,0.999999999999996));
#8496=CARTESIAN_POINT('Origin',(-0.668044505296658,-0.890460948785535,0.999999999999996));
#8497=CARTESIAN_POINT('',(-0.817619390904585,-0.817276128955666,0.999999999999996));
#8498=CARTESIAN_POINT('Origin',(-0.668044505296658,-0.890460948785535,0.999999999999996));
#8499=CARTESIAN_POINT('',(-0.817619390904585,-0.817276128955666,1.01));
#8500=CARTESIAN_POINT('Origin',(-0.668044505296658,-0.890460948785535,1.01));
#8501=CARTESIAN_POINT('',(-0.817619390904585,-0.817276128955666,0.999999999999996));
#8502=CARTESIAN_POINT('Origin',(-0.703693807560834,-0.88137569416522,0.999999999999996));
#8503=CARTESIAN_POINT('',(-0.786185951621408,-0.779971360091045,0.999999999999996));
#8504=CARTESIAN_POINT('Origin',(-0.703693807560834,-0.88137569416522,0.999999999999996));
#8505=CARTESIAN_POINT('',(-0.786185951621408,-0.779971360091045,1.01));
#8506=CARTESIAN_POINT('Origin',(-0.703693807560834,-0.88137569416522,1.01));
#8507=CARTESIAN_POINT('',(-0.786185951621408,-0.779971360091045,0.999999999999996));
#8508=CARTESIAN_POINT('Origin',(-0.576224237916364,-1.08012308564298,0.999999999999996));
#8509=CARTESIAN_POINT('',(-0.754169886702888,-0.759950748220467,0.999999999999996));
#8510=CARTESIAN_POINT('Origin',(-0.576224237916364,-1.08012308564298,0.999999999999996));
#8511=CARTESIAN_POINT('',(-0.754169886702888,-0.759950748220467,1.01));
#8512=CARTESIAN_POINT('Origin',(-0.576224237916364,-1.08012308564298,1.01));
#8513=CARTESIAN_POINT('',(-0.754169886702888,-0.759950748220467,0.999999999999996));
#8514=CARTESIAN_POINT('Origin',(-0.603186154185556,-1.17156821594536,0.999999999999996));
#8515=CARTESIAN_POINT('',(-0.583834453444928,-0.73356075151094,0.999999999999996));
#8516=CARTESIAN_POINT('Origin',(-0.603186154185556,-1.17156821594536,0.999999999999996));
#8517=CARTESIAN_POINT('',(-0.583834453444928,-0.73356075151094,1.01));
#8518=CARTESIAN_POINT('Origin',(-0.603186154185556,-1.17156821594536,1.01));
#8519=CARTESIAN_POINT('',(-0.583834453444928,-0.73356075151094,0.999999999999996));
#8520=CARTESIAN_POINT('Origin',(-0.587433089319833,-1.3577508522563,0.999999999999996));
#8521=CARTESIAN_POINT('',(-0.510103392125857,-0.738358932722428,0.999999999999996));
#8522=CARTESIAN_POINT('Origin',(-0.587433089319833,-1.3577508522563,0.999999999999996));
#8523=CARTESIAN_POINT('',(-0.510103392125857,-0.738358932722428,1.01));
#8524=CARTESIAN_POINT('Origin',(-0.587433089319833,-1.3577508522563,1.01));
#8525=CARTESIAN_POINT('',(-0.510103392125857,-0.738358932722428,0.999999999999996));
#8526=CARTESIAN_POINT('Origin',(-0.541230460948395,-1.04347536798147,0.999999999999996));
#8527=CARTESIAN_POINT('',(-0.400229857276384,-0.77110840367967,0.999999999999996));
#8528=CARTESIAN_POINT('Origin',(-0.541230460948395,-1.04347536798147,0.999999999999996));
#8529=CARTESIAN_POINT('',(-0.400229857276384,-0.77110840367967,1.01));
#8530=CARTESIAN_POINT('Origin',(-0.541230460948395,-1.04347536798147,1.01));
#8531=CARTESIAN_POINT('',(-0.400229857276384,-0.77110840367967,0.999999999999996));
#8532=CARTESIAN_POINT('Origin',(-0.470209605613372,-0.885047549705882,0.999999999999996));
#8533=CARTESIAN_POINT('',(-0.341526301907754,-0.848717100756744,0.999999999999996));
#8534=CARTESIAN_POINT('Origin',(-0.470209605613372,-0.885047549705882,0.999999999999996));
#8535=CARTESIAN_POINT('',(-0.341526301907754,-0.848717100756744,1.01));
#8536=CARTESIAN_POINT('Origin',(-0.470209605613372,-0.885047549705882,1.01));
#8537=CARTESIAN_POINT('',(-0.341526301907754,-0.848717100756744,0.999999999999996));
#8538=CARTESIAN_POINT('Origin',(-0.500851529672945,-0.884550860894168,0.999999999999996));
#8539=CARTESIAN_POINT('',(-0.344801329326613,-0.932685272076271,0.999999999999996));
#8540=CARTESIAN_POINT('Origin',(-0.500851529672945,-0.884550860894168,0.999999999999996));
#8541=CARTESIAN_POINT('',(-0.344801329326613,-0.932685272076271,1.01));
#8542=CARTESIAN_POINT('Origin',(-0.500851529672945,-0.884550860894168,1.01));
#8543=CARTESIAN_POINT('',(-0.344801329326613,-0.932685272076271,0.999999999999996));
#8544=CARTESIAN_POINT('Origin',(-0.472953735375496,-0.894033627796456,0.999999999999996));
#8545=CARTESIAN_POINT('',(-0.379911751654684,-0.990263446701533,0.999999999999996));
#8546=CARTESIAN_POINT('Origin',(-0.472953735375496,-0.894033627796456,0.999999999999996));
#8547=CARTESIAN_POINT('',(-0.379911751654684,-0.990263446701533,1.01));
#8548=CARTESIAN_POINT('Origin',(-0.472953735375496,-0.894033627796456,1.01));
#8549=CARTESIAN_POINT('',(-0.379911751654684,-0.990263446701533,0.999999999999996));
#8550=CARTESIAN_POINT('Origin',(-0.485803527583665,-0.859768230903266,0.999999999999996));
#8551=CARTESIAN_POINT('',(-0.449485379322896,-1.02385071523145,0.999999999999996));
#8552=CARTESIAN_POINT('Origin',(-0.485803527583665,-0.859768230903266,0.999999999999996));
#8553=CARTESIAN_POINT('',(-0.449485379322896,-1.02385071523145,1.01));
#8554=CARTESIAN_POINT('Origin',(-0.485803527583665,-0.859768230903266,1.01));
#8555=CARTESIAN_POINT('',(-0.449485379322896,-1.02385071523145,0.999999999999996));
#8556=CARTESIAN_POINT('Origin',(-0.5643561225317,-0.480685177040489,0.999999999999996));
#8557=CARTESIAN_POINT('',(-0.559843547351684,-1.03584616827439,0.999999999999996));
#8558=CARTESIAN_POINT('Origin',(-0.5643561225317,-0.480685177040489,0.999999999999996));
#8559=CARTESIAN_POINT('',(-0.559843547351684,-1.03584616827439,1.01));
#8560=CARTESIAN_POINT('Origin',(-0.5643561225317,-0.480685177040489,1.01));
#8561=CARTESIAN_POINT('',(-0.559843547351684,-1.03584616827439,0.999999999999996));
#8562=CARTESIAN_POINT('Origin',(-0.603027178318528,-1.03584616827439,0.999999999999996));
#8563=CARTESIAN_POINT('',(-0.603027178318524,-1.03584616827439,0.999999999999996));
#8564=CARTESIAN_POINT('',(-0.501545758695011,-1.03584616827439,0.999999999999996));
#8565=CARTESIAN_POINT('',(-0.603027178318524,-1.03584616827439,1.01));
#8566=CARTESIAN_POINT('',(-0.501545758695011,-1.03584616827439,1.01));
#8567=CARTESIAN_POINT('',(-0.603027178318524,-1.03584616827439,0.999999999999996));
#8568=CARTESIAN_POINT('Origin',(-0.603027178318524,-0.817528922835737,0.999999999999996));
#8569=CARTESIAN_POINT('',(-0.603027178318524,-0.817528922835726,0.999999999999996));
#8570=CARTESIAN_POINT('',(-0.603027178318524,-0.485441972408908,0.999999999999996));
#8571=CARTESIAN_POINT('',(-0.603027178318524,-0.817528922835726,1.01));
#8572=CARTESIAN_POINT('',(-0.603027178318524,-0.485441972408908,1.01));
#8573=CARTESIAN_POINT('',(-0.603027178318524,-0.817528922835726,0.999999999999996));
#8574=CARTESIAN_POINT('Origin',(-0.601631024558098,-2.01477227217982,0.999999999999996));
#8575=CARTESIAN_POINT('',(-0.677398987206385,-0.819928013444106,0.999999999999996));
#8576=CARTESIAN_POINT('Origin',(-0.601631024558098,-2.01477227217982,0.999999999999996));
#8577=CARTESIAN_POINT('',(-0.677398987206385,-0.819928013444106,1.01));
#8578=CARTESIAN_POINT('Origin',(-0.601631024558098,-2.01477227217982,1.01));
#8579=CARTESIAN_POINT('',(-0.677398987206385,-0.819928013444106,0.999999999999996));
#8580=CARTESIAN_POINT('Origin',(-0.658738434799331,-0.976274504094554,0.999999999999996));
#8581=CARTESIAN_POINT('',(-0.724069913754144,-0.833011671464849,0.999999999999996));
#8582=CARTESIAN_POINT('Origin',(-0.658738434799331,-0.976274504094554,0.999999999999996));
#8583=CARTESIAN_POINT('',(-0.724069913754144,-0.833011671464849,1.01));
#8584=CARTESIAN_POINT('Origin',(-0.658738434799331,-0.976274504094554,1.01));
#8585=CARTESIAN_POINT('',(-0.724069913754144,-0.833011671464849,0.999999999999996));
#8586=CARTESIAN_POINT('Origin',(-0.698462608923173,-0.888718949249829,0.999999999999996));
#8587=CARTESIAN_POINT('',(-0.754169886702888,-0.863111644408065,0.999999999999996));
#8588=CARTESIAN_POINT('Origin',(-0.698462608923173,-0.888718949249829,0.999999999999996));
#8589=CARTESIAN_POINT('',(-0.754169886702888,-0.863111644408065,1.01));
#8590=CARTESIAN_POINT('Origin',(-0.698462608923173,-0.888718949249829,1.01));
#8591=CARTESIAN_POINT('',(-0.754169886702888,-0.863111644408065,0.999999999999996));
#8592=CARTESIAN_POINT('Origin',(-0.703461835181168,-0.886557302631844,0.999999999999996));
#8593=CARTESIAN_POINT('',(-0.745420059317036,-0.923442432509239,0.999999999999996));
#8594=CARTESIAN_POINT('Origin',(-0.703461835181168,-0.886557302631844,0.999999999999996));
#8595=CARTESIAN_POINT('',(-0.745420059317036,-0.923442432509239,1.01));
#8596=CARTESIAN_POINT('Origin',(-0.703461835181168,-0.886557302631844,1.01));
#8597=CARTESIAN_POINT('',(-0.745420059317036,-0.923442432509239,0.999999999999996));
#8598=CARTESIAN_POINT('Origin',(-0.714622740866791,-0.901631226779116,0.999999999999996));
#8599=CARTESIAN_POINT('',(-0.734646564416279,-0.933619506034773,0.999999999999996));
#8600=CARTESIAN_POINT('Origin',(-0.714622740866791,-0.901631226779116,0.999999999999996));
#8601=CARTESIAN_POINT('',(-0.734646564416279,-0.933619506034773,1.01));
#8602=CARTESIAN_POINT('Origin',(-0.714622740866791,-0.901631226779116,1.01));
#8603=CARTESIAN_POINT('',(-0.734646564416279,-0.933619506034773,0.999999999999996));
#8604=CARTESIAN_POINT('Origin',(-0.670309412538678,-0.815233017937495,0.999999999999996));
#8605=CARTESIAN_POINT('',(-0.665917034069761,-0.949900522131636,0.999999999999996));
#8606=CARTESIAN_POINT('Origin',(-0.670309412538678,-0.815233017937495,0.999999999999996));
#8607=CARTESIAN_POINT('',(-0.665917034069761,-0.949900522131636,1.01));
#8608=CARTESIAN_POINT('Origin',(-0.670309412538678,-0.815233017937495,1.01));
#8609=CARTESIAN_POINT('',(-0.665917034069761,-0.949900522131636,0.999999999999996));
#8610=CARTESIAN_POINT('Origin',(-0.665403534163827,-0.949940004101983,0.999999999999996));
#8611=CARTESIAN_POINT('',(-0.594022895844413,-0.955428317131699,0.999999999999996));
#8612=CARTESIAN_POINT('',(-0.594022895844413,-0.955428317131699,1.01));
#8613=CARTESIAN_POINT('Origin',(-0.44324797003834,0.0649622234571058,0.999999999999996));
#8614=CARTESIAN_POINT('Origin',(-0.44324797003834,0.0649622234571058,1.01));
#8615=CARTESIAN_POINT('Origin',(-0.441093956694961,-1.21866012836184,0.999999999999996));
#8616=CARTESIAN_POINT('',(-0.432155431333961,-1.22559296961146,0.999999999999996));
#8617=CARTESIAN_POINT('',(-0.441093956694802,-1.21866012836164,0.999999999999996));
#8618=CARTESIAN_POINT('',(-0.752583596090969,-0.977064548282649,0.999999999999996));
#8619=CARTESIAN_POINT('',(-0.432155431333961,-1.22559296961146,1.01));
#8620=CARTESIAN_POINT('',(-0.432155431333961,-1.22559296961146,0.999999999999996));
#8621=CARTESIAN_POINT('',(-0.441093956694802,-1.21866012836164,1.01));
#8622=CARTESIAN_POINT('',(-0.752583596090969,-0.977064548282649,1.01));
#8623=CARTESIAN_POINT('',(-0.441093956694802,-1.21866012836164,0.999999999999996));
#8624=CARTESIAN_POINT('Origin',(-0.512908734662842,-1.32607644808444,0.999999999999996));
#8625=CARTESIAN_POINT('',(-0.472823026178219,-1.20324011774326,0.999999999999996));
#8626=CARTESIAN_POINT('Origin',(-0.512908734662842,-1.32607644808444,0.999999999999996));
#8627=CARTESIAN_POINT('',(-0.472823026178219,-1.20324011774326,1.01));
#8628=CARTESIAN_POINT('Origin',(-0.512908734662842,-1.32607644808444,1.01));
#8629=CARTESIAN_POINT('',(-0.472823026178219,-1.20324011774326,0.999999999999996));
#8630=CARTESIAN_POINT('Origin',(-0.573506178154909,-1.58371705669515,0.999999999999996));
#8631=CARTESIAN_POINT('',(-0.526256278824662,-1.19299049606577,0.999999999999996));
#8632=CARTESIAN_POINT('Origin',(-0.573506178154909,-1.58371705669515,0.999999999999996));
#8633=CARTESIAN_POINT('',(-0.526256278824662,-1.19299049606577,1.01));
#8634=CARTESIAN_POINT('Origin',(-0.573506178154909,-1.58371705669515,1.01));
#8635=CARTESIAN_POINT('',(-0.526256278824662,-1.19299049606577,0.999999999999996));
#8636=CARTESIAN_POINT('Origin',(-0.583834453485484,-1.73758406435848,0.999999999999996));
#8637=CARTESIAN_POINT('',(-0.610224450146552,-1.19059140545212,0.999999999999996));
#8638=CARTESIAN_POINT('Origin',(-0.583834453485484,-1.73758406435848,0.999999999999996));
#8639=CARTESIAN_POINT('',(-0.610224450146552,-1.19059140545212,1.01));
#8640=CARTESIAN_POINT('Origin',(-0.583834453485484,-1.73758406435848,1.01));
#8641=CARTESIAN_POINT('',(-0.610224450146552,-1.19059140545212,0.999999999999996));
#8642=CARTESIAN_POINT('Origin',(-0.591431573695311,-1.69000210060514,0.999999999999996));
#8643=CARTESIAN_POINT('',(-0.663004443550067,-1.19538958666888,0.999999999999996));
#8644=CARTESIAN_POINT('Origin',(-0.591431573695311,-1.69000210060514,0.999999999999996));
#8645=CARTESIAN_POINT('',(-0.663004443550067,-1.19538958666888,1.01));
#8646=CARTESIAN_POINT('Origin',(-0.591431573695311,-1.69000210060514,1.01));
#8647=CARTESIAN_POINT('',(-0.663004443550067,-1.19538958666888,0.999999999999996));
#8648=CARTESIAN_POINT('Origin',(-0.618321380949166,-1.4556909177889,0.999999999999996));
#8649=CARTESIAN_POINT('',(-0.72072262461367,-1.21224206410096,0.999999999999996));
#8650=CARTESIAN_POINT('Origin',(-0.618321380949166,-1.4556909177889,0.999999999999996));
#8651=CARTESIAN_POINT('',(-0.72072262461367,-1.21224206410096,1.01));
#8652=CARTESIAN_POINT('Origin',(-0.618321380949166,-1.4556909177889,1.01));
#8653=CARTESIAN_POINT('',(-0.72072262461367,-1.21224206410096,0.999999999999996));
#8654=CARTESIAN_POINT('Origin',(-0.675793886424885,-1.28598283515076,0.999999999999996));
#8655=CARTESIAN_POINT('',(-0.744573524266219,-1.23377503641607,0.999999999999996));
#8656=CARTESIAN_POINT('Origin',(-0.675793886424885,-1.28598283515076,0.999999999999996));
#8657=CARTESIAN_POINT('',(-0.744573524266219,-1.23377503641607,1.01));
#8658=CARTESIAN_POINT('Origin',(-0.675793886424885,-1.28598283515076,1.01));
#8659=CARTESIAN_POINT('',(-0.744573524266219,-1.23377503641607,0.999999999999996));
#8660=CARTESIAN_POINT('Origin',(-0.683647892392573,-1.26978859536437,0.999999999999996));
#8661=CARTESIAN_POINT('',(-0.754219291595178,-1.26444194577391,0.999999999999996));
#8662=CARTESIAN_POINT('Origin',(-0.683647892392573,-1.26978859536437,0.999999999999996));
#8663=CARTESIAN_POINT('',(-0.754219291595178,-1.26444194577391,1.01));
#8664=CARTESIAN_POINT('Origin',(-0.683647892392573,-1.26978859536437,1.01));
#8665=CARTESIAN_POINT('',(-0.754219291595178,-1.26444194577391,0.999999999999996));
#8666=CARTESIAN_POINT('Origin',(-0.68364789240337,-1.25909529618396,0.999999999999996));
#8667=CARTESIAN_POINT('',(-0.744573524266219,-1.29510885512647,0.999999999999996));
#8668=CARTESIAN_POINT('Origin',(-0.68364789240337,-1.25909529618396,0.999999999999996));
#8669=CARTESIAN_POINT('',(-0.744573524266219,-1.29510885512647,1.01));
#8670=CARTESIAN_POINT('Origin',(-0.68364789240337,-1.25909529618396,1.01));
#8671=CARTESIAN_POINT('',(-0.744573524266219,-1.29510885512647,0.999999999999996));
#8672=CARTESIAN_POINT('Origin',(-0.675793886424885,-1.24290105639707,0.999999999999996));
#8673=CARTESIAN_POINT('',(-0.72072262461367,-1.31664182744159,0.999999999999996));
#8674=CARTESIAN_POINT('Origin',(-0.675793886424885,-1.24290105639707,0.999999999999996));
#8675=CARTESIAN_POINT('',(-0.72072262461367,-1.31664182744159,1.01));
#8676=CARTESIAN_POINT('Origin',(-0.675793886424885,-1.24290105639707,1.01));
#8677=CARTESIAN_POINT('',(-0.72072262461367,-1.31664182744159,0.999999999999996));
#8678=CARTESIAN_POINT('Origin',(-0.618321380949166,-1.07319297375366,0.999999999999996));
#8679=CARTESIAN_POINT('',(-0.663004443550067,-1.33349430487367,0.999999999999996));
#8680=CARTESIAN_POINT('Origin',(-0.618321380949166,-1.07319297375366,0.999999999999996));
#8681=CARTESIAN_POINT('',(-0.663004443550067,-1.33349430487367,1.01));
#8682=CARTESIAN_POINT('Origin',(-0.618321380949166,-1.07319297375366,1.01));
#8683=CARTESIAN_POINT('',(-0.663004443550067,-1.33349430487367,0.999999999999996));
#8684=CARTESIAN_POINT('Origin',(-0.59143157369531,-0.838881790937397,0.999999999999996));
#8685=CARTESIAN_POINT('',(-0.610224450146553,-1.33829248609621,0.999999999999996));
#8686=CARTESIAN_POINT('Origin',(-0.59143157369531,-0.838881790937397,0.999999999999996));
#8687=CARTESIAN_POINT('',(-0.610224450146553,-1.33829248609621,1.01));
#8688=CARTESIAN_POINT('Origin',(-0.59143157369531,-0.838881790937397,1.01));
#8689=CARTESIAN_POINT('',(-0.610224450146553,-1.33829248609621,0.999999999999996));
#8690=CARTESIAN_POINT('Origin',(-0.583834453450461,-0.791299827189321,0.999999999999996));
#8691=CARTESIAN_POINT('',(-0.526256278824662,-1.33589339548205,0.999999999999996));
#8692=CARTESIAN_POINT('Origin',(-0.583834453450461,-0.791299827189321,0.999999999999996));
#8693=CARTESIAN_POINT('',(-0.526256278824662,-1.33589339548205,1.01));
#8694=CARTESIAN_POINT('Origin',(-0.583834453450461,-0.791299827189321,1.01));
#8695=CARTESIAN_POINT('',(-0.526256278824662,-1.33589339548205,0.999999999999996));
#8696=CARTESIAN_POINT('Origin',(-0.573506178154908,-0.945166834852649,0.999999999999996));
#8697=CARTESIAN_POINT('',(-0.472823026178219,-1.32564377381035,0.999999999999996));
#8698=CARTESIAN_POINT('Origin',(-0.573506178154908,-0.945166834852649,0.999999999999996));
#8699=CARTESIAN_POINT('',(-0.472823026178219,-1.32564377381035,1.01));
#8700=CARTESIAN_POINT('Origin',(-0.573506178154908,-0.945166834852649,1.01));
#8701=CARTESIAN_POINT('',(-0.472823026178219,-1.32564377381035,0.999999999999996));
#8702=CARTESIAN_POINT('Origin',(-0.512908734725264,-1.2028074434581,0.999999999999996));
#8703=CARTESIAN_POINT('',(-0.441093956694802,-1.31022376317037,0.999999999999996));
#8704=CARTESIAN_POINT('Origin',(-0.512908734725264,-1.2028074434581,0.999999999999996));
#8705=CARTESIAN_POINT('',(-0.441093956694802,-1.31022376317037,1.01));
#8706=CARTESIAN_POINT('Origin',(-0.512908734725264,-1.2028074434581,1.01));
#8707=CARTESIAN_POINT('',(-0.441093956694802,-1.31022376317037,0.999999999999996));
#8708=CARTESIAN_POINT('Origin',(-0.432155431334083,-1.30329092193093,0.999999999999996));
#8709=CARTESIAN_POINT('',(-0.432155431333961,-1.30329092193108,0.999999999999996));
#8710=CARTESIAN_POINT('',(-0.104308708340823,-1.04900856664048,0.999999999999996));
#8711=CARTESIAN_POINT('',(-0.432155431333961,-1.30329092193108,1.01));
#8712=CARTESIAN_POINT('',(-0.104308708340823,-1.04900856664048,1.01));
#8713=CARTESIAN_POINT('',(-0.432155431333961,-1.30329092193108,0.999999999999996));
#8714=CARTESIAN_POINT('Origin',(-0.460653153769516,-1.26906370951801,0.999999999999996));
#8715=CARTESIAN_POINT('',(-0.417079194201163,-1.27827958175098,0.999999999999996));
#8716=CARTESIAN_POINT('Origin',(-0.460653153769516,-1.26906370951801,0.999999999999996));
#8717=CARTESIAN_POINT('',(-0.417079194201163,-1.27827958175098,1.01));
#8718=CARTESIAN_POINT('Origin',(-0.460653153769516,-1.26906370951801,1.01));
#8719=CARTESIAN_POINT('',(-0.417079194201163,-1.27827958175098,0.999999999999996));
#8720=CARTESIAN_POINT('Origin',(-0.45800979880179,-1.26755898604651,0.999999999999996));
#8721=CARTESIAN_POINT('',(-0.415813476389471,-1.26444194577391,0.999999999999996));
#8722=CARTESIAN_POINT('Origin',(-0.45800979880179,-1.26755898604651,0.999999999999996));
#8723=CARTESIAN_POINT('',(-0.415813476389471,-1.26444194577391,1.01));
#8724=CARTESIAN_POINT('Origin',(-0.45800979880179,-1.26755898604651,1.01));
#8725=CARTESIAN_POINT('',(-0.415813476389471,-1.26444194577391,0.999999999999996));
#8726=CARTESIAN_POINT('Origin',(-0.458009798836813,-1.2613249055013,0.999999999999996));
#8727=CARTESIAN_POINT('',(-0.417079194201163,-1.25060430978631,0.999999999999996));
#8728=CARTESIAN_POINT('Origin',(-0.458009798836813,-1.2613249055013,0.999999999999996));
#8729=CARTESIAN_POINT('',(-0.417079194201163,-1.25060430978631,1.01));
#8730=CARTESIAN_POINT('Origin',(-0.458009798836813,-1.2613249055013,1.01));
#8731=CARTESIAN_POINT('',(-0.417079194201163,-1.25060430978631,0.999999999999996));
#8732=CARTESIAN_POINT('Origin',(-0.460653153769516,-1.25982018201927,0.999999999999996));
#8733=CARTESIAN_POINT('Origin',(-0.460653153769516,-1.25982018201927,0.999999999999996));
#8734=CARTESIAN_POINT('Origin',(-0.460653153769516,-1.25982018201927,1.01));
#8735=CARTESIAN_POINT('Origin',(-0.804550789496806,-1.17379777118208,0.999999999999996));
#8736=CARTESIAN_POINT('',(-0.806847316217296,-1.1768655336718,0.999999999999996));
#8737=CARTESIAN_POINT('',(-0.804550789497756,-1.17379777118136,0.999999999999996));
#8738=CARTESIAN_POINT('',(-0.443673592181224,-0.691728253130242,0.999999999999996));
#8739=CARTESIAN_POINT('',(-0.806847316217296,-1.1768655336718,1.01));
#8740=CARTESIAN_POINT('',(-0.806847316217296,-1.1768655336718,0.999999999999996));
#8741=CARTESIAN_POINT('',(-0.804550789497756,-1.17379777118136,1.01));
#8742=CARTESIAN_POINT('',(-0.443673592181224,-0.691728253130242,1.01));
#8743=CARTESIAN_POINT('',(-0.804550789497756,-1.17379777118136,0.999999999999996));
#8744=CARTESIAN_POINT('Origin',(-0.671544003754497,-1.29471182970237,0.999999999999996));
#8745=CARTESIAN_POINT('',(-0.749380180574193,-1.13268546092129,0.999999999999996));
#8746=CARTESIAN_POINT('Origin',(-0.671544003754497,-1.29471182970237,0.999999999999996));
#8747=CARTESIAN_POINT('',(-0.749380180574193,-1.13268546092129,1.01));
#8748=CARTESIAN_POINT('Origin',(-0.671544003754497,-1.29471182970237,1.01));
#8749=CARTESIAN_POINT('',(-0.749380180574193,-1.13268546092129,0.999999999999996));
#8750=CARTESIAN_POINT('Origin',(-0.600705825044189,-1.49516764014383,0.999999999999996));
#8751=CARTESIAN_POINT('',(-0.686426690922544,-1.11287282275948,0.999999999999996));
#8752=CARTESIAN_POINT('Origin',(-0.600705825044189,-1.49516764014383,0.999999999999996));
#8753=CARTESIAN_POINT('',(-0.686426690922544,-1.11287282275948,1.01));
#8754=CARTESIAN_POINT('Origin',(-0.600705825044189,-1.49516764014383,1.01));
#8755=CARTESIAN_POINT('',(-0.686426690922544,-1.11287282275948,0.999999999999996));
#8756=CARTESIAN_POINT('Origin',(-0.59400884382537,-1.56195992852836,0.999999999999996));
#8757=CARTESIAN_POINT('',(-0.591605921360387,-1.10346836591048,0.999999999999996));
#8758=CARTESIAN_POINT('Origin',(-0.59400884382537,-1.56195992852836,0.999999999999996));
#8759=CARTESIAN_POINT('',(-0.591605921360387,-1.10346836591048,1.01));
#8760=CARTESIAN_POINT('Origin',(-0.59400884382537,-1.56195992852836,1.01));
#8761=CARTESIAN_POINT('',(-0.591605921360387,-1.10346836591048,0.999999999999996));
#8762=CARTESIAN_POINT('Origin',(-0.582151877965714,-1.59199100825273,0.999999999999996));
#8763=CARTESIAN_POINT('',(-0.526457768244106,-1.10656138703148,0.999999999999996));
#8764=CARTESIAN_POINT('Origin',(-0.582151877965714,-1.59199100825273,0.999999999999996));
#8765=CARTESIAN_POINT('',(-0.526457768244106,-1.10656138703148,1.01));
#8766=CARTESIAN_POINT('Origin',(-0.582151877965714,-1.59199100825273,1.01));
#8767=CARTESIAN_POINT('',(-0.526457768244106,-1.10656138703148,0.999999999999996));
#8768=CARTESIAN_POINT('Origin',(-0.601898337057705,-1.73543329327562,0.999999999999996));
#8769=CARTESIAN_POINT('',(-0.46917889433577,-1.11611374456885,0.999999999999996));
#8770=CARTESIAN_POINT('Origin',(-0.601898337057705,-1.73543329327562,0.999999999999996));
#8771=CARTESIAN_POINT('',(-0.46917889433577,-1.11611374456885,1.01));
#8772=CARTESIAN_POINT('Origin',(-0.601898337057705,-1.73543329327562,1.01));
#8773=CARTESIAN_POINT('',(-0.46917889433577,-1.11611374456885,0.999999999999996));
#8774=CARTESIAN_POINT('Origin',(-0.546721378048715,-1.39722188654457,0.999999999999996));
#8775=CARTESIAN_POINT('',(-0.414890193504127,-1.13711582539451,0.999999999999996));
#8776=CARTESIAN_POINT('Origin',(-0.546721378048715,-1.39722188654457,0.999999999999996));
#8777=CARTESIAN_POINT('',(-0.414890193504127,-1.13711582539451,1.01));
#8778=CARTESIAN_POINT('Origin',(-0.546721378048715,-1.39722188654457,1.01));
#8779=CARTESIAN_POINT('',(-0.414890193504127,-1.13711582539451,0.999999999999996));
#8780=CARTESIAN_POINT('Origin',(-0.484389327602458,-1.27287639485168,0.999999999999996));
#8781=CARTESIAN_POINT('',(-0.372753165802277,-1.16896090399979,0.999999999999996));
#8782=CARTESIAN_POINT('Origin',(-0.484389327602458,-1.27287639485168,0.999999999999996));
#8783=CARTESIAN_POINT('',(-0.372753165802277,-1.16896090399979,1.01));
#8784=CARTESIAN_POINT('Origin',(-0.484389327602458,-1.27287639485168,1.01));
#8785=CARTESIAN_POINT('',(-0.372753165802277,-1.16896090399979,0.999999999999996));
#8786=CARTESIAN_POINT('Origin',(-0.452510786463444,-1.24633284125956,0.999999999999996));
#8787=CARTESIAN_POINT('',(-0.351829230631922,-1.19931243032652,0.999999999999996));
#8788=CARTESIAN_POINT('Origin',(-0.452510786463444,-1.24633284125956,0.999999999999996));
#8789=CARTESIAN_POINT('',(-0.351829230631922,-1.19931243032652,1.01));
#8790=CARTESIAN_POINT('Origin',(-0.452510786463444,-1.24633284125956,1.01));
#8791=CARTESIAN_POINT('',(-0.351829230631922,-1.19931243032652,0.999999999999996));
#8792=CARTESIAN_POINT('Origin',(-0.51591153084697,-1.2675927518704,0.999999999999996));
#8793=CARTESIAN_POINT('',(-0.338217197863643,-1.26444194577391,0.999999999999996));
#8794=CARTESIAN_POINT('Origin',(-0.51591153084697,-1.2675927518704,0.999999999999996));
#8795=CARTESIAN_POINT('',(-0.338217197863643,-1.26444194577391,1.01));
#8796=CARTESIAN_POINT('Origin',(-0.51591153084697,-1.2675927518704,1.01));
#8797=CARTESIAN_POINT('',(-0.338217197863643,-1.26444194577391,0.999999999999996));
#8798=CARTESIAN_POINT('Origin',(-0.515911530817468,-1.26129113967214,0.999999999999996));
#8799=CARTESIAN_POINT('',(-0.351829230631922,-1.32957146121128,0.999999999999996));
#8800=CARTESIAN_POINT('Origin',(-0.515911530817468,-1.26129113967214,0.999999999999996));
#8801=CARTESIAN_POINT('',(-0.351829230631922,-1.32957146121128,1.01));
#8802=CARTESIAN_POINT('Origin',(-0.515911530817468,-1.26129113967214,1.01));
#8803=CARTESIAN_POINT('',(-0.351829230631922,-1.32957146121128,0.999999999999996));
#8804=CARTESIAN_POINT('Origin',(-0.452510786496101,-1.28255105028351,0.999999999999996));
#8805=CARTESIAN_POINT('',(-0.372753165802277,-1.35992298754855,0.999999999999996));
#8806=CARTESIAN_POINT('Origin',(-0.452510786496101,-1.28255105028351,0.999999999999996));
#8807=CARTESIAN_POINT('',(-0.372753165802277,-1.35992298754855,1.01));
#8808=CARTESIAN_POINT('Origin',(-0.452510786496101,-1.28255105028351,1.01));
#8809=CARTESIAN_POINT('',(-0.372753165802277,-1.35992298754855,0.999999999999996));
#8810=CARTESIAN_POINT('Origin',(-0.484389327586135,-1.25600749669613,0.999999999999996));
#8811=CARTESIAN_POINT('',(-0.414890193504127,-1.39176806615383,0.999999999999996));
#8812=CARTESIAN_POINT('Origin',(-0.484389327586135,-1.25600749669613,0.999999999999996));
#8813=CARTESIAN_POINT('',(-0.414890193504127,-1.39176806615383,1.01));
#8814=CARTESIAN_POINT('Origin',(-0.484389327586135,-1.25600749669613,1.01));
#8815=CARTESIAN_POINT('',(-0.414890193504127,-1.39176806615383,0.999999999999996));
#8816=CARTESIAN_POINT('Origin',(-0.546721378021592,-1.13166200499799,0.999999999999996));
#8817=CARTESIAN_POINT('',(-0.46917889433577,-1.4127701469737,0.999999999999996));
#8818=CARTESIAN_POINT('Origin',(-0.546721378021592,-1.13166200499799,0.999999999999996));
#8819=CARTESIAN_POINT('',(-0.46917889433577,-1.4127701469737,1.01));
#8820=CARTESIAN_POINT('Origin',(-0.546721378021592,-1.13166200499799,1.01));
#8821=CARTESIAN_POINT('',(-0.46917889433577,-1.4127701469737,0.999999999999996));
#8822=CARTESIAN_POINT('Origin',(-0.601898337057705,-0.79345059826165,0.999999999999996));
#8823=CARTESIAN_POINT('',(-0.526457768244106,-1.4223225045116,0.999999999999996));
#8824=CARTESIAN_POINT('Origin',(-0.601898337057705,-0.79345059826165,0.999999999999996));
#8825=CARTESIAN_POINT('',(-0.526457768244106,-1.4223225045116,1.01));
#8826=CARTESIAN_POINT('Origin',(-0.601898337057705,-0.79345059826165,1.01));
#8827=CARTESIAN_POINT('',(-0.526457768244106,-1.4223225045116,0.999999999999996));
#8828=CARTESIAN_POINT('Origin',(-0.582151877965714,-0.936892883284538,0.999999999999996));
#8829=CARTESIAN_POINT('',(-0.591605921360387,-1.42541552563258,0.999999999999996));
#8830=CARTESIAN_POINT('Origin',(-0.582151877965714,-0.936892883284538,0.999999999999996));
#8831=CARTESIAN_POINT('',(-0.591605921360387,-1.42541552563258,1.01));
#8832=CARTESIAN_POINT('Origin',(-0.582151877965714,-0.936892883284538,1.01));
#8833=CARTESIAN_POINT('',(-0.591605921360387,-1.42541552563258,0.999999999999996));
#8834=CARTESIAN_POINT('Origin',(-0.594008843879357,-0.966923963014173,0.999999999999996));
#8835=CARTESIAN_POINT('',(-0.686426690922544,-1.41601106878832,0.999999999999996));
#8836=CARTESIAN_POINT('Origin',(-0.594008843879357,-0.966923963014173,0.999999999999996));
#8837=CARTESIAN_POINT('',(-0.686426690922544,-1.41601106878832,1.01));
#8838=CARTESIAN_POINT('Origin',(-0.594008843879357,-0.966923963014173,1.01));
#8839=CARTESIAN_POINT('',(-0.686426690922544,-1.41601106878832,0.999999999999996));
#8840=CARTESIAN_POINT('Origin',(-0.600705825008904,-1.03371625140397,0.999999999999996));
#8841=CARTESIAN_POINT('',(-0.749380180574193,-1.39619843062178,0.999999999999996));
#8842=CARTESIAN_POINT('Origin',(-0.600705825008904,-1.03371625140397,0.999999999999996));
#8843=CARTESIAN_POINT('',(-0.749380180574193,-1.39619843062178,1.01));
#8844=CARTESIAN_POINT('Origin',(-0.600705825008904,-1.03371625140397,1.01));
#8845=CARTESIAN_POINT('',(-0.749380180574193,-1.39619843062178,0.999999999999996));
#8846=CARTESIAN_POINT('Origin',(-0.671544003727109,-1.23417206184016,0.999999999999996));
#8847=CARTESIAN_POINT('',(-0.804550789497756,-1.35508612035012,0.999999999999996));
#8848=CARTESIAN_POINT('Origin',(-0.671544003727109,-1.23417206184016,0.999999999999996));
#8849=CARTESIAN_POINT('',(-0.804550789497756,-1.35508612035012,1.01));
#8850=CARTESIAN_POINT('Origin',(-0.671544003727109,-1.23417206184016,1.01));
#8851=CARTESIAN_POINT('',(-0.804550789497756,-1.35508612035012,0.999999999999996));
#8852=CARTESIAN_POINT('Origin',(-0.806847316215312,-1.35201835786978,0.999999999999996));
#8853=CARTESIAN_POINT('',(-0.806847316217296,-1.35201835787126,0.999999999999996));
#8854=CARTESIAN_POINT('',(-1.08030453733538,-0.986726808468989,0.999999999999996));
#8855=CARTESIAN_POINT('',(-0.806847316217296,-1.35201835787126,1.01));
#8856=CARTESIAN_POINT('',(-1.08030453733538,-0.986726808468989,1.01));
#8857=CARTESIAN_POINT('',(-0.806847316217296,-1.35201835787126,0.999999999999996));
#8858=CARTESIAN_POINT('Origin',(-0.675454259428579,-1.26318383867331,0.999999999999996));
#8859=CARTESIAN_POINT('',(-0.834054777522449,-1.26444194577391,0.999999999999996));
#8860=CARTESIAN_POINT('Origin',(-0.675454259428579,-1.26318383867331,0.999999999999996));
#8861=CARTESIAN_POINT('',(-0.834054777522449,-1.26444194577391,1.01));
#8862=CARTESIAN_POINT('Origin',(-0.675454259428579,-1.26318383867331,1.01));
#8863=CARTESIAN_POINT('',(-0.834054777522449,-1.26444194577391,0.999999999999996));
#8864=CARTESIAN_POINT('Origin',(-0.675454259409616,-1.26570005286923,0.999999999999996));
#8865=CARTESIAN_POINT('Origin',(-0.675454259409616,-1.26570005286923,0.999999999999996));
#8866=CARTESIAN_POINT('Origin',(-0.675454259409616,-1.26570005286923,1.01));
#8867=CARTESIAN_POINT('Origin',(-0.44324797003834,0.0649622234571058,0.999999999999996));
#8868=CARTESIAN_POINT('Origin',(-0.44324797003834,0.0649622234571058,1.01));
#8869=CARTESIAN_POINT('Origin',(-0.463229775325197,-1.69365725881783,0.999999999999996));
#8870=CARTESIAN_POINT('',(-0.343925392518501,-1.66878872825514,0.999999999999996));
#8871=CARTESIAN_POINT('',(-0.347590177781358,-1.73212104762073,0.999999999999996));
#8872=CARTESIAN_POINT('Origin',(-0.463229775325197,-1.69365725881783,0.999999999999996));
#8873=CARTESIAN_POINT('',(-0.343925392518501,-1.66878872825514,1.01));
#8874=CARTESIAN_POINT('',(-0.343925392518501,-1.66878872825514,0.999999999999996));
#8875=CARTESIAN_POINT('',(-0.347590177781358,-1.73212104762073,1.01));
#8876=CARTESIAN_POINT('Origin',(-0.463229775325197,-1.69365725881783,1.01));
#8877=CARTESIAN_POINT('',(-0.347590177781358,-1.73212104762073,0.999999999999996));
#8878=CARTESIAN_POINT('Origin',(-0.426588150197142,-1.70586823799613,0.999999999999996));
#8879=CARTESIAN_POINT('',(-0.391907204705265,-1.78154598689783,0.999999999999996));
#8880=CARTESIAN_POINT('Origin',(-0.426588150197142,-1.70586823799613,0.999999999999996));
#8881=CARTESIAN_POINT('',(-0.391907204705265,-1.78154598689783,1.01));
#8882=CARTESIAN_POINT('Origin',(-0.426588150197142,-1.70586823799613,1.01));
#8883=CARTESIAN_POINT('',(-0.391907204705265,-1.78154598689783,0.999999999999996));
#8884=CARTESIAN_POINT('Origin',(-0.435706418898063,-1.70880294754844,0.999999999999996));
#8885=CARTESIAN_POINT('',(-0.441120183368693,-1.79354143993551,0.999999999999996));
#8886=CARTESIAN_POINT('Origin',(-0.435706418898063,-1.70880294754844,0.999999999999996));
#8887=CARTESIAN_POINT('',(-0.441120183368693,-1.79354143993551,1.01));
#8888=CARTESIAN_POINT('Origin',(-0.435706418898063,-1.70880294754844,1.01));
#8889=CARTESIAN_POINT('',(-0.441120183368693,-1.79354143993551,0.999999999999996));
#8890=CARTESIAN_POINT('Origin',(-0.823743514372934,-1.79354143994078,0.999999999999996));
#8891=CARTESIAN_POINT('',(-0.823743514372935,-1.79354143994025,0.999999999999996));
#8892=CARTESIAN_POINT('',(-0.442184076690741,-1.79354143993551,0.999999999999996));
#8893=CARTESIAN_POINT('',(-0.823743514372935,-1.79354143994025,1.01));
#8894=CARTESIAN_POINT('',(-0.442184076690741,-1.79354143993551,1.01));
#8895=CARTESIAN_POINT('',(-0.823743514372935,-1.79354143994025,0.999999999999996));
#8896=CARTESIAN_POINT('Origin',(-0.823743514372935,-1.70717417800761,0.999999999999996));
#8897=CARTESIAN_POINT('',(-0.823743514372935,-1.70717417800761,0.999999999999996));
#8898=CARTESIAN_POINT('',(-0.823743514372935,-0.864289608242093,0.999999999999996));
#8899=CARTESIAN_POINT('',(-0.823743514372935,-1.70717417800761,1.01));
#8900=CARTESIAN_POINT('',(-0.823743514372935,-0.864289608242093,1.01));
#8901=CARTESIAN_POINT('',(-0.823743514372935,-1.70717417800761,0.999999999999996));
#8902=CARTESIAN_POINT('Origin',(-0.487870829074301,-1.70717417800761,0.999999999999996));
#8903=CARTESIAN_POINT('',(-0.487870829074306,-1.70717417800761,0.999999999999996));
#8904=CARTESIAN_POINT('',(-0.633495742205767,-1.70717417800761,0.999999999999996));
#8905=CARTESIAN_POINT('',(-0.487870829074306,-1.70717417800761,1.01));
#8906=CARTESIAN_POINT('',(-0.633495742205767,-1.70717417800761,1.01));
#8907=CARTESIAN_POINT('',(-0.487870829074306,-1.70717417800761,0.999999999999996));
#8908=CARTESIAN_POINT('Origin',(-0.485580788051987,-1.6049947279642,0.999999999999996));
#8909=CARTESIAN_POINT('',(-0.437489926279695,-1.69517872495414,0.999999999999996));
#8910=CARTESIAN_POINT('Origin',(-0.485580788051987,-1.6049947279642,0.999999999999996));
#8911=CARTESIAN_POINT('',(-0.437489926279695,-1.69517872495414,1.01));
#8912=CARTESIAN_POINT('Origin',(-0.485580788051987,-1.6049947279642,1.01));
#8913=CARTESIAN_POINT('',(-0.437489926279695,-1.69517872495414,0.999999999999996));
#8914=CARTESIAN_POINT('Origin',(-0.483750444353819,-1.65013621573329,0.999999999999996));
#8915=CARTESIAN_POINT('',(-0.425494473234382,-1.62229550815763,0.999999999999996));
#8916=CARTESIAN_POINT('Origin',(-0.483750444353819,-1.65013621573329,0.999999999999996));
#8917=CARTESIAN_POINT('',(-0.425494473234382,-1.62229550815763,1.01));
#8918=CARTESIAN_POINT('Origin',(-0.483750444353819,-1.65013621573329,1.01));
#8919=CARTESIAN_POINT('',(-0.425494473234382,-1.62229550815763,0.999999999999996));
#8920=CARTESIAN_POINT('Origin',(-0.474675830723753,-1.64707662044544,0.999999999999996));
#8921=CARTESIAN_POINT('',(-0.475875376029264,-1.59201782876127,0.999999999999996));
#8922=CARTESIAN_POINT('Origin',(-0.474675830723753,-1.64707662044544,0.999999999999996));
#8923=CARTESIAN_POINT('',(-0.475875376029264,-1.59201782876127,1.01));
#8924=CARTESIAN_POINT('Origin',(-0.474675830723753,-1.64707662044544,1.01));
#8925=CARTESIAN_POINT('',(-0.475875376029264,-1.59201782876127,0.999999999999996));
#8926=CARTESIAN_POINT('Origin',(-0.823743514372941,-1.59201782876127,0.999999999999996));
#8927=CARTESIAN_POINT('',(-0.823743514372935,-1.59201782876127,0.999999999999996));
#8928=CARTESIAN_POINT('',(-0.459561673033674,-1.59201782876127,0.999999999999996));
#8929=CARTESIAN_POINT('',(-0.823743514372935,-1.59201782876127,1.01));
#8930=CARTESIAN_POINT('',(-0.459561673033674,-1.59201782876127,1.01));
#8931=CARTESIAN_POINT('',(-0.823743514372935,-1.59201782876127,0.999999999999996));
#8932=CARTESIAN_POINT('Origin',(-0.823743514372935,-1.50325147621394,0.999999999999996));
#8933=CARTESIAN_POINT('',(-0.823743514372935,-1.50325147621394,0.999999999999996));
#8934=CARTESIAN_POINT('',(-0.823743514372935,-0.763527802652347,0.999999999999996));
#8935=CARTESIAN_POINT('',(-0.823743514372935,-1.50325147621394,1.01));
#8936=CARTESIAN_POINT('',(-0.823743514372935,-0.763527802652347,1.01));
#8937=CARTESIAN_POINT('',(-0.823743514372935,-1.50325147621394,0.999999999999996));
#8938=CARTESIAN_POINT('Origin',(-0.348723573740517,-1.50325147621394,0.999999999999996));
#8939=CARTESIAN_POINT('',(-0.348723573740515,-1.50325147621394,0.999999999999996));
#8940=CARTESIAN_POINT('',(-0.633495742205767,-1.50325147621394,0.999999999999996));
#8941=CARTESIAN_POINT('',(-0.348723573740515,-1.50325147621394,1.01));
#8942=CARTESIAN_POINT('',(-0.633495742205767,-1.50325147621394,1.01));
#8943=CARTESIAN_POINT('',(-0.348723573740515,-1.50325147621394,0.999999999999996));
#8944=CARTESIAN_POINT('Origin',(-0.348723573740515,-1.58961873814763,0.999999999999996));
#8945=CARTESIAN_POINT('',(-0.348723573740515,-1.58961873814764,0.999999999999996));
#8946=CARTESIAN_POINT('',(-0.348723573740515,-0.719144626378939,0.999999999999996));
#8947=CARTESIAN_POINT('',(-0.348723573740515,-1.58961873814764,1.01));
#8948=CARTESIAN_POINT('',(-0.348723573740515,-0.719144626378939,1.01));
#8949=CARTESIAN_POINT('',(-0.348723573740515,-1.58961873814764,0.999999999999996));
#8950=CARTESIAN_POINT('Origin',(-0.394306295316529,-1.58961873814764,0.999999999999996));
#8951=CARTESIAN_POINT('',(-0.394306295316535,-1.58961873814764,0.999999999999996));
#8952=CARTESIAN_POINT('',(-0.395985771889557,-1.58961873814764,0.999999999999996));
#8953=CARTESIAN_POINT('',(-0.394306295316535,-1.58961873814764,1.01));
#8954=CARTESIAN_POINT('',(-0.395985771889557,-1.58961873814764,1.01));
#8955=CARTESIAN_POINT('',(-0.394306295316535,-1.58961873814764,0.999999999999996));
#8956=CARTESIAN_POINT('Origin',(-0.463144069382358,-1.68903987668199,0.999999999999996));
#8957=CARTESIAN_POINT('Origin',(-0.463144069382358,-1.68903987668199,0.999999999999996));
#8958=CARTESIAN_POINT('Origin',(-0.463144069382358,-1.68903987668199,1.01));
#8959=CARTESIAN_POINT('Origin',(-0.589843218915025,-1.6428823541025,0.999999999999996));
#8960=CARTESIAN_POINT('Origin',(-0.589843218915025,-1.6428823541025,1.01));
#8961=CARTESIAN_POINT('Origin',(-2.52499998864727,1.6849999999985,0.));
#8962=CARTESIAN_POINT('',(-2.52499998864727,1.6849999999985,0.));
#8963=CARTESIAN_POINT('',(-2.52499998864727,2.1249999999981,0.));
#8964=CARTESIAN_POINT('',(-2.52499998864727,1.6849999999985,0.));
#8965=CARTESIAN_POINT('',(-2.52499998864727,2.1249999999981,0.25));
#8966=CARTESIAN_POINT('',(-2.52499998864727,2.1249999999981,0.));
#8967=CARTESIAN_POINT('',(-2.52499998864727,1.6849999999985,0.25));
#8968=CARTESIAN_POINT('',(-2.52499998864727,1.6849999999985,0.25));
#8969=CARTESIAN_POINT('',(-2.52499998864727,1.6849999999985,0.));
#8970=CARTESIAN_POINT('Origin',(-3.07500000000061,1.6849999999985,0.));
#8971=CARTESIAN_POINT('',(-3.07500000000061,1.6849999999985,0.));
#8972=CARTESIAN_POINT('',(-2.94999999999993,1.6849999999985,0.));
#8973=CARTESIAN_POINT('',(-3.07500000000061,1.6849999999985,0.25));
#8974=CARTESIAN_POINT('',(-2.94999999999993,1.6849999999985,0.25));
#8975=CARTESIAN_POINT('',(-3.07500000000061,1.6849999999985,0.));
#8976=CARTESIAN_POINT('Origin',(-3.07500000000061,2.12499999999941,0.));
#8977=CARTESIAN_POINT('',(-3.07500000000061,2.12499999999941,0.));
#8978=CARTESIAN_POINT('',(-3.07500000000061,1.6849999999985,0.));
#8979=CARTESIAN_POINT('',(-3.07500000000061,2.12499999999941,0.25));
#8980=CARTESIAN_POINT('',(-3.07500000000061,1.6849999999985,0.25));
#8981=CARTESIAN_POINT('',(-3.07500000000061,2.12499999999941,0.));
#8982=CARTESIAN_POINT('Origin',(-2.94999999999993,2.1249999999994,0.));
#8983=CARTESIAN_POINT('',(-2.52499998864727,2.1249999999981,0.));
#8984=CARTESIAN_POINT('',(-2.52499998864727,2.1249999999981,0.25));
#8985=CARTESIAN_POINT('Origin',(-3.01250000000027,1.90499999999895,0.));
#8986=CARTESIAN_POINT('Origin',(-3.01250000000027,1.90499999999895,0.25));
#8987=CARTESIAN_POINT('Origin',(-2.52499998864727,0.414999999998488,0.));
#8988=CARTESIAN_POINT('',(-2.52499998864727,0.414999999998488,0.));
#8989=CARTESIAN_POINT('',(-2.52499998864727,0.854999999998087,0.));
#8990=CARTESIAN_POINT('',(-2.52499998864727,0.414999999998488,0.));
#8991=CARTESIAN_POINT('',(-2.52499998864727,0.854999999998087,0.25));
#8992=CARTESIAN_POINT('',(-2.52499998864727,0.854999999998087,0.));
#8993=CARTESIAN_POINT('',(-2.52499998864727,0.414999999998488,0.25));
#8994=CARTESIAN_POINT('',(-2.52499998864727,0.414999999998488,0.25));
#8995=CARTESIAN_POINT('',(-2.52499998864727,0.414999999998488,0.));
#8996=CARTESIAN_POINT('Origin',(-3.07500000000061,0.414999999998488,0.));
#8997=CARTESIAN_POINT('',(-3.07500000000061,0.414999999998488,0.));
#8998=CARTESIAN_POINT('',(-2.94999999999993,0.414999999998488,0.));
#8999=CARTESIAN_POINT('',(-3.07500000000061,0.414999999998488,0.25));
#9000=CARTESIAN_POINT('',(-2.94999999999993,0.414999999998488,0.25));
#9001=CARTESIAN_POINT('',(-3.07500000000061,0.414999999998488,0.));
#9002=CARTESIAN_POINT('Origin',(-3.07500000000061,0.854999999999395,0.));
#9003=CARTESIAN_POINT('',(-3.07500000000061,0.854999999999395,0.));
#9004=CARTESIAN_POINT('',(-3.07500000000061,0.414999999998488,0.));
#9005=CARTESIAN_POINT('',(-3.07500000000061,0.854999999999395,0.25));
#9006=CARTESIAN_POINT('',(-3.07500000000061,0.414999999998488,0.25));
#9007=CARTESIAN_POINT('',(-3.07500000000061,0.854999999999395,0.));
#9008=CARTESIAN_POINT('Origin',(-2.94999999999993,0.854999999999395,0.));
#9009=CARTESIAN_POINT('',(-2.52499998864727,0.854999999998087,0.));
#9010=CARTESIAN_POINT('',(-2.52499998864727,0.854999999998087,0.25));
#9011=CARTESIAN_POINT('Origin',(-3.01250000000027,0.634999999998941,0.));
#9012=CARTESIAN_POINT('Origin',(-3.01250000000027,0.634999999998941,0.25));
#9013=CARTESIAN_POINT('Origin',(-2.52499998864727,-0.855000000001495,0.));
#9014=CARTESIAN_POINT('',(-2.52499998864727,-0.855000000001495,0.));
#9015=CARTESIAN_POINT('',(-2.52499998864727,-0.415000000001895,0.));
#9016=CARTESIAN_POINT('',(-2.52499998864727,-0.855000000001495,0.));
#9017=CARTESIAN_POINT('',(-2.52499998864727,-0.415000000001895,0.25));
#9018=CARTESIAN_POINT('',(-2.52499998864727,-0.415000000001895,0.));
#9019=CARTESIAN_POINT('',(-2.52499998864727,-0.855000000001495,0.25));
#9020=CARTESIAN_POINT('',(-2.52499998864727,-0.855000000001495,0.25));
#9021=CARTESIAN_POINT('',(-2.52499998864727,-0.855000000001495,0.));
#9022=CARTESIAN_POINT('Origin',(-3.07500000000061,-0.855000000001494,0.));
#9023=CARTESIAN_POINT('',(-3.07500000000061,-0.855000000001494,0.));
#9024=CARTESIAN_POINT('',(-2.94999999999993,-0.855000000001494,0.));
#9025=CARTESIAN_POINT('',(-3.07500000000061,-0.855000000001494,0.25));
#9026=CARTESIAN_POINT('',(-2.94999999999993,-0.855000000001494,0.25));
#9027=CARTESIAN_POINT('',(-3.07500000000061,-0.855000000001494,0.));
#9028=CARTESIAN_POINT('Origin',(-3.07500000000062,-0.415000000000587,0.));
#9029=CARTESIAN_POINT('',(-3.07500000000062,-0.415000000000587,0.));
#9030=CARTESIAN_POINT('',(-3.07500000000061,-0.855000000001494,0.));
#9031=CARTESIAN_POINT('',(-3.07500000000062,-0.415000000000587,0.25));
#9032=CARTESIAN_POINT('',(-3.07500000000061,-0.855000000001494,0.25));
#9033=CARTESIAN_POINT('',(-3.07500000000062,-0.415000000000587,0.));
#9034=CARTESIAN_POINT('Origin',(-2.94999999999993,-0.415000000000587,0.));
#9035=CARTESIAN_POINT('',(-2.52499998864727,-0.415000000001895,0.));
#9036=CARTESIAN_POINT('',(-2.52499998864727,-0.415000000001895,0.25));
#9037=CARTESIAN_POINT('Origin',(-3.01250000000027,-0.635000000001041,0.));
#9038=CARTESIAN_POINT('Origin',(-3.01250000000027,-0.635000000001041,0.25));
#9039=CARTESIAN_POINT('Origin',(-2.52499998864727,-2.12500000000151,0.));
#9040=CARTESIAN_POINT('',(-2.52499998864727,-2.12500000000151,0.));
#9041=CARTESIAN_POINT('',(-2.52499998864727,-1.68500000000191,0.));
#9042=CARTESIAN_POINT('',(-2.52499998864727,-2.12500000000151,0.));
#9043=CARTESIAN_POINT('',(-2.52499998864727,-1.68500000000191,0.25));
#9044=CARTESIAN_POINT('',(-2.52499998864727,-1.68500000000191,0.));
#9045=CARTESIAN_POINT('',(-2.52499998864727,-2.12500000000151,0.25));
#9046=CARTESIAN_POINT('',(-2.52499998864727,-2.12500000000151,0.25));
#9047=CARTESIAN_POINT('',(-2.52499998864727,-2.12500000000151,0.));
#9048=CARTESIAN_POINT('Origin',(-3.07500000000062,-2.12500000000151,0.));
#9049=CARTESIAN_POINT('',(-3.07500000000062,-2.12500000000151,0.));
#9050=CARTESIAN_POINT('',(-2.94999999999993,-2.12500000000151,0.));
#9051=CARTESIAN_POINT('',(-3.07500000000062,-2.12500000000151,0.25));
#9052=CARTESIAN_POINT('',(-2.94999999999993,-2.12500000000151,0.25));
#9053=CARTESIAN_POINT('',(-3.07500000000062,-2.12500000000151,0.));
#9054=CARTESIAN_POINT('Origin',(-3.07500000000062,-1.6850000000006,0.));
#9055=CARTESIAN_POINT('',(-3.07500000000062,-1.6850000000006,0.));
#9056=CARTESIAN_POINT('',(-3.07500000000062,-2.12500000000151,0.));
#9057=CARTESIAN_POINT('',(-3.07500000000062,-1.6850000000006,0.25));
#9058=CARTESIAN_POINT('',(-3.07500000000062,-2.12500000000151,0.25));
#9059=CARTESIAN_POINT('',(-3.07500000000062,-1.6850000000006,0.));
#9060=CARTESIAN_POINT('Origin',(-2.94999999999993,-1.6850000000006,0.));
#9061=CARTESIAN_POINT('',(-2.52499998864727,-1.68500000000191,0.));
#9062=CARTESIAN_POINT('',(-2.52499998864727,-1.68500000000191,0.25));
#9063=CARTESIAN_POINT('Origin',(-3.01250000000027,-1.90500000000105,0.));
#9064=CARTESIAN_POINT('Origin',(-3.01250000000027,-1.90500000000105,0.25));
#9065=CARTESIAN_POINT('Origin',(-1.06000705459905,2.57499999999999,0.));
#9066=CARTESIAN_POINT('',(-1.06000000000787,2.57499999999871,0.));
#9067=CARTESIAN_POINT('',(-1.06000000000787,2.57499999999871,0.25));
#9068=CARTESIAN_POINT('',(-1.06000000000787,2.57499999999871,0.));
#9069=CARTESIAN_POINT('',(-1.06000705459905,2.57499999999999,0.25));
#9070=CARTESIAN_POINT('',(-0.810000000024984,2.57499999999999,0.25));
#9071=CARTESIAN_POINT('',(-1.06000705459905,2.57499999999999,0.));
#9072=CARTESIAN_POINT('',(-1.06000705459905,2.57499999999999,0.));
#9073=CARTESIAN_POINT('',(-0.810000000024984,2.57499999999999,0.));
#9074=CARTESIAN_POINT('Origin',(-1.06000705459905,2.69499999999994,0.));
#9075=CARTESIAN_POINT('',(-1.06000705459905,2.69499999999994,0.));
#9076=CARTESIAN_POINT('',(-1.06000705459905,2.57499999999999,0.));
#9077=CARTESIAN_POINT('',(-1.06000705459905,2.69499999999994,0.25));
#9078=CARTESIAN_POINT('',(-1.06000705459905,2.57499999999999,0.25));
#9079=CARTESIAN_POINT('',(-1.06000705459905,2.69499999999994,0.));
#9080=CARTESIAN_POINT('Origin',(-0.810000000024984,2.69499999999994,0.));
#9081=CARTESIAN_POINT('',(-0.810000000024984,2.69499999999994,0.));
#9082=CARTESIAN_POINT('',(-1.06000705459905,2.69499999999994,0.));
#9083=CARTESIAN_POINT('',(-0.810000000024984,2.69499999999994,0.25));
#9084=CARTESIAN_POINT('',(-1.06000705459905,2.69499999999994,0.25));
#9085=CARTESIAN_POINT('',(-0.810000000024984,2.69499999999994,0.));
#9086=CARTESIAN_POINT('Origin',(3.07500000003211,1.68499999999849,0.));
#9087=CARTESIAN_POINT('',(3.07500000003211,2.1249999999994,0.));
#9088=CARTESIAN_POINT('',(3.07500000003211,1.68499999999849,0.));
#9089=CARTESIAN_POINT('',(3.07500000003211,2.1249999999994,0.));
#9090=CARTESIAN_POINT('',(3.07500000003211,2.1249999999994,0.25));
#9091=CARTESIAN_POINT('',(3.07500000003211,2.1249999999994,0.));
#9092=CARTESIAN_POINT('',(3.07500000003211,1.68499999999849,0.25));
#9093=CARTESIAN_POINT('',(3.07500000003211,2.1249999999994,0.25));
#9094=CARTESIAN_POINT('',(3.07500000003211,1.68499999999849,0.));
#9095=CARTESIAN_POINT('Origin',(3.07500000003211,0.414999999998484,0.));
#9096=CARTESIAN_POINT('',(3.07500000003211,0.854999999999391,0.));
#9097=CARTESIAN_POINT('',(3.07500000003211,0.414999999998484,0.));
#9098=CARTESIAN_POINT('',(3.07500000003211,0.854999999999391,0.));
#9099=CARTESIAN_POINT('',(3.07500000003211,0.854999999999391,0.25));
#9100=CARTESIAN_POINT('',(3.07500000003211,0.854999999999391,0.));
#9101=CARTESIAN_POINT('',(3.07500000003211,0.414999999998484,0.25));
#9102=CARTESIAN_POINT('',(3.07500000003211,0.854999999999391,0.25));
#9103=CARTESIAN_POINT('',(3.07500000003211,0.414999999998484,0.));
#9104=CARTESIAN_POINT('Origin',(2.67500000001439,1.68499999999952,0.));
#9105=CARTESIAN_POINT('',(2.67500000001439,1.68499999999952,0.));
#9106=CARTESIAN_POINT('',(2.67500000001439,1.68499999999952,0.));
#9107=CARTESIAN_POINT('',(2.67500000001439,1.68499999999952,0.25));
#9108=CARTESIAN_POINT('',(2.67500000001439,1.68499999999952,0.25));
#9109=CARTESIAN_POINT('',(2.67500000001439,1.68499999999952,0.));
#9110=CARTESIAN_POINT('Origin',(2.67500000001441,1.53499999999953,0.));
#9111=CARTESIAN_POINT('',(2.52500000001442,1.53499999999951,0.));
#9112=CARTESIAN_POINT('Origin',(2.67500000001441,1.53499999999953,0.));
#9113=CARTESIAN_POINT('',(2.52500000001442,1.53499999999951,0.25));
#9114=CARTESIAN_POINT('Origin',(2.67500000001441,1.53499999999953,0.25));
#9115=CARTESIAN_POINT('',(2.52500000001442,1.53499999999951,0.));
#9116=CARTESIAN_POINT('Origin',(2.52500000001442,1.51999999999754,0.));
#9117=CARTESIAN_POINT('',(2.52500000001442,1.51999999999754,0.));
#9118=CARTESIAN_POINT('',(2.52500000001442,1.51999999999754,0.));
#9119=CARTESIAN_POINT('',(2.52500000001442,1.51999999999754,0.25));
#9120=CARTESIAN_POINT('',(2.52500000001442,1.51999999999754,0.25));
#9121=CARTESIAN_POINT('',(2.52500000001442,1.51999999999754,0.));
#9122=CARTESIAN_POINT('Origin',(2.47500000001577,1.51999999999754,0.));
#9123=CARTESIAN_POINT('',(2.47500000001577,1.51999999999754,0.));
#9124=CARTESIAN_POINT('',(2.47500000001577,1.51999999999754,0.));
#9125=CARTESIAN_POINT('',(2.47500000001577,1.51999999999754,0.25));
#9126=CARTESIAN_POINT('',(2.47500000001577,1.51999999999754,0.25));
#9127=CARTESIAN_POINT('',(2.47500000001577,1.51999999999754,0.));
#9128=CARTESIAN_POINT('Origin',(2.47500000001577,1.01999999999754,0.));
#9129=CARTESIAN_POINT('',(2.47500000001577,1.01999999999754,0.));
#9130=CARTESIAN_POINT('',(2.47500000001577,1.01999999999754,0.));
#9131=CARTESIAN_POINT('',(2.47500000001577,1.01999999999754,0.25));
#9132=CARTESIAN_POINT('',(2.47500000001577,1.01999999999754,0.25));
#9133=CARTESIAN_POINT('',(2.47500000001577,1.01999999999754,0.));
#9134=CARTESIAN_POINT('Origin',(2.5250000000147,1.01999999999756,0.));
#9135=CARTESIAN_POINT('',(2.5250000000147,1.01999999999756,0.));
#9136=CARTESIAN_POINT('',(2.5250000000147,1.01999999999756,0.));
#9137=CARTESIAN_POINT('',(2.5250000000147,1.01999999999756,0.25));
#9138=CARTESIAN_POINT('',(2.5250000000147,1.01999999999756,0.25));
#9139=CARTESIAN_POINT('',(2.5250000000147,1.01999999999756,0.));
#9140=CARTESIAN_POINT('Origin',(2.52500000001473,1.00499999999923,0.));
#9141=CARTESIAN_POINT('',(2.52500000001473,1.00499999999923,0.));
#9142=CARTESIAN_POINT('',(2.52500000001473,1.00499999999923,0.));
#9143=CARTESIAN_POINT('',(2.52500000001473,1.00499999999923,0.25));
#9144=CARTESIAN_POINT('',(2.52500000001473,1.00499999999923,0.25));
#9145=CARTESIAN_POINT('',(2.52500000001473,1.00499999999923,0.));
#9146=CARTESIAN_POINT('Origin',(2.67500000001492,1.00499999999904,0.));
#9147=CARTESIAN_POINT('',(2.67500000001473,0.854999999998852,0.));
#9148=CARTESIAN_POINT('Origin',(2.67500000001492,1.00499999999904,0.));
#9149=CARTESIAN_POINT('',(2.67500000001473,0.854999999998852,0.25));
#9150=CARTESIAN_POINT('Origin',(2.67500000001492,1.00499999999904,0.25));
#9151=CARTESIAN_POINT('',(2.67500000001473,0.854999999998852,0.));
#9152=CARTESIAN_POINT('Origin',(2.95000000003276,0.854999999995981,0.));
#9153=CARTESIAN_POINT('',(2.94999999999993,0.854999999999391,0.));
#9154=CARTESIAN_POINT('',(2.94999999999993,0.854999999999391,0.25));
#9155=CARTESIAN_POINT('Origin',(2.67500000001405,0.414999999999451,0.));
#9156=CARTESIAN_POINT('',(2.67500000001405,0.414999999999451,0.));
#9157=CARTESIAN_POINT('',(2.67500000001405,0.414999999999451,0.));
#9158=CARTESIAN_POINT('',(2.67500000001405,0.414999999999451,0.25));
#9159=CARTESIAN_POINT('',(2.67500000001405,0.414999999999451,0.25));
#9160=CARTESIAN_POINT('',(2.67500000001405,0.414999999999451,0.));
#9161=CARTESIAN_POINT('Origin',(2.67500000001527,0.264999999998479,0.));
#9162=CARTESIAN_POINT('',(2.5250000000143,0.264999999997257,0.));
#9163=CARTESIAN_POINT('Origin',(2.67500000001527,0.264999999998479,0.));
#9164=CARTESIAN_POINT('',(2.5250000000143,0.264999999997257,0.25));
#9165=CARTESIAN_POINT('Origin',(2.67500000001527,0.264999999998479,0.25));
#9166=CARTESIAN_POINT('',(2.5250000000143,0.264999999997257,0.));
#9167=CARTESIAN_POINT('Origin',(2.5250000000143,0.249999999997469,0.));
#9168=CARTESIAN_POINT('',(2.5250000000143,0.249999999997469,0.));
#9169=CARTESIAN_POINT('',(2.5250000000143,0.249999999997469,0.));
#9170=CARTESIAN_POINT('',(2.5250000000143,0.249999999997469,0.25));
#9171=CARTESIAN_POINT('',(2.5250000000143,0.249999999997469,0.25));
#9172=CARTESIAN_POINT('',(2.5250000000143,0.249999999997469,0.));
#9173=CARTESIAN_POINT('Origin',(2.42500000001417,0.249999999997469,0.));
#9174=CARTESIAN_POINT('',(2.42500000001417,0.249999999997469,0.));
#9175=CARTESIAN_POINT('',(2.42500000001417,0.249999999997469,0.));
#9176=CARTESIAN_POINT('',(2.42500000001417,0.249999999997469,0.25));
#9177=CARTESIAN_POINT('',(2.42500000001417,0.249999999997469,0.25));
#9178=CARTESIAN_POINT('',(2.42500000001417,0.249999999997469,0.));
#9179=CARTESIAN_POINT('Origin',(2.42500000001417,0.299999999997481,0.));
#9180=CARTESIAN_POINT('',(2.42500000001417,0.299999999997481,0.));
#9181=CARTESIAN_POINT('',(2.42500000001417,0.299999999997481,0.));
#9182=CARTESIAN_POINT('',(2.42500000001417,0.299999999997481,0.25));
#9183=CARTESIAN_POINT('',(2.42500000001417,0.299999999997481,0.25));
#9184=CARTESIAN_POINT('',(2.42500000001417,0.299999999997481,0.));
#9185=CARTESIAN_POINT('Origin',(-1.09999999998772,0.299999999997511,0.));
#9186=CARTESIAN_POINT('',(-1.09999999998772,0.299999999997511,0.));
#9187=CARTESIAN_POINT('',(-1.09999999998772,0.299999999997511,0.));
#9188=CARTESIAN_POINT('',(-1.09999999998772,0.299999999997511,0.25));
#9189=CARTESIAN_POINT('',(-1.09999999998772,0.299999999997511,0.25));
#9190=CARTESIAN_POINT('',(-1.09999999998772,0.299999999997511,0.));
#9191=CARTESIAN_POINT('Origin',(-1.09999999998769,2.27301960974802,0.));
#9192=CARTESIAN_POINT('',(-1.09999999998769,2.27301960974802,0.));
#9193=CARTESIAN_POINT('',(-1.09999999998769,2.27301960974802,0.));
#9194=CARTESIAN_POINT('',(-1.09999999998769,2.27301960974802,0.25));
#9195=CARTESIAN_POINT('',(-1.09999999998769,2.27301960974802,0.25));
#9196=CARTESIAN_POINT('',(-1.09999999998769,2.27301960974802,0.));
#9197=CARTESIAN_POINT('Origin',(-1.21000000000754,2.37499999999797,0.));
#9198=CARTESIAN_POINT('',(-1.06000000000787,2.37499999999784,0.));
#9199=CARTESIAN_POINT('Origin',(-1.21000000000754,2.37499999999797,0.));
#9200=CARTESIAN_POINT('',(-1.06000000000787,2.37499999999784,0.25));
#9201=CARTESIAN_POINT('Origin',(-1.21000000000754,2.37499999999797,0.25));
#9202=CARTESIAN_POINT('',(-1.06000000000787,2.37499999999784,0.));
#9203=CARTESIAN_POINT('Origin',(-1.06000000000787,2.57499999999871,0.));
#9204=CARTESIAN_POINT('',(-1.06000000000787,2.57499999999871,0.));
#9205=CARTESIAN_POINT('',(-1.06000000000787,2.57499999999871,0.25));
#9206=CARTESIAN_POINT('Origin',(-0.810000000007903,2.34999999999783,0.));
#9207=CARTESIAN_POINT('',(-0.810000000007902,2.34999999999783,0.));
#9208=CARTESIAN_POINT('',(-0.810000000007903,2.34999999999783,0.));
#9209=CARTESIAN_POINT('',(-0.810000000007903,2.34999999999783,0.25));
#9210=CARTESIAN_POINT('',(-0.810000000007903,2.34999999999783,0.25));
#9211=CARTESIAN_POINT('',(-0.810000000007902,2.34999999999783,0.));
#9212=CARTESIAN_POINT('Origin',(-0.660000000007911,2.34999999999782,0.));
#9213=CARTESIAN_POINT('',(-0.660000000007925,2.19999999999783,0.));
#9214=CARTESIAN_POINT('Origin',(-0.660000000007911,2.34999999999782,0.));
#9215=CARTESIAN_POINT('',(-0.660000000007925,2.19999999999783,0.25));
#9216=CARTESIAN_POINT('Origin',(-0.660000000007911,2.34999999999782,0.25));
#9217=CARTESIAN_POINT('',(-0.660000000007925,2.19999999999783,0.));
#9218=CARTESIAN_POINT('Origin',(-0.574999999985834,2.19999999999783,0.));
#9219=CARTESIAN_POINT('',(-0.574999999985834,2.19999999999783,0.));
#9220=CARTESIAN_POINT('',(-0.574999999985834,2.19999999999783,0.));
#9221=CARTESIAN_POINT('',(-0.574999999985834,2.19999999999783,0.25));
#9222=CARTESIAN_POINT('',(-0.574999999985834,2.19999999999783,0.25));
#9223=CARTESIAN_POINT('',(-0.574999999985834,2.19999999999783,0.));
#9224=CARTESIAN_POINT('Origin',(-0.574999999985834,2.14999999999785,0.));
#9225=CARTESIAN_POINT('',(-0.574999999985834,2.14999999999785,0.));
#9226=CARTESIAN_POINT('',(-0.574999999985834,2.14999999999785,0.));
#9227=CARTESIAN_POINT('',(-0.574999999985834,2.14999999999785,0.25));
#9228=CARTESIAN_POINT('',(-0.574999999985834,2.14999999999785,0.25));
#9229=CARTESIAN_POINT('',(-0.574999999985834,2.14999999999785,0.));
#9230=CARTESIAN_POINT('Origin',(2.42500000001417,2.14999999999784,0.));
#9231=CARTESIAN_POINT('',(2.42500000001417,2.14999999999784,0.));
#9232=CARTESIAN_POINT('',(2.42500000001417,2.14999999999784,0.));
#9233=CARTESIAN_POINT('',(2.42500000001417,2.14999999999784,0.25));
#9234=CARTESIAN_POINT('',(2.42500000001417,2.14999999999784,0.25));
#9235=CARTESIAN_POINT('',(2.42500000001417,2.14999999999784,0.));
#9236=CARTESIAN_POINT('Origin',(2.4250000000134,2.19999999999783,0.));
#9237=CARTESIAN_POINT('',(2.4250000000134,2.19999999999783,0.));
#9238=CARTESIAN_POINT('',(2.4250000000134,2.19999999999783,0.));
#9239=CARTESIAN_POINT('',(2.4250000000134,2.19999999999783,0.25));
#9240=CARTESIAN_POINT('',(2.4250000000134,2.19999999999783,0.25));
#9241=CARTESIAN_POINT('',(2.4250000000134,2.19999999999783,0.));
#9242=CARTESIAN_POINT('Origin',(2.54509618944911,2.19999999999783,0.));
#9243=CARTESIAN_POINT('',(2.54509618944911,2.19999999999783,0.));
#9244=CARTESIAN_POINT('',(2.54509618944911,2.19999999999783,0.));
#9245=CARTESIAN_POINT('',(2.54509618944911,2.19999999999783,0.25));
#9246=CARTESIAN_POINT('',(2.54509618944911,2.19999999999783,0.25));
#9247=CARTESIAN_POINT('',(2.54509618944911,2.19999999999783,0.));
#9248=CARTESIAN_POINT('Origin',(2.67500000001731,2.27499999999729,0.));
#9249=CARTESIAN_POINT('',(2.67500002062442,2.1249999999971,0.));
#9250=CARTESIAN_POINT('Origin',(2.67500000001731,2.27499999999729,0.));
#9251=CARTESIAN_POINT('',(2.67500002062442,2.1249999999971,0.25));
#9252=CARTESIAN_POINT('Origin',(2.67500000001731,2.27499999999729,0.25));
#9253=CARTESIAN_POINT('',(2.67500002062442,2.1249999999971,0.));
#9254=CARTESIAN_POINT('Origin',(2.95000000003373,2.1249999999963,0.));
#9255=CARTESIAN_POINT('',(2.94999999999993,2.1249999999994,0.));
#9256=CARTESIAN_POINT('',(2.94999999999993,2.1249999999994,0.25));
#9257=CARTESIAN_POINT('Origin',(0.893525936841113,1.30104880656848,0.25));
#9258=CARTESIAN_POINT('Origin',(0.893525936841113,1.30104880656848,0.));
#9259=CARTESIAN_POINT('Origin',(-1.06000000002513,-2.69499999999999,0.));
#9260=CARTESIAN_POINT('',(-0.810000000025243,-2.69499999999999,0.));
#9261=CARTESIAN_POINT('',(-1.06000000002513,-2.69499999999999,0.));
#9262=CARTESIAN_POINT('',(-0.810000000025243,-2.69499999999999,0.));
#9263=CARTESIAN_POINT('',(-0.810000000025243,-2.69499999999999,0.25));
#9264=CARTESIAN_POINT('',(-0.810000000025243,-2.69499999999999,0.));
#9265=CARTESIAN_POINT('',(-1.06000000002513,-2.69499999999999,0.25));
#9266=CARTESIAN_POINT('',(-0.810000000025243,-2.69499999999999,0.25));
#9267=CARTESIAN_POINT('',(-1.06000000002513,-2.69499999999999,0.));
#9268=CARTESIAN_POINT('Origin',(3.07500000003211,-0.855000000001498,0.));
#9269=CARTESIAN_POINT('',(3.07500000003211,-0.415000000000591,0.));
#9270=CARTESIAN_POINT('',(3.07500000003211,-0.855000000001498,0.));
#9271=CARTESIAN_POINT('',(3.07500000003211,-0.415000000000591,0.));
#9272=CARTESIAN_POINT('',(3.07500000003211,-0.415000000000591,0.25));
#9273=CARTESIAN_POINT('',(3.07500000003211,-0.415000000000591,0.));
#9274=CARTESIAN_POINT('',(3.07500000003211,-0.855000000001498,0.25));
#9275=CARTESIAN_POINT('',(3.07500000003211,-0.415000000000591,0.25));
#9276=CARTESIAN_POINT('',(3.07500000003211,-0.855000000001498,0.));
#9277=CARTESIAN_POINT('Origin',(3.0750000000321,-2.12500000000151,0.));
#9278=CARTESIAN_POINT('',(3.0750000000321,-1.6850000000006,0.));
#9279=CARTESIAN_POINT('',(3.0750000000321,-2.12500000000151,0.));
#9280=CARTESIAN_POINT('',(3.0750000000321,-1.6850000000006,0.));
#9281=CARTESIAN_POINT('',(3.0750000000321,-1.6850000000006,0.25));
#9282=CARTESIAN_POINT('',(3.0750000000321,-1.6850000000006,0.));
#9283=CARTESIAN_POINT('',(3.0750000000321,-2.12500000000151,0.25));
#9284=CARTESIAN_POINT('',(3.0750000000321,-1.6850000000006,0.25));
#9285=CARTESIAN_POINT('',(3.0750000000321,-2.12500000000151,0.));
#9286=CARTESIAN_POINT('Origin',(2.95000000003213,-1.68500000000279,0.));
#9287=CARTESIAN_POINT('',(2.67500000001473,-1.68500000000165,0.));
#9288=CARTESIAN_POINT('',(2.94999999999993,-1.6850000000006,0.));
#9289=CARTESIAN_POINT('',(2.67500000001473,-1.68500000000165,0.25));
#9290=CARTESIAN_POINT('',(2.67500000001473,-1.68500000000165,0.));
#9291=CARTESIAN_POINT('',(2.94999999999993,-1.6850000000006,0.25));
#9292=CARTESIAN_POINT('Origin',(2.67500002062431,-2.12500000000179,0.));
#9293=CARTESIAN_POINT('',(2.67500002062431,-2.12500000000179,0.));
#9294=CARTESIAN_POINT('',(2.67500002062431,-2.12500000000179,0.));
#9295=CARTESIAN_POINT('',(2.67500002062431,-2.12500000000179,0.25));
#9296=CARTESIAN_POINT('',(2.67500002062431,-2.12500000000179,0.25));
#9297=CARTESIAN_POINT('',(2.67500002062431,-2.12500000000179,0.));
#9298=CARTESIAN_POINT('Origin',(2.67500000001692,-2.27500000000177,0.));
#9299=CARTESIAN_POINT('',(2.54509618944905,-2.20000000000215,0.));
#9300=CARTESIAN_POINT('Origin',(2.67500000001692,-2.27500000000177,0.));
#9301=CARTESIAN_POINT('',(2.54509618944905,-2.20000000000215,0.25));
#9302=CARTESIAN_POINT('Origin',(2.67500000001692,-2.27500000000177,0.25));
#9303=CARTESIAN_POINT('',(2.54509618944905,-2.20000000000215,0.));
#9304=CARTESIAN_POINT('Origin',(2.42500000001405,-2.20000000000252,0.));
#9305=CARTESIAN_POINT('',(2.42500000001405,-2.20000000000252,0.));
#9306=CARTESIAN_POINT('',(2.42500000001405,-2.20000000000252,0.));
#9307=CARTESIAN_POINT('',(2.42500000001405,-2.20000000000252,0.25));
#9308=CARTESIAN_POINT('',(2.42500000001405,-2.20000000000252,0.25));
#9309=CARTESIAN_POINT('',(2.42500000001405,-2.20000000000252,0.));
#9310=CARTESIAN_POINT('Origin',(2.42500000001405,-2.15000000000217,0.));
#9311=CARTESIAN_POINT('',(2.42500000001405,-2.15000000000217,0.));
#9312=CARTESIAN_POINT('',(2.42500000001405,-2.15000000000217,0.));
#9313=CARTESIAN_POINT('',(2.42500000001405,-2.15000000000217,0.25));
#9314=CARTESIAN_POINT('',(2.42500000001405,-2.15000000000217,0.25));
#9315=CARTESIAN_POINT('',(2.42500000001405,-2.15000000000217,0.));
#9316=CARTESIAN_POINT('Origin',(-0.574999999985949,-2.15000000000217,0.));
#9317=CARTESIAN_POINT('',(-0.574999999985949,-2.15000000000217,0.));
#9318=CARTESIAN_POINT('',(-0.574999999985949,-2.15000000000217,0.));
#9319=CARTESIAN_POINT('',(-0.574999999985949,-2.15000000000217,0.25));
#9320=CARTESIAN_POINT('',(-0.574999999985949,-2.15000000000217,0.25));
#9321=CARTESIAN_POINT('',(-0.574999999985949,-2.15000000000217,0.));
#9322=CARTESIAN_POINT('Origin',(-0.574999999985949,-2.20000000000215,0.));
#9323=CARTESIAN_POINT('',(-0.574999999985949,-2.20000000000215,0.));
#9324=CARTESIAN_POINT('',(-0.574999999985949,-2.20000000000215,0.));
#9325=CARTESIAN_POINT('',(-0.574999999985949,-2.20000000000215,0.25));
#9326=CARTESIAN_POINT('',(-0.574999999985949,-2.20000000000215,0.25));
#9327=CARTESIAN_POINT('',(-0.574999999985949,-2.20000000000215,0.));
#9328=CARTESIAN_POINT('Origin',(-0.660000000008098,-2.20000000000215,0.));
#9329=CARTESIAN_POINT('',(-0.660000000008098,-2.20000000000215,0.));
#9330=CARTESIAN_POINT('',(-0.660000000008098,-2.20000000000215,0.));
#9331=CARTESIAN_POINT('',(-0.660000000008098,-2.20000000000215,0.25));
#9332=CARTESIAN_POINT('',(-0.660000000008098,-2.20000000000215,0.25));
#9333=CARTESIAN_POINT('',(-0.660000000008098,-2.20000000000215,0.));
#9334=CARTESIAN_POINT('Origin',(-0.660000000008098,-2.35000000000215,0.));
#9335=CARTESIAN_POINT('',(-0.810000000008104,-2.35000000000215,0.));
#9336=CARTESIAN_POINT('Origin',(-0.660000000008098,-2.35000000000215,0.));
#9337=CARTESIAN_POINT('',(-0.810000000008104,-2.35000000000215,0.25));
#9338=CARTESIAN_POINT('Origin',(-0.660000000008098,-2.35000000000215,0.25));
#9339=CARTESIAN_POINT('',(-0.810000000008104,-2.35000000000215,0.));
#9340=CARTESIAN_POINT('Origin',(-0.810000000025214,-2.57499999999996,0.));
#9341=CARTESIAN_POINT('',(-0.810000000025243,-2.57499999999999,0.));
#9342=CARTESIAN_POINT('',(-0.810000000025243,-2.57499999999999,0.25));
#9343=CARTESIAN_POINT('Origin',(-1.06000000000799,-2.37500000000253,0.));
#9344=CARTESIAN_POINT('',(-1.06000000000799,-2.37500000000253,0.));
#9345=CARTESIAN_POINT('',(-1.06000000000799,-2.37500000000253,0.));
#9346=CARTESIAN_POINT('',(-1.06000000000799,-2.37500000000253,0.25));
#9347=CARTESIAN_POINT('',(-1.06000000000799,-2.37500000000253,0.25));
#9348=CARTESIAN_POINT('',(-1.06000000000799,-2.37500000000253,0.));
#9349=CARTESIAN_POINT('Origin',(-1.21000000000814,-2.37500000000251,0.));
#9350=CARTESIAN_POINT('',(-1.09999999998783,-2.27301960975234,0.));
#9351=CARTESIAN_POINT('Origin',(-1.21000000000814,-2.37500000000251,0.));
#9352=CARTESIAN_POINT('',(-1.09999999998783,-2.27301960975234,0.25));
#9353=CARTESIAN_POINT('Origin',(-1.21000000000814,-2.37500000000251,0.25));
#9354=CARTESIAN_POINT('',(-1.09999999998783,-2.27301960975234,0.));
#9355=CARTESIAN_POINT('Origin',(-1.09999999998777,-0.300000000002171,0.));
#9356=CARTESIAN_POINT('',(-1.09999999998777,-0.300000000002171,0.));
#9357=CARTESIAN_POINT('',(-1.09999999998777,-0.300000000002171,0.));
#9358=CARTESIAN_POINT('',(-1.09999999998777,-0.300000000002171,0.25));
#9359=CARTESIAN_POINT('',(-1.09999999998777,-0.300000000002171,0.25));
#9360=CARTESIAN_POINT('',(-1.09999999998777,-0.300000000002171,0.));
#9361=CARTESIAN_POINT('Origin',(2.42500000001417,-0.300000000002172,0.));
#9362=CARTESIAN_POINT('',(2.42500000001417,-0.300000000002172,0.));
#9363=CARTESIAN_POINT('',(2.42500000001417,-0.300000000002172,0.));
#9364=CARTESIAN_POINT('',(2.42500000001417,-0.300000000002172,0.25));
#9365=CARTESIAN_POINT('',(2.42500000001417,-0.300000000002172,0.25));
#9366=CARTESIAN_POINT('',(2.42500000001417,-0.300000000002172,0.));
#9367=CARTESIAN_POINT('Origin',(2.42500000001417,-0.250000000002161,0.));
#9368=CARTESIAN_POINT('',(2.42500000001417,-0.250000000002161,0.));
#9369=CARTESIAN_POINT('',(2.42500000001417,-0.250000000002161,0.));
#9370=CARTESIAN_POINT('',(2.42500000001417,-0.250000000002161,0.25));
#9371=CARTESIAN_POINT('',(2.42500000001417,-0.250000000002161,0.25));
#9372=CARTESIAN_POINT('',(2.42500000001417,-0.250000000002161,0.));
#9373=CARTESIAN_POINT('Origin',(2.52500000001427,-0.250000000002161,0.));
#9374=CARTESIAN_POINT('',(2.52500000001427,-0.250000000002161,0.));
#9375=CARTESIAN_POINT('',(2.52500000001427,-0.250000000002161,0.));
#9376=CARTESIAN_POINT('',(2.52500000001427,-0.250000000002161,0.25));
#9377=CARTESIAN_POINT('',(2.52500000001427,-0.250000000002161,0.25));
#9378=CARTESIAN_POINT('',(2.52500000001427,-0.250000000002161,0.));
#9379=CARTESIAN_POINT('Origin',(2.52500000001427,-0.265000000001949,0.));
#9380=CARTESIAN_POINT('',(2.52500000001427,-0.265000000001948,0.));
#9381=CARTESIAN_POINT('',(2.52500000001427,-0.265000000001949,0.));
#9382=CARTESIAN_POINT('',(2.52500000001427,-0.265000000001949,0.25));
#9383=CARTESIAN_POINT('',(2.52500000001427,-0.265000000001949,0.25));
#9384=CARTESIAN_POINT('',(2.52500000001427,-0.265000000001948,0.));
#9385=CARTESIAN_POINT('Origin',(2.67500000001409,-0.265000000001764,0.));
#9386=CARTESIAN_POINT('',(2.67500000001428,-0.415000000001585,0.));
#9387=CARTESIAN_POINT('Origin',(2.67500000001409,-0.265000000001764,0.));
#9388=CARTESIAN_POINT('',(2.67500000001428,-0.415000000001585,0.25));
#9389=CARTESIAN_POINT('Origin',(2.67500000001409,-0.265000000001764,0.25));
#9390=CARTESIAN_POINT('',(2.67500000001428,-0.415000000001585,0.));
#9391=CARTESIAN_POINT('Origin',(2.95000000003213,-0.415000000001812,0.));
#9392=CARTESIAN_POINT('',(2.94999999999993,-0.415000000000591,0.));
#9393=CARTESIAN_POINT('',(2.94999999999993,-0.415000000000591,0.25));
#9394=CARTESIAN_POINT('Origin',(2.67500000001473,-0.855000000000275,0.));
#9395=CARTESIAN_POINT('',(2.67500000001473,-0.855000000000275,0.));
#9396=CARTESIAN_POINT('',(2.67500000001473,-0.855000000000275,0.));
#9397=CARTESIAN_POINT('',(2.67500000001473,-0.855000000000275,0.25));
#9398=CARTESIAN_POINT('',(2.67500000001473,-0.855000000000275,0.25));
#9399=CARTESIAN_POINT('',(2.67500000001473,-0.855000000000275,0.));
#9400=CARTESIAN_POINT('Origin',(2.67500000001473,-1.00500000000028,0.));
#9401=CARTESIAN_POINT('',(2.52500000001473,-1.00500000000028,0.));
#9402=CARTESIAN_POINT('Origin',(2.67500000001473,-1.00500000000028,0.));
#9403=CARTESIAN_POINT('',(2.52500000001473,-1.00500000000028,0.25));
#9404=CARTESIAN_POINT('Origin',(2.67500000001473,-1.00500000000028,0.25));
#9405=CARTESIAN_POINT('',(2.52500000001473,-1.00500000000028,0.));
#9406=CARTESIAN_POINT('Origin',(2.52500000001473,-1.0200000000055,0.));
#9407=CARTESIAN_POINT('',(2.52500000001473,-1.0200000000055,0.));
#9408=CARTESIAN_POINT('',(2.52500000001473,-1.0200000000055,0.));
#9409=CARTESIAN_POINT('',(2.52500000001473,-1.0200000000055,0.25));
#9410=CARTESIAN_POINT('',(2.52500000001473,-1.0200000000055,0.25));
#9411=CARTESIAN_POINT('',(2.52500000001473,-1.0200000000055,0.));
#9412=CARTESIAN_POINT('Origin',(2.475000000016,-1.02000000000223,0.));
#9413=CARTESIAN_POINT('',(2.475000000016,-1.02000000000223,0.));
#9414=CARTESIAN_POINT('',(2.475000000016,-1.02000000000223,0.));
#9415=CARTESIAN_POINT('',(2.475000000016,-1.02000000000223,0.25));
#9416=CARTESIAN_POINT('',(2.475000000016,-1.02000000000223,0.25));
#9417=CARTESIAN_POINT('',(2.475000000016,-1.02000000000223,0.));
#9418=CARTESIAN_POINT('Origin',(2.475000000016,-1.52000000000223,0.));
#9419=CARTESIAN_POINT('',(2.475000000016,-1.52000000000223,0.));
#9420=CARTESIAN_POINT('',(2.475000000016,-1.52000000000223,0.));
#9421=CARTESIAN_POINT('',(2.475000000016,-1.52000000000223,0.25));
#9422=CARTESIAN_POINT('',(2.475000000016,-1.52000000000223,0.25));
#9423=CARTESIAN_POINT('',(2.475000000016,-1.52000000000223,0.));
#9424=CARTESIAN_POINT('Origin',(2.52500000001476,-1.52000000000223,0.));
#9425=CARTESIAN_POINT('',(2.52500000001476,-1.52000000000223,0.));
#9426=CARTESIAN_POINT('',(2.52500000001476,-1.52000000000223,0.));
#9427=CARTESIAN_POINT('',(2.52500000001476,-1.52000000000223,0.25));
#9428=CARTESIAN_POINT('',(2.52500000001476,-1.52000000000223,0.25));
#9429=CARTESIAN_POINT('',(2.52500000001476,-1.52000000000223,0.));
#9430=CARTESIAN_POINT('Origin',(2.52500000001473,-1.53500000000165,0.));
#9431=CARTESIAN_POINT('',(2.52500000001473,-1.53500000000165,0.));
#9432=CARTESIAN_POINT('',(2.52500000001473,-1.53500000000165,0.));
#9433=CARTESIAN_POINT('',(2.52500000001473,-1.53500000000165,0.25));
#9434=CARTESIAN_POINT('',(2.52500000001473,-1.53500000000165,0.25));
#9435=CARTESIAN_POINT('',(2.52500000001473,-1.53500000000165,0.));
#9436=CARTESIAN_POINT('Origin',(2.67500000001473,-1.53500000000165,0.));
#9437=CARTESIAN_POINT('Origin',(2.67500000001473,-1.53500000000165,0.));
#9438=CARTESIAN_POINT('Origin',(2.67500000001473,-1.53500000000165,0.25));
#9439=CARTESIAN_POINT('Origin',(0.893525936842032,-1.30104880657176,0.25));
#9440=CARTESIAN_POINT('Origin',(0.893525936842032,-1.30104880657176,0.));
#9441=CARTESIAN_POINT('Origin',(-2.95,2.575,0.25));
#9442=CARTESIAN_POINT('',(2.95,2.575,0.02));
#9443=CARTESIAN_POINT('',(-2.95,2.575,0.02));
#9444=CARTESIAN_POINT('',(-2.95,2.575,0.02));
#9445=CARTESIAN_POINT('',(-2.95,2.575,0.25));
#9446=CARTESIAN_POINT('',(-2.95,2.575,0.25));
#9447=CARTESIAN_POINT('',(2.95,2.575,0.25));
#9448=CARTESIAN_POINT('',(-2.95,2.575,0.25));
#9449=CARTESIAN_POINT('',(2.95,2.575,0.25));
#9450=CARTESIAN_POINT('Origin',(-2.95,-2.575,0.25));
#9451=CARTESIAN_POINT('',(-2.95,-2.575,0.02));
#9452=CARTESIAN_POINT('',(-2.95,-2.575,0.02));
#9453=CARTESIAN_POINT('',(-2.95,-2.575,0.25));
#9454=CARTESIAN_POINT('',(-2.95,-2.575,0.25));
#9455=CARTESIAN_POINT('',(-2.95,-2.575,0.25));
#9456=CARTESIAN_POINT('Origin',(-2.95,-2.575,0.25));
#9457=CARTESIAN_POINT('',(2.95,-2.575,0.02));
#9458=CARTESIAN_POINT('',(-2.95,-2.575,0.02));
#9459=CARTESIAN_POINT('',(2.95,-2.575,0.25));
#9460=CARTESIAN_POINT('',(2.95,-2.575,0.25));
#9461=CARTESIAN_POINT('',(-2.95,-2.575,0.25));
#9462=CARTESIAN_POINT('Origin',(2.95,-2.575,0.25));
#9463=CARTESIAN_POINT('',(2.95,-2.575,0.02));
#9464=CARTESIAN_POINT('',(2.95,-2.575,0.25));
#9465=CARTESIAN_POINT('Origin',(-1.77635683940025E-15,0.,0.25));
#9466=CARTESIAN_POINT('Origin',(-1.77635683940025E-15,0.,0.02));
#9467=CARTESIAN_POINT('Origin',(2.95,-2.575,0.25));
#9468=CARTESIAN_POINT('',(2.83232557665214,2.45732557665215,0.917364817766693));
#9469=CARTESIAN_POINT('',(2.95,2.575,0.25));
#9470=CARTESIAN_POINT('',(2.95,2.575,0.25));
#9471=CARTESIAN_POINT('',(2.83232557665214,-2.45732557665214,0.917364817766693));
#9472=CARTESIAN_POINT('',(2.83232557665214,-2.44275476446865,0.917364817766693));
#9473=CARTESIAN_POINT('',(2.95,-2.575,0.25));
#9474=CARTESIAN_POINT('',(2.95,-2.575,0.25));
#9475=CARTESIAN_POINT('',(2.95,-2.575,0.25));
#9476=CARTESIAN_POINT('Origin',(2.95,2.575,0.25));
#9477=CARTESIAN_POINT('',(-2.83232557665215,2.45732557665214,0.917364817766693));
#9478=CARTESIAN_POINT('',(-2.95,2.575,0.25));
#9479=CARTESIAN_POINT('',(-2.95,2.575,0.25));
#9480=CARTESIAN_POINT('',(2.81775476446865,2.45732557665215,0.917364817766693));
#9481=CARTESIAN_POINT('',(2.95,2.575,0.25));
#9482=CARTESIAN_POINT('Origin',(-2.95,2.575,0.25));
#9483=CARTESIAN_POINT('',(-2.83232557665214,-2.45732557665215,0.917364817766693));
#9484=CARTESIAN_POINT('',(-2.95,-2.575,0.25));
#9485=CARTESIAN_POINT('',(-2.95,-2.575,0.25));
#9486=CARTESIAN_POINT('',(-2.83232557665215,2.44275476446865,0.917364817766693));
#9487=CARTESIAN_POINT('',(-2.95,2.575,0.25));
#9488=CARTESIAN_POINT('Origin',(-2.95,-2.575,0.25));
#9489=CARTESIAN_POINT('',(-2.81775476446865,-2.45732557665215,0.917364817766693));
#9490=CARTESIAN_POINT('',(-2.95,-2.575,0.25));
#9491=CARTESIAN_POINT('Origin',(-1.77635683940025E-15,0.,1.));
#9492=CARTESIAN_POINT('',(-2.73384480135093,2.35884480135092,1.));
#9493=CARTESIAN_POINT('',(-2.73384480135092,-2.35884480135093,1.));
#9494=CARTESIAN_POINT('',(-2.73384480135092,-2.44275476446865,1.));
#9495=CARTESIAN_POINT('',(2.73384480135092,-2.35884480135092,1.));
#9496=CARTESIAN_POINT('',(2.81775476446865,-2.35884480135092,1.));
#9497=CARTESIAN_POINT('',(2.73384480135092,2.35884480135092,1.));
#9498=CARTESIAN_POINT('',(2.73384480135092,2.44275476446865,1.));
#9499=CARTESIAN_POINT('',(-2.81775476446865,2.35884480135092,1.));
#9500=CARTESIAN_POINT('Origin',(-1.77635683940025E-15,0.,0.25));
#9501=CARTESIAN_POINT('Origin',(-3.17066923229698E-15,2.35884480135092,
0.9));
#9502=CARTESIAN_POINT('Origin',(2.73384480135085,2.35884480135086,0.899999999999918));
#9503=CARTESIAN_POINT('Origin',(-2.73384480135096,2.35884480135095,0.900000000000036));
#9504=CARTESIAN_POINT('Origin',(-2.73384480135092,-1.21407097768463E-15,
0.9));
#9505=CARTESIAN_POINT('Origin',(-2.733844801351,-2.358844801351,0.900000000000092));
#9506=CARTESIAN_POINT('Origin',(2.73384480135092,1.21407097768463E-15,0.9));
#9507=CARTESIAN_POINT('Origin',(2.73384480135089,-2.35884480135089,0.899999999999957));
#9508=CARTESIAN_POINT('Origin',(-3.82044446503518E-16,-2.35884480135092,
0.9));
#9509=UNCERTAINTY_MEASURE_WITH_UNIT(LENGTH_MEASURE(0.01),#9513,
'DISTANCE_ACCURACY_VALUE',
'Maximum model space distance between geometric entities at asserted c
onnectivities');
#9510=UNCERTAINTY_MEASURE_WITH_UNIT(LENGTH_MEASURE(0.01),#9513,
'DISTANCE_ACCURACY_VALUE',
'Maximum model space distance between geometric entities at asserted c
onnectivities');
#9511=(
GEOMETRIC_REPRESENTATION_CONTEXT(3)
GLOBAL_UNCERTAINTY_ASSIGNED_CONTEXT((#9509))
GLOBAL_UNIT_ASSIGNED_CONTEXT((#9513,#9514,#9515))
REPRESENTATION_CONTEXT('','3D')
);
#9512=(
GEOMETRIC_REPRESENTATION_CONTEXT(3)
GLOBAL_UNCERTAINTY_ASSIGNED_CONTEXT((#9510))
GLOBAL_UNIT_ASSIGNED_CONTEXT((#9513,#9514,#9515))
REPRESENTATION_CONTEXT('','3D')
);
#9513=(
LENGTH_UNIT()
NAMED_UNIT(*)
SI_UNIT(.MILLI.,.METRE.)
);
#9514=(
NAMED_UNIT(*)
PLANE_ANGLE_UNIT()
SI_UNIT($,.RADIAN.)
);
#9515=(
NAMED_UNIT(*)
SI_UNIT($,.STERADIAN.)
SOLID_ANGLE_UNIT()
);
#9516=SHAPE_DEFINITION_REPRESENTATION(#9517,#9518);
#9517=PRODUCT_DEFINITION_SHAPE('',$,#9520);
#9518=SHAPE_REPRESENTATION('',(#5609),#9511);
#9519=PRODUCT_DEFINITION_CONTEXT('part definition',#9524,'design');
#9520=PRODUCT_DEFINITION('Product','Product',#9521,#9519);
#9521=PRODUCT_DEFINITION_FORMATION('',$,#9526);
#9522=PRODUCT_RELATED_PRODUCT_CATEGORY('Product','Product',(#9526));
#9523=APPLICATION_PROTOCOL_DEFINITION('international standard',
'automotive_design',2009,#9524);
#9524=APPLICATION_CONTEXT(
'Core Data for Automotive Mechanical Design Process');
#9525=PRODUCT_CONTEXT('part definition',#9524,'mechanical');
#9526=PRODUCT('Product','Product',$,(#9525));
#9527=PRESENTATION_STYLE_ASSIGNMENT((#9530));
#9528=PRESENTATION_STYLE_ASSIGNMENT((#9531));
#9529=PRESENTATION_STYLE_ASSIGNMENT((#9532));
#9530=SURFACE_STYLE_USAGE(.BOTH.,#9533);
#9531=SURFACE_STYLE_USAGE(.BOTH.,#9534);
#9532=SURFACE_STYLE_USAGE(.BOTH.,#9535);
#9533=SURFACE_SIDE_STYLE('',(#9536));
#9534=SURFACE_SIDE_STYLE('',(#9537));
#9535=SURFACE_SIDE_STYLE('',(#9538));
#9536=SURFACE_STYLE_FILL_AREA(#9539);
#9537=SURFACE_STYLE_FILL_AREA(#9540);
#9538=SURFACE_STYLE_FILL_AREA(#9541);
#9539=FILL_AREA_STYLE('',(#9542));
#9540=FILL_AREA_STYLE('',(#9543));
#9541=FILL_AREA_STYLE('',(#9544));
#9542=FILL_AREA_STYLE_COLOUR('',#9545);
#9543=FILL_AREA_STYLE_COLOUR('',#9546);
#9544=FILL_AREA_STYLE_COLOUR('',#9547);
#9545=COLOUR_RGB('',1.,1.,1.);
#9546=COLOUR_RGB('',0.866666666666667,0.866666666666667,0.866666666666667);
#9547=COLOUR_RGB('',0.329411764705882,0.329411764705882,0.329411764705882);
ENDSEC;
END-ISO-10303-21;
