ISO-10303-21;
HEADER;
FILE_DESCRIPTION (( 'STEP AP214' ),
    '1' );
FILE_NAME ('IAM-20380HT.STEP',
    '2023-05-09T09:24:03',
    ( '' ),
    ( '' ),
    'SwSTEP 2.0',
    'SolidWorks 2013',
    '' );
FILE_SCHEMA (( 'AUTOMOTIVE_DESIGN' ));
ENDSEC;

DATA;
#1 = UNCERTAINTY_MEASURE_WITH_UNIT (LENGTH_MEASURE( 1.000000000000000100E-005 ), #5434, 'distance_accuracy_value', 'NONE');
#2 = CARTESIAN_POINT ( 'NONE',  ( 0.004921259842519684100, 0.0000000000000000000, 0.0000000000000000000 ) ) ;
#3 = LINE ( 'NONE', #816, #4886 ) ;
#4 = FILL_AREA_STYLE ('',( #4866 ) ) ;
#5 = DIRECTION ( 'NONE',  ( 0.0000000000000000000, -0.0000000000000000000, 1.000000000000000000 ) ) ;
#6 = ORIENTED_EDGE ( 'NONE', *, *, #2641, .T. ) ;
#7 = VERTEX_POINT ( 'NONE', #10002 ) ;
#8 = EDGE_CURVE ( 'NONE', #6105, #4047, #7034, .T. ) ;
#9 = PRESENTATION_LAYER_ASSIGNMENT (  '', '', ( #11397 ) ) ;
#10 = COLOUR_RGB ( '',0.2509803921568627400, 0.2509803921568627400, 0.2509803921568627400 ) ;
#11 = EDGE_CURVE ( 'NONE', #4614, #9280, #12293, .T. ) ;
#12 = PRESENTATION_STYLE_ASSIGNMENT (( #3732 ) ) ;
#13 = LENGTH_MEASURE_WITH_UNIT ( LENGTH_MEASURE( 0.02539999999999999900 ), #6484 );
#14 = VECTOR ( 'NONE', #6224, 39.37007874015748100 ) ;
#15 =( NAMED_UNIT ( * ) SI_UNIT ( $, .STERADIAN. ) SOLID_ANGLE_UNIT ( ) );
#16 = DIRECTION ( 'NONE',  ( 0.0000000000000000000, -0.0000000000000000000, -1.000000000000000000 ) ) ;
#17 = DIRECTION ( 'NONE',  ( 1.000000000000000000, -0.0000000000000000000, 3.575470135588969500E-015 ) ) ;
#18 =( LENGTH_UNIT ( ) NAMED_UNIT ( * ) SI_UNIT ( $, .METRE. ) );
#19 = SURFACE_STYLE_FILL_AREA ( #8077 ) ;
#20 = FACE_BOUND ( 'NONE', #11798, .T. ) ;
#21 = ORIENTED_EDGE ( 'NONE', *, *, #8759, .F. ) ;
#22 = PRESENTATION_STYLE_ASSIGNMENT (( #11586 ) ) ;
#23 = ORIENTED_EDGE ( 'NONE', *, *, #9916, .F. ) ;
#24 = FILL_AREA_STYLE ('',( #11732 ) ) ;
#25 = ORIENTED_EDGE ( 'NONE', *, *, #3045, .F. ) ;
#26 = ORIENTED_EDGE ( 'NONE', *, *, #4316, .T. ) ;
#27 =( NAMED_UNIT ( * ) SI_UNIT ( $, .STERADIAN. ) SOLID_ANGLE_UNIT ( ) );
#28 = ADVANCED_FACE ( 'NONE', ( #11974 ), #2080, .F. ) ;
#29 =( GEOMETRIC_REPRESENTATION_CONTEXT ( 3 ) GLOBAL_UNCERTAINTY_ASSIGNED_CONTEXT ( ( #7338 ) ) GLOBAL_UNIT_ASSIGNED_CONTEXT ( ( #6671, #864, #7648 ) ) REPRESENTATION_CONTEXT ( 'NONE', 'WORKASPACE' ) );
#30 = CARTESIAN_POINT ( 'NONE',  ( 0.004921259842519684100, 0.0000000000000000000, 0.04291338582677166300 ) ) ;
#31 = LINE ( 'NONE', #7859, #10124 ) ;
#32 = EDGE_CURVE ( 'NONE', #9519, #6433, #681, .T. ) ;
#33 = VERTEX_POINT ( 'NONE', #2167 ) ;
#34 = PLANE ( 'NONE',  #12512 ) ;
#35 =( LENGTH_UNIT ( ) NAMED_UNIT ( * ) SI_UNIT ( $, .METRE. ) );
#36 = SURFACE_STYLE_USAGE ( .BOTH. , #5875 ) ;
#37 = FACE_OUTER_BOUND ( 'NONE', #3533, .T. ) ;
#38 = VECTOR ( 'NONE', #1662, 39.37007874015748100 ) ;
#39 = AXIS2_PLACEMENT_3D ( 'NONE', #5692, #12561, #6661 ) ;
#40 = PRESENTATION_STYLE_ASSIGNMENT (( #2014 ) ) ;
#41 = AXIS2_PLACEMENT_3D ( 'NONE', #5885, #47, #6848 ) ;
#42 = DIRECTION ( 'NONE',  ( -2.929742899324058200E-015, 0.0000000000000000000, -1.000000000000000000 ) ) ;
#43 = STYLED_ITEM ( 'NONE', ( #10329 ), #11050 ) ;
#44 = DIRECTION ( 'NONE',  ( -0.0000000000000000000, -1.000000000000000000, 0.0000000000000000000 ) ) ;
#45 = CARTESIAN_POINT ( 'NONE',  ( -0.01476377952755906200, 0.007204724409448820400, 0.05669291338582680600 ) ) ;
#46 = CARTESIAN_POINT ( 'NONE',  ( -0.004921259842522326100, 0.001181102362204723300, 0.05669291338582657000 ) ) ;
#47 = DIRECTION ( 'NONE',  ( -1.000000000000000000, 0.0000000000000000000, -5.588988455919166100E-015 ) ) ;
#48 = FACE_OUTER_BOUND ( 'NONE', #2074, .T. ) ;
#49 = LINE ( 'NONE', #8088, #5224 ) ;
#50 = LINE ( 'NONE', #6792, #10144 ) ;
#51 = EDGE_CURVE ( 'NONE', #8294, #246, #8115, .T. ) ;
#52 = LENGTH_MEASURE_WITH_UNIT ( LENGTH_MEASURE( 0.02539999999999999900 ), #2674 );
#53 = DIRECTION ( 'NONE',  ( 0.0000000000000000000, -0.0000000000000000000, -1.000000000000000000 ) ) ;
#54 =( NAMED_UNIT ( * ) SI_UNIT ( $, .STERADIAN. ) SOLID_ANGLE_UNIT ( ) );
#55 = LENGTH_MEASURE_WITH_UNIT ( LENGTH_MEASURE( 0.02539999999999999900 ), #4775 );
#56 = EDGE_LOOP ( 'NONE', ( #6631, #8188, #8631, #9060 ) ) ;
#57 = DIMENSIONAL_EXPONENTS ( 1.000000000000000000, 0.0000000000000000000, 0.0000000000000000000, 0.0000000000000000000, 0.0000000000000000000, 0.0000000000000000000, 0.0000000000000000000 ) ;
#58 = ORIENTED_EDGE ( 'NONE', *, *, #9692, .F. ) ;
#59 = ORIENTED_EDGE ( 'NONE', *, *, #4238, .F. ) ;
#60 =( GEOMETRIC_REPRESENTATION_CONTEXT ( 3 ) GLOBAL_UNCERTAINTY_ASSIGNED_CONTEXT ( ( #7458 ) ) GLOBAL_UNIT_ASSIGNED_CONTEXT ( ( #613, #7401, #1577 ) ) REPRESENTATION_CONTEXT ( 'NONE', 'WORKASPACE' ) );
#61 = STYLED_ITEM ( 'NONE', ( #1117 ), #12156 ) ;
#62 = LENGTH_MEASURE_WITH_UNIT ( LENGTH_MEASURE( 0.02539999999999999900 ), #398 );
#63 =( NAMED_UNIT ( * ) SI_UNIT ( $, .STERADIAN. ) SOLID_ANGLE_UNIT ( ) );
#64 = LENGTH_MEASURE_WITH_UNIT ( LENGTH_MEASURE( 0.02539999999999999900 ), #9029 );
#65 = EDGE_CURVE ( 'NONE', #2692, #10826, #10746, .T. ) ;
#66 = FILL_AREA_STYLE ('',( #5944 ) ) ;
#67 = DIRECTION ( 'NONE',  ( -5.511545443598771800E-015, 0.0000000000000000000, 1.000000000000000000 ) ) ;
#68 = DIMENSIONAL_EXPONENTS ( 1.000000000000000000, 0.0000000000000000000, 0.0000000000000000000, 0.0000000000000000000, 0.0000000000000000000, 0.0000000000000000000, 0.0000000000000000000 ) ;
#69 =( NAMED_UNIT ( * ) PLANE_ANGLE_UNIT ( ) SI_UNIT ( $, .RADIAN. ) );
#70 = EDGE_LOOP ( 'NONE', ( #7581, #3140, #6632, #10852 ) ) ;
#72 = EDGE_CURVE ( 'NONE', #11596, #12616, #2934, .T. ) ;
#71 = FACE_OUTER_BOUND ( 'NONE', #4353, .T. ) ;
#73 = ORIENTED_EDGE ( 'NONE', *, *, #8393, .T. ) ;
#74 = FILL_AREA_STYLE_COLOUR ( '', #2446 ) ;
#75 = LINE ( 'NONE', #4994, #5249 ) ;
#76 = LINE ( 'NONE', #10699, #10168 ) ;
#77 = CARTESIAN_POINT ( 'NONE',  ( 0.04291338582677153200, 0.007204724409448820400, -0.03444881889763795600 ) ) ;
#78 = STYLED_ITEM ( 'NONE', ( #469 ), #6300 ) ;
#79 = DIRECTION ( 'NONE',  ( -3.513515725732651700E-015, -0.0000000000000000000, 1.000000000000000000 ) ) ;
#80 =( GEOMETRIC_REPRESENTATION_CONTEXT ( 3 ) GLOBAL_UNCERTAINTY_ASSIGNED_CONTEXT ( ( #7676 ) ) GLOBAL_UNIT_ASSIGNED_CONTEXT ( ( #7772, #1934, #8788 ) ) REPRESENTATION_CONTEXT ( 'NONE', 'WORKASPACE' ) );
#81 = CARTESIAN_POINT ( 'NONE',  ( -0.05669291338582674300, 0.0000000000000000000, 0.004921259842519482900 ) ) ;
#82 = CARTESIAN_POINT ( 'NONE',  ( -0.05669291338582684700, -0.01693371115559762200, 0.01476377952755886400 ) ) ;
#83 = ORIENTED_EDGE ( 'NONE', *, *, #2031, .T. ) ;
#84 = EDGE_LOOP ( 'NONE', ( #6122, #8664, #12182, #3087 ) ) ;
#85 = PRESENTATION_STYLE_ASSIGNMENT (( #2823 ) ) ;
#86 = EDGE_CURVE ( 'NONE', #12520, #8737, #3244, .T. ) ;
#87 = DIMENSIONAL_EXPONENTS ( 1.000000000000000000, 0.0000000000000000000, 0.0000000000000000000, 0.0000000000000000000, 0.0000000000000000000, 0.0000000000000000000, 0.0000000000000000000 ) ;
#88 = COLOUR_RGB ( '',0.9686274509803921600, 0.8784313725490196000, 0.5999999999999999800 ) ;
#89 = DIRECTION ( 'NONE',  ( -2.086075048549672200E-014, 0.0000000000000000000, 1.000000000000000000 ) ) ;
#90 = DIRECTION ( 'NONE',  ( 1.000000000000000000, -0.0000000000000000000, 6.982962677686265900E-015 ) ) ;
#91 = SURFACE_STYLE_USAGE ( .BOTH. , #5921 ) ;
#92 = ADVANCED_FACE ( 'NONE', ( #7802 ), #6865, .F. ) ;
#93 = PLANE ( 'NONE',  #794 ) ;
#94 =( NAMED_UNIT ( * ) PLANE_ANGLE_UNIT ( ) SI_UNIT ( $, .RADIAN. ) );
#95 = DIRECTION ( 'NONE',  ( 6.982962677686265900E-015, 0.0000000000000000000, -1.000000000000000000 ) ) ;
#96 = EDGE_LOOP ( 'NONE', ( #2374, #254 ) ) ;
#97 = EDGE_LOOP ( 'NONE', ( #9921, #12487, #10339, #4167 ) ) ;
#98 = ORIENTED_EDGE ( 'NONE', *, *, #8904, .T. ) ;
#99 = LENGTH_MEASURE_WITH_UNIT ( LENGTH_MEASURE( 0.02539999999999999900 ), #12191 );
#100 = DIRECTION ( 'NONE',  ( -1.000000000000000000, 0.0000000000000000000, 3.425378178171707600E-015 ) ) ;
#101 = DIRECTION ( 'NONE',  ( -3.425378178174569500E-015, 0.0000000000000000000, -1.000000000000000000 ) ) ;
#102 =( GEOMETRIC_REPRESENTATION_CONTEXT ( 3 ) GLOBAL_UNCERTAINTY_ASSIGNED_CONTEXT ( ( #4717 ) ) GLOBAL_UNIT_ASSIGNED_CONTEXT ( ( #9937, #4057, #10910 ) ) REPRESENTATION_CONTEXT ( 'NONE', 'WORKASPACE' ) );
#103 =( NAMED_UNIT ( * ) PLANE_ANGLE_UNIT ( ) SI_UNIT ( $, .RADIAN. ) );
#104 = ORIENTED_EDGE ( 'NONE', *, *, #7508, .T. ) ;
#105 = DIRECTION ( 'NONE',  ( -0.0000000000000000000, -1.000000000000000000, -0.0000000000000000000 ) ) ;
#106 = CARTESIAN_POINT ( 'NONE',  ( -0.04291338582677179500, 0.001181102362204723500, 0.03444881889763765800 ) ) ;
#107 = UNCERTAINTY_MEASURE_WITH_UNIT (LENGTH_MEASURE( 1.000000000000000100E-005 ), #7265, 'distance_accuracy_value', 'NONE');
#108 = ORIENTED_EDGE ( 'NONE', *, *, #475, .F. ) ;
#109 = VECTOR ( 'NONE', #8957, 39.37007874015748100 ) ;
#110 = UNCERTAINTY_MEASURE_WITH_UNIT (LENGTH_MEASURE( 1.000000000000000100E-005 ), #12213, 'distance_accuracy_value', 'NONE');
#111 = CLOSED_SHELL ( 'NONE', ( #5845, #1497, #1253, #10788, #5204, #9191 ) ) ;
#112 = EDGE_LOOP ( 'NONE', ( #2642, #10028, #6862, #6658 ) ) ;
#113 = VECTOR ( 'NONE', #7552, 39.37007874015748100 ) ;
#114 = VECTOR ( 'NONE', #5, 39.37007874015748100 ) ;
#115 =( GEOMETRIC_REPRESENTATION_CONTEXT ( 3 ) GLOBAL_UNCERTAINTY_ASSIGNED_CONTEXT ( ( #445 ) ) GLOBAL_UNIT_ASSIGNED_CONTEXT ( ( #4318, #2153, #8992 ) ) REPRESENTATION_CONTEXT ( 'NONE', 'WORKASPACE' ) );
#116 =( GEOMETRIC_REPRESENTATION_CONTEXT ( 3 ) GLOBAL_UNCERTAINTY_ASSIGNED_CONTEXT ( ( #8800 ) ) GLOBAL_UNIT_ASSIGNED_CONTEXT ( ( #9198, #3337, #10183 ) ) REPRESENTATION_CONTEXT ( 'NONE', 'WORKASPACE' ) );
#117 = STYLED_ITEM ( 'NONE', ( #1636 ), #10535 ) ;
#118 = ORIENTED_EDGE ( 'NONE', *, *, #7423, .F. ) ;
#119 = DIRECTION ( 'NONE',  ( 1.309156885088692300E-017, 0.0000000000000000000, -1.000000000000000000 ) ) ;
#120 = LENGTH_MEASURE_WITH_UNIT ( LENGTH_MEASURE( 0.02539999999999999900 ), #5989 );
#121 = EDGE_CURVE ( 'NONE', #1583, #5766, #9212, .T. ) ;
#122 = SURFACE_STYLE_FILL_AREA ( #9426 ) ;
#123 = DIRECTION ( 'NONE',  ( 1.000000000000000000, 0.0000000000000000000, 0.0000000000000000000 ) ) ;
#124 = FILL_AREA_STYLE_COLOUR ( '', #4157 ) ;
#125 = DIRECTION ( 'NONE',  ( 0.0000000000000000000, -0.0000000000000000000, 1.000000000000000000 ) ) ;
#126 =( GEOMETRIC_REPRESENTATION_CONTEXT ( 3 ) GLOBAL_UNCERTAINTY_ASSIGNED_CONTEXT ( ( #4833 ) ) GLOBAL_UNIT_ASSIGNED_CONTEXT ( ( #11540, #5659, #12537 ) ) REPRESENTATION_CONTEXT ( 'NONE', 'WORKASPACE' ) );
#127 = STYLED_ITEM ( 'NONE', ( #347 ), #9393 ) ;
#128 = DIRECTION ( 'NONE',  ( 0.0000000000000000000, 1.000000000000000000, 0.0000000000000000000 ) ) ;
#129 = STYLED_ITEM ( 'NONE', ( #10326 ), #11636 ) ;
#130 = DIRECTION ( 'NONE',  ( -0.0000000000000000000, -1.000000000000000000, -0.0000000000000000000 ) ) ;
#131 =( LENGTH_UNIT ( ) NAMED_UNIT ( * ) SI_UNIT ( $, .METRE. ) );
#132 = ORIENTED_EDGE ( 'NONE', *, *, #6246, .F. ) ;
#133 =( CONVERSION_BASED_UNIT ( 'INCH', #6448 ) LENGTH_UNIT ( ) NAMED_UNIT ( #10407 ) );
#134 = LENGTH_MEASURE_WITH_UNIT ( LENGTH_MEASURE( 0.02539999999999999900 ), #10195 );
#135 = LENGTH_MEASURE_WITH_UNIT ( LENGTH_MEASURE( 0.02539999999999999900 ), #11132 );
#136 =( CONVERSION_BASED_UNIT ( 'INCH', #1886 ) LENGTH_UNIT ( ) NAMED_UNIT ( #10448 ) );
#137 = FILL_AREA_STYLE_COLOUR ( '', #2346 ) ;
#138 = EDGE_CURVE ( 'NONE', #4594, #6370, #4000, .T. ) ;
#139 =( LENGTH_UNIT ( ) NAMED_UNIT ( * ) SI_UNIT ( $, .METRE. ) );
#140 = FACE_OUTER_BOUND ( 'NONE', #4624, .T. ) ;
#141 = PRESENTATION_STYLE_ASSIGNMENT (( #7521 ) ) ;
#142 = PRESENTATION_STYLE_ASSIGNMENT (( #9836 ) ) ;
#143 = FILL_AREA_STYLE ('',( #9892 ) ) ;
#144 = DIRECTION ( 'NONE',  ( -0.0000000000000000000, -1.000000000000000000, 0.0000000000000000000 ) ) ;
#145 = CYLINDRICAL_SURFACE ( 'NONE', #4527, 0.007052567223509561600 ) ;
#146 = FACE_OUTER_BOUND ( 'NONE', #3606, .T. ) ;
#147 = FILL_AREA_STYLE_COLOUR ( '', #6444 ) ;
#148 = FACE_OUTER_BOUND ( 'NONE', #7786, .T. ) ;
#149 = STYLED_ITEM ( 'NONE', ( #3869 ), #4504 ) ;
#150 =( CONVERSION_BASED_UNIT ( 'INCH', #120 ) LENGTH_UNIT ( ) NAMED_UNIT ( #11755 ) );
#151 = ADVANCED_FACE ( 'NONE', ( #1414 ), #5665, .F. ) ;
#152 = LINE ( 'NONE', #12683, #9943 ) ;
#153 = CARTESIAN_POINT ( 'NONE',  ( -0.05669291338582694400, 0.001181102362204723300, 0.04429133858267697600 ) ) ;
#154 = VECTOR ( 'NONE', #11782, 39.37007874015748100 ) ;
#155 = PLANE ( 'NONE',  #1512 ) ;
#156 = CARTESIAN_POINT ( 'NONE',  ( -0.05669291338582684700, 0.0000000000000000000, 0.0000000000000000000 ) ) ;
#157 = EDGE_CURVE ( 'NONE', #4063, #10728, #3506, .T. ) ;
#158 = ORIENTED_EDGE ( 'NONE', *, *, #7540, .F. ) ;
#159 = SURFACE_STYLE_FILL_AREA ( #10551 ) ;
#160 = LINE ( 'NONE', #7319, #2433 ) ;
#161 = EDGE_CURVE ( 'NONE', #10284, #9093, #11312, .T. ) ;
#162 = COLOUR_RGB ( '',0.3529411764705882000, 0.3529411764705882000, 0.3529411764705882000 ) ;
#163 = ADVANCED_FACE ( 'NONE', ( #932 ), #2799, .F. ) ;
#164 = SURFACE_STYLE_FILL_AREA ( #10496 ) ;
#165 =( GEOMETRIC_REPRESENTATION_CONTEXT ( 3 ) GLOBAL_UNCERTAINTY_ASSIGNED_CONTEXT ( ( #10804 ) ) GLOBAL_UNIT_ASSIGNED_CONTEXT ( ( #5327, #12203, #6320 ) ) REPRESENTATION_CONTEXT ( 'NONE', 'WORKASPACE' ) );
#166 = EDGE_LOOP ( 'NONE', ( #2343, #8402, #2570, #2517 ) ) ;
#167 = STYLED_ITEM ( 'NONE', ( #10899 ), #5785 ) ;
#168 = UNCERTAINTY_MEASURE_WITH_UNIT (LENGTH_MEASURE( 1.000000000000000100E-005 ), #9101, 'distance_accuracy_value', 'NONE');
#169 =( NAMED_UNIT ( * ) PLANE_ANGLE_UNIT ( ) SI_UNIT ( $, .RADIAN. ) );
#170 = FILL_AREA_STYLE ('',( #5018 ) ) ;
#171 = VECTOR ( 'NONE', #9418, 39.37007874015748100 ) ;
#172 = COLOUR_RGB ( '',0.3529411764705882000, 0.3529411764705882000, 0.3529411764705882000 ) ;
#173 = CARTESIAN_POINT ( 'NONE',  ( 0.05669291338582670800, 0.007204724409448820400, -0.02460629921259862800 ) ) ;
#174 =( NAMED_UNIT ( * ) SI_UNIT ( $, .STERADIAN. ) SOLID_ANGLE_UNIT ( ) );
#175 = AXIS2_PLACEMENT_3D ( 'NONE', #8920, #3069, #9922 ) ;
#176 = CARTESIAN_POINT ( 'NONE',  ( -0.05669291338582658400, 0.001181102362204723500, -0.004921259842522307000 ) ) ;
#177 = CARTESIAN_POINT ( 'NONE',  ( -0.04291338582677133000, 0.0000000000000000000, -0.02460629921260094500 ) ) ;
#178 = DIMENSIONAL_EXPONENTS ( 1.000000000000000000, 0.0000000000000000000, 0.0000000000000000000, 0.0000000000000000000, 0.0000000000000000000, 0.0000000000000000000, 0.0000000000000000000 ) ;
#179 = DIRECTION ( 'NONE',  ( 1.000000000000000000, -0.0000000000000000000, 4.504786283433685400E-015 ) ) ;
#180 = LINE ( 'NONE', #10100, #7645 ) ;
#181 = CARTESIAN_POINT ( 'NONE',  ( 0.05905511811023663600, 0.03149606299212598400, -0.05905511811023582400 ) ) ;
#182 = FACE_OUTER_BOUND ( 'NONE', #259, .T. ) ;
#183 = FILL_AREA_STYLE ('',( #11904 ) ) ;
#184 =( GEOMETRIC_REPRESENTATION_CONTEXT ( 3 ) GLOBAL_UNCERTAINTY_ASSIGNED_CONTEXT ( ( #3441 ) ) GLOBAL_UNIT_ASSIGNED_CONTEXT ( ( #7513, #1688, #8512 ) ) REPRESENTATION_CONTEXT ( 'NONE', 'WORKASPACE' ) );
#185 = CARTESIAN_POINT ( 'NONE',  ( -0.01476377952755906200, 0.007204724409448820400, 0.04291338582677153800 ) ) ;
#186 = DIRECTION ( 'NONE',  ( -6.982962677686265900E-015, 0.0000000000000000000, 1.000000000000000000 ) ) ;
#187 = DIRECTION ( 'NONE',  ( 0.0000000000000000000, -0.0000000000000000000, -1.000000000000000000 ) ) ;
#188 = DIMENSIONAL_EXPONENTS ( 1.000000000000000000, 0.0000000000000000000, 0.0000000000000000000, 0.0000000000000000000, 0.0000000000000000000, 0.0000000000000000000, 0.0000000000000000000 ) ;
#189 = LINE ( 'NONE', #12101, #2468 ) ;
#190 = VECTOR ( 'NONE', #7889, 39.37007874015748100 ) ;
#191 = STYLED_ITEM ( 'NONE', ( #3312 ), #1819 ) ;
#192 = DIRECTION ( 'NONE',  ( -2.606492091342680900E-014, 0.0000000000000000000, 1.000000000000000000 ) ) ;
#193 = VECTOR ( 'NONE', #11626, 39.37007874015748100 ) ;
#194 = DIRECTION ( 'NONE',  ( 0.0000000000000000000, 1.000000000000000000, 0.0000000000000000000 ) ) ;
#195 = EDGE_CURVE ( 'NONE', #4984, #5200, #9785, .T. ) ;
#196 = ORIENTED_EDGE ( 'NONE', *, *, #1781, .F. ) ;
#197 = DIRECTION ( 'NONE',  ( -1.000000000000000000, 0.0000000000000000000, 3.394400973246411800E-015 ) ) ;
#198 = DIRECTION ( 'NONE',  ( 0.0000000000000000000, -0.0000000000000000000, 1.000000000000000000 ) ) ;
#199 = LINE ( 'NONE', #9845, #7665 ) ;
#200 = CYLINDRICAL_SURFACE ( 'NONE', #2244, 0.007052567223509561600 ) ;
#201 = LINE ( 'NONE', #863, #5074 ) ;
#202 =( GEOMETRIC_REPRESENTATION_CONTEXT ( 3 ) GLOBAL_UNCERTAINTY_ASSIGNED_CONTEXT ( ( #2148 ) ) GLOBAL_UNIT_ASSIGNED_CONTEXT ( ( #3966, #10805, #4944 ) ) REPRESENTATION_CONTEXT ( 'NONE', 'WORKASPACE' ) );
#203 = STYLED_ITEM ( 'NONE', ( #12219 ), #9051 ) ;
#204 = DIRECTION ( 'NONE',  ( 0.0000000000000000000, -0.0000000000000000000, -1.000000000000000000 ) ) ;
#205 = DIMENSIONAL_EXPONENTS ( 1.000000000000000000, 0.0000000000000000000, 0.0000000000000000000, 0.0000000000000000000, 0.0000000000000000000, 0.0000000000000000000, 0.0000000000000000000 ) ;
#206 =( CONVERSION_BASED_UNIT ( 'INCH', #10265 ) LENGTH_UNIT ( ) NAMED_UNIT ( #1205 ) );
#207 = FILL_AREA_STYLE ('',( #5017 ) ) ;
#208 = DIRECTION ( 'NONE',  ( -0.0000000000000000000, -1.000000000000000000, -0.0000000000000000000 ) ) ;
#209 = ORIENTED_EDGE ( 'NONE', *, *, #11343, .T. ) ;
#210 = ORIENTED_EDGE ( 'NONE', *, *, #7962, .T. ) ;
#211 = DIRECTION ( 'NONE',  ( 0.0000000000000000000, 1.000000000000000000, 0.0000000000000000000 ) ) ;
#212 = COLOUR_RGB ( '',0.9686274509803921600, 0.8784313725490196000, 0.5999999999999999800 ) ;
#213 =( NAMED_UNIT ( * ) PLANE_ANGLE_UNIT ( ) SI_UNIT ( $, .RADIAN. ) );
#214 = DIRECTION ( 'NONE',  ( 0.0000000000000000000, 1.000000000000000000, 0.0000000000000000000 ) ) ;
#215 = LENGTH_MEASURE_WITH_UNIT ( LENGTH_MEASURE( 0.02539999999999999900 ), #2059 );
#216 = SURFACE_SIDE_STYLE ('',( #11066 ) ) ;
#217 = STYLED_ITEM ( 'NONE', ( #11610 ), #4176 ) ;
#218 = ADVANCED_FACE ( 'NONE', ( #7131 ), #5054, .F. ) ;
#219 = MECHANICAL_DESIGN_GEOMETRIC_PRESENTATION_REPRESENTATION (  '', ( #10950 ), #910 ) ;
#220 = ORIENTED_EDGE ( 'NONE', *, *, #1808, .F. ) ;
#221 = PLANE ( 'NONE',  #3153 ) ;
#222 = VECTOR ( 'NONE', #8151, 39.37007874015748100 ) ;
#223 = DIRECTION ( 'NONE',  ( 1.778792249757036600E-015, 0.0000000000000000000, -1.000000000000000000 ) ) ;
#224 = ORIENTED_EDGE ( 'NONE', *, *, #5289, .T. ) ;
#225 = DIRECTION ( 'NONE',  ( 1.000000000000000000, 0.0000000000000000000, 6.766122243189165800E-015 ) ) ;
#226 = VERTEX_POINT ( 'NONE', #1234 ) ;
#227 = FACE_OUTER_BOUND ( 'NONE', #2505, .T. ) ;
#228 = ORIENTED_EDGE ( 'NONE', *, *, #2502, .F. ) ;
#229 = VECTOR ( 'NONE', #7653, 39.37007874015748100 ) ;
#230 = PLANE ( 'NONE',  #2382 ) ;
#231 = DIRECTION ( 'NONE',  ( 6.115600939697863200E-015, 0.0000000000000000000, -1.000000000000000000 ) ) ;
#232 =( NAMED_UNIT ( * ) SI_UNIT ( $, .STERADIAN. ) SOLID_ANGLE_UNIT ( ) );
#233 = DIRECTION ( 'NONE',  ( 0.0000000000000000000, -1.000000000000000000, 0.0000000000000000000 ) ) ;
#234 = ORIENTED_EDGE ( 'NONE', *, *, #12641, .F. ) ;
#235 = ORIENTED_EDGE ( 'NONE', *, *, #5599, .F. ) ;
#236 = DIRECTION ( 'NONE',  ( 1.000000000000000000, 0.0000000000000000000, -0.0000000000000000000 ) ) ;
#237 =( GEOMETRIC_REPRESENTATION_CONTEXT ( 3 ) GLOBAL_UNCERTAINTY_ASSIGNED_CONTEXT ( ( #8119 ) ) GLOBAL_UNIT_ASSIGNED_CONTEXT ( ( #12479, #6591, #773 ) ) REPRESENTATION_CONTEXT ( 'NONE', 'WORKASPACE' ) );
#238 = VECTOR ( 'NONE', #4640, 39.37007874015748100 ) ;
#239 = ORIENTED_EDGE ( 'NONE', *, *, #12385, .T. ) ;
#240 = FILL_AREA_STYLE ('',( #1222 ) ) ;
#241 = AXIS2_PLACEMENT_3D ( 'NONE', #9083, #3237, #10075 ) ;
#242 = ORIENTED_EDGE ( 'NONE', *, *, #2989, .F. ) ;
#243 = ORIENTED_EDGE ( 'NONE', *, *, #6302, .T. ) ;
#244 = VECTOR ( 'NONE', #12319, 39.37007874015748100 ) ;
#245 = CARTESIAN_POINT ( 'NONE',  ( 0.004921259842519684100, 0.001181102362204724400, 0.0000000000000000000 ) ) ;
#246 = VERTEX_POINT ( 'NONE', #11923 ) ;
#247 = DIRECTION ( 'NONE',  ( 6.982962677686265900E-015, 0.0000000000000000000, -1.000000000000000000 ) ) ;
#248 = EDGE_CURVE ( 'NONE', #10513, #4515, #3665, .T. ) ;
#249 = CARTESIAN_POINT ( 'NONE',  ( -0.02460629921260099100, 0.0000000000000000000, 0.05669291338582569500 ) ) ;
#250 = DIRECTION ( 'NONE',  ( 0.0000000000000000000, -0.0000000000000000000, 1.000000000000000000 ) ) ;
#251 = DIRECTION ( 'NONE',  ( 0.0000000000000000000, 1.000000000000000000, 0.0000000000000000000 ) ) ;
#252 = EDGE_CURVE ( 'NONE', #9476, #10402, #8541, .T. ) ;
#253 = EDGE_LOOP ( 'NONE', ( #10806, #5235, #6998, #7877 ) ) ;
#254 = ORIENTED_EDGE ( 'NONE', *, *, #1677, .F. ) ;
#255 = LINE ( 'NONE', #1638, #5125 ) ;
#256 = LINE ( 'NONE', #5731, #12663 ) ;
#257 = DIRECTION ( 'NONE',  ( 1.000000000000000000, 0.0000000000000000000, 0.0000000000000000000 ) ) ;
#258 = CARTESIAN_POINT ( 'NONE',  ( 0.05669291338582692400, 0.007204724409448820400, 0.03444881889763762300 ) ) ;
#259 = EDGE_LOOP ( 'NONE', ( #4161, #5552, #3222, #4066 ) ) ;
#260 =( GEOMETRIC_REPRESENTATION_CONTEXT ( 3 ) GLOBAL_UNCERTAINTY_ASSIGNED_CONTEXT ( ( #805 ) ) GLOBAL_UNIT_ASSIGNED_CONTEXT ( ( #10800, #4941, #11793 ) ) REPRESENTATION_CONTEXT ( 'NONE', 'WORKASPACE' ) );
#261 = CARTESIAN_POINT ( 'NONE',  ( 0.05669291338582674300, 0.001181102362204723300, -0.01476377952755926100 ) ) ;
#262 = VECTOR ( 'NONE', #1302, 39.37007874015748100 ) ;
#263 = DIRECTION ( 'NONE',  ( -4.292739916162993600E-015, 0.0000000000000000000, -1.000000000000000000 ) ) ;
#264 = VECTOR ( 'NONE', #3690, 39.37007874015748100 ) ;
#265 = MECHANICAL_DESIGN_GEOMETRIC_PRESENTATION_REPRESENTATION (  '', ( #10991 ), #943 ) ;
#266 = FILL_AREA_STYLE_COLOUR ( '', #2775 ) ;
#267 = ORIENTED_EDGE ( 'NONE', *, *, #2864, .F. ) ;
#268 =( LENGTH_UNIT ( ) NAMED_UNIT ( * ) SI_UNIT ( $, .METRE. ) );
#269 = EDGE_CURVE ( 'NONE', #5084, #2293, #11155, .T. ) ;
#270 = COLOUR_RGB ( '',0.2509803921568627400, 0.2509803921568627400, 0.2509803921568627400 ) ;
#271 = CARTESIAN_POINT ( 'NONE',  ( -0.02272557806252448900, 0.003937007874015748800, -0.02272557806252478000 ) ) ;
#272 = CARTESIAN_POINT ( 'NONE',  ( -0.02460629921260102500, 0.007204724409448820400, 0.05669291338582569500 ) ) ;
#273 = CARTESIAN_POINT ( 'NONE',  ( 0.01476377952755936400, 0.0000000000000000000, -0.04291338582677148300 ) ) ;
#274 =( NAMED_UNIT ( * ) SI_UNIT ( $, .STERADIAN. ) SOLID_ANGLE_UNIT ( ) );
#275 = SURFACE_SIDE_STYLE ('',( #5876 ) ) ;
#276 = ORIENTED_EDGE ( 'NONE', *, *, #7732, .F. ) ;
#277 = FILL_AREA_STYLE_COLOUR ( '', #1953 ) ;
#278 = ORIENTED_EDGE ( 'NONE', *, *, #6958, .F. ) ;
#279 = STYLED_ITEM ( 'NONE', ( #5580 ), #2509 ) ;
#280 = STYLED_ITEM ( 'NONE', ( #8391 ), #8549 ) ;
#281 = FILL_AREA_STYLE ('',( #11996 ) ) ;
#282 = VECTOR ( 'NONE', #1509, 39.37007874015748100 ) ;
#283 = DIRECTION ( 'NONE',  ( -8.232929642093732000E-016, 0.0000000000000000000, -1.000000000000000000 ) ) ;
#284 = LENGTH_MEASURE_WITH_UNIT ( LENGTH_MEASURE( 0.02539999999999999900 ), #10172 );
#285 = UNCERTAINTY_MEASURE_WITH_UNIT (LENGTH_MEASURE( 1.000000000000000100E-005 ), #10668, 'distance_accuracy_value', 'NONE');
#286 = ADVANCED_FACE ( 'NONE', ( #8213 ), #5140, .F. ) ;
#287 = FILL_AREA_STYLE_COLOUR ( '', #5463 ) ;
#288 = SURFACE_SIDE_STYLE ('',( #7496 ) ) ;
#289 = EDGE_LOOP ( 'NONE', ( #10653, #1463, #9024, #10047 ) ) ;
#290 =( LENGTH_UNIT ( ) NAMED_UNIT ( * ) SI_UNIT ( $, .METRE. ) );
#291 = CARTESIAN_POINT ( 'NONE',  ( -0.01476377952755876700, 0.001181102362204724400, 0.0000000000000000000 ) ) ;
#292 = DIRECTION ( 'NONE',  ( 0.0000000000000000000, -1.000000000000000000, 0.0000000000000000000 ) ) ;
#293 = PRESENTATION_STYLE_ASSIGNMENT (( #1157 ) ) ;
#294 = DIRECTION ( 'NONE',  ( 1.000000000000000000, 0.0000000000000000000, -0.0000000000000000000 ) ) ;
#295 = MECHANICAL_DESIGN_GEOMETRIC_PRESENTATION_REPRESENTATION (  '', ( #11017 ), #974 ) ;
#296 = MECHANICAL_DESIGN_GEOMETRIC_PRESENTATION_REPRESENTATION (  '', ( #11019 ), #976 ) ;
#297 =( GEOMETRIC_REPRESENTATION_CONTEXT ( 3 ) GLOBAL_UNCERTAINTY_ASSIGNED_CONTEXT ( ( #5677 ) ) GLOBAL_UNIT_ASSIGNED_CONTEXT ( ( #6930, #1121, #7911 ) ) REPRESENTATION_CONTEXT ( 'NONE', 'WORKASPACE' ) );
#298 = DIRECTION ( 'NONE',  ( 0.0000000000000000000, -0.0000000000000000000, 1.000000000000000000 ) ) ;
#299 = CARTESIAN_POINT ( 'NONE',  ( -0.05905511811023591400, 0.001181102362204723700, -0.04429133858267754500 ) ) ;
#300 = DIMENSIONAL_EXPONENTS ( 1.000000000000000000, 0.0000000000000000000, 0.0000000000000000000, 0.0000000000000000000, 0.0000000000000000000, 0.0000000000000000000, 0.0000000000000000000 ) ;
#301 = FACE_OUTER_BOUND ( 'NONE', #8982, .T. ) ;
#302 = FACE_OUTER_BOUND ( 'NONE', #9266, .T. ) ;
#303 = SURFACE_STYLE_USAGE ( .BOTH. , #6144 ) ;
#304 = COLOUR_RGB ( '',0.2509803921568627400, 0.2509803921568627400, 0.2509803921568627400 ) ;
#305 = EDGE_CURVE ( 'NONE', #5789, #443, #9643, .T. ) ;
#306 = CARTESIAN_POINT ( 'NONE',  ( -0.02272557806252456900, -8.670415995516460900E-019, -0.01091455444047755500 ) ) ;
#307 = EDGE_CURVE ( 'NONE', #226, #1951, #4726, .T. ) ;
#308 = CARTESIAN_POINT ( 'NONE',  ( 0.04291338582677178100, 0.0000000000000000000, 0.0000000000000000000 ) ) ;
#309 = CARTESIAN_POINT ( 'NONE',  ( 0.02460629921260103600, 0.0000000000000000000, -0.05905511811023601800 ) ) ;
#310 = EDGE_LOOP ( 'NONE', ( #9419, #1476, #7660, #5823 ) ) ;
#311 = SURFACE_SIDE_STYLE ('',( #6841 ) ) ;
#312 = FILL_AREA_STYLE_COLOUR ( '', #3931 ) ;
#313 = AXIS2_PLACEMENT_3D ( 'NONE', #10922, #5047, #11919 ) ;
#314 = CARTESIAN_POINT ( 'NONE',  ( 0.05669291338582694400, 0.007204724409448820400, 0.04429133858267697600 ) ) ;
#315 = LINE ( 'NONE', #2690, #2898 ) ;
#316 = MECHANICAL_DESIGN_GEOMETRIC_PRESENTATION_REPRESENTATION (  '', ( #11039 ), #992 ) ;
#317 = DIMENSIONAL_EXPONENTS ( 1.000000000000000000, 0.0000000000000000000, 0.0000000000000000000, 0.0000000000000000000, 0.0000000000000000000, 0.0000000000000000000, 0.0000000000000000000 ) ;
#318 = COLOUR_RGB ( '',0.9686274509803921600, 0.8784313725490196000, 0.5999999999999999800 ) ;
#319 = CARTESIAN_POINT ( 'NONE',  ( -0.05669291338582691700, 0.001181102362204723300, 0.03444881889763760200 ) ) ;
#320 = CARTESIAN_POINT ( 'NONE',  ( -0.004921259842519381400, 0.007204724409448820400, -0.04291338582677172600 ) ) ;
#322 = COLOUR_RGB ( '',0.9686274509803921600, 0.8784313725490196000, 0.5999999999999999800 ) ;
#321 = VECTOR ( 'NONE', #6487, 39.37007874015748100 ) ;
#323 = COLOUR_RGB ( '',0.9686274509803921600, 0.8784313725490196000, 0.5999999999999999800 ) ;
#324 = PRESENTATION_STYLE_ASSIGNMENT (( #4462 ) ) ;
#325 = DIRECTION ( 'NONE',  ( 1.000000000000000000, 0.0000000000000000000, 2.259547396147334600E-014 ) ) ;
#326 = CARTESIAN_POINT ( 'NONE',  ( 0.01476377952755906200, -0.01693371115559762200, 0.05669291338582680600 ) ) ;
#327 = EDGE_CURVE ( 'NONE', #7727, #7168, #12232, .T. ) ;
#328 = ORIENTED_EDGE ( 'NONE', *, *, #7138, .T. ) ;
#329 = MANIFOLD_SOLID_BREP ( 'Boss-Extrude2[3]', #1905 ) ;
#330 = FACE_BOUND ( 'NONE', #8475, .T. ) ;
#331 = ORIENTED_EDGE ( 'NONE', *, *, #6180, .T. ) ;
#332 = ORIENTED_EDGE ( 'NONE', *, *, #1377, .T. ) ;
#333 = EDGE_LOOP ( 'NONE', ( #9158, #6346, #9628, #11563 ) ) ;
#334 = DIRECTION ( 'NONE',  ( -0.0000000000000000000, 0.0000000000000000000, -1.000000000000000000 ) ) ;
#335 = ORIENTED_EDGE ( 'NONE', *, *, #32, .T. ) ;
#336 = COLOUR_RGB ( '',0.2509803921568627400, 0.2509803921568627400, 0.2509803921568627400 ) ;
#337 = FACE_OUTER_BOUND ( 'NONE', #8816, .T. ) ;
#338 = CARTESIAN_POINT ( 'NONE',  ( -0.02460629921259803500, 0.004133858267716536200, 0.0000000000000000000 ) ) ;
#339 =( GEOMETRIC_REPRESENTATION_CONTEXT ( 3 ) GLOBAL_UNCERTAINTY_ASSIGNED_CONTEXT ( ( #6200 ) ) GLOBAL_UNIT_ASSIGNED_CONTEXT ( ( #9868, #3996, #10833 ) ) REPRESENTATION_CONTEXT ( 'NONE', 'WORKASPACE' ) );
#340 = ORIENTED_EDGE ( 'NONE', *, *, #7614, .F. ) ;
#341 = SURFACE_STYLE_USAGE ( .BOTH. , #6171 ) ;
#342 = DIRECTION ( 'NONE',  ( 0.0000000000000000000, -0.0000000000000000000, -1.000000000000000000 ) ) ;
#343 =( CONVERSION_BASED_UNIT ( 'INCH', #4816 ) LENGTH_UNIT ( ) NAMED_UNIT ( #11512 ) );
#344 = DIRECTION ( 'NONE',  ( 0.0000000000000000000, 1.000000000000000000, 0.0000000000000000000 ) ) ;
#345 = UNCERTAINTY_MEASURE_WITH_UNIT (LENGTH_MEASURE( 1.000000000000000100E-005 ), #6722, 'distance_accuracy_value', 'NONE');
#346 = CARTESIAN_POINT ( 'NONE',  ( -0.02460629921260102500, 0.007204724409448820400, 0.05669291338582568100 ) ) ;
#347 = PRESENTATION_STYLE_ASSIGNMENT (( #10954 ) ) ;
#348 = LINE ( 'NONE', #9755, #2624 ) ;
#349 = SURFACE_SIDE_STYLE ('',( #3720 ) ) ;
#350 = LINE ( 'NONE', #10507, #38 ) ;
#351 = MECHANICAL_DESIGN_GEOMETRIC_PRESENTATION_REPRESENTATION (  '', ( #11728 ), #1011 ) ;
#352 = SURFACE_STYLE_FILL_AREA ( #1051 ) ;
#353 =( CONVERSION_BASED_UNIT ( 'INCH', #645 ) LENGTH_UNIT ( ) NAMED_UNIT ( #1845 ) );
#354 = ADVANCED_FACE ( 'NONE', ( #8367 ), #8164, .F. ) ;
#355 =( NAMED_UNIT ( * ) PLANE_ANGLE_UNIT ( ) SI_UNIT ( $, .RADIAN. ) );
#356 = LINE ( 'NONE', #3832, #2940 ) ;
#357 = PRESENTATION_STYLE_ASSIGNMENT (( #7948 ) ) ;
#358 = DIRECTION ( 'NONE',  ( 4.292739916162993600E-015, 0.0000000000000000000, 1.000000000000000000 ) ) ;
#359 = LENGTH_MEASURE_WITH_UNIT ( LENGTH_MEASURE( 0.02539999999999999900 ), #10238 );
#360 =( NAMED_UNIT ( * ) PLANE_ANGLE_UNIT ( ) SI_UNIT ( $, .RADIAN. ) );
#361 = VERTEX_POINT ( 'NONE', #1356 ) ;
#362 = MECHANICAL_DESIGN_GEOMETRIC_PRESENTATION_REPRESENTATION (  '', ( #11077 ), #1020 ) ;
#363 = UNCERTAINTY_MEASURE_WITH_UNIT (LENGTH_MEASURE( 1.000000000000000100E-005 ), #8903, 'distance_accuracy_value', 'NONE');
#364 = EDGE_LOOP ( 'NONE', ( #59, #11945, #2705, #10628 ) ) ;
#365 =( CONVERSION_BASED_UNIT ( 'INCH', #12365 ) LENGTH_UNIT ( ) NAMED_UNIT ( #1986 ) );
#366 = VERTEX_POINT ( 'NONE', #461 ) ;
#367 = DIRECTION ( 'NONE',  ( 2.646153987744243500E-015, 0.0000000000000000000, -1.000000000000000000 ) ) ;
#368 = MECHANICAL_DESIGN_GEOMETRIC_PRESENTATION_REPRESENTATION (  '', ( #11084 ), #1027 ) ;
#369 = CARTESIAN_POINT ( 'NONE',  ( -0.04291338582677179500, 0.001181102362204723700, 0.03444881889763771300 ) ) ;
#370 = EDGE_CURVE ( 'NONE', #2918, #836, #7119, .T. ) ;
#371 = LENGTH_MEASURE_WITH_UNIT ( LENGTH_MEASURE( 0.02539999999999999900 ), #1206 );
#372 = DIRECTION ( 'NONE',  ( 0.0000000000000000000, 1.000000000000000000, 0.0000000000000000000 ) ) ;
#373 = DIRECTION ( 'NONE',  ( 0.0000000000000000000, -0.0000000000000000000, 1.000000000000000000 ) ) ;
#374 = UNCERTAINTY_MEASURE_WITH_UNIT (LENGTH_MEASURE( 1.000000000000000100E-005 ), #4569, 'distance_accuracy_value', 'NONE');
#375 = VERTEX_POINT ( 'NONE', #8254 ) ;
#376 = VECTOR ( 'NONE', #7220, 39.37007874015748100 ) ;
#377 = MECHANICAL_DESIGN_GEOMETRIC_PRESENTATION_REPRESENTATION (  '', ( #11096 ), #1034 ) ;
#378 = VERTEX_POINT ( 'NONE', #3405 ) ;
#379 = MECHANICAL_DESIGN_GEOMETRIC_PRESENTATION_REPRESENTATION (  '', ( #11098 ), #1036 ) ;
#380 = PRESENTATION_LAYER_ASSIGNMENT (  '', '', ( #11763 ) ) ;
#381 = SURFACE_SIDE_STYLE ('',( #3383 ) ) ;
#382 = DIRECTION ( 'NONE',  ( 0.0000000000000000000, 1.000000000000000000, 0.0000000000000000000 ) ) ;
#383 = VECTOR ( 'NONE', #6704, 39.37007874015748100 ) ;
#384 = DIRECTION ( 'NONE',  ( -0.0000000000000000000, 0.0000000000000000000, -1.000000000000000000 ) ) ;
#385 =( LENGTH_UNIT ( ) NAMED_UNIT ( * ) SI_UNIT ( $, .METRE. ) );
#386 = DIRECTION ( 'NONE',  ( -6.982962677686265900E-015, 0.0000000000000000000, 1.000000000000000000 ) ) ;
#387 =( NAMED_UNIT ( * ) SI_UNIT ( $, .STERADIAN. ) SOLID_ANGLE_UNIT ( ) );
#388 = CARTESIAN_POINT ( 'NONE',  ( 0.04291338582677151100, -0.01693371115559762200, -0.04429133858267737100 ) ) ;
#390 = EDGE_CURVE ( 'NONE', #5551, #10455, #12383, .T. ) ;
#389 = VECTOR ( 'NONE', #4147, 39.37007874015748100 ) ;
#391 = CARTESIAN_POINT ( 'NONE',  ( 0.05905511811023590700, 0.03149606299212598400, 0.04429133858267816200 ) ) ;
#392 = EDGE_LOOP ( 'NONE', ( #3472, #8039, #6116, #9247 ) ) ;
#393 = ORIENTED_EDGE ( 'NONE', *, *, #12536, .F. ) ;
#394 = VECTOR ( 'NONE', #708, 39.37007874015748100 ) ;
#395 = UNCERTAINTY_MEASURE_WITH_UNIT (LENGTH_MEASURE( 1.000000000000000100E-005 ), #400, 'distance_accuracy_value', 'NONE');
#396 = MECHANICAL_DESIGN_GEOMETRIC_PRESENTATION_REPRESENTATION (  '', ( #11113 ), #1052 ) ;
#397 = AXIS2_PLACEMENT_3D ( 'NONE', #10212, #4328, #11192 ) ;
#398 =( LENGTH_UNIT ( ) NAMED_UNIT ( * ) SI_UNIT ( $, .METRE. ) );
#399 = PLANE ( 'NONE',  #2054 ) ;
#400 =( CONVERSION_BASED_UNIT ( 'INCH', #6437 ) LENGTH_UNIT ( ) NAMED_UNIT ( #6440 ) );
#401 =( NAMED_UNIT ( * ) PLANE_ANGLE_UNIT ( ) SI_UNIT ( $, .RADIAN. ) );
#402 =( NAMED_UNIT ( * ) SI_UNIT ( $, .STERADIAN. ) SOLID_ANGLE_UNIT ( ) );
#403 = ORIENTED_EDGE ( 'NONE', *, *, #3355, .T. ) ;
#404 = SURFACE_SIDE_STYLE ('',( #12278 ) ) ;
#405 = EDGE_CURVE ( 'NONE', #7574, #6675, #9467, .T. ) ;
#406 = ORIENTED_EDGE ( 'NONE', *, *, #1321, .T. ) ;
#407 = DIRECTION ( 'NONE',  ( -1.000000000000000000, -0.0000000000000000000, -4.040128209511325900E-015 ) ) ;
#408 = PLANE ( 'NONE',  #9383 ) ;
#409 = MECHANICAL_DESIGN_GEOMETRIC_PRESENTATION_REPRESENTATION (  '', ( #11135 ), #1072 ) ;
#410 = CARTESIAN_POINT ( 'NONE',  ( -0.04291338582677133000, -0.01693371115559762200, -0.02460629921260094500 ) ) ;
#411 =( GEOMETRIC_REPRESENTATION_CONTEXT ( 3 ) GLOBAL_UNCERTAINTY_ASSIGNED_CONTEXT ( ( #3559 ) ) GLOBAL_UNIT_ASSIGNED_CONTEXT ( ( #8521, #2664, #9540 ) ) REPRESENTATION_CONTEXT ( 'NONE', 'WORKASPACE' ) );
#412 = ORIENTED_EDGE ( 'NONE', *, *, #5938, .F. ) ;
#413 = ADVANCED_FACE ( 'NONE', ( #9775 ), #8299, .F. ) ;
#414 = LINE ( 'NONE', #173, #5286 ) ;
#415 = LENGTH_MEASURE_WITH_UNIT ( LENGTH_MEASURE( 0.02539999999999999900 ), #3390 );
#416 = ORIENTED_EDGE ( 'NONE', *, *, #248, .F. ) ;
#417 = CIRCLE ( 'NONE', #10412, 0.007052567223509561600 ) ;
#418 = EDGE_LOOP ( 'NONE', ( #8945, #4284, #11092, #9122 ) ) ;
#419 = VECTOR ( 'NONE', #11486, 39.37007874015748100 ) ;
#420 = ADVANCED_FACE ( 'NONE', ( #764 ), #4468, .F. ) ;
#421 = SURFACE_SIDE_STYLE ('',( #5674 ) ) ;
#422 = EDGE_CURVE ( 'NONE', #4829, #8514, #3283, .T. ) ;
#423 =( GEOMETRIC_REPRESENTATION_CONTEXT ( 3 ) GLOBAL_UNCERTAINTY_ASSIGNED_CONTEXT ( ( #8850 ) ) GLOBAL_UNIT_ASSIGNED_CONTEXT ( ( #10105, #4231, #11083 ) ) REPRESENTATION_CONTEXT ( 'NONE', 'WORKASPACE' ) );
#424 =( CONVERSION_BASED_UNIT ( 'INCH', #11175 ) LENGTH_UNIT ( ) NAMED_UNIT ( #11975 ) );
#425 = DIRECTION ( 'NONE',  ( 1.000000000000000000, 0.0000000000000000000, 3.387117655531990400E-014 ) ) ;
#426 = VERTEX_POINT ( 'NONE', #11363 ) ;
#427 = DIRECTION ( 'NONE',  ( 1.000000000000000000, -0.0000000000000000000, 2.646153987744243500E-015 ) ) ;
#428 = EDGE_CURVE ( 'NONE', #5766, #11656, #10777, .T. ) ;
#429 = FILL_AREA_STYLE_COLOUR ( '', #11149 ) ;
#430 = CARTESIAN_POINT ( 'NONE',  ( 0.02460629921260094500, 0.007204724409448820400, -0.04291338582677133000 ) ) ;
#431 = LENGTH_MEASURE_WITH_UNIT ( LENGTH_MEASURE( 0.02539999999999999900 ), #9730 );
#432 = PRESENTATION_STYLE_ASSIGNMENT (( #2560 ) ) ;
#433 = DIMENSIONAL_EXPONENTS ( 1.000000000000000000, 0.0000000000000000000, 0.0000000000000000000, 0.0000000000000000000, 0.0000000000000000000, 0.0000000000000000000, 0.0000000000000000000 ) ;
#434 =( CONVERSION_BASED_UNIT ( 'INCH', #1694 ) LENGTH_UNIT ( ) NAMED_UNIT ( #9695 ) );
#435 = LENGTH_MEASURE_WITH_UNIT ( LENGTH_MEASURE( 0.02539999999999999900 ), #1485 );
#436 = MECHANICAL_DESIGN_GEOMETRIC_PRESENTATION_REPRESENTATION (  '', ( #11163 ), #1086 ) ;
#437 =( GEOMETRIC_REPRESENTATION_CONTEXT ( 3 ) GLOBAL_UNCERTAINTY_ASSIGNED_CONTEXT ( ( #1069 ) ) GLOBAL_UNIT_ASSIGNED_CONTEXT ( ( #9015, #3167, #10016 ) ) REPRESENTATION_CONTEXT ( 'NONE', 'WORKASPACE' ) );
#438 = STYLED_ITEM ( 'NONE', ( #3008 ), #1630 ) ;
#439 = CARTESIAN_POINT ( 'NONE',  ( -0.04291338582677154500, 0.0000000000000000000, -0.03444881889763795600 ) ) ;
#440 = DIRECTION ( 'NONE',  ( -0.0000000000000000000, 0.0000000000000000000, -1.000000000000000000 ) ) ;
#441 = EDGE_CURVE ( 'NONE', #4870, #3889, #717, .T. ) ;
#442 =( CONVERSION_BASED_UNIT ( 'INCH', #1139 ) LENGTH_UNIT ( ) NAMED_UNIT ( #9602 ) );
#443 = VERTEX_POINT ( 'NONE', #9022 ) ;
#444 = CARTESIAN_POINT ( 'NONE',  ( 0.04291338582677178100, 0.004133858267716536200, 0.03444881889763765100 ) ) ;
#445 = UNCERTAINTY_MEASURE_WITH_UNIT (LENGTH_MEASURE( 1.000000000000000100E-005 ), #4318, 'distance_accuracy_value', 'NONE');
#446 = DIMENSIONAL_EXPONENTS ( 1.000000000000000000, 0.0000000000000000000, 0.0000000000000000000, 0.0000000000000000000, 0.0000000000000000000, 0.0000000000000000000, 0.0000000000000000000 ) ;
#447 = PLANE ( 'NONE',  #4786 ) ;
#448 = ORIENTED_EDGE ( 'NONE', *, *, #11033, .F. ) ;
#449 = CARTESIAN_POINT ( 'NONE',  ( 0.02460629921260094200, 0.001181102362204723700, -0.04291338582677139300 ) ) ;
#450 = MECHANICAL_DESIGN_GEOMETRIC_PRESENTATION_REPRESENTATION (  '', ( #11178 ), #1106 ) ;
#451 = MECHANICAL_DESIGN_GEOMETRIC_PRESENTATION_REPRESENTATION (  '', ( #11179 ), #1107 ) ;
#452 = PRESENTATION_LAYER_ASSIGNMENT (  '', '', ( #11836 ) ) ;
#453 = DIRECTION ( 'NONE',  ( 1.000000000000000000, 0.0000000000000000000, 1.023927538563894400E-013 ) ) ;
#454 = LINE ( 'NONE', #12065, #5321 ) ;
#455 = LINE ( 'NONE', #9484, #5645 ) ;
#456 = VECTOR ( 'NONE', #2809, 39.37007874015748900 ) ;
#457 = FILL_AREA_STYLE_COLOUR ( '', #10698 ) ;
#458 = ORIENTED_EDGE ( 'NONE', *, *, #11774, .T. ) ;
#459 = ORIENTED_EDGE ( 'NONE', *, *, #3851, .F. ) ;
#460 = CARTESIAN_POINT ( 'NONE',  ( 0.0000000000000000000, 0.0000000000000000000, -0.01476377952755921500 ) ) ;
#461 = CARTESIAN_POINT ( 'NONE',  ( -0.04291338582677154500, 0.004133858267716536200, -0.03444881889763797000 ) ) ;
#462 =( LENGTH_UNIT ( ) NAMED_UNIT ( * ) SI_UNIT ( $, .METRE. ) );
#463 = FILL_AREA_STYLE ('',( #6306 ) ) ;
#464 =( LENGTH_UNIT ( ) NAMED_UNIT ( * ) SI_UNIT ( $, .METRE. ) );
#465 = ORIENTED_EDGE ( 'NONE', *, *, #3945, .T. ) ;
#466 = FACE_OUTER_BOUND ( 'NONE', #4768, .T. ) ;
#467 =( NAMED_UNIT ( * ) PLANE_ANGLE_UNIT ( ) SI_UNIT ( $, .RADIAN. ) );
#469 = PRESENTATION_STYLE_ASSIGNMENT (( #4325 ) ) ;
#468 = LINE ( 'NONE', #4669, #7918 ) ;
#470 = AXIS2_PLACEMENT_3D ( 'NONE', #10963, #5086, #11954 ) ;
#471 = CARTESIAN_POINT ( 'NONE',  ( 0.004921259842522320000, 0.001181102362204723300, -0.05669291338582657000 ) ) ;
#472 = PRESENTATION_LAYER_ASSIGNMENT (  '', '', ( #11847 ) ) ;
#473 = LINE ( 'NONE', #9473, #7922 ) ;
#474 =( NAMED_UNIT ( * ) SI_UNIT ( $, .STERADIAN. ) SOLID_ANGLE_UNIT ( ) );
#475 = EDGE_CURVE ( 'NONE', #8651, #8460, #5574, .T. ) ;
#476 = ORIENTED_EDGE ( 'NONE', *, *, #8708, .T. ) ;
#477 = FILL_AREA_STYLE ('',( #7273 ) ) ;
#478 = LENGTH_MEASURE_WITH_UNIT ( LENGTH_MEASURE( 0.02539999999999999900 ), #4692 );
#479 = EDGE_LOOP ( 'NONE', ( #7733, #10758, #7796, #5098 ) ) ;
#480 = VECTOR ( 'NONE', #12337, 39.37007874015748100 ) ;
#481 = ADVANCED_FACE ( 'NONE', ( #2971 ), #5126, .F. ) ;
#482 = COLOUR_RGB ( '',0.3529411764705882000, 0.3529411764705882000, 0.3529411764705882000 ) ;
#483 = VECTOR ( 'NONE', #1084, 39.37007874015748100 ) ;
#484 = VECTOR ( 'NONE', #10311, 39.37007874015748100 ) ;
#485 = EDGE_CURVE ( 'NONE', #12647, #10959, #11849, .T. ) ;
#487 = FACE_OUTER_BOUND ( 'NONE', #7741, .T. ) ;
#486 = LINE ( 'NONE', #8274, #5670 ) ;
#488 = ADVANCED_FACE ( 'NONE', ( #6918 ), #1303, .F. ) ;
#489 = PRESENTATION_STYLE_ASSIGNMENT (( #7179 ) ) ;
#490 = CARTESIAN_POINT ( 'NONE',  ( -0.04291338582677178100, 0.0000000000000000000, 0.03444881889763774800 ) ) ;
#491 =( LENGTH_UNIT ( ) NAMED_UNIT ( * ) SI_UNIT ( $, .METRE. ) );
#492 = DIRECTION ( 'NONE',  ( 1.000000000000000000, 0.0000000000000000000, -3.425378178171707600E-015 ) ) ;
#493 = MECHANICAL_DESIGN_GEOMETRIC_PRESENTATION_REPRESENTATION (  '', ( #11219 ), #1147 ) ;
#494 = FILL_AREA_STYLE ('',( #4356 ) ) ;
#495 = STYLED_ITEM ( 'NONE', ( #3550 ), #5264 ) ;
#496 = DIRECTION ( 'NONE',  ( 0.0000000000000000000, 1.000000000000000000, 0.0000000000000000000 ) ) ;
#497 = VECTOR ( 'NONE', #1296, 39.37007874015748100 ) ;
#498 =( NAMED_UNIT ( * ) SI_UNIT ( $, .STERADIAN. ) SOLID_ANGLE_UNIT ( ) );
#499 = PRESENTATION_STYLE_ASSIGNMENT (( #2214 ) ) ;
#500 = DIRECTION ( 'NONE',  ( 1.000000000000000000, -0.0000000000000000000, 6.982962677686265900E-015 ) ) ;
#501 = PLANE ( 'NONE',  #7895 ) ;
#502 = EDGE_CURVE ( 'NONE', #5789, #4200, #10623, .T. ) ;
#503 = EDGE_CURVE ( 'NONE', #11850, #12277, #5720, .T. ) ;
#504 = DIRECTION ( 'NONE',  ( 7.602506776249411700E-015, 0.0000000000000000000, -1.000000000000000000 ) ) ;
#505 = ORIENTED_EDGE ( 'NONE', *, *, #10546, .T. ) ;
#506 = UNCERTAINTY_MEASURE_WITH_UNIT (LENGTH_MEASURE( 1.000000000000000100E-005 ), #10044, 'distance_accuracy_value', 'NONE');
#507 = VECTOR ( 'NONE', #9673, 39.37007874015748100 ) ;
#508 = EDGE_LOOP ( 'NONE', ( #5107, #11772, #10258, #10470 ) ) ;
#509 = DIRECTION ( 'NONE',  ( 6.982962677686265900E-015, 0.0000000000000000000, -1.000000000000000000 ) ) ;
#510 = CARTESIAN_POINT ( 'NONE',  ( -0.04291338582677172600, 0.001181102362204723300, 0.01476377952755892100 ) ) ;
#511 = FACE_OUTER_BOUND ( 'NONE', #4244, .T. ) ;
#512 = ORIENTED_EDGE ( 'NONE', *, *, #1701, .T. ) ;
#513 = CARTESIAN_POINT ( 'NONE',  ( 0.02460629921260100800, 0.001181102362204723500, -0.05669291338582569500 ) ) ;
#514 = SURFACE_SIDE_STYLE ('',( #11137 ) ) ;
#515 = CARTESIAN_POINT ( 'NONE',  ( 0.05669291338582667400, 0.007204724409448820400, 0.004921259842522329600 ) ) ;
#516 = MECHANICAL_DESIGN_GEOMETRIC_PRESENTATION_REPRESENTATION (  '', ( #11239 ), #1169 ) ;
#517 = SURFACE_STYLE_USAGE ( .BOTH. , #6350 ) ;
#518 =( NAMED_UNIT ( * ) SI_UNIT ( $, .STERADIAN. ) SOLID_ANGLE_UNIT ( ) );
#519 = VECTOR ( 'NONE', #817, 39.37007874015748100 ) ;
#520 = DIRECTION ( 'NONE',  ( 0.0000000000000000000, 1.000000000000000000, 0.0000000000000000000 ) ) ;
#521 = FACE_OUTER_BOUND ( 'NONE', #573, .T. ) ;
#522 = PRESENTATION_LAYER_ASSIGNMENT (  '', '', ( #12573 ) ) ;
#523 = EDGE_CURVE ( 'NONE', #2173, #2692, #538, .T. ) ;
#524 = ORIENTED_EDGE ( 'NONE', *, *, #10880, .T. ) ;
#525 = DIRECTION ( 'NONE',  ( 1.000000000000000000, 0.0000000000000000000, 6.766122243189165800E-015 ) ) ;
#526 = ORIENTED_EDGE ( 'NONE', *, *, #8654, .T. ) ;
#527 = VECTOR ( 'NONE', #12205, 39.37007874015748100 ) ;
#528 = DIRECTION ( 'NONE',  ( -0.0000000000000000000, -1.000000000000000000, -0.0000000000000000000 ) ) ;
#529 = CARTESIAN_POINT ( 'NONE',  ( -0.02460629921259808000, 0.0000000000000000000, -0.04291338582677183700 ) ) ;
#530 = STYLED_ITEM ( 'NONE', ( #3192 ), #2394 ) ;
#531 = AXIS2_PLACEMENT_3D ( 'NONE', #4532, #11383, #5502 ) ;
#532 = SURFACE_STYLE_USAGE ( .BOTH. , #6367 ) ;
#533 = SURFACE_STYLE_USAGE ( .BOTH. , #6368 ) ;
#534 = PRESENTATION_LAYER_ASSIGNMENT (  '', '', ( #11915 ) ) ;
#535 = SURFACE_SIDE_STYLE ('',( #7731 ) ) ;
#536 = EDGE_LOOP ( 'NONE', ( #11866, #7087, #4252, #1466 ) ) ;
#537 = CARTESIAN_POINT ( 'NONE',  ( -0.004921259842519381400, 0.007204724409448820400, -0.04291338582677169800 ) ) ;
#538 = LINE ( 'NONE', #10156, #222 ) ;
#539 = ORIENTED_EDGE ( 'NONE', *, *, #3937, .T. ) ;
#540 = ORIENTED_EDGE ( 'NONE', *, *, #8333, .F. ) ;
#541 = DIRECTION ( 'NONE',  ( 0.0000000000000000000, 1.000000000000000000, 0.0000000000000000000 ) ) ;
#542 = COLOUR_RGB ( '',0.9686274509803921600, 0.8784313725490196000, 0.5999999999999999800 ) ;
#543 = ORIENTED_EDGE ( 'NONE', *, *, #5471, .F. ) ;
#544 = ADVANCED_FACE ( 'NONE', ( #10322 ), #4207, .F. ) ;
#545 = PRESENTATION_LAYER_ASSIGNMENT (  '', '', ( #11933 ) ) ;
#546 = PRESENTATION_LAYER_ASSIGNMENT (  '', '', ( #11934 ) ) ;
#547 = MECHANICAL_DESIGN_GEOMETRIC_PRESENTATION_REPRESENTATION (  '', ( #11277 ), #1201 ) ;
#548 = ADVANCED_FACE ( 'NONE', ( #6773 ), #2238, .F. ) ;
#549 = DIRECTION ( 'NONE',  ( 0.0000000000000000000, -0.0000000000000000000, 1.000000000000000000 ) ) ;
#550 =( NAMED_UNIT ( * ) PLANE_ANGLE_UNIT ( ) SI_UNIT ( $, .RADIAN. ) );
#551 = DIRECTION ( 'NONE',  ( 0.0000000000000000000, 1.000000000000000000, 0.0000000000000000000 ) ) ;
#552 = VERTEX_POINT ( 'NONE', #10128 ) ;
#553 = ORIENTED_EDGE ( 'NONE', *, *, #11228, .F. ) ;
#554 = CARTESIAN_POINT ( 'NONE',  ( 0.0000000000000000000, 0.001181102362204724400, 0.04429133858267738500 ) ) ;
#555 = LINE ( 'NONE', #8420, #5419 ) ;
#556 = CARTESIAN_POINT ( 'NONE',  ( 0.0000000000000000000, 0.0000000000000000000, 0.03444881889763766500 ) ) ;
#557 = VERTEX_POINT ( 'NONE', #5273 ) ;
#558 = ORIENTED_EDGE ( 'NONE', *, *, #1137, .F. ) ;
#559 = VERTEX_POINT ( 'NONE', #11103 ) ;
#560 = DIRECTION ( 'NONE',  ( 0.0000000000000000000, -1.000000000000000000, 0.0000000000000000000 ) ) ;
#561 = VECTOR ( 'NONE', #5399, 39.37007874015748100 ) ;
#562 = CARTESIAN_POINT ( 'NONE',  ( 0.0000000000000000000, 0.004133858267716536200, -0.02460629921259862800 ) ) ;
#563 = EDGE_CURVE ( 'NONE', #6343, #5515, #8143, .T. ) ;
#564 = EDGE_CURVE ( 'NONE', #5372, #5896, #5566, .T. ) ;
#565 =( CONVERSION_BASED_UNIT ( 'INCH', #5530 ) LENGTH_UNIT ( ) NAMED_UNIT ( #9693 ) );
#566 = EDGE_LOOP ( 'NONE', ( #10118, #4695, #1500, #991 ) ) ;
#567 = DIMENSIONAL_EXPONENTS ( 1.000000000000000000, 0.0000000000000000000, 0.0000000000000000000, 0.0000000000000000000, 0.0000000000000000000, 0.0000000000000000000, 0.0000000000000000000 ) ;
#568 = UNCERTAINTY_MEASURE_WITH_UNIT (LENGTH_MEASURE( 1.000000000000000100E-005 ), #5899, 'distance_accuracy_value', 'NONE');
#569 = PRESENTATION_LAYER_ASSIGNMENT (  '', '', ( #11949 ) ) ;
#570 = ORIENTED_EDGE ( 'NONE', *, *, #2108, .T. ) ;
#571 =( NAMED_UNIT ( * ) SI_UNIT ( $, .STERADIAN. ) SOLID_ANGLE_UNIT ( ) );
#572 = ORIENTED_EDGE ( 'NONE', *, *, #9316, .T. ) ;
#573 = EDGE_LOOP ( 'NONE', ( #108, #11097, #9064, #12519 ) ) ;
#574 = DIRECTION ( 'NONE',  ( 3.387117655531989800E-014, 0.0000000000000000000, -1.000000000000000000 ) ) ;
#575 = SURFACE_STYLE_USAGE ( .BOTH. , #6401 ) ;
#576 = DIRECTION ( 'NONE',  ( 0.0000000000000000000, -0.0000000000000000000, 1.000000000000000000 ) ) ;
#577 = DIRECTION ( 'NONE',  ( 0.0000000000000000000, 1.000000000000000000, 0.0000000000000000000 ) ) ;
#578 = CARTESIAN_POINT ( 'NONE',  ( -0.04291338582677168400, 0.004133858267716536200, -0.004921259842522247200 ) ) ;
#579 = VERTEX_POINT ( 'NONE', #9224 ) ;
#580 = DIRECTION ( 'NONE',  ( 1.000000000000000000, -0.0000000000000000000, 2.646153987744247400E-015 ) ) ;
#581 = EDGE_CURVE ( 'NONE', #7229, #3610, #5244, .T. ) ;
#582 = DIMENSIONAL_EXPONENTS ( 1.000000000000000000, 0.0000000000000000000, 0.0000000000000000000, 0.0000000000000000000, 0.0000000000000000000, 0.0000000000000000000, 0.0000000000000000000 ) ;
#583 = VECTOR ( 'NONE', #4950, 39.37007874015748100 ) ;
#584 = LINE ( 'NONE', #319, #262 ) ;
#585 = SURFACE_STYLE_USAGE ( .BOTH. , #6411 ) ;
#586 = COLOUR_RGB ( '',1.000000000000000000, 1.000000000000000000, 1.000000000000000000 ) ;
#587 = ORIENTED_EDGE ( 'NONE', *, *, #6136, .F. ) ;
#588 = SURFACE_STYLE_FILL_AREA ( #3801 ) ;
#589 = DIRECTION ( 'NONE',  ( 0.0000000000000000000, -0.0000000000000000000, 1.000000000000000000 ) ) ;
#590 = PRESENTATION_LAYER_ASSIGNMENT (  '', '', ( #11964 ) ) ;
#591 =( NAMED_UNIT ( * ) PLANE_ANGLE_UNIT ( ) SI_UNIT ( $, .RADIAN. ) );
#592 = MECHANICAL_DESIGN_GEOMETRIC_PRESENTATION_REPRESENTATION (  '', ( #11307 ), #1235 ) ;
#593 =( CONVERSION_BASED_UNIT ( 'INCH', #5112 ) LENGTH_UNIT ( ) NAMED_UNIT ( #5056 ) );
#594 = VERTEX_POINT ( 'NONE', #3296 ) ;
#595 = COLOUR_RGB ( '',0.9686274509803921600, 0.8784313725490196000, 0.5999999999999999800 ) ;
#596 = COLOUR_RGB ( '',0.9686274509803921600, 0.8784313725490196000, 0.5999999999999999800 ) ;
#597 = EDGE_LOOP ( 'NONE', ( #9260, #10724, #8314, #2542 ) ) ;
#598 =( CONVERSION_BASED_UNIT ( 'INCH', #2714 ) LENGTH_UNIT ( ) NAMED_UNIT ( #755 ) );
#599 = MECHANICAL_DESIGN_GEOMETRIC_PRESENTATION_REPRESENTATION (  '', ( #11319 ), #1244 ) ;
#600 = AXIS2_PLACEMENT_3D ( 'NONE', #12378, #6490, #680 ) ;
#601 = CARTESIAN_POINT ( 'NONE',  ( 0.05669291338582668100, -0.01693371115559762200, -0.03444881889763799800 ) ) ;
#602 = PRESENTATION_STYLE_ASSIGNMENT (( #2545 ) ) ;
#603 = FACE_OUTER_BOUND ( 'NONE', #12141, .T. ) ;
#604 = SURFACE_STYLE_USAGE ( .BOTH. , #6431 ) ;
#605 = PRESENTATION_STYLE_ASSIGNMENT (( #8207 ) ) ;
#606 = DIRECTION ( 'NONE',  ( 1.000000000000000000, 0.0000000000000000000, 0.0000000000000000000 ) ) ;
#607 = PLANE ( 'NONE',  #1591 ) ;
#608 = DIRECTION ( 'NONE',  ( 0.0000000000000000000, 1.000000000000000000, 0.0000000000000000000 ) ) ;
#609 = CARTESIAN_POINT ( 'NONE',  ( -0.01476377952755906200, -0.01693371115559762200, 0.05669291338582680600 ) ) ;
#610 =( LENGTH_UNIT ( ) NAMED_UNIT ( * ) SI_UNIT ( $, .METRE. ) );
#611 = PRESENTATION_STYLE_ASSIGNMENT (( #11444 ) ) ;
#612 = LENGTH_MEASURE_WITH_UNIT ( LENGTH_MEASURE( 0.02539999999999999900 ), #491 );
#613 =( CONVERSION_BASED_UNIT ( 'INCH', #1227 ) LENGTH_UNIT ( ) NAMED_UNIT ( #12638 ) );
#614 = ORIENTED_EDGE ( 'NONE', *, *, #2621, .T. ) ;
#615 = LENGTH_MEASURE_WITH_UNIT ( LENGTH_MEASURE( 0.02539999999999999900 ), #10885 );
#616 = PRESENTATION_LAYER_ASSIGNMENT (  '', '', ( #12654 ) ) ;
#617 = FACE_OUTER_BOUND ( 'NONE', #10896, .T. ) ;
#618 = AXIS2_PLACEMENT_3D ( 'NONE', #9463, #3604, #10444 ) ;
#619 = FACE_OUTER_BOUND ( 'NONE', #10956, .T. ) ;
#620 = ADVANCED_FACE ( 'NONE', ( #71 ), #9147, .F. ) ;
#621 = FACE_OUTER_BOUND ( 'NONE', #8604, .T. ) ;
#622 = DIRECTION ( 'NONE',  ( 1.000000000000000000, 0.0000000000000000000, -0.0000000000000000000 ) ) ;
#623 = PRESENTATION_LAYER_ASSIGNMENT (  '', '', ( #11991 ) ) ;
#624 = CARTESIAN_POINT ( 'NONE',  ( 0.04291338582677151100, 0.007204724409448820400, -0.04429133858267732300 ) ) ;
#625 = DIRECTION ( 'NONE',  ( -0.0000000000000000000, -1.000000000000000000, -0.0000000000000000000 ) ) ;
#626 = ADVANCED_FACE ( 'NONE', ( #11840 ), #10147, .T. ) ;
#627 = EDGE_CURVE ( 'NONE', #8002, #1475, #7979, .T. ) ;
#628 = PLANE ( 'NONE',  #600 ) ;
#629 =( CONVERSION_BASED_UNIT ( 'INCH', #10825 ) LENGTH_UNIT ( ) NAMED_UNIT ( #2353 ) );
#630 = FILL_AREA_STYLE_COLOUR ( '', #8220 ) ;
#631 = FACE_OUTER_BOUND ( 'NONE', #9586, .T. ) ;
#632 = PRESENTATION_STYLE_ASSIGNMENT (( #10333 ) ) ;
#633 = PRESENTATION_STYLE_ASSIGNMENT (( #4572 ) ) ;
#634 =( CONVERSION_BASED_UNIT ( 'INCH', #12522 ) LENGTH_UNIT ( ) NAMED_UNIT ( #5716 ) );
#635 = CARTESIAN_POINT ( 'NONE',  ( 0.04291338582677178100, 0.0000000000000000000, 0.03444881889763764400 ) ) ;
#636 = PRESENTATION_LAYER_ASSIGNMENT (  '', '', ( #12000 ) ) ;
#637 = PRESENTATION_LAYER_ASSIGNMENT (  '', '', ( #12001 ) ) ;
#638 = AXIS2_PLACEMENT_3D ( 'NONE', #6335, #500, #7290 ) ;
#639 = DIRECTION ( 'NONE',  ( 1.000000000000000000, 0.0000000000000000000, -3.425378178174574300E-015 ) ) ;
#640 = VERTEX_POINT ( 'NONE', #11215 ) ;
#641 = DIRECTION ( 'NONE',  ( -1.000000000000000000, -0.0000000000000000000, -4.406877377904227700E-017 ) ) ;
#642 = LENGTH_MEASURE_WITH_UNIT ( LENGTH_MEASURE( 0.02539999999999999900 ), #3836 );
#643 = CARTESIAN_POINT ( 'NONE',  ( 0.04291338582677159400, 0.0000000000000000000, -0.01476377952755922300 ) ) ;
#644 =( LENGTH_UNIT ( ) NAMED_UNIT ( * ) SI_UNIT ( $, .METRE. ) );
#645 = LENGTH_MEASURE_WITH_UNIT ( LENGTH_MEASURE( 0.02539999999999999900 ), #6186 );
#646 = FACE_OUTER_BOUND ( 'NONE', #9388, .T. ) ;
#647 = ORIENTED_EDGE ( 'NONE', *, *, #4278, .F. ) ;
#648 =( NAMED_UNIT ( * ) PLANE_ANGLE_UNIT ( ) SI_UNIT ( $, .RADIAN. ) );
#649 = VERTEX_POINT ( 'NONE', #4311 ) ;
#650 = PRESENTATION_STYLE_ASSIGNMENT (( #9305 ) ) ;
#651 = DIRECTION ( 'NONE',  ( 1.000000000000000000, 0.0000000000000000000, 0.0000000000000000000 ) ) ;
#652 = FILL_AREA_STYLE_COLOUR ( '', #10483 ) ;
#653 = CARTESIAN_POINT ( 'NONE',  ( 0.01476377952755945900, 0.001181102362204723500, -0.05669291338582638900 ) ) ;
#654 = CARTESIAN_POINT ( 'NONE',  ( 0.01476377952755898400, 0.0000000000000000000, 0.04291338582677166300 ) ) ;
#655 = DIRECTION ( 'NONE',  ( 6.326356674140271300E-016, -0.0000000000000000000, -1.000000000000000000 ) ) ;
#656 = EDGE_LOOP ( 'NONE', ( #9203, #3377, #12486, #10123 ) ) ;
#657 = PLANE ( 'NONE',  #11817 ) ;
#658 = FACE_BOUND ( 'NONE', #9883, .T. ) ;
#659 = VERTEX_POINT ( 'NONE', #490 ) ;
#660 = LENGTH_MEASURE_WITH_UNIT ( LENGTH_MEASURE( 0.02539999999999999900 ), #11550 );
#661 = ORIENTED_EDGE ( 'NONE', *, *, #1321, .F. ) ;
#662 = DIRECTION ( 'NONE',  ( 1.309156885088692300E-017, 0.0000000000000000000, -1.000000000000000000 ) ) ;
#663 = FACE_OUTER_BOUND ( 'NONE', #10757, .T. ) ;
#664 = PRESENTATION_LAYER_ASSIGNMENT (  '', '', ( #12016 ) ) ;
#665 = ORIENTED_EDGE ( 'NONE', *, *, #7614, .T. ) ;
#666 = EDGE_LOOP ( 'NONE', ( #7306, #4932, #12002, #6667 ) ) ;
#667 = FACE_OUTER_BOUND ( 'NONE', #9274, .T. ) ;
#668 = FACE_OUTER_BOUND ( 'NONE', #5760, .T. ) ;
#669 = PLANE ( 'NONE',  #11705 ) ;
#670 = LINE ( 'NONE', #6281, #2920 ) ;
#671 =( GEOMETRIC_REPRESENTATION_CONTEXT ( 3 ) GLOBAL_UNCERTAINTY_ASSIGNED_CONTEXT ( ( #1710 ) ) GLOBAL_UNIT_ASSIGNED_CONTEXT ( ( #1026, #7819, #1980 ) ) REPRESENTATION_CONTEXT ( 'NONE', 'WORKASPACE' ) );
#673 = VECTOR ( 'NONE', #9786, 39.37007874015748100 ) ;
#672 = LINE ( 'NONE', #1335, #3232 ) ;
#674 = CARTESIAN_POINT ( 'NONE',  ( -0.05669291338582658400, 0.004133858267716536200, -0.004921259842522304400 ) ) ;
#675 = CARTESIAN_POINT ( 'NONE',  ( 0.02460629921260098400, 0.007204724409448820400, -0.04291338582677133000 ) ) ;
#676 =( CONVERSION_BASED_UNIT ( 'INCH', #13 ) LENGTH_UNIT ( ) NAMED_UNIT ( #7441 ) );
#677 = VECTOR ( 'NONE', #6391, 39.37007874015748100 ) ;
#678 = DIRECTION ( 'NONE',  ( 0.0000000000000000000, 1.000000000000000000, 0.0000000000000000000 ) ) ;
#679 = SURFACE_STYLE_USAGE ( .BOTH. , #6488 ) ;
#680 = DIRECTION ( 'NONE',  ( -1.075969242843166600E-013, 0.0000000000000000000, 1.000000000000000000 ) ) ;
#681 = LINE ( 'NONE', #5024, #5840 ) ;
#682 =( LENGTH_UNIT ( ) NAMED_UNIT ( * ) SI_UNIT ( $, .METRE. ) );
#683 = FILL_AREA_STYLE_COLOUR ( '', #9648 ) ;
#684 = PRESENTATION_LAYER_ASSIGNMENT (  '', '', ( #12033 ) ) ;
#685 =( LENGTH_UNIT ( ) NAMED_UNIT ( * ) SI_UNIT ( $, .METRE. ) );
#686 = MECHANICAL_DESIGN_GEOMETRIC_PRESENTATION_REPRESENTATION (  '', ( #11389 ), #1312 ) ;
#687 = UNCERTAINTY_MEASURE_WITH_UNIT (LENGTH_MEASURE( 1.000000000000000100E-005 ), #3204, 'distance_accuracy_value', 'NONE');
#688 = CARTESIAN_POINT ( 'NONE',  ( -0.05669291338582667400, 0.007204724409448820400, -0.03444881889763801200 ) ) ;
#689 = LINE ( 'NONE', #10299, #10752 ) ;
#690 = EDGE_CURVE ( 'NONE', #2173, #7486, #5389, .T. ) ;
#691 = MECHANICAL_DESIGN_GEOMETRIC_PRESENTATION_REPRESENTATION (  '', ( #11397 ), #1316 ) ;
#692 = ORIENTED_EDGE ( 'NONE', *, *, #10546, .F. ) ;
#693 = CARTESIAN_POINT ( 'NONE',  ( -0.05669291338582694400, 0.007204724409448820400, 0.04429133858267697600 ) ) ;
#694 = EDGE_CURVE ( 'NONE', #2070, #12321, #3110, .T. ) ;
#695 = ORIENTED_EDGE ( 'NONE', *, *, #4989, .T. ) ;
#696 = ORIENTED_EDGE ( 'NONE', *, *, #1792, .T. ) ;
#697 = DIMENSIONAL_EXPONENTS ( 1.000000000000000000, 0.0000000000000000000, 0.0000000000000000000, 0.0000000000000000000, 0.0000000000000000000, 0.0000000000000000000, 0.0000000000000000000 ) ;
#698 = VERTEX_POINT ( 'NONE', #529 ) ;
#699 = DIRECTION ( 'NONE',  ( 1.000000000000000000, -0.0000000000000000000, -3.549286997887197300E-015 ) ) ;
#700 = ADVANCED_FACE ( 'NONE', ( #10614 ), #1460, .F. ) ;
#701 = UNCERTAINTY_MEASURE_WITH_UNIT (LENGTH_MEASURE( 1.000000000000000100E-005 ), #10912, 'distance_accuracy_value', 'NONE');
#702 = SURFACE_STYLE_FILL_AREA ( #281 ) ;
#703 = DIRECTION ( 'NONE',  ( -2.346283569946222600E-014, 0.0000000000000000000, 1.000000000000000000 ) ) ;
#704 = CARTESIAN_POINT ( 'NONE',  ( 0.04291338582677158000, 0.007204724409448820400, -0.02460629921259857900 ) ) ;
#705 = SURFACE_SIDE_STYLE ('',( #5454 ) ) ;
#706 = UNCERTAINTY_MEASURE_WITH_UNIT (LENGTH_MEASURE( 1.000000000000000100E-005 ), #10595, 'distance_accuracy_value', 'NONE');
#707 = STYLED_ITEM ( 'NONE', ( #2101 ), #7560 ) ;
#708 = DIRECTION ( 'NONE',  ( -0.0000000000000000000, 0.0000000000000000000, -1.000000000000000000 ) ) ;
#709 = PLANE ( 'NONE',  #7989 ) ;
#710 = ORIENTED_EDGE ( 'NONE', *, *, #3992, .F. ) ;
#711 = CARTESIAN_POINT ( 'NONE',  ( -0.05669291338582688200, 0.007204724409448820400, 0.02460629921259822900 ) ) ;
#712 = EDGE_CURVE ( 'NONE', #5229, #11986, #11133, .T. ) ;
#713 = DIMENSIONAL_EXPONENTS ( 1.000000000000000000, 0.0000000000000000000, 0.0000000000000000000, 0.0000000000000000000, 0.0000000000000000000, 0.0000000000000000000, 0.0000000000000000000 ) ;
#714 = CARTESIAN_POINT ( 'NONE',  ( 0.05669291338582668100, 0.0000000000000000000, -0.03444881889763799800 ) ) ;
#715 = CARTESIAN_POINT ( 'NONE',  ( 0.04291338582677155200, -0.01693371115559762200, -0.03444881889763796300 ) ) ;
#716 = PLANE ( 'NONE',  #4508 ) ;
#717 = LINE ( 'NONE', #1604, #11087 ) ;
#718 = PRESENTATION_LAYER_ASSIGNMENT (  '', '', ( #12077 ) ) ;
#719 = PRESENTATION_LAYER_ASSIGNMENT (  '', '', ( #12078 ) ) ;
#720 = FILL_AREA_STYLE_COLOUR ( '', #1373 ) ;
#721 = VERTEX_POINT ( 'NONE', #2514 ) ;
#722 = AXIS2_PLACEMENT_3D ( 'NONE', #10588, #4737, #11578 ) ;
#723 = ORIENTED_EDGE ( 'NONE', *, *, #7594, .T. ) ;
#724 = LENGTH_MEASURE_WITH_UNIT ( LENGTH_MEASURE( 0.02539999999999999900 ), #2783 );
#725 = ORIENTED_EDGE ( 'NONE', *, *, #5675, .T. ) ;
#726 = COLOUR_RGB ( '',0.2509803921568627400, 0.2509803921568627400, 0.2509803921568627400 ) ;
#727 = DIMENSIONAL_EXPONENTS ( 1.000000000000000000, 0.0000000000000000000, 0.0000000000000000000, 0.0000000000000000000, 0.0000000000000000000, 0.0000000000000000000, 0.0000000000000000000 ) ;
#728 = LINE ( 'NONE', #7487, #394 ) ;
#729 = DIMENSIONAL_EXPONENTS ( 1.000000000000000000, 0.0000000000000000000, 0.0000000000000000000, 0.0000000000000000000, 0.0000000000000000000, 0.0000000000000000000, 0.0000000000000000000 ) ;
#730 =( NAMED_UNIT ( * ) SI_UNIT ( $, .STERADIAN. ) SOLID_ANGLE_UNIT ( ) );
#731 = CARTESIAN_POINT ( 'NONE',  ( 0.0000000000000000000, 0.004133858267716536200, -0.004921259842522247200 ) ) ;
#732 =( LENGTH_UNIT ( ) NAMED_UNIT ( * ) SI_UNIT ( $, .METRE. ) );
#733 = EDGE_LOOP ( 'NONE', ( #1612, #12369, #12436 ) ) ;
#734 = CARTESIAN_POINT ( 'NONE',  ( -0.02460629921260102200, 0.0000000000000000000, 0.0000000000000000000 ) ) ;
#735 = CARTESIAN_POINT ( 'NONE',  ( -0.05905511811023663600, 0.03149606299212598400, 0.05905511811023582400 ) ) ;
#736 = ORIENTED_EDGE ( 'NONE', *, *, #5044, .T. ) ;
#737 = VECTOR ( 'NONE', #7350, 39.37007874015748100 ) ;
#738 = STYLED_ITEM ( 'NONE', ( #5484 ), #9972 ) ;
#739 =( NAMED_UNIT ( * ) SI_UNIT ( $, .STERADIAN. ) SOLID_ANGLE_UNIT ( ) );
#740 = AXIS2_PLACEMENT_3D ( 'NONE', #7139, #1326, #8136 ) ;
#741 = SURFACE_SIDE_STYLE ('',( #2736 ) ) ;
#742 = EDGE_CURVE ( 'NONE', #4219, #5158, #8520, .T. ) ;
#743 = ORIENTED_EDGE ( 'NONE', *, *, #11477, .F. ) ;
#744 = UNCERTAINTY_MEASURE_WITH_UNIT (LENGTH_MEASURE( 1.000000000000000100E-005 ), #598, 'distance_accuracy_value', 'NONE');
#745 = SURFACE_STYLE_USAGE ( .BOTH. , #6554 ) ;
#746 = PLANE ( 'NONE',  #9465 ) ;
#747 = DIRECTION ( 'NONE',  ( 0.0000000000000000000, -0.0000000000000000000, 1.000000000000000000 ) ) ;
#748 = ORIENTED_EDGE ( 'NONE', *, *, #10197, .F. ) ;
#749 = EDGE_CURVE ( 'NONE', #3706, #10652, #10814, .T. ) ;
#750 = ORIENTED_EDGE ( 'NONE', *, *, #1753, .T. ) ;
#751 = FACE_OUTER_BOUND ( 'NONE', #7073, .T. ) ;
#752 = SURFACE_SIDE_STYLE ('',( #1979 ) ) ;
#753 = AXIS2_PLACEMENT_3D ( 'NONE', #410, #7214, #1395 ) ;
#754 = VERTEX_POINT ( 'NONE', #7408 ) ;
#755 = DIMENSIONAL_EXPONENTS ( 1.000000000000000000, 0.0000000000000000000, 0.0000000000000000000, 0.0000000000000000000, 0.0000000000000000000, 0.0000000000000000000, 0.0000000000000000000 ) ;
#756 =( NAMED_UNIT ( * ) SI_UNIT ( $, .STERADIAN. ) SOLID_ANGLE_UNIT ( ) );
#757 = DIRECTION ( 'NONE',  ( -6.982962677686265900E-015, 0.0000000000000000000, 1.000000000000000000 ) ) ;
#758 = LINE ( 'NONE', #9860, #10813 ) ;
#759 = ADVANCED_FACE ( 'NONE', ( #5617 ), #628, .F. ) ;
#760 = COLOUR_RGB ( '',0.2509803921568627400, 0.2509803921568627400, 0.2509803921568627400 ) ;
#761 = FACE_OUTER_BOUND ( 'NONE', #2489, .T. ) ;
#762 = DIRECTION ( 'NONE',  ( 0.0000000000000000000, 0.0000000000000000000, 1.000000000000000000 ) ) ;
#763 = CARTESIAN_POINT ( 'NONE',  ( 0.05669291338582670800, 0.007204724409448820400, -0.02460629921259862800 ) ) ;
#764 = FACE_OUTER_BOUND ( 'NONE', #9738, .T. ) ;
#765 = EDGE_CURVE ( 'NONE', #8000, #3399, #6963, .T. ) ;
#766 = EDGE_CURVE ( 'NONE', #3540, #1286, #12214, .T. ) ;
#767 = FILL_AREA_STYLE ('',( #12471 ) ) ;
#768 = VECTOR ( 'NONE', #819, 39.37007874015748100 ) ;
#769 = ORIENTED_EDGE ( 'NONE', *, *, #3611, .F. ) ;
#770 = FILL_AREA_STYLE_COLOUR ( '', #4985 ) ;
#771 = UNCERTAINTY_MEASURE_WITH_UNIT (LENGTH_MEASURE( 1.000000000000000100E-005 ), #9653, 'distance_accuracy_value', 'NONE');
#772 = COLOUR_RGB ( '',0.9686274509803921600, 0.8784313725490196000, 0.5999999999999999800 ) ;
#773 =( NAMED_UNIT ( * ) SI_UNIT ( $, .STERADIAN. ) SOLID_ANGLE_UNIT ( ) );
#774 = PRESENTATION_STYLE_ASSIGNMENT (( #4277 ) ) ;
#775 = PRODUCT ( 'IAM-20380HT', 'IAM-20380HT', '', ( #7429 ) ) ;
#776 = SURFACE_STYLE_FILL_AREA ( #7083 ) ;
#777 = FACE_OUTER_BOUND ( 'NONE', #8490, .T. ) ;
#778 = VERTEX_POINT ( 'NONE', #10439 ) ;
#779 =( NAMED_UNIT ( * ) PLANE_ANGLE_UNIT ( ) SI_UNIT ( $, .RADIAN. ) );
#780 = DIRECTION ( 'NONE',  ( 1.000000000000000000, -0.0000000000000000000, 3.575470135588969500E-015 ) ) ;
#781 = PRESENTATION_STYLE_ASSIGNMENT (( #2563 ) ) ;
#782 = DIRECTION ( 'NONE',  ( 0.0000000000000000000, 1.000000000000000000, -0.0000000000000000000 ) ) ;
#783 = LENGTH_MEASURE_WITH_UNIT ( LENGTH_MEASURE( 0.02539999999999999900 ), #9795 );
#784 = SURFACE_STYLE_FILL_AREA ( #2645 ) ;
#785 = DIRECTION ( 'NONE',  ( 3.513515725732651700E-015, 0.0000000000000000000, -1.000000000000000000 ) ) ;
#786 = LENGTH_MEASURE_WITH_UNIT ( LENGTH_MEASURE( 0.02539999999999999900 ), #9550 );
#787 = CARTESIAN_POINT ( 'NONE',  ( -0.004921259842519285100, 0.007204724409448820400, -0.05669291338582683300 ) ) ;
#788 = CARTESIAN_POINT ( 'NONE',  ( 0.02460629921260094500, 0.001181102362204723500, -0.04291338582677140700 ) ) ;
#789 = UNCERTAINTY_MEASURE_WITH_UNIT (LENGTH_MEASURE( 1.000000000000000100E-005 ), #4505, 'distance_accuracy_value', 'NONE');
#790 = ORIENTED_EDGE ( 'NONE', *, *, #3935, .F. ) ;
#791 = CARTESIAN_POINT ( 'NONE',  ( -0.02460629921259865200, 0.001181102362204724400, -0.04291338582677183700 ) ) ;
#792 = VERTEX_POINT ( 'NONE', #9282 ) ;
#793 = CARTESIAN_POINT ( 'NONE',  ( 0.0000000000000000000, 0.0000000000000000000, -0.04291338582677168400 ) ) ;
#794 = AXIS2_PLACEMENT_3D ( 'NONE', #5971, #128, #6927 ) ;
#795 = COLOUR_RGB ( '',1.000000000000000000, 1.000000000000000000, 1.000000000000000000 ) ;
#796 = VECTOR ( 'NONE', #1453, 39.37007874015748100 ) ;
#797 = CARTESIAN_POINT ( 'NONE',  ( -0.04291338582677178100, 0.007204724409448820400, 0.03444881889763765800 ) ) ;
#798 = PLANE ( 'NONE',  #955 ) ;
#799 = SURFACE_STYLE_USAGE ( .BOTH. , #6616 ) ;
#800 = SURFACE_STYLE_FILL_AREA ( #2536 ) ;
#801 = EDGE_CURVE ( 'NONE', #10007, #12157, #4387, .T. ) ;
#802 = CARTESIAN_POINT ( 'NONE',  ( 0.0000000000000000000, 0.003937007874015748000, 0.0000000000000000000 ) ) ;
#803 = FACE_OUTER_BOUND ( 'NONE', #7058, .T. ) ;
#804 = PLANE ( 'NONE',  #6818 ) ;
#805 = UNCERTAINTY_MEASURE_WITH_UNIT (LENGTH_MEASURE( 1.000000000000000100E-005 ), #10800, 'distance_accuracy_value', 'NONE');
#806 = VERTEX_POINT ( 'NONE', #11424 ) ;
#807 = LINE ( 'NONE', #11347, #480 ) ;
#808 = LINE ( 'NONE', #3981, #5967 ) ;
#809 = PLANE ( 'NONE',  #39 ) ;
#810 = LINE ( 'NONE', #3047, #8251 ) ;
#811 = AXIS2_PLACEMENT_3D ( 'NONE', #6989, #1176, #7973 ) ;
#812 = PRESENTATION_LAYER_ASSIGNMENT (  '', '', ( #129 ) ) ;
#813 = DIRECTION ( 'NONE',  ( 0.0000000000000000000, 1.000000000000000000, 0.0000000000000000000 ) ) ;
#814 = VECTOR ( 'NONE', #3273, 39.37007874015748100 ) ;
#815 = SURFACE_STYLE_USAGE ( .BOTH. , #6626 ) ;
#816 = CARTESIAN_POINT ( 'NONE',  ( 0.0000000000000000000, 0.004133858267716536200, 0.004921259842522252400 ) ) ;
#817 = DIRECTION ( 'NONE',  ( 0.0000000000000000000, -0.0000000000000000000, 1.000000000000000000 ) ) ;
#818 = VECTOR ( 'NONE', #6150, 39.37007874015748100 ) ;
#819 = DIRECTION ( 'NONE',  ( -3.425378178171707600E-015, -0.0000000000000000000, -1.000000000000000000 ) ) ;
#820 = ADVANCED_FACE ( 'NONE', ( #11899 ), #716, .F. ) ;
#821 = EDGE_CURVE ( 'NONE', #8514, #12010, #8029, .T. ) ;
#822 = FACE_OUTER_BOUND ( 'NONE', #1135, .T. ) ;
#823 = FILL_AREA_STYLE ('',( #12535 ) ) ;
#824 = CARTESIAN_POINT ( 'NONE',  ( -0.05669291338582684700, 0.007204724409448820400, 0.01476377952755886400 ) ) ;
#825 = DIRECTION ( 'NONE',  ( 0.0000000000000000000, -0.0000000000000000000, 1.000000000000000000 ) ) ;
#826 = SURFACE_STYLE_USAGE ( .BOTH. , #6638 ) ;
#827 = SURFACE_SIDE_STYLE ('',( #6639 ) ) ;
#828 = SURFACE_STYLE_USAGE ( .BOTH. , #6642 ) ;
#829 = DIRECTION ( 'NONE',  ( 1.000000000000000000, -0.0000000000000000000, 7.602506776249411700E-015 ) ) ;
#830 = AXIS2_PLACEMENT_3D ( 'NONE', #1162, #7956, #2122 ) ;
#831 = ORIENTED_EDGE ( 'NONE', *, *, #11417, .F. ) ;
#832 = DIRECTION ( 'NONE',  ( -0.0000000000000000000, -1.000000000000000000, -0.0000000000000000000 ) ) ;
#833 = ORIENTED_EDGE ( 'NONE', *, *, #9429, .T. ) ;
#834 = LENGTH_MEASURE_WITH_UNIT ( LENGTH_MEASURE( 0.02539999999999999900 ), #2013 );
#835 = EDGE_LOOP ( 'NONE', ( #3138, #6375, #8312, #3223, #7388, #8844, #7314, #7527, #278, #2878, #235, #8171, #11354, #7709, #911, #228, #7784, #6784, #2436, #11947, #2036, #5504, #12392, #2204 ) ) ;
#836 = VERTEX_POINT ( 'NONE', #2688 ) ;
#837 = DIRECTION ( 'NONE',  ( -1.000000000000000000, -0.0000000000000000000, -6.115600939697863200E-015 ) ) ;
#838 = ORIENTED_EDGE ( 'NONE', *, *, #6599, .T. ) ;
#839 =( NAMED_UNIT ( * ) SI_UNIT ( $, .STERADIAN. ) SOLID_ANGLE_UNIT ( ) );
#840 = EDGE_CURVE ( 'NONE', #1166, #5709, #2855, .T. ) ;
#841 = CARTESIAN_POINT ( 'NONE',  ( -0.01476377952755906200, 0.0000000000000000000, 0.0000000000000000000 ) ) ;
#842 = EDGE_CURVE ( 'NONE', #919, #852, #5449, .T. ) ;
#843 = FILL_AREA_STYLE ('',( #9605 ) ) ;
#844 = MANIFOLD_SOLID_BREP ( 'Body-Move/Copy1[11]', #8091 ) ;
#845 = LINE ( 'NONE', #7598, #519 ) ;
#846 = SURFACE_STYLE_FILL_AREA ( #1270 ) ;
#847 = CARTESIAN_POINT ( 'NONE',  ( -0.04291338582677161500, 0.0000000000000000000, -0.01476377952755921500 ) ) ;
#848 = DIRECTION ( 'NONE',  ( 1.000000000000000000, -0.0000000000000000000, 5.434102431278317600E-015 ) ) ;
#849 = PRESENTATION_LAYER_ASSIGNMENT (  '', '', ( #167 ) ) ;
#850 = DIMENSIONAL_EXPONENTS ( 1.000000000000000000, 0.0000000000000000000, 0.0000000000000000000, 0.0000000000000000000, 0.0000000000000000000, 0.0000000000000000000, 0.0000000000000000000 ) ;
#851 = DIMENSIONAL_EXPONENTS ( 1.000000000000000000, 0.0000000000000000000, 0.0000000000000000000, 0.0000000000000000000, 0.0000000000000000000, 0.0000000000000000000, 0.0000000000000000000 ) ;
#852 = VERTEX_POINT ( 'NONE', #5640 ) ;
#853 = EDGE_LOOP ( 'NONE', ( #12635, #8018, #2058, #2558 ) ) ;
#854 = CARTESIAN_POINT ( 'NONE',  ( 0.02460629921260100100, 0.004133858267716536200, -0.05669291338582569500 ) ) ;
#855 = FILL_AREA_STYLE_COLOUR ( '', #6183 ) ;
#856 = VECTOR ( 'NONE', #11943, 39.37007874015748100 ) ;
#857 = PRESENTATION_LAYER_ASSIGNMENT (  '', '', ( #12225 ) ) ;
#858 = STYLED_ITEM ( 'NONE', ( #9234 ), #626 ) ;
#859 = SURFACE_SIDE_STYLE ('',( #3786 ) ) ;
#860 = FACE_OUTER_BOUND ( 'NONE', #3881, .T. ) ;
#861 = CARTESIAN_POINT ( 'NONE',  ( 0.05669291338582663900, 0.007204724409448820400, -0.04429133858267737800 ) ) ;
#862 = UNCERTAINTY_MEASURE_WITH_UNIT (LENGTH_MEASURE( 1.000000000000000100E-005 ), #11725, 'distance_accuracy_value', 'NONE');
#863 = CARTESIAN_POINT ( 'NONE',  ( 0.04291338582677151100, 0.007204724409448820400, -0.04429133858267732300 ) ) ;
#864 =( NAMED_UNIT ( * ) PLANE_ANGLE_UNIT ( ) SI_UNIT ( $, .RADIAN. ) );
#865 = PLANE ( 'NONE',  #10241 ) ;
#866 = ORIENTED_EDGE ( 'NONE', *, *, #11268, .F. ) ;
#867 = ORIENTED_EDGE ( 'NONE', *, *, #6246, .T. ) ;
#868 = LINE ( 'NONE', #9574, #8311 ) ;
#869 = ORIENTED_EDGE ( 'NONE', *, *, #12247, .T. ) ;
#870 = DIRECTION ( 'NONE',  ( 0.0000000000000000000, -0.0000000000000000000, 1.000000000000000000 ) ) ;
#871 = LENGTH_MEASURE_WITH_UNIT ( LENGTH_MEASURE( 0.02539999999999999900 ), #1784 );
#872 = STYLED_ITEM ( 'NONE', ( #12691 ), #10164 ) ;
#873 = CARTESIAN_POINT ( 'NONE',  ( 0.0000000000000000000, 0.0000000000000000000, -0.02460629921260023800 ) ) ;
#874 = DIRECTION ( 'NONE',  ( 0.0000000000000000000, -0.0000000000000000000, 1.000000000000000000 ) ) ;
#875 = CARTESIAN_POINT ( 'NONE',  ( -0.04291338582677179500, 0.007204724409448820400, 0.03444881889763765800 ) ) ;
#876 = DIRECTION ( 'NONE',  ( 6.982962677686265900E-015, 0.0000000000000000000, -1.000000000000000000 ) ) ;
#877 =( NAMED_UNIT ( * ) SI_UNIT ( $, .STERADIAN. ) SOLID_ANGLE_UNIT ( ) );
#878 = AXIS2_PLACEMENT_3D ( 'NONE', #2309, #9155, #3302 ) ;
#879 = VERTEX_POINT ( 'NONE', #9293 ) ;
#880 = EDGE_CURVE ( 'NONE', #3300, #4068, #11739, .T. ) ;
#881 = PLANE ( 'NONE',  #3115 ) ;
#882 = ORIENTED_EDGE ( 'NONE', *, *, #9675, .T. ) ;
#883 = ORIENTED_EDGE ( 'NONE', *, *, #9174, .F. ) ;
#884 = ORIENTED_EDGE ( 'NONE', *, *, #503, .F. ) ;
#885 = ORIENTED_EDGE ( 'NONE', *, *, #10461, .F. ) ;
#886 = DIMENSIONAL_EXPONENTS ( 1.000000000000000000, 0.0000000000000000000, 0.0000000000000000000, 0.0000000000000000000, 0.0000000000000000000, 0.0000000000000000000, 0.0000000000000000000 ) ;
#887 = ORIENTED_EDGE ( 'NONE', *, *, #248, .T. ) ;
#888 = CARTESIAN_POINT ( 'NONE',  ( -0.05905511811023644900, 0.0000000000000000000, 0.03444881889763774800 ) ) ;
#889 = CARTESIAN_POINT ( 'NONE',  ( 0.05669291338582694400, 0.001181102362204723300, 0.04429133858267697600 ) ) ;
#890 = ADVANCED_FACE ( 'NONE', ( #6518 ), #4409, .F. ) ;
#891 = AXIS2_PLACEMENT_3D ( 'NONE', #10294, #4422, #11283 ) ;
#892 = FILL_AREA_STYLE ('',( #12593 ) ) ;
#893 = STYLED_ITEM ( 'NONE', ( #6905 ), #11255 ) ;
#894 = CARTESIAN_POINT ( 'NONE',  ( -0.04494350380682998100, 0.02755905511811023600, -0.03789093658332103700 ) ) ;
#895 = ORIENTED_EDGE ( 'NONE', *, *, #10477, .T. ) ;
#896 = SURFACE_STYLE_FILL_AREA ( #9087 ) ;
#897 = EDGE_LOOP ( 'NONE', ( #6061, #5406, #332, #12009 ) ) ;
#898 = EDGE_LOOP ( 'NONE', ( #6938, #7491, #11712, #9765 ) ) ;
#899 = CARTESIAN_POINT ( 'NONE',  ( 0.004921259842522282700, 0.007204724409448820400, -0.04291338582677168400 ) ) ;
#900 = LENGTH_MEASURE_WITH_UNIT ( LENGTH_MEASURE( 0.02539999999999999900 ), #11429 );
#901 = PRESENTATION_STYLE_ASSIGNMENT (( #3388 ) ) ;
#902 = CARTESIAN_POINT ( 'NONE',  ( -0.05905511811023632400, 0.001181102362204723700, 0.01476377952755899200 ) ) ;
#903 = CARTESIAN_POINT ( 'NONE',  ( -0.004921259842522326100, 0.0000000000000000000, 0.05669291338582657000 ) ) ;
#904 = FILL_AREA_STYLE_COLOUR ( '', #9802 ) ;
#905 = ORIENTED_EDGE ( 'NONE', *, *, #2108, .F. ) ;
#906 =( NAMED_UNIT ( * ) PLANE_ANGLE_UNIT ( ) SI_UNIT ( $, .RADIAN. ) );
#907 = AXIS2_PLACEMENT_3D ( 'NONE', #7209, #1393, #8193 ) ;
#908 = SURFACE_STYLE_FILL_AREA ( #2037 ) ;
#909 =( CONVERSION_BASED_UNIT ( 'INCH', #6685 ) LENGTH_UNIT ( ) NAMED_UNIT ( #1000 ) );
#910 =( GEOMETRIC_REPRESENTATION_CONTEXT ( 3 ) GLOBAL_UNCERTAINTY_ASSIGNED_CONTEXT ( ( #8502 ) ) GLOBAL_UNIT_ASSIGNED_CONTEXT ( ( #5672, #12544, #6644 ) ) REPRESENTATION_CONTEXT ( 'NONE', 'WORKASPACE' ) );
#911 = ORIENTED_EDGE ( 'NONE', *, *, #2753, .F. ) ;
#912 = CARTESIAN_POINT ( 'NONE',  ( 0.01476377952755936400, 0.007204724409448820400, -0.04291338582677155900 ) ) ;
#913 = FILL_AREA_STYLE ('',( #12690 ) ) ;
#914 = VECTOR ( 'NONE', #655, 39.37007874015748100 ) ;
#915 = FILL_AREA_STYLE ('',( #12614 ) ) ;
#916 =( NAMED_UNIT ( * ) PLANE_ANGLE_UNIT ( ) SI_UNIT ( $, .RADIAN. ) );
#917 = FILL_AREA_STYLE_COLOUR ( '', #10594 ) ;
#918 = UNCERTAINTY_MEASURE_WITH_UNIT (LENGTH_MEASURE( 1.000000000000000100E-005 ), #2977, 'distance_accuracy_value', 'NONE');
#919 = VERTEX_POINT ( 'NONE', #12256 ) ;
#920 = LINE ( 'NONE', #11695, #6072 ) ;
#921 = ORIENTED_EDGE ( 'NONE', *, *, #8567, .F. ) ;
#922 = COLOUR_RGB ( '',0.9686274509803921600, 0.8784313725490196000, 0.5999999999999999800 ) ;
#923 = PRESENTATION_LAYER_ASSIGNMENT (  '', '', ( #12297 ) ) ;
#924 = CARTESIAN_POINT ( 'NONE',  ( -0.05905511811023612300, 0.03149606299212598400, -0.01476377952755949600 ) ) ;
#925 = DIRECTION ( 'NONE',  ( 0.0000000000000000000, 1.000000000000000000, -0.0000000000000000000 ) ) ;
#926 = FACE_OUTER_BOUND ( 'NONE', #7245, .T. ) ;
#927 =( NAMED_UNIT ( * ) SI_UNIT ( $, .STERADIAN. ) SOLID_ANGLE_UNIT ( ) );
#928 = EDGE_CURVE ( 'NONE', #2266, #1241, #5607, .T. ) ;
#929 = UNCERTAINTY_MEASURE_WITH_UNIT (LENGTH_MEASURE( 1.000000000000000100E-005 ), #2814, 'distance_accuracy_value', 'NONE');
#930 = CIRCLE ( 'NONE', #470, 0.007052567223509561600 ) ;
#931 = EDGE_CURVE ( 'NONE', #10207, #1423, #417, .T. ) ;
#932 = FACE_OUTER_BOUND ( 'NONE', #993, .T. ) ;
#933 = VECTOR ( 'NONE', #8849, 39.37007874015748100 ) ;
#934 = CARTESIAN_POINT ( 'NONE',  ( 0.0000000000000000000, 0.004133858267716536200, 0.05669291338582568100 ) ) ;
#935 = FILL_AREA_STYLE_COLOUR ( '', #3753 ) ;
#936 = SURFACE_STYLE_USAGE ( .BOTH. , #6749 ) ;
#937 = FILL_AREA_STYLE ('',( #4765 ) ) ;
#938 = LINE ( 'NONE', #7971, #8386 ) ;
#939 = VECTOR ( 'NONE', #11421, 39.37007874015748100 ) ;
#940 =( CONVERSION_BASED_UNIT ( 'INCH', #985 ) LENGTH_UNIT ( ) NAMED_UNIT ( #10955 ) );
#941 = FACE_OUTER_BOUND ( 'NONE', #995, .T. ) ;
#942 = ADVANCED_FACE ( 'NONE', ( #3000 ), #5426, .T. ) ;
#943 =( GEOMETRIC_REPRESENTATION_CONTEXT ( 3 ) GLOBAL_UNCERTAINTY_ASSIGNED_CONTEXT ( ( #1494 ) ) GLOBAL_UNIT_ASSIGNED_CONTEXT ( ( #6469, #648, #7427 ) ) REPRESENTATION_CONTEXT ( 'NONE', 'WORKASPACE' ) );
#944 = FILL_AREA_STYLE ('',( #10666 ) ) ;
#945 = SURFACE_SIDE_STYLE ('',( #10097 ) ) ;
#946 = EDGE_CURVE ( 'NONE', #7100, #3313, #6662, .T. ) ;
#947 = ORIENTED_EDGE ( 'NONE', *, *, #6136, .T. ) ;
#948 = CARTESIAN_POINT ( 'NONE',  ( 0.05669291338582695800, 0.004133858267716536200, 0.04429133858267698300 ) ) ;
#949 =( CONVERSION_BASED_UNIT ( 'INCH', #6740 ) LENGTH_UNIT ( ) NAMED_UNIT ( #12106 ) );
#950 = LENGTH_MEASURE_WITH_UNIT ( LENGTH_MEASURE( 0.02539999999999999900 ), #4636 );
#951 = DIRECTION ( 'NONE',  ( -3.575470135588969500E-015, 0.0000000000000000000, 1.000000000000000000 ) ) ;
#952 = ORIENTED_EDGE ( 'NONE', *, *, #5860, .F. ) ;
#953 = VECTOR ( 'NONE', #7260, 39.37007874015748100 ) ;
#954 = AXIS2_PLACEMENT_3D ( 'NONE', #9433, #3580, #10408 ) ;
#955 = AXIS2_PLACEMENT_3D ( 'NONE', #12464, #6573, #757 ) ;
#956 =( NAMED_UNIT ( * ) SI_UNIT ( $, .STERADIAN. ) SOLID_ANGLE_UNIT ( ) );
#957 = STYLED_ITEM ( 'NONE', ( #6789 ), #10860 ) ;
#958 = CLOSED_SHELL ( 'NONE', ( #9330, #7809, #2051, #3814, #5010, #218 ) ) ;
#959 = DIRECTION ( 'NONE',  ( -0.0000000000000000000, -1.000000000000000000, -0.0000000000000000000 ) ) ;
#960 = FACE_OUTER_BOUND ( 'NONE', #2851, .T. ) ;
#961 = UNCERTAINTY_MEASURE_WITH_UNIT (LENGTH_MEASURE( 1.000000000000000100E-005 ), #11047, 'distance_accuracy_value', 'NONE');
#962 = ORIENTED_EDGE ( 'NONE', *, *, #10160, .F. ) ;
#963 = ORIENTED_EDGE ( 'NONE', *, *, #4841, .F. ) ;
#964 = DIRECTION ( 'NONE',  ( 0.0000000000000000000, -0.0000000000000000000, 1.000000000000000000 ) ) ;
#965 = LINE ( 'NONE', #2401, #3224 ) ;
#966 = ORIENTED_EDGE ( 'NONE', *, *, #6189, .T. ) ;
#967 = LINE ( 'NONE', #4901, #11031 ) ;
#968 = VECTOR ( 'NONE', #6799, 39.37007874015748100 ) ;
#969 = SURFACE_STYLE_USAGE ( .BOTH. , #6776 ) ;
#970 = DIMENSIONAL_EXPONENTS ( 1.000000000000000000, 0.0000000000000000000, 0.0000000000000000000, 0.0000000000000000000, 0.0000000000000000000, 0.0000000000000000000, 0.0000000000000000000 ) ;
#971 = DIMENSIONAL_EXPONENTS ( 1.000000000000000000, 0.0000000000000000000, 0.0000000000000000000, 0.0000000000000000000, 0.0000000000000000000, 0.0000000000000000000, 0.0000000000000000000 ) ;
#972 = LINE ( 'NONE', #3455, #677 ) ;
#973 = VECTOR ( 'NONE', #3456, 39.37007874015748100 ) ;
#974 =( GEOMETRIC_REPRESENTATION_CONTEXT ( 3 ) GLOBAL_UNCERTAINTY_ASSIGNED_CONTEXT ( ( #1613 ) ) GLOBAL_UNIT_ASSIGNED_CONTEXT ( ( #353, #7140, #1328 ) ) REPRESENTATION_CONTEXT ( 'NONE', 'WORKASPACE' ) );
#975 = LENGTH_MEASURE_WITH_UNIT ( LENGTH_MEASURE( 0.02539999999999999900 ), #994 );
#976 =( GEOMETRIC_REPRESENTATION_CONTEXT ( 3 ) GLOBAL_UNCERTAINTY_ASSIGNED_CONTEXT ( ( #10158 ) ) GLOBAL_UNIT_ASSIGNED_CONTEXT ( ( #11476, #5602, #12469 ) ) REPRESENTATION_CONTEXT ( 'NONE', 'WORKASPACE' ) );
#977 = PRESENTATION_LAYER_ASSIGNMENT (  '', '', ( #1602 ) ) ;
#978 = PLANE ( 'NONE',  #4042 ) ;
#979 = SURFACE_SIDE_STYLE ('',( #3230 ) ) ;
#980 = DIRECTION ( 'NONE',  ( 0.0000000000000000000, 1.000000000000000000, 0.0000000000000000000 ) ) ;
#981 = DIRECTION ( 'NONE',  ( -0.0000000000000000000, -1.000000000000000000, -0.0000000000000000000 ) ) ;
#982 = DIMENSIONAL_EXPONENTS ( 1.000000000000000000, 0.0000000000000000000, 0.0000000000000000000, 0.0000000000000000000, 0.0000000000000000000, 0.0000000000000000000, 0.0000000000000000000 ) ;
#983 = DIRECTION ( 'NONE',  ( -0.0000000000000000000, 0.0000000000000000000, -1.000000000000000000 ) ) ;
#984 = EDGE_CURVE ( 'NONE', #9716, #9818, #1791, .T. ) ;
#985 = LENGTH_MEASURE_WITH_UNIT ( LENGTH_MEASURE( 0.02539999999999999900 ), #6750 );
#986 = LINE ( 'NONE', #6514, #6149 ) ;
#987 = PLANE ( 'NONE',  #3824 ) ;
#988 = ORIENTED_EDGE ( 'NONE', *, *, #1503, .F. ) ;
#989 = SURFACE_STYLE_USAGE ( .BOTH. , #6798 ) ;
#990 = STYLED_ITEM ( 'NONE', ( #6423 ), #6225 ) ;
#991 = ORIENTED_EDGE ( 'NONE', *, *, #11852, .F. ) ;
#992 =( GEOMETRIC_REPRESENTATION_CONTEXT ( 3 ) GLOBAL_UNCERTAINTY_ASSIGNED_CONTEXT ( ( #1828 ) ) GLOBAL_UNIT_ASSIGNED_CONTEXT ( ( #9544, #3680, #10509 ) ) REPRESENTATION_CONTEXT ( 'NONE', 'WORKASPACE' ) );
#993 = EDGE_LOOP ( 'NONE', ( #9728, #3727, #6509, #4968 ) ) ;
#994 =( LENGTH_UNIT ( ) NAMED_UNIT ( * ) SI_UNIT ( $, .METRE. ) );
#995 = EDGE_LOOP ( 'NONE', ( #2273, #9997, #4981, #1151 ) ) ;
#996 = CARTESIAN_POINT ( 'NONE',  ( -0.04494350380682998100, 0.02755905511811023600, -0.04494350380683059800 ) ) ;
#997 = VECTOR ( 'NONE', #3116, 39.37007874015748100 ) ;
#998 = COLOUR_RGB ( '',0.9686274509803921600, 0.8784313725490196000, 0.5999999999999999800 ) ;
#999 = EDGE_CURVE ( 'NONE', #3669, #3398, #4064, .T. ) ;
#1000 = DIMENSIONAL_EXPONENTS ( 1.000000000000000000, 0.0000000000000000000, 0.0000000000000000000, 0.0000000000000000000, 0.0000000000000000000, 0.0000000000000000000, 0.0000000000000000000 ) ;
#1001 = CARTESIAN_POINT ( 'NONE',  ( 0.05669291338582668100, 0.007204724409448820400, -0.03444881889763799800 ) ) ;
#1002 = DIRECTION ( 'NONE',  ( 0.0000000000000000000, 1.000000000000000000, 0.0000000000000000000 ) ) ;
#1003 = FILL_AREA_STYLE_COLOUR ( '', #2741 ) ;
#1004 = ORIENTED_EDGE ( 'NONE', *, *, #11752, .F. ) ;
#1005 = ADVANCED_FACE ( 'NONE', ( #9278 ), #2612, .F. ) ;
#1006 = CARTESIAN_POINT ( 'NONE',  ( -0.05905511811023605300, 0.001181102362204723700, -0.02460629921260059200 ) ) ;
#1007 = PLANE ( 'NONE',  #9593 ) ;
#1008 = VECTOR ( 'NONE', #8746, 39.37007874015748100 ) ;
#1009 = CARTESIAN_POINT ( 'NONE',  ( -0.05905511811023581000, 0.03149606299212598400, -0.05905511811023662200 ) ) ;
#1010 = CARTESIAN_POINT ( 'NONE',  ( 0.004921259842519684100, 0.007204724409448820400, 0.04291338582677166300 ) ) ;
#1011 =( GEOMETRIC_REPRESENTATION_CONTEXT ( 3 ) GLOBAL_UNCERTAINTY_ASSIGNED_CONTEXT ( ( #11542 ) ) GLOBAL_UNIT_ASSIGNED_CONTEXT ( ( #634, #7415, #1594 ) ) REPRESENTATION_CONTEXT ( 'NONE', 'WORKASPACE' ) );
#1012 = CARTESIAN_POINT ( 'NONE',  ( -0.004921259842522249800, 0.0000000000000000000, 0.04291338582677166300 ) ) ;
#1013 = VERTEX_POINT ( 'NONE', #8459 ) ;
#1014 =( NAMED_UNIT ( * ) PLANE_ANGLE_UNIT ( ) SI_UNIT ( $, .RADIAN. ) );
#1015 = ORIENTED_EDGE ( 'NONE', *, *, #7440, .T. ) ;
#1016 = ORIENTED_EDGE ( 'NONE', *, *, #12194, .T. ) ;
#1017 = SURFACE_STYLE_USAGE ( .BOTH. , #6825 ) ;
#1018 = CARTESIAN_POINT ( 'NONE',  ( 0.0000000000000000000, 0.0000000000000000000, 0.0000000000000000000 ) ) ;
#1019 = VERTEX_POINT ( 'NONE', #10490 ) ;
#1020 =( GEOMETRIC_REPRESENTATION_CONTEXT ( 3 ) GLOBAL_UNCERTAINTY_ASSIGNED_CONTEXT ( ( #2919 ) ) GLOBAL_UNIT_ASSIGNED_CONTEXT ( ( #4090, #10951, #5076 ) ) REPRESENTATION_CONTEXT ( 'NONE', 'WORKASPACE' ) );
#1021 = STYLED_ITEM ( 'NONE', ( #5911 ), #10354 ) ;
#1022 = SURFACE_SIDE_STYLE ('',( #12478 ) ) ;
#1023 =( NAMED_UNIT ( * ) PLANE_ANGLE_UNIT ( ) SI_UNIT ( $, .RADIAN. ) );
#1024 = ORIENTED_EDGE ( 'NONE', *, *, #1077, .F. ) ;
#1025 = VECTOR ( 'NONE', #144, 39.37007874015748100 ) ;
#1026 =( CONVERSION_BASED_UNIT ( 'INCH', #4121 ) LENGTH_UNIT ( ) NAMED_UNIT ( #970 ) );
#1027 =( GEOMETRIC_REPRESENTATION_CONTEXT ( 3 ) GLOBAL_UNCERTAINTY_ASSIGNED_CONTEXT ( ( #7222 ) ) GLOBAL_UNIT_ASSIGNED_CONTEXT ( ( #5127, #11992, #6114 ) ) REPRESENTATION_CONTEXT ( 'NONE', 'WORKASPACE' ) );
#1028 = FILL_AREA_STYLE_COLOUR ( '', #7603 ) ;
#1029 = ORIENTED_EDGE ( 'NONE', *, *, #3106, .T. ) ;
#1030 = PLANE ( 'NONE',  #1149 ) ;
#1031 = DIRECTION ( 'NONE',  ( 1.309156885088692300E-017, 0.0000000000000000000, -1.000000000000000000 ) ) ;
#1032 = SURFACE_STYLE_FILL_AREA ( #7248 ) ;
#1033 = ORIENTED_EDGE ( 'NONE', *, *, #4746, .T. ) ;
#1034 =( GEOMETRIC_REPRESENTATION_CONTEXT ( 3 ) GLOBAL_UNCERTAINTY_ASSIGNED_CONTEXT ( ( #11653 ) ) GLOBAL_UNIT_ASSIGNED_CONTEXT ( ( #9310, #3450, #10293 ) ) REPRESENTATION_CONTEXT ( 'NONE', 'WORKASPACE' ) );
#1035 = ORIENTED_EDGE ( 'NONE', *, *, #7116, .F. ) ;
#1036 =( GEOMETRIC_REPRESENTATION_CONTEXT ( 3 ) GLOBAL_UNCERTAINTY_ASSIGNED_CONTEXT ( ( #7454 ) ) GLOBAL_UNIT_ASSIGNED_CONTEXT ( ( #1968, #8817, #2956 ) ) REPRESENTATION_CONTEXT ( 'NONE', 'WORKASPACE' ) );
#1037 = DIRECTION ( 'NONE',  ( -6.982962677686265900E-015, 0.0000000000000000000, 1.000000000000000000 ) ) ;
#1038 = PRESENTATION_STYLE_ASSIGNMENT (( #8108 ) ) ;
#1039 = MECHANICAL_DESIGN_GEOMETRIC_PRESENTATION_REPRESENTATION (  '', ( #11763 ), #1685 ) ;
#1040 = CARTESIAN_POINT ( 'NONE',  ( 0.0000000000000000000, 0.001181102362204724400, 0.0000000000000000000 ) ) ;
#1041 = VERTEX_POINT ( 'NONE', #3655 ) ;
#1042 = FILL_AREA_STYLE_COLOUR ( '', #11234 ) ;
#1043 = VECTOR ( 'NONE', #2050, 39.37007874015748100 ) ;
#1044 = FILL_AREA_STYLE ('',( #6857 ) ) ;
#1045 = VECTOR ( 'NONE', #9372, 39.37007874015748100 ) ;
#1046 = EDGE_CURVE ( 'NONE', #8098, #1838, #255, .T. ) ;
#1047 = CARTESIAN_POINT ( 'NONE',  ( 0.01476377952755945900, 0.007204724409448820400, -0.05669291338582670100 ) ) ;
#1048 = VECTOR ( 'NONE', #2631, 39.37007874015748100 ) ;
#1049 = PRESENTATION_STYLE_ASSIGNMENT (( #7304 ) ) ;
#1050 = SURFACE_SIDE_STYLE ('',( #6299 ) ) ;
#1051 = FILL_AREA_STYLE ('',( #11607 ) ) ;
#1052 =( GEOMETRIC_REPRESENTATION_CONTEXT ( 3 ) GLOBAL_UNCERTAINTY_ASSIGNED_CONTEXT ( ( #11862 ) ) GLOBAL_UNIT_ASSIGNED_CONTEXT ( ( #1915, #8757, #2896 ) ) REPRESENTATION_CONTEXT ( 'NONE', 'WORKASPACE' ) );
#1053 = UNCERTAINTY_MEASURE_WITH_UNIT (LENGTH_MEASURE( 1.000000000000000100E-005 ), #3924, 'distance_accuracy_value', 'NONE');
#1054 = PRESENTATION_LAYER_ASSIGNMENT (  '', '', ( #12454 ) ) ;
#1055 = ADVANCED_FACE ( 'NONE', ( #10350 ), #6586, .F. ) ;
#1056 = SURFACE_SIDE_STYLE ('',( #5025 ) ) ;
#1057 = VECTOR ( 'NONE', #9375, 39.37007874015748100 ) ;
#1058 = VERTEX_POINT ( 'NONE', #11484 ) ;
#1059 = VECTOR ( 'NONE', #7223, 39.37007874015748100 ) ;
#1060 = VECTOR ( 'NONE', #9159, 39.37007874015748100 ) ;
#1061 = CARTESIAN_POINT ( 'NONE',  ( -0.004921259842522319100, 0.03149606299212598400, 0.05905511811023619200 ) ) ;
#1062 = VECTOR ( 'NONE', #8034, 39.37007874015748100 ) ;
#1063 = CARTESIAN_POINT ( 'NONE',  ( 0.004921259842522335600, 0.03149606299212598400, -0.05905511811023619200 ) ) ;
#1064 = VECTOR ( 'NONE', #9000, 39.37007874015748100 ) ;
#1065 = EDGE_CURVE ( 'NONE', #9387, #3532, #9107, .T. ) ;
#1066 = EDGE_CURVE ( 'NONE', #7444, #7694, #11726, .T. ) ;
#1067 = ORIENTED_EDGE ( 'NONE', *, *, #8161, .F. ) ;
#1068 = ORIENTED_EDGE ( 'NONE', *, *, #2862, .F. ) ;
#1069 = UNCERTAINTY_MEASURE_WITH_UNIT (LENGTH_MEASURE( 1.000000000000000100E-005 ), #9015, 'distance_accuracy_value', 'NONE');
#1070 = LINE ( 'NONE', #12295, #11161 ) ;
#1071 = DIRECTION ( 'NONE',  ( 1.000000000000000000, 0.0000000000000000000, 4.040128209511325900E-015 ) ) ;
#1072 =( GEOMETRIC_REPRESENTATION_CONTEXT ( 3 ) GLOBAL_UNCERTAINTY_ASSIGNED_CONTEXT ( ( #4926 ) ) GLOBAL_UNIT_ASSIGNED_CONTEXT ( ( #7061, #1257, #8050 ) ) REPRESENTATION_CONTEXT ( 'NONE', 'WORKASPACE' ) );
#1073 = CARTESIAN_POINT ( 'NONE',  ( 0.04291338582677153800, 0.001181102362204723500, -0.03444881889763795600 ) ) ;
#1074 = CARTESIAN_POINT ( 'NONE',  ( 0.02460629921259898500, 0.001181102362204724200, 0.05905511811023637900 ) ) ;
#1075 =( CONVERSION_BASED_UNIT ( 'INCH', #8703 ) LENGTH_UNIT ( ) NAMED_UNIT ( #5945 ) );
#1076 = PRESENTATION_STYLE_ASSIGNMENT (( #1889 ) ) ;
#1077 = EDGE_CURVE ( 'NONE', #1449, #10420, #6504, .T. ) ;
#1078 = DIMENSIONAL_EXPONENTS ( 1.000000000000000000, 0.0000000000000000000, 0.0000000000000000000, 0.0000000000000000000, 0.0000000000000000000, 0.0000000000000000000, 0.0000000000000000000 ) ;
#1079 = PRESENTATION_STYLE_ASSIGNMENT (( #11641 ) ) ;
#1080 = LINE ( 'NONE', #10222, #5955 ) ;
#1081 = DIRECTION ( 'NONE',  ( 1.000000000000000000, 0.0000000000000000000, 6.766122243189165800E-015 ) ) ;
#1082 = LENGTH_MEASURE_WITH_UNIT ( LENGTH_MEASURE( 0.02539999999999999900 ), #4281 );
#1083 = DIRECTION ( 'NONE',  ( -1.000000000000000000, -0.0000000000000000000, -5.588988455919166100E-015 ) ) ;
#1084 = DIRECTION ( 'NONE',  ( 1.000000000000000000, 0.0000000000000000000, 0.0000000000000000000 ) ) ;
#1085 = SURFACE_STYLE_FILL_AREA ( #8167 ) ;
#1086 =( GEOMETRIC_REPRESENTATION_CONTEXT ( 3 ) GLOBAL_UNCERTAINTY_ASSIGNED_CONTEXT ( ( #10261 ) ) GLOBAL_UNIT_ASSIGNED_CONTEXT ( ( #1704, #8526, #2670 ) ) REPRESENTATION_CONTEXT ( 'NONE', 'WORKASPACE' ) );
#1087 = FACE_OUTER_BOUND ( 'NONE', #6467, .T. ) ;
#1088 =( NAMED_UNIT ( * ) PLANE_ANGLE_UNIT ( ) SI_UNIT ( $, .RADIAN. ) );
#1089 = CARTESIAN_POINT ( 'NONE',  ( -0.04291338582677151800, 0.007204724409448820400, -0.04429133858267731600 ) ) ;
#1090 = ORIENTED_EDGE ( 'NONE', *, *, #4957, .F. ) ;
#1091 = FACE_OUTER_BOUND ( 'NONE', #10591, .T. ) ;
#1092 = VERTEX_POINT ( 'NONE', #11858 ) ;
#1093 = CARTESIAN_POINT ( 'NONE',  ( 0.0000000000000000000, 0.004133858267716536200, -0.05669291338582658400 ) ) ;
#1094 = DIMENSIONAL_EXPONENTS ( 1.000000000000000000, 0.0000000000000000000, 0.0000000000000000000, 0.0000000000000000000, 0.0000000000000000000, 0.0000000000000000000, 0.0000000000000000000 ) ;
#1095 = FILL_AREA_STYLE_COLOUR ( '', #5615 ) ;
#1096 = AXIS2_PLACEMENT_3D ( 'NONE', #7850, #2015, #8857 ) ;
#1097 = FILL_AREA_STYLE ('',( #74 ) ) ;
#1098 = LINE ( 'NONE', #12003, #5972 ) ;
#1099 = EDGE_CURVE ( 'NONE', #7542, #11275, #3622, .T. ) ;
#1100 = EDGE_LOOP ( 'NONE', ( #9449, #11682, #132, #3769 ) ) ;
#1101 = SURFACE_SIDE_STYLE ('',( #6013 ) ) ;
#1102 = DIRECTION ( 'NONE',  ( -1.000000000000000000, -0.0000000000000000000, -5.743874480559907400E-015 ) ) ;
#1103 = FACE_OUTER_BOUND ( 'NONE', #6933, .T. ) ;
#1104 = PRESENTATION_STYLE_ASSIGNMENT (( #4622 ) ) ;
#1105 = LINE ( 'NONE', #4740, #8592 ) ;
#1106 =( GEOMETRIC_REPRESENTATION_CONTEXT ( 3 ) GLOBAL_UNCERTAINTY_ASSIGNED_CONTEXT ( ( #8966 ) ) GLOBAL_UNIT_ASSIGNED_CONTEXT ( ( #136, #6940, #1124 ) ) REPRESENTATION_CONTEXT ( 'NONE', 'WORKASPACE' ) );
#1107 =( GEOMETRIC_REPRESENTATION_CONTEXT ( 3 ) GLOBAL_UNCERTAINTY_ASSIGNED_CONTEXT ( ( #4657 ) ) GLOBAL_UNIT_ASSIGNED_CONTEXT ( ( #10129, #4247, #11104 ) ) REPRESENTATION_CONTEXT ( 'NONE', 'WORKASPACE' ) );
#1108 = MECHANICAL_DESIGN_GEOMETRIC_PRESENTATION_REPRESENTATION (  '', ( #11836 ), #1762 ) ;
#1109 = DIMENSIONAL_EXPONENTS ( 1.000000000000000000, 0.0000000000000000000, 0.0000000000000000000, 0.0000000000000000000, 0.0000000000000000000, 0.0000000000000000000, 0.0000000000000000000 ) ;
#1110 = UNCERTAINTY_MEASURE_WITH_UNIT (LENGTH_MEASURE( 1.000000000000000100E-005 ), #8329, 'distance_accuracy_value', 'NONE');
#1111 = FILL_AREA_STYLE_COLOUR ( '', #482 ) ;
#1112 = SURFACE_SIDE_STYLE ('',( #1574 ) ) ;
#1113 = CARTESIAN_POINT ( 'NONE',  ( 0.05905511811023644900, 0.0000000000000000000, -0.03444881889763799800 ) ) ;
#1114 = EDGE_LOOP ( 'NONE', ( #4820, #7813, #2522, #9518 ) ) ;
#1115 = PRESENTATION_STYLE_ASSIGNMENT (( #7137 ) ) ;
#1116 = ADVANCED_FACE ( 'NONE', ( #6201 ), #1133, .F. ) ;
#1117 = PRESENTATION_STYLE_ASSIGNMENT (( #4302 ) ) ;
#1118 = LENGTH_MEASURE_WITH_UNIT ( LENGTH_MEASURE( 0.02539999999999999900 ), #3760 );
#1119 = DIRECTION ( 'NONE',  ( 1.000000000000000000, 0.0000000000000000000, -3.549286997887197300E-015 ) ) ;
#1120 = DIRECTION ( 'NONE',  ( -1.000000000000000000, -0.0000000000000000000, 2.774856874683270000E-015 ) ) ;
#1121 =( NAMED_UNIT ( * ) PLANE_ANGLE_UNIT ( ) SI_UNIT ( $, .RADIAN. ) );
#1122 =( NAMED_UNIT ( * ) SI_UNIT ( $, .STERADIAN. ) SOLID_ANGLE_UNIT ( ) );
#1123 = EDGE_LOOP ( 'NONE', ( #9589, #7019, #6030, #952 ) ) ;
#1124 =( NAMED_UNIT ( * ) SI_UNIT ( $, .STERADIAN. ) SOLID_ANGLE_UNIT ( ) );
#1125 = AXIS2_PLACEMENT_3D ( 'NONE', #45, #6846, #1031 ) ;
#1126 = ADVANCED_FACE ( 'NONE', ( #10194 ), #5986, .F. ) ;
#1127 = MECHANICAL_DESIGN_GEOMETRIC_PRESENTATION_REPRESENTATION (  '', ( #11847 ), #1779 ) ;
#1128 = FILL_AREA_STYLE ('',( #137 ) ) ;
#1129 =( NAMED_UNIT ( * ) PLANE_ANGLE_UNIT ( ) SI_UNIT ( $, .RADIAN. ) );
#1130 = EDGE_CURVE ( 'NONE', #10203, #1423, #6522, .T. ) ;
#1131 = PLANE ( 'NONE',  #11794 ) ;
#1132 = SURFACE_STYLE_USAGE ( .BOTH. , #6946 ) ;
#1133 = PLANE ( 'NONE',  #2043 ) ;
#1134 = DIRECTION ( 'NONE',  ( -1.000000000000000000, 0.0000000000000000000, -6.838402388021533300E-015 ) ) ;
#1135 = EDGE_LOOP ( 'NONE', ( #1285, #11990, #11246, #1761 ) ) ;
#1136 =( NAMED_UNIT ( * ) SI_UNIT ( $, .STERADIAN. ) SOLID_ANGLE_UNIT ( ) );
#1137 = EDGE_CURVE ( 'NONE', #12157, #4118, #1644, .T. ) ;
#1138 = ORIENTED_EDGE ( 'NONE', *, *, #9333, .F. ) ;
#1140 = EDGE_CURVE ( 'NONE', #3443, #1789, #9125, .T. ) ;
#1139 = LENGTH_MEASURE_WITH_UNIT ( LENGTH_MEASURE( 0.02539999999999999900 ), #6283 );
#1141 = DIRECTION ( 'NONE',  ( -0.0000000000000000000, -1.000000000000000000, -0.0000000000000000000 ) ) ;
#1142 = VECTOR ( 'NONE', #2134, 39.37007874015748100 ) ;
#1143 = VECTOR ( 'NONE', #3938, 39.37007874015748100 ) ;
#1144 = LINE ( 'NONE', #1061, #6324 ) ;
#1145 = UNCERTAINTY_MEASURE_WITH_UNIT (LENGTH_MEASURE( 1.000000000000000100E-005 ), #3196, 'distance_accuracy_value', 'NONE');
#1146 = DIRECTION ( 'NONE',  ( 0.0000000000000000000, 1.000000000000000000, 0.0000000000000000000 ) ) ;
#1147 =( GEOMETRIC_REPRESENTATION_CONTEXT ( 3 ) GLOBAL_UNCERTAINTY_ASSIGNED_CONTEXT ( ( #2248 ) ) GLOBAL_UNIT_ASSIGNED_CONTEXT ( ( #5524, #12390, #6501 ) ) REPRESENTATION_CONTEXT ( 'NONE', 'WORKASPACE' ) );
#1148 = SURFACE_SIDE_STYLE ('',( #8581 ) ) ;
#1149 = AXIS2_PLACEMENT_3D ( 'NONE', #11796, #5919, #89 ) ;
#1150 = DIRECTION ( 'NONE',  ( -1.000000000000000000, 0.0000000000000000000, -5.511545443598771800E-015 ) ) ;
#1151 = ORIENTED_EDGE ( 'NONE', *, *, #1370, .F. ) ;
#1152 = ORIENTED_EDGE ( 'NONE', *, *, #5060, .T. ) ;
#1153 = PRESENTATION_STYLE_ASSIGNMENT (( #3863 ) ) ;
#1154 = EDGE_CURVE ( 'NONE', #1165, #8240, #11433, .T. ) ;
#1155 = VERTEX_POINT ( 'NONE', #7065 ) ;
#1156 = SURFACE_SIDE_STYLE ('',( #8121 ) ) ;
#1157 = SURFACE_STYLE_USAGE ( .BOTH. , #6974 ) ;
#1158 = EDGE_CURVE ( 'NONE', #6898, #6334, #11121, .T. ) ;
#1159 = DIRECTION ( 'NONE',  ( 3.425378178174574300E-015, -0.0000000000000000000, 1.000000000000000000 ) ) ;
#1160 = EDGE_LOOP ( 'NONE', ( #8597, #1687, #4485, #458 ) ) ;
#1161 = FILL_AREA_STYLE ('',( #11889 ) ) ;
#1162 = CARTESIAN_POINT ( 'NONE',  ( -0.04291338582677181600, 0.007204724409448820400, 0.04429133858267702400 ) ) ;
#1163 = FILL_AREA_STYLE_COLOUR ( '', #7666 ) ;
#1164 = ORIENTED_EDGE ( 'NONE', *, *, #6267, .T. ) ;
#1165 = VERTEX_POINT ( 'NONE', #10056 ) ;
#1166 = VERTEX_POINT ( 'NONE', #6108 ) ;
#1167 = VERTEX_POINT ( 'NONE', #4187 ) ;
#1168 = ORIENTED_EDGE ( 'NONE', *, *, #3079, .T. ) ;
#1169 =( GEOMETRIC_REPRESENTATION_CONTEXT ( 3 ) GLOBAL_UNCERTAINTY_ASSIGNED_CONTEXT ( ( #7566 ) ) GLOBAL_UNIT_ASSIGNED_CONTEXT ( ( #5758, #12624, #6732 ) ) REPRESENTATION_CONTEXT ( 'NONE', 'WORKASPACE' ) );
#1170 = CARTESIAN_POINT ( 'NONE',  ( 0.05669291338582671500, 0.0000000000000000000, -0.004921259842519878400 ) ) ;
#1171 = MECHANICAL_DESIGN_GEOMETRIC_PRESENTATION_REPRESENTATION (  '', ( #12573 ), #1820 ) ;
#1172 = FILL_AREA_STYLE_COLOUR ( '', #1727 ) ;
#1173 = SURFACE_STYLE_USAGE ( .BOTH. , #6987 ) ;
#1174 = EDGE_CURVE ( 'NONE', #10455, #11030, #5905, .T. ) ;
#1175 = UNCERTAINTY_MEASURE_WITH_UNIT (LENGTH_MEASURE( 1.000000000000000100E-005 ), #1767, 'distance_accuracy_value', 'NONE');
#1176 = DIRECTION ( 'NONE',  ( -3.498027123268577200E-015, 0.0000000000000000000, 1.000000000000000000 ) ) ;
#1177 = ORIENTED_EDGE ( 'NONE', *, *, #3800, .F. ) ;
#1178 = LINE ( 'NONE', #3193, #3461 ) ;
#1179 = ORIENTED_EDGE ( 'NONE', *, *, #7001, .F. ) ;
#1180 = ORIENTED_EDGE ( 'NONE', *, *, #10516, .F. ) ;
#1181 = DIRECTION ( 'NONE',  ( -0.0000000000000000000, -1.000000000000000000, -0.0000000000000000000 ) ) ;
#1182 = COLOUR_RGB ( '',0.9686274509803921600, 0.8784313725490196000, 0.5999999999999999800 ) ;
#1183 = LINE ( 'NONE', #7155, #11276 ) ;
#1184 = AXIS2_PLACEMENT_3D ( 'NONE', #11188, #5309, #12176 ) ;
#1185 = AXIS2_PLACEMENT_3D ( 'NONE', #624, #7405, #1584 ) ;
#1186 = MECHANICAL_DESIGN_GEOMETRIC_PRESENTATION_REPRESENTATION (  '', ( #11915 ), #1832 ) ;
#1187 = CARTESIAN_POINT ( 'NONE',  ( 0.04291338582677151100, 0.001181102362204724400, 0.0000000000000000000 ) ) ;
#1188 = ORIENTED_EDGE ( 'NONE', *, *, #10477, .F. ) ;
#1189 = ADVANCED_FACE ( 'NONE', ( #751 ), #3208, .F. ) ;
#1190 = ORIENTED_EDGE ( 'NONE', *, *, #3776, .F. ) ;
#1191 = LINE ( 'NONE', #847, #8975 ) ;
#1192 = FILL_AREA_STYLE ('',( #7000 ) ) ;
#1193 =( NAMED_UNIT ( * ) SI_UNIT ( $, .STERADIAN. ) SOLID_ANGLE_UNIT ( ) );
#1194 = CARTESIAN_POINT ( 'NONE',  ( -0.05669291338582691700, 0.004133858267716536200, 0.0000000000000000000 ) ) ;
#1195 = ORIENTED_EDGE ( 'NONE', *, *, #1099, .T. ) ;
#1196 = CARTESIAN_POINT ( 'NONE',  ( 0.05905511811023646300, 0.001181102362204723500, -0.03444881889763799100 ) ) ;
#1197 = MECHANICAL_DESIGN_GEOMETRIC_PRESENTATION_REPRESENTATION (  '', ( #11933 ), #1850 ) ;
#1198 = EDGE_LOOP ( 'NONE', ( #11056, #10945, #2606, #2384 ) ) ;
#1199 = MECHANICAL_DESIGN_GEOMETRIC_PRESENTATION_REPRESENTATION (  '', ( #11934 ), #1851 ) ;
#1200 = ORIENTED_EDGE ( 'NONE', *, *, #9499, .T. ) ;
#1201 =( GEOMETRIC_REPRESENTATION_CONTEXT ( 3 ) GLOBAL_UNCERTAINTY_ASSIGNED_CONTEXT ( ( #12527 ) ) GLOBAL_UNIT_ASSIGNED_CONTEXT ( ( #10008, #4138, #10990 ) ) REPRESENTATION_CONTEXT ( 'NONE', 'WORKASPACE' ) );
#1202 = CARTESIAN_POINT ( 'NONE',  ( 0.05669291338582695800, 0.0000000000000000000, 0.0000000000000000000 ) ) ;
#1203 = CARTESIAN_POINT ( 'NONE',  ( -0.01476377952755865900, 0.03149606299212598400, -0.05905511811023632400 ) ) ;
#1204 = LINE ( 'NONE', #12317, #8363 ) ;
#1205 = DIMENSIONAL_EXPONENTS ( 1.000000000000000000, 0.0000000000000000000, 0.0000000000000000000, 0.0000000000000000000, 0.0000000000000000000, 0.0000000000000000000, 0.0000000000000000000 ) ;
#1206 =( LENGTH_UNIT ( ) NAMED_UNIT ( * ) SI_UNIT ( $, .METRE. ) );
#1207 = MANIFOLD_SOLID_BREP ( 'Boss-Extrude2[13]', #6520 ) ;
#1208 = EDGE_CURVE ( 'NONE', #8499, #361, #1183, .T. ) ;
#1209 = CARTESIAN_POINT ( 'NONE',  ( 0.02460629921260094500, -0.01693371115559762200, -0.04291338582677133000 ) ) ;
#1210 = CARTESIAN_POINT ( 'NONE',  ( -0.02460629921260102500, 0.007204724409448820400, 0.05669291338582625000 ) ) ;
#1211 = VECTOR ( 'NONE', #2398, 39.37007874015748100 ) ;
#1212 = COLOUR_RGB ( '',0.2509803921568627400, 0.2509803921568627400, 0.2509803921568627400 ) ;
#1213 = LINE ( 'NONE', #6920, #8697 ) ;
#1214 = SURFACE_SIDE_STYLE ('',( #5799 ) ) ;
#1215 = CARTESIAN_POINT ( 'NONE',  ( -0.02272557806252448900, 0.0000000000000000000, -0.02272557806252480100 ) ) ;
#1216 = CARTESIAN_POINT ( 'NONE',  ( -0.004921259842519381400, 0.007204724409448820400, -0.04291338582677169800 ) ) ;
#1217 = MECHANICAL_DESIGN_GEOMETRIC_PRESENTATION_REPRESENTATION (  '', ( #11949 ), #1866 ) ;
#1218 = DIMENSIONAL_EXPONENTS ( 1.000000000000000000, 0.0000000000000000000, 0.0000000000000000000, 0.0000000000000000000, 0.0000000000000000000, 0.0000000000000000000, 0.0000000000000000000 ) ;
#1219 = LINE ( 'NONE', #7843, #933 ) ;
#1220 = FILL_AREA_STYLE ('',( #6074 ) ) ;
#1221 = FILL_AREA_STYLE ('',( #6077 ) ) ;
#1222 = FILL_AREA_STYLE_COLOUR ( '', #4128 ) ;
#1223 = EDGE_CURVE ( 'NONE', #2817, #7444, #6364, .T. ) ;
#1224 = UNCERTAINTY_MEASURE_WITH_UNIT (LENGTH_MEASURE( 1.000000000000000100E-005 ), #2414, 'distance_accuracy_value', 'NONE');
#1225 = LENGTH_MEASURE_WITH_UNIT ( LENGTH_MEASURE( 0.02539999999999999900 ), #10292 );
#1226 = FACE_OUTER_BOUND ( 'NONE', #8321, .T. ) ;
#1227 = LENGTH_MEASURE_WITH_UNIT ( LENGTH_MEASURE( 0.02539999999999999900 ), #6441 );
#1228 = FACE_OUTER_BOUND ( 'NONE', #12041, .T. ) ;
#1229 = SURFACE_STYLE_FILL_AREA ( #843 ) ;
#1230 = DIRECTION ( 'NONE',  ( -0.0000000000000000000, 0.0000000000000000000, -1.000000000000000000 ) ) ;
#1231 = VECTOR ( 'NONE', #6627, 39.37007874015748100 ) ;
#1232 = MECHANICAL_DESIGN_GEOMETRIC_PRESENTATION_REPRESENTATION (  '', ( #11964 ), #2040 ) ;
#1233 = ORIENTED_EDGE ( 'NONE', *, *, #1807, .T. ) ;
#1234 = CARTESIAN_POINT ( 'NONE',  ( 0.05669291338582666700, 0.0000000000000000000, -0.04429133858267737800 ) ) ;
#1235 =( GEOMETRIC_REPRESENTATION_CONTEXT ( 3 ) GLOBAL_UNCERTAINTY_ASSIGNED_CONTEXT ( ( #345 ) ) GLOBAL_UNIT_ASSIGNED_CONTEXT ( ( #6722, #916, #7699 ) ) REPRESENTATION_CONTEXT ( 'NONE', 'WORKASPACE' ) );
#1236 = FILL_AREA_STYLE_COLOUR ( '', #11645 ) ;
#1237 = SURFACE_STYLE_FILL_AREA ( #8693 ) ;
#1238 = CARTESIAN_POINT ( 'NONE',  ( 0.05669291338582626400, 0.007204724409448820400, 0.02460629921260102900 ) ) ;
#1239 = LINE ( 'NONE', #153, #11336 ) ;
#1240 = DIRECTION ( 'NONE',  ( -6.115600939697863200E-015, 0.0000000000000000000, 1.000000000000000000 ) ) ;
#1241 = VERTEX_POINT ( 'NONE', #1426 ) ;
#1242 = ORIENTED_EDGE ( 'NONE', *, *, #3161, .T. ) ;
#1243 = PLANE ( 'NONE',  #8659 ) ;
#1244 =( GEOMETRIC_REPRESENTATION_CONTEXT ( 3 ) GLOBAL_UNCERTAINTY_ASSIGNED_CONTEXT ( ( #12081 ) ) GLOBAL_UNIT_ASSIGNED_CONTEXT ( ( #3142, #9992, #4119 ) ) REPRESENTATION_CONTEXT ( 'NONE', 'WORKASPACE' ) );
#1245 = FILL_AREA_STYLE ('',( #5106 ) ) ;
#1246 = PRESENTATION_LAYER_ASSIGNMENT (  '', '', ( #12643 ) ) ;
#1247 = FACE_OUTER_BOUND ( 'NONE', #8641, .T. ) ;
#1248 = ORIENTED_EDGE ( 'NONE', *, *, #1154, .T. ) ;
#1249 = VECTOR ( 'NONE', #5628, 39.37007874015748100 ) ;
#1250 = ORIENTED_EDGE ( 'NONE', *, *, #9001, .F. ) ;
#1251 = CARTESIAN_POINT ( 'NONE',  ( -0.004921259842519285100, 0.004133858267716536200, 0.0000000000000000000 ) ) ;
#1252 = ORIENTED_EDGE ( 'NONE', *, *, #1633, .F. ) ;
#1253 = ADVANCED_FACE ( 'NONE', ( #3466 ), #8230, .F. ) ;
#1254 = CARTESIAN_POINT ( 'NONE',  ( -0.05905511811023581000, 0.03149606299212598400, -0.05905511811023662200 ) ) ;
#1255 = LENGTH_MEASURE_WITH_UNIT ( LENGTH_MEASURE( 0.02539999999999999900 ), #3250 );
#1256 = FILL_AREA_STYLE ('',( #266 ) ) ;
#1257 =( NAMED_UNIT ( * ) PLANE_ANGLE_UNIT ( ) SI_UNIT ( $, .RADIAN. ) );
#1258 = MECHANICAL_DESIGN_GEOMETRIC_PRESENTATION_REPRESENTATION (  '', ( #12654 ), #1895 ) ;
#1259 = CARTESIAN_POINT ( 'NONE',  ( 0.0000000000000000000, 0.001181102362204724400, 0.004921259842519883600 ) ) ;
#1260 = PRESENTATION_LAYER_ASSIGNMENT (  '', '', ( #12655 ) ) ;
#1261 = DIRECTION ( 'NONE',  ( 1.000000000000000000, -0.0000000000000000000, -3.549286997887197300E-015 ) ) ;
#1262 = CARTESIAN_POINT ( 'NONE',  ( 0.05669291338582692400, 0.007204724409448820400, 0.03444881889763761600 ) ) ;
#1263 = VECTOR ( 'NONE', #1489, 39.37007874015748100 ) ;
#1264 =( LENGTH_UNIT ( ) NAMED_UNIT ( * ) SI_UNIT ( $, .METRE. ) );
#1265 = PRESENTATION_STYLE_ASSIGNMENT (( #9939 ) ) ;
#1266 = MECHANICAL_DESIGN_GEOMETRIC_PRESENTATION_REPRESENTATION (  '', ( #11991 ), #1900 ) ;
#1267 = DIRECTION ( 'NONE',  ( -1.000000000000000000, 0.0000000000000000000, -6.326356674140271300E-016 ) ) ;
#1268 = CARTESIAN_POINT ( 'NONE',  ( 0.04291338582677159400, 0.001181102362204723500, -0.01476377952755922300 ) ) ;
#1269 = EDGE_CURVE ( 'NONE', #9714, #754, #4846, .T. ) ;
#1270 = FILL_AREA_STYLE ('',( #7118 ) ) ;
#1271 = CARTESIAN_POINT ( 'NONE',  ( -0.05905511811023598400, 0.0000000000000000000, -0.03444881889763804600 ) ) ;
#1272 = FILL_AREA_STYLE ('',( #2190 ) ) ;
#1273 = SURFACE_STYLE_FILL_AREA ( #4083 ) ;
#1274 = VECTOR ( 'NONE', #11973, 39.37007874015748100 ) ;
#1275 = MECHANICAL_DESIGN_GEOMETRIC_PRESENTATION_REPRESENTATION (  '', ( #12000 ), #1910 ) ;
#1276 = MECHANICAL_DESIGN_GEOMETRIC_PRESENTATION_REPRESENTATION (  '', ( #12001 ), #1912 ) ;
#1277 = PRESENTATION_LAYER_ASSIGNMENT (  '', '', ( #12676 ) ) ;
#1278 =( LENGTH_UNIT ( ) NAMED_UNIT ( * ) SI_UNIT ( $, .METRE. ) );
#1279 = SURFACE_SIDE_STYLE ('',( #776 ) ) ;
#1280 = VERTEX_POINT ( 'NONE', #2427 ) ;
#1281 =( NAMED_UNIT ( * ) PLANE_ANGLE_UNIT ( ) SI_UNIT ( $, .RADIAN. ) );
#1282 = FILL_AREA_STYLE_COLOUR ( '', #12423 ) ;
#1283 = ORIENTED_EDGE ( 'NONE', *, *, #4603, .F. ) ;
#1284 = VERTEX_POINT ( 'NONE', #7240 ) ;
#1285 = ORIENTED_EDGE ( 'NONE', *, *, #1467, .F. ) ;
#1286 = VERTEX_POINT ( 'NONE', #1462 ) ;
#1287 = UNCERTAINTY_MEASURE_WITH_UNIT (LENGTH_MEASURE( 1.000000000000000100E-005 ), #2754, 'distance_accuracy_value', 'NONE');
#1288 = CARTESIAN_POINT ( 'NONE',  ( 0.02460629921259843000, 0.004133858267716536200, 0.04291338582677166300 ) ) ;
#1289 = PLANE ( 'NONE',  #12618 ) ;
#1290 = PLANE ( 'NONE',  #740 ) ;
#1291 = LINE ( 'NONE', #6981, #8772 ) ;
#1292 = CARTESIAN_POINT ( 'NONE',  ( -0.04291338582677151800, 0.0000000000000000000, -0.04429133858267731600 ) ) ;
#1293 =( CONVERSION_BASED_UNIT ( 'INCH', #8905 ) LENGTH_UNIT ( ) NAMED_UNIT ( #729 ) );
#1294 = MECHANICAL_DESIGN_GEOMETRIC_PRESENTATION_REPRESENTATION (  '', ( #12016 ), #1923 ) ;
#1295 = ORIENTED_EDGE ( 'NONE', *, *, #8473, .F. ) ;
#1296 = DIRECTION ( 'NONE',  ( -0.0000000000000000000, -1.000000000000000000, 0.0000000000000000000 ) ) ;
#1297 = VECTOR ( 'NONE', #11773, 39.37007874015748100 ) ;
#1298 = UNCERTAINTY_MEASURE_WITH_UNIT (LENGTH_MEASURE( 1.000000000000000100E-005 ), #3591, 'distance_accuracy_value', 'NONE');
#1299 =( LENGTH_UNIT ( ) NAMED_UNIT ( * ) SI_UNIT ( $, .METRE. ) );
#1300 = SURFACE_SIDE_STYLE ('',( #6211 ) ) ;
#1301 = DIRECTION ( 'NONE',  ( 1.000000000000000000, 0.0000000000000000000, -2.929742899324058200E-015 ) ) ;
#1302 = DIRECTION ( 'NONE',  ( -1.000000000000000000, -0.0000000000000000000, -4.195014234152112900E-015 ) ) ;
#1303 = PLANE ( 'NONE',  #2367 ) ;
#1304 = DIRECTION ( 'NONE',  ( 0.0000000000000000000, -1.000000000000000000, 0.0000000000000000000 ) ) ;
#1305 = ORIENTED_EDGE ( 'NONE', *, *, #11876, .T. ) ;
#1306 = ORIENTED_EDGE ( 'NONE', *, *, #7251, .T. ) ;
#1307 = CARTESIAN_POINT ( 'NONE',  ( -0.05669291338582647900, 0.004133858267716536200, -0.01476377952755926100 ) ) ;
#1308 = MECHANICAL_DESIGN_GEOMETRIC_PRESENTATION_REPRESENTATION (  '', ( #12033 ), #1941 ) ;
#1309 = VECTOR ( 'NONE', #813, 39.37007874015748100 ) ;
#1310 = VERTEX_POINT ( 'NONE', #4399 ) ;
#1311 = DIRECTION ( 'NONE',  ( 6.326356674140263400E-016, 0.0000000000000000000, -1.000000000000000000 ) ) ;
#1312 =( GEOMETRIC_REPRESENTATION_CONTEXT ( 3 ) GLOBAL_UNCERTAINTY_ASSIGNED_CONTEXT ( ( #10369 ) ) GLOBAL_UNIT_ASSIGNED_CONTEXT ( ( #4421, #11280, #5395 ) ) REPRESENTATION_CONTEXT ( 'NONE', 'WORKASPACE' ) );
#1313 = ADVANCED_FACE ( 'NONE', ( #12664 ), #12249, .F. ) ;
#1314 = ORIENTED_EDGE ( 'NONE', *, *, #12089, .F. ) ;
#1315 = EDGE_CURVE ( 'NONE', #2831, #1770, #8848, .T. ) ;
#1316 =( GEOMETRIC_REPRESENTATION_CONTEXT ( 3 ) GLOBAL_UNCERTAINTY_ASSIGNED_CONTEXT ( ( #2975 ) ) GLOBAL_UNIT_ASSIGNED_CONTEXT ( ( #6385, #550, #7342 ) ) REPRESENTATION_CONTEXT ( 'NONE', 'WORKASPACE' ) );
#1317 =( CONVERSION_BASED_UNIT ( 'INCH', #10102 ) LENGTH_UNIT ( ) NAMED_UNIT ( #4131 ) );
#1318 = CARTESIAN_POINT ( 'NONE',  ( 0.04291338582677179500, -0.01693371115559762200, 0.03444881889763762300 ) ) ;
#1319 =( NAMED_UNIT ( * ) SI_UNIT ( $, .STERADIAN. ) SOLID_ANGLE_UNIT ( ) );
#1320 = FILL_AREA_STYLE_COLOUR ( '', #3181 ) ;
#1321 = EDGE_CURVE ( 'NONE', #594, #3030, #1070, .T. ) ;
#1322 = ORIENTED_EDGE ( 'NONE', *, *, #3123, .F. ) ;
#1323 = DIRECTION ( 'NONE',  ( -5.434102431278317600E-015, 0.0000000000000000000, 1.000000000000000000 ) ) ;
#1324 = PRESENTATION_STYLE_ASSIGNMENT (( #8933 ) ) ;
#1325 =( LENGTH_UNIT ( ) NAMED_UNIT ( * ) SI_UNIT ( $, .METRE. ) );
#1326 = DIRECTION ( 'NONE',  ( -5.743874480559907400E-015, 0.0000000000000000000, 1.000000000000000000 ) ) ;
#1327 = DIMENSIONAL_EXPONENTS ( 1.000000000000000000, 0.0000000000000000000, 0.0000000000000000000, 0.0000000000000000000, 0.0000000000000000000, 0.0000000000000000000, 0.0000000000000000000 ) ;
#1328 =( NAMED_UNIT ( * ) SI_UNIT ( $, .STERADIAN. ) SOLID_ANGLE_UNIT ( ) );
#1329 = ORIENTED_EDGE ( 'NONE', *, *, #7180, .F. ) ;
#1330 = AXIS2_PLACEMENT_3D ( 'NONE', #1445, #8260, #2415 ) ;
#1331 = UNCERTAINTY_MEASURE_WITH_UNIT (LENGTH_MEASURE( 1.000000000000000100E-005 ), #2869, 'distance_accuracy_value', 'NONE');
#1332 = LINE ( 'NONE', #12127, #11428 ) ;
#1333 = ORIENTED_EDGE ( 'NONE', *, *, #8594, .F. ) ;
#1334 = STYLED_ITEM ( 'NONE', ( #2100 ), #1502 ) ;
#1335 = CARTESIAN_POINT ( 'NONE',  ( -0.05669291338582663900, 0.0000000000000000000, 0.0000000000000000000 ) ) ;
#1336 = VERTEX_POINT ( 'NONE', #3471 ) ;
#1337 = SURFACE_STYLE_FILL_AREA ( #5570 ) ;
#1338 = VECTOR ( 'NONE', #7972, 39.37007874015748100 ) ;
#1339 = PRESENTATION_STYLE_ASSIGNMENT (( #10771 ) ) ;
#1340 = EDGE_CURVE ( 'NONE', #5811, #9447, #5939, .T. ) ;
#1341 = VECTOR ( 'NONE', #782, 39.37007874015748100 ) ;
#1342 = DIRECTION ( 'NONE',  ( -0.0000000000000000000, 0.0000000000000000000, 1.000000000000000000 ) ) ;
#1343 = FILL_AREA_STYLE ('',( #8054 ) ) ;
#1344 = CARTESIAN_POINT ( 'NONE',  ( -0.04291338582677171900, 0.007204724409448820400, 0.01476377952755892000 ) ) ;
#1345 = DIMENSIONAL_EXPONENTS ( 1.000000000000000000, 0.0000000000000000000, 0.0000000000000000000, 0.0000000000000000000, 0.0000000000000000000, 0.0000000000000000000, 0.0000000000000000000 ) ;
#1346 =( NAMED_UNIT ( * ) SI_UNIT ( $, .STERADIAN. ) SOLID_ANGLE_UNIT ( ) );
#1347 = DIRECTION ( 'NONE',  ( 1.000000000000000000, 0.0000000000000000000, -4.515665050714725700E-016 ) ) ;
#1348 = CARTESIAN_POINT ( 'NONE',  ( -0.01091455444047724800, 0.0000000000000000000, -0.02272557806252472100 ) ) ;
#1349 = MECHANICAL_DESIGN_GEOMETRIC_PRESENTATION_REPRESENTATION (  '', ( #12077 ), #1982 ) ;
#1350 = MECHANICAL_DESIGN_GEOMETRIC_PRESENTATION_REPRESENTATION (  '', ( #12078 ), #1983 ) ;
#1351 = PRESENTATION_LAYER_ASSIGNMENT (  '', '', ( #43 ) ) ;
#1352 = FACE_OUTER_BOUND ( 'NONE', #1967, .T. ) ;
#1353 = CARTESIAN_POINT ( 'NONE',  ( -0.04494350380682998100, 0.02755905511811023600, -0.04494350380683059800 ) ) ;
#1354 = CARTESIAN_POINT ( 'NONE',  ( -0.04291338582677151800, 0.001181102362204723300, -0.04429133858267731600 ) ) ;
#1355 =( LENGTH_UNIT ( ) NAMED_UNIT ( * ) SI_UNIT ( $, .METRE. ) );
#1356 = CARTESIAN_POINT ( 'NONE',  ( -0.02272557806252448900, 0.001181102362204724400, -0.02272557806252478400 ) ) ;
#1357 = LINE ( 'NONE', #5415, #3946 ) ;
#1358 = VERTEX_POINT ( 'NONE', #578 ) ;
#1359 = LINE ( 'NONE', #9180, #6541 ) ;
#1360 = FILL_AREA_STYLE_COLOUR ( '', #6269 ) ;
#1361 =( NAMED_UNIT ( * ) PLANE_ANGLE_UNIT ( ) SI_UNIT ( $, .RADIAN. ) );
#1362 = LINE ( 'NONE', #1194, #6239 ) ;
#1363 = CARTESIAN_POINT ( 'NONE',  ( 0.0000000000000000000, 0.0000000000000000000, 0.0000000000000000000 ) ) ;
#1364 = FILL_AREA_STYLE ('',( #7189 ) ) ;
#1365 = STYLED_ITEM ( 'NONE', ( #633 ), #3870 ) ;
#1366 = ORIENTED_EDGE ( 'NONE', *, *, #690, .T. ) ;
#1367 = VERTEX_POINT ( 'NONE', #2515 ) ;
#1368 = PRESENTATION_LAYER_ASSIGNMENT (  '', '', ( #61 ) ) ;
#1369 = DIRECTION ( 'NONE',  ( 0.0000000000000000000, 1.000000000000000000, 0.0000000000000000000 ) ) ;
#1370 = EDGE_CURVE ( 'NONE', #6433, #8979, #3672, .T. ) ;
#1371 = CARTESIAN_POINT ( 'NONE',  ( 0.05669291338582672200, 0.004133858267716536200, -0.004921259842519878400 ) ) ;
#1372 = SURFACE_STYLE_FILL_AREA ( #1940 ) ;
#1373 = COLOUR_RGB ( '',0.2509803921568627400, 0.2509803921568627400, 0.2509803921568627400 ) ;
#1374 = COLOUR_RGB ( '',0.9686274509803921600, 0.8784313725490196000, 0.5999999999999999800 ) ;
#1375 = ADVANCED_FACE ( 'NONE', ( #6247 ), #7410, .F. ) ;
#1376 =( NAMED_UNIT ( * ) PLANE_ANGLE_UNIT ( ) SI_UNIT ( $, .RADIAN. ) );
#1377 = EDGE_CURVE ( 'NONE', #33, #7271, #12237, .T. ) ;
#1378 = SURFACE_SIDE_STYLE ('',( #5522 ) ) ;
#1379 =( NAMED_UNIT ( * ) SI_UNIT ( $, .STERADIAN. ) SOLID_ANGLE_UNIT ( ) );
#1380 = ADVANCED_FACE ( 'NONE', ( #7289 ), #9464, .F. ) ;
#1381 = SURFACE_STYLE_FILL_AREA ( #913 ) ;
#1382 = CARTESIAN_POINT ( 'NONE',  ( 0.02460629921259843000, 0.007204724409448820400, 0.04291338582677166300 ) ) ;
#1383 = SURFACE_SIDE_STYLE ('',( #7259 ) ) ;
#1384 = PRESENTATION_LAYER_ASSIGNMENT (  '', '', ( #78 ) ) ;
#1385 =( LENGTH_UNIT ( ) NAMED_UNIT ( * ) SI_UNIT ( $, .METRE. ) );
#1386 = VECTOR ( 'NONE', #3775, 39.37007874015748100 ) ;
#1387 = STYLED_ITEM ( 'NONE', ( #12441 ), #5072 ) ;
#1388 = UNCERTAINTY_MEASURE_WITH_UNIT (LENGTH_MEASURE( 1.000000000000000100E-005 ), #5499, 'distance_accuracy_value', 'NONE');
#1389 = COLOUR_RGB ( '',0.9686274509803921600, 0.8784313725490196000, 0.5999999999999999800 ) ;
#1390 = VECTOR ( 'NONE', #11465, 39.37007874015748100 ) ;
#1391 = FILL_AREA_STYLE_COLOUR ( '', #8503 ) ;
#1392 = CARTESIAN_POINT ( 'NONE',  ( -0.04291338582677155900, 0.001181102362204724400, -0.01476377952755942800 ) ) ;
#1393 = DIRECTION ( 'NONE',  ( 3.549286997887197300E-015, -0.0000000000000000000, 1.000000000000000000 ) ) ;
#1394 = FILL_AREA_STYLE_COLOUR ( '', #3251 ) ;
#1395 = DIRECTION ( 'NONE',  ( -2.866700612739115500E-014, 0.0000000000000000000, 1.000000000000000000 ) ) ;
#1396 = EDGE_CURVE ( 'NONE', #3852, #9119, #10993, .T. ) ;
#1397 = VECTOR ( 'NONE', #2666, 39.37007874015748100 ) ;
#1398 = ORIENTED_EDGE ( 'NONE', *, *, #3884, .F. ) ;
#1399 = LINE ( 'NONE', #9677, #6582 ) ;
#1400 = VERTEX_POINT ( 'NONE', #4556 ) ;
#1401 = EDGE_CURVE ( 'NONE', #4478, #12075, #5788, .T. ) ;
#1402 = SURFACE_SIDE_STYLE ('',( #12054 ) ) ;
#1403 =( LENGTH_UNIT ( ) NAMED_UNIT ( * ) SI_UNIT ( $, .METRE. ) );
#1404 = SURFACE_SIDE_STYLE ('',( #3179 ) ) ;
#1405 = ORIENTED_EDGE ( 'NONE', *, *, #7187, .T. ) ;
#1406 =( NAMED_UNIT ( * ) SI_UNIT ( $, .STERADIAN. ) SOLID_ANGLE_UNIT ( ) );
#1407 = DIRECTION ( 'NONE',  ( -0.0000000000000000000, -1.000000000000000000, -0.0000000000000000000 ) ) ;
#1408 = CARTESIAN_POINT ( 'NONE',  ( 0.0000000000000000000, 0.001181102362204724400, -0.04291338582677151800 ) ) ;
#1409 = CARTESIAN_POINT ( 'NONE',  ( -0.05669291338582684700, 0.004133858267716536200, 0.0000000000000000000 ) ) ;
#1410 = LINE ( 'NONE', #5120, #11515 ) ;
#1411 = LENGTH_MEASURE_WITH_UNIT ( LENGTH_MEASURE( 0.02539999999999999900 ), #268 );
#1412 = DIRECTION ( 'NONE',  ( -3.575470135588969500E-015, 0.0000000000000000000, 1.000000000000000000 ) ) ;
#1413 = STYLED_ITEM ( 'NONE', ( #7558 ), #1126 ) ;
#1414 = FACE_OUTER_BOUND ( 'NONE', #9031, .T. ) ;
#1415 =( NAMED_UNIT ( * ) SI_UNIT ( $, .STERADIAN. ) SOLID_ANGLE_UNIT ( ) );
#1416 = ORIENTED_EDGE ( 'NONE', *, *, #7907, .T. ) ;
#1417 = LINE ( 'NONE', #3242, #9218 ) ;
#1418 = LINE ( 'NONE', #9088, #8898 ) ;
#1419 = LENGTH_MEASURE_WITH_UNIT ( LENGTH_MEASURE( 0.02539999999999999900 ), #9339 );
#1420 = FILL_AREA_STYLE_COLOUR ( '', #336 ) ;
#1421 =( NAMED_UNIT ( * ) SI_UNIT ( $, .STERADIAN. ) SOLID_ANGLE_UNIT ( ) );
#1422 = STYLED_ITEM ( 'NONE', ( #1504 ), #2320 ) ;
#1423 = VERTEX_POINT ( 'NONE', #10410 ) ;
#1424 = STYLED_ITEM ( 'NONE', ( #4287 ), #8277 ) ;
#1425 = CARTESIAN_POINT ( 'NONE',  ( -0.05905511811023581000, 0.001181102362204723300, -0.05905511811023662200 ) ) ;
#1426 = CARTESIAN_POINT ( 'NONE',  ( -0.04291338582677180200, 0.004133858267716536200, 0.03444881889763765800 ) ) ;
#1427 = PRESENTATION_LAYER_ASSIGNMENT (  '', '', ( #117 ) ) ;
#1428 = PLANE ( 'NONE',  #4812 ) ;
#1429 = COLOUR_RGB ( '',0.2509803921568627400, 0.2509803921568627400, 0.2509803921568627400 ) ;
#1430 = EDGE_CURVE ( 'NONE', #11105, #559, #6081, .T. ) ;
#1431 = LENGTH_MEASURE_WITH_UNIT ( LENGTH_MEASURE( 0.02539999999999999900 ), #9073 );
#1432 = DIRECTION ( 'NONE',  ( 0.0000000000000000000, 0.0000000000000000000, -1.000000000000000000 ) ) ;
#1433 = ADVANCED_FACE ( 'NONE', ( #926 ), #3623, .F. ) ;
#1434 = ORIENTED_EDGE ( 'NONE', *, *, #6929, .T. ) ;
#1435 = UNCERTAINTY_MEASURE_WITH_UNIT (LENGTH_MEASURE( 1.000000000000000100E-005 ), #12632, 'distance_accuracy_value', 'NONE');
#1436 = STYLED_ITEM ( 'NONE', ( #12579 ), #3424 ) ;
#1437 = PRESENTATION_LAYER_ASSIGNMENT (  '', '', ( #127 ) ) ;
#1438 = MECHANICAL_DESIGN_GEOMETRIC_PRESENTATION_REPRESENTATION (  '', ( #129 ), #2078 ) ;
#1439 = ADVANCED_FACE ( 'NONE', ( #7123 ), #10501, .F. ) ;
#1440 = CARTESIAN_POINT ( 'NONE',  ( 0.01476377952755886600, 0.0000000000000000000, 0.0000000000000000000 ) ) ;
#1441 = LINE ( 'NONE', #8806, #6625 ) ;
#1442 =( NAMED_UNIT ( * ) PLANE_ANGLE_UNIT ( ) SI_UNIT ( $, .RADIAN. ) );
#1443 = SURFACE_STYLE_USAGE ( .BOTH. , #7263 ) ;
#1444 =( NAMED_UNIT ( * ) PLANE_ANGLE_UNIT ( ) SI_UNIT ( $, .RADIAN. ) );
#1445 = CARTESIAN_POINT ( 'NONE',  ( -0.01476377952755906200, 0.007204724409448820400, 0.04291338582677167000 ) ) ;
#1446 = DIRECTION ( 'NONE',  ( -5.511545443598771800E-015, -0.0000000000000000000, 1.000000000000000000 ) ) ;
#1447 = EDGE_CURVE ( 'NONE', #4169, #5811, #3338, .T. ) ;
#1448 = VERTEX_POINT ( 'NONE', #10533 ) ;
#1449 = VERTEX_POINT ( 'NONE', #4691 ) ;
#1450 = VERTEX_POINT ( 'NONE', #12532 ) ;
#1451 = VECTOR ( 'NONE', #12640, 39.37007874015748100 ) ;
#1452 = DIMENSIONAL_EXPONENTS ( 1.000000000000000000, 0.0000000000000000000, 0.0000000000000000000, 0.0000000000000000000, 0.0000000000000000000, 0.0000000000000000000, 0.0000000000000000000 ) ;
#1453 = DIRECTION ( 'NONE',  ( 3.425378178174580600E-015, -0.0000000000000000000, 1.000000000000000000 ) ) ;
#1454 = ORIENTED_EDGE ( 'NONE', *, *, #12577, .T. ) ;
#1455 = LINE ( 'NONE', #8574, #4035 ) ;
#1456 = PRESENTATION_LAYER_ASSIGNMENT (  '', '', ( #149 ) ) ;
#1457 = SURFACE_SIDE_STYLE ('',( #2072 ) ) ;
#1458 = CARTESIAN_POINT ( 'NONE',  ( 0.05905511811023601800, 0.004133858267716534500, 0.05905511811023663600 ) ) ;
#1459 = DIRECTION ( 'NONE',  ( 1.000000000000000000, -0.0000000000000000000, 2.646153987744245800E-015 ) ) ;
#1460 = PLANE ( 'NONE',  #9353 ) ;
#1461 =( NAMED_UNIT ( * ) PLANE_ANGLE_UNIT ( ) SI_UNIT ( $, .RADIAN. ) );
#1462 = CARTESIAN_POINT ( 'NONE',  ( 0.05669291338582655600, 0.004133858267716536200, 0.01476377952755886800 ) ) ;
#1463 = ORIENTED_EDGE ( 'NONE', *, *, #9013, .T. ) ;
#1464 = ORIENTED_EDGE ( 'NONE', *, *, #2922, .F. ) ;
#1465 = SURFACE_STYLE_USAGE ( .BOTH. , #7285 ) ;
#1466 = ORIENTED_EDGE ( 'NONE', *, *, #3414, .F. ) ;
#1467 = EDGE_CURVE ( 'NONE', #11377, #7542, #10824, .T. ) ;
#1468 = DIMENSIONAL_EXPONENTS ( 1.000000000000000000, 0.0000000000000000000, 0.0000000000000000000, 0.0000000000000000000, 0.0000000000000000000, 0.0000000000000000000, 0.0000000000000000000 ) ;
#1469 = VERTEX_POINT ( 'NONE', #1778 ) ;
#1470 = FILL_AREA_STYLE_COLOUR ( '', #9612 ) ;
#1471 = CARTESIAN_POINT ( 'NONE',  ( 0.02460629921259844000, 0.001181102362204723500, 0.04291338582677166300 ) ) ;
#1472 = STYLED_ITEM ( 'NONE', ( #9194 ), #7041 ) ;
#1473 = MECHANICAL_DESIGN_GEOMETRIC_PRESENTATION_REPRESENTATION (  '', ( #167 ), #2113 ) ;
#1474 = ORIENTED_EDGE ( 'NONE', *, *, #7907, .F. ) ;
#1475 = VERTEX_POINT ( 'NONE', #8609 ) ;
#1476 = ORIENTED_EDGE ( 'NONE', *, *, #1158, .T. ) ;
#1477 = VECTOR ( 'NONE', #12298, 39.37007874015748100 ) ;
#1478 = VERTEX_POINT ( 'NONE', #3709 ) ;
#1479 = FACE_OUTER_BOUND ( 'NONE', #97, .T. ) ;
#1480 = MECHANICAL_DESIGN_GEOMETRIC_PRESENTATION_REPRESENTATION (  '', ( #12225 ), #2123 ) ;
#1481 = AXIS2_PLACEMENT_3D ( 'NONE', #8184, #2347, #9202 ) ;
#1482 = FILL_AREA_STYLE ('',( #1521 ) ) ;
#1483 = SURFACE_SIDE_STYLE ('',( #8588 ) ) ;
#1484 = ORIENTED_EDGE ( 'NONE', *, *, #10545, .F. ) ;
#1485 =( LENGTH_UNIT ( ) NAMED_UNIT ( * ) SI_UNIT ( $, .METRE. ) );
#1486 =( CONVERSION_BASED_UNIT ( 'INCH', #8946 ) LENGTH_UNIT ( ) NAMED_UNIT ( #10319 ) );
#1487 = CARTESIAN_POINT ( 'NONE',  ( 0.02460629921260102200, 0.007204724409448820400, -0.05669291338582568100 ) ) ;
#1488 = PRESENTATION_STYLE_ASSIGNMENT (( #1676 ) ) ;
#1489 = DIRECTION ( 'NONE',  ( -5.434102431278317600E-015, 0.0000000000000000000, 1.000000000000000000 ) ) ;
#1490 = ORIENTED_EDGE ( 'NONE', *, *, #7817, .F. ) ;
#1491 = LINE ( 'NONE', #9526, #6678 ) ;
#1492 = DIRECTION ( 'NONE',  ( 0.0000000000000000000, 1.000000000000000000, 0.0000000000000000000 ) ) ;
#1493 = LENGTH_MEASURE_WITH_UNIT ( LENGTH_MEASURE( 0.02539999999999999900 ), #7390 );
#1494 = UNCERTAINTY_MEASURE_WITH_UNIT (LENGTH_MEASURE( 1.000000000000000100E-005 ), #6469, 'distance_accuracy_value', 'NONE');
#1495 = STYLED_ITEM ( 'NONE', ( #9903 ), #7932 ) ;
#1496 = AXIS2_PLACEMENT_3D ( 'NONE', #9285, #3427, #10274 ) ;
#1497 = ADVANCED_FACE ( 'NONE', ( #8203 ), #10580, .F. ) ;
#1498 = DIRECTION ( 'NONE',  ( -1.000000000000000000, -0.0000000000000000000, 0.0000000000000000000 ) ) ;
#1499 = PRESENTATION_LAYER_ASSIGNMENT (  '', '', ( #191 ) ) ;
#1500 = ORIENTED_EDGE ( 'NONE', *, *, #7981, .F. ) ;
#1501 = FILL_AREA_STYLE_COLOUR ( '', #172 ) ;
#1502 = ADVANCED_FACE ( 'NONE', ( #4720 ), #4772, .F. ) ;
#1503 = EDGE_CURVE ( 'NONE', #6433, #2526, #920, .T. ) ;
#1504 = PRESENTATION_STYLE_ASSIGNMENT (( #2233 ) ) ;
#1505 =( CONVERSION_BASED_UNIT ( 'INCH', #4571 ) LENGTH_UNIT ( ) NAMED_UNIT ( #7205 ) );
#1506 =( CONVERSION_BASED_UNIT ( 'INCH', #9486 ) LENGTH_UNIT ( ) NAMED_UNIT ( #4832 ) );
#1507 = SURFACE_STYLE_FILL_AREA ( #10237 ) ;
#1508 =( LENGTH_UNIT ( ) NAMED_UNIT ( * ) SI_UNIT ( $, .METRE. ) );
#1509 = DIRECTION ( 'NONE',  ( -0.0000000000000000000, -1.000000000000000000, -0.0000000000000000000 ) ) ;
#1510 = STYLED_ITEM ( 'NONE', ( #9056 ), #3073 ) ;
#1511 = PRESENTATION_LAYER_ASSIGNMENT (  '', '', ( #203 ) ) ;
#1512 = AXIS2_PLACEMENT_3D ( 'NONE', #12032, #6165, #325 ) ;
#1513 = FILL_AREA_STYLE ('',( #7335 ) ) ;
#1514 = DIRECTION ( 'NONE',  ( 0.0000000000000000000, 1.000000000000000000, 0.0000000000000000000 ) ) ;
#1515 = LINE ( 'NONE', #8229, #8694 ) ;
#1516 = VECTOR ( 'NONE', #8566, 39.37007874015748100 ) ;
#1517 = LINE ( 'NONE', #10839, #8998 ) ;
#1518 = COLOUR_RGB ( '',0.9686274509803921600, 0.8784313725490196000, 0.5999999999999999800 ) ;
#1519 = PLANE ( 'NONE',  #9721 ) ;
#1520 = CARTESIAN_POINT ( 'NONE',  ( -0.04291338582677151100, 0.007204724409448820400, -0.04429133858267731600 ) ) ;
#1521 = FILL_AREA_STYLE_COLOUR ( '', #8065 ) ;
#1522 = CARTESIAN_POINT ( 'NONE',  ( -0.01476377952755866500, 0.0000000000000000000, -0.05669291338582690300 ) ) ;
#1523 = LINE ( 'NONE', #12501, #4109 ) ;
#1524 = CARTESIAN_POINT ( 'NONE',  ( -0.05669291338582663900, 0.004133858267716536200, -0.04429133858267735700 ) ) ;
#1525 = SURFACE_STYLE_USAGE ( .BOTH. , #7734 ) ;
#1527 = PRESENTATION_STYLE_ASSIGNMENT (( #3437 ) ) ;
#1526 = LINE ( 'NONE', #2686, #10254 ) ;
#1528 = PRESENTATION_LAYER_ASSIGNMENT (  '', '', ( #217 ) ) ;
#1529 = PLANE ( 'NONE',  #7738 ) ;
#1530 = VECTOR ( 'NONE', #11535, 39.37007874015748100 ) ;
#1531 =( NAMED_UNIT ( * ) SI_UNIT ( $, .STERADIAN. ) SOLID_ANGLE_UNIT ( ) );
#1532 = ORIENTED_EDGE ( 'NONE', *, *, #138, .F. ) ;
#1533 = CARTESIAN_POINT ( 'NONE',  ( -0.02460629921259803500, 0.004133858267716536200, -0.05669291338582695800 ) ) ;
#1534 = SURFACE_STYLE_FILL_AREA ( #9515 ) ;
#1535 = SURFACE_STYLE_FILL_AREA ( #5142 ) ;
#1536 = VECTOR ( 'NONE', #10391, 39.37007874015748100 ) ;
#1537 = LINE ( 'NONE', #2099, #6422 ) ;
#1538 = CARTESIAN_POINT ( 'NONE',  ( 0.0000000000000000000, 0.03149606299212598400, 0.0000000000000000000 ) ) ;
#1540 = VECTOR ( 'NONE', #198, 39.37007874015748100 ) ;
#1539 = FACE_OUTER_BOUND ( 'NONE', #6037, .T. ) ;
#1541 = PLANE ( 'NONE',  #1185 ) ;
#1542 =( CONVERSION_BASED_UNIT ( 'INCH', #7634 ) LENGTH_UNIT ( ) NAMED_UNIT ( #4523 ) );
#1543 = LENGTH_MEASURE_WITH_UNIT ( LENGTH_MEASURE( 0.02539999999999999900 ), #1403 );
#1544 = COLOUR_RGB ( '',0.3529411764705882000, 0.3529411764705882000, 0.3529411764705882000 ) ;
#1545 = DIRECTION ( 'NONE',  ( -0.0000000000000000000, -1.000000000000000000, -0.0000000000000000000 ) ) ;
#1546 = CARTESIAN_POINT ( 'NONE',  ( -0.04291338582677172600, -0.01693371115559762200, 0.01476377952755892100 ) ) ;
#1547 = STYLED_ITEM ( 'NONE', ( #6102 ), #6617 ) ;
#1548 = DIRECTION ( 'NONE',  ( 0.0000000000000000000, 1.000000000000000000, 0.0000000000000000000 ) ) ;
#1549 = MECHANICAL_DESIGN_GEOMETRIC_PRESENTATION_REPRESENTATION (  '', ( #12297 ), #2188 ) ;
#1550 = ORIENTED_EDGE ( 'NONE', *, *, #9891, .T. ) ;
#1551 = VECTOR ( 'NONE', #9500, 39.37007874015748100 ) ;
#1552 = ORIENTED_EDGE ( 'NONE', *, *, #4105, .F. ) ;
#1553 =( CONVERSION_BASED_UNIT ( 'INCH', #9774 ) LENGTH_UNIT ( ) NAMED_UNIT ( #11723 ) );
#1554 = FILL_AREA_STYLE_COLOUR ( '', #8168 ) ;
#1555 = EDGE_CURVE ( 'NONE', #1469, #5417, #8684, .T. ) ;
#1556 = CARTESIAN_POINT ( 'NONE',  ( 0.05669291338582694400, 0.007204724409448820400, 0.04429133858267697600 ) ) ;
#1557 = EDGE_CURVE ( 'NONE', #9818, #12616, #10981, .T. ) ;
#1558 = ADVANCED_FACE ( 'NONE', ( #3486 ), #2921, .F. ) ;
#1559 =( NAMED_UNIT ( * ) SI_UNIT ( $, .STERADIAN. ) SOLID_ANGLE_UNIT ( ) );
#1560 = SURFACE_STYLE_FILL_AREA ( #7929 ) ;
#1561 = VECTOR ( 'NONE', #4859, 39.37007874015748100 ) ;
#1562 = ADVANCED_FACE ( 'NONE', ( #9768 ), #6793, .F. ) ;
#1563 =( NAMED_UNIT ( * ) SI_UNIT ( $, .STERADIAN. ) SOLID_ANGLE_UNIT ( ) );
#1564 = VECTOR ( 'NONE', #4566, 39.37007874015748100 ) ;
#1565 = DIRECTION ( 'NONE',  ( -1.000000000000000000, 0.0000000000000000000, 2.929742899324058200E-015 ) ) ;
#1566 =( CONVERSION_BASED_UNIT ( 'INCH', #1493 ) LENGTH_UNIT ( ) NAMED_UNIT ( #9941 ) );
#1567 = FILL_AREA_STYLE ('',( #6432 ) ) ;
#1568 = STYLED_ITEM ( 'NONE', ( #3504 ), #7424 ) ;
#1569 = SURFACE_SIDE_STYLE ('',( #3141 ) ) ;
#1570 = PLANE ( 'NONE',  #4076 ) ;
#1571 = DIRECTION ( 'NONE',  ( -1.000000000000000000, 0.0000000000000000000, -1.128010947122436600E-013 ) ) ;
#1572 = LINE ( 'NONE', #1203, #6753 ) ;
#1573 =( NAMED_UNIT ( * ) PLANE_ANGLE_UNIT ( ) SI_UNIT ( $, .RADIAN. ) );
#1574 = SURFACE_STYLE_FILL_AREA ( #6926 ) ;
#1575 = EDGE_CURVE ( 'NONE', #5291, #8958, #5912, .T. ) ;
#1576 = DIMENSIONAL_EXPONENTS ( 1.000000000000000000, 0.0000000000000000000, 0.0000000000000000000, 0.0000000000000000000, 0.0000000000000000000, 0.0000000000000000000, 0.0000000000000000000 ) ;
#1577 =( NAMED_UNIT ( * ) SI_UNIT ( $, .STERADIAN. ) SOLID_ANGLE_UNIT ( ) );
#1578 = VERTEX_POINT ( 'NONE', #3990 ) ;
#1579 = ORIENTED_EDGE ( 'NONE', *, *, #6881, .T. ) ;
#1580 = ORIENTED_EDGE ( 'NONE', *, *, #428, .F. ) ;
#1581 = VERTEX_POINT ( 'NONE', #2998 ) ;
#1582 = CARTESIAN_POINT ( 'NONE',  ( 0.004921259842522333900, 0.0000000000000000000, -0.05905511811023619200 ) ) ;
#1583 = VERTEX_POINT ( 'NONE', #9824 ) ;
#1584 = DIRECTION ( 'NONE',  ( 4.292739916162984100E-015, 0.0000000000000000000, 1.000000000000000000 ) ) ;
#1585 = CARTESIAN_POINT ( 'NONE',  ( -0.04291338582677151800, -0.01693371115559762200, -0.04429133858267731600 ) ) ;
#1586 = COLOUR_RGB ( '',0.3529411764705882000, 0.3529411764705882000, 0.3529411764705882000 ) ;
#1587 = PRESENTATION_LAYER_ASSIGNMENT (  '', '', ( #279 ) ) ;
#1588 = PRESENTATION_LAYER_ASSIGNMENT (  '', '', ( #280 ) ) ;
#1589 =( NAMED_UNIT ( * ) SI_UNIT ( $, .STERADIAN. ) SOLID_ANGLE_UNIT ( ) );
#1590 = FILL_AREA_STYLE ('',( #630 ) ) ;
#1591 = AXIS2_PLACEMENT_3D ( 'NONE', #11367, #5489, #12361 ) ;
#1592 = CARTESIAN_POINT ( 'NONE',  ( 0.0000000000000000000, 0.001181102362204724400, 0.02460629921260094900 ) ) ;
#1593 = DIMENSIONAL_EXPONENTS ( 1.000000000000000000, 0.0000000000000000000, 0.0000000000000000000, 0.0000000000000000000, 0.0000000000000000000, 0.0000000000000000000, 0.0000000000000000000 ) ;
#1594 =( NAMED_UNIT ( * ) SI_UNIT ( $, .STERADIAN. ) SOLID_ANGLE_UNIT ( ) );
#1595 = ORIENTED_EDGE ( 'NONE', *, *, #6379, .F. ) ;
#1596 = SURFACE_STYLE_FILL_AREA ( #5232 ) ;
#1597 = CARTESIAN_POINT ( 'NONE',  ( 0.02460629921259845800, -0.01693371115559762200, 0.04291338582677166300 ) ) ;
#1598 = LINE ( 'NONE', #8811, #9079 ) ;
#1599 = FILL_AREA_STYLE_COLOUR ( '', #1544 ) ;
#1600 = FACE_OUTER_BOUND ( 'NONE', #9764, .T. ) ;
#1601 =( NAMED_UNIT ( * ) PLANE_ANGLE_UNIT ( ) SI_UNIT ( $, .RADIAN. ) );
#1602 = STYLED_ITEM ( 'NONE', ( #5379 ), #12017 ) ;
#1603 = APPLICATION_CONTEXT ( 'automotive_design' ) ;
#1604 = CARTESIAN_POINT ( 'NONE',  ( -0.01476377952755867000, -0.01693371115559762200, -0.05669291338582690300 ) ) ;
#1605 = UNCERTAINTY_MEASURE_WITH_UNIT (LENGTH_MEASURE( 1.000000000000000100E-005 ), #4733, 'distance_accuracy_value', 'NONE');
#1606 = FILL_AREA_STYLE ('',( #1653 ) ) ;
#1607 = DIRECTION ( 'NONE',  ( 1.000000000000000000, 0.0000000000000000000, -0.0000000000000000000 ) ) ;
#1608 = ORIENTED_EDGE ( 'NONE', *, *, #10801, .F. ) ;
#1609 = VERTEX_POINT ( 'NONE', #11821 ) ;
#1610 = LINE ( 'NONE', #4722, #1309 ) ;
#1611 = CARTESIAN_POINT ( 'NONE',  ( 0.05669291338582674300, -0.01693371115559762200, -0.01476377952755922700 ) ) ;
#1612 = ORIENTED_EDGE ( 'NONE', *, *, #9639, .T. ) ;
#1613 = UNCERTAINTY_MEASURE_WITH_UNIT (LENGTH_MEASURE( 1.000000000000000100E-005 ), #353, 'distance_accuracy_value', 'NONE');
#1614 = EDGE_LOOP ( 'NONE', ( #4706, #2697, #6581, #4248 ) ) ;
#1615 = FILL_AREA_STYLE ('',( #12360 ) ) ;
#1616 = COLOUR_RGB ( '',0.3529411764705882000, 0.3529411764705882000, 0.3529411764705882000 ) ;
#1617 = DIRECTION ( 'NONE',  ( 1.000000000000000000, -0.0000000000000000000, 4.406877377904227700E-017 ) ) ;
#1618 = SURFACE_SIDE_STYLE ('',( #6876 ) ) ;
#1619 = EDGE_CURVE ( 'NONE', #6046, #2610, #758, .T. ) ;
#1620 = EDGE_CURVE ( 'NONE', #4515, #4132, #8518, .T. ) ;
#1621 = ORIENTED_EDGE ( 'NONE', *, *, #10789, .T. ) ;
#1622 = DIRECTION ( 'NONE',  ( 1.000000000000000000, 0.0000000000000000000, -0.0000000000000000000 ) ) ;
#1623 =( NAMED_UNIT ( * ) SI_UNIT ( $, .STERADIAN. ) SOLID_ANGLE_UNIT ( ) );
#1624 = PRESENTATION_LAYER_ASSIGNMENT (  '', '', ( #990 ) ) ;
#1625 = ORIENTED_EDGE ( 'NONE', *, *, #9498, .F. ) ;
#1626 = CARTESIAN_POINT ( 'NONE',  ( 0.05669291338582684700, 0.007204724409448820400, 0.01476377952755886800 ) ) ;
#1627 = VECTOR ( 'NONE', #5942, 39.37007874015748100 ) ;
#1628 = CARTESIAN_POINT ( 'NONE',  ( 0.04291338582677168400, 0.0000000000000000000, 0.0000000000000000000 ) ) ;
#1629 =( CONVERSION_BASED_UNIT ( 'INCH', #8725 ) LENGTH_UNIT ( ) NAMED_UNIT ( #12370 ) );
#1630 = ADVANCED_FACE ( 'NONE', ( #8192 ), #9897, .F. ) ;
#1631 =( NAMED_UNIT ( * ) PLANE_ANGLE_UNIT ( ) SI_UNIT ( $, .RADIAN. ) );
#1632 =( NAMED_UNIT ( * ) PLANE_ANGLE_UNIT ( ) SI_UNIT ( $, .RADIAN. ) );
#1633 = EDGE_CURVE ( 'NONE', #2466, #10308, #6962, .T. ) ;
#1634 = ORIENTED_EDGE ( 'NONE', *, *, #5947, .T. ) ;
#1635 = EDGE_CURVE ( 'NONE', #12183, #9280, #2085, .T. ) ;
#1636 = PRESENTATION_STYLE_ASSIGNMENT (( #2121 ) ) ;
#1637 = VECTOR ( 'NONE', #6240, 39.37007874015748100 ) ;
#1638 = CARTESIAN_POINT ( 'NONE',  ( -0.01476377952755906200, 0.004133858267716536200, 0.0000000000000000000 ) ) ;
#1639 = DIRECTION ( 'NONE',  ( 8.232929642093732000E-016, -0.0000000000000000000, 1.000000000000000000 ) ) ;
#1640 = ORIENTED_EDGE ( 'NONE', *, *, #7327, .F. ) ;
#1641 = COLOUR_RGB ( '',0.2509803921568627400, 0.2509803921568627400, 0.2509803921568627400 ) ;
#1642 = EDGE_LOOP ( 'NONE', ( #1751, #12692, #5131, #4313 ) ) ;
#1643 = PRESENTATION_STYLE_ASSIGNMENT (( #6540 ) ) ;
#1644 = LINE ( 'NONE', #1215, #1338 ) ;
#1645 = SURFACE_SIDE_STYLE ('',( #1771 ) ) ;
#1646 = DIRECTION ( 'NONE',  ( 0.0000000000000000000, 1.000000000000000000, 0.0000000000000000000 ) ) ;
#1647 = LINE ( 'NONE', #10503, #6525 ) ;
#1648 = STYLED_ITEM ( 'NONE', ( #10574 ), #6166 ) ;
#1649 = FILL_AREA_STYLE_COLOUR ( '', #3929 ) ;
#1650 = DIRECTION ( 'NONE',  ( 1.000000000000000000, 0.0000000000000000000, 3.885242184870542000E-015 ) ) ;
#1651 = FILL_AREA_STYLE_COLOUR ( '', #726 ) ;
#1652 = FILL_AREA_STYLE ('',( #9536 ) ) ;
#1653 = FILL_AREA_STYLE_COLOUR ( '', #10540 ) ;
#1654 = LENGTH_MEASURE_WITH_UNIT ( LENGTH_MEASURE( 0.02539999999999999900 ), #9441 );
#1655 = DIRECTION ( 'NONE',  ( 4.292739916162990400E-015, 0.0000000000000000000, 1.000000000000000000 ) ) ;
#1656 =( LENGTH_UNIT ( ) NAMED_UNIT ( * ) SI_UNIT ( $, .METRE. ) );
#1657 = PRESENTATION_STYLE_ASSIGNMENT (( #5392 ) ) ;
#1658 = LENGTH_MEASURE_WITH_UNIT ( LENGTH_MEASURE( 0.02539999999999999900 ), #464 );
#1659 = UNCERTAINTY_MEASURE_WITH_UNIT (LENGTH_MEASURE( 1.000000000000000100E-005 ), #11623, 'distance_accuracy_value', 'NONE');
#1660 = CARTESIAN_POINT ( 'NONE',  ( 0.0000000000000000000, 0.03149606299212598400, -0.05905511811023583100 ) ) ;
#1661 = CARTESIAN_POINT ( 'NONE',  ( -0.004921259842519914000, 0.001181102362204724400, -0.04291338582677171900 ) ) ;
#1662 = DIRECTION ( 'NONE',  ( 0.0000000000000000000, -0.0000000000000000000, -1.000000000000000000 ) ) ;
#1663 = DIRECTION ( 'NONE',  ( 1.000000000000000000, 0.0000000000000000000, 3.575470135588969500E-015 ) ) ;
#1664 = DIRECTION ( 'NONE',  ( 0.0000000000000000000, -1.000000000000000000, 0.0000000000000000000 ) ) ;
#1665 = ORIENTED_EDGE ( 'NONE', *, *, #6205, .F. ) ;
#1666 = DIRECTION ( 'NONE',  ( 1.000000000000000000, -0.0000000000000000000, 4.040128209511325900E-015 ) ) ;
#1667 = AXIS2_PLACEMENT_3D ( 'NONE', #4797, #11638, #5768 ) ;
#1668 = LENGTH_MEASURE_WITH_UNIT ( LENGTH_MEASURE( 0.02539999999999999900 ), #8993 );
#1669 = ORIENTED_EDGE ( 'NONE', *, *, #4145, .F. ) ;
#1670 = CIRCLE ( 'NONE', #4450, 0.007052567223509561600 ) ;
#1671 = DIRECTION ( 'NONE',  ( -1.000000000000000000, 0.0000000000000000000, 2.929742899324058200E-015 ) ) ;
#1672 = VECTOR ( 'NONE', #5036, 39.37007874015748100 ) ;
#1673 = ORIENTED_EDGE ( 'NONE', *, *, #9156, .F. ) ;
#1674 = EDGE_LOOP ( 'NONE', ( #5137, #2618, #1991, #5878 ) ) ;
#1675 = DIRECTION ( 'NONE',  ( -4.292739916162984100E-015, 0.0000000000000000000, -1.000000000000000000 ) ) ;
#1676 = SURFACE_STYLE_USAGE ( .BOTH. , #7504 ) ;
#1677 = EDGE_CURVE ( 'NONE', #9894, #6589, #4385, .T. ) ;
#1678 = FILL_AREA_STYLE ('',( #720 ) ) ;
#1679 = COLOUR_RGB ( '',0.9686274509803921600, 0.8784313725490196000, 0.5999999999999999800 ) ;
#1680 = VECTOR ( 'NONE', #6474, 39.37007874015748100 ) ;
#1681 = VECTOR ( 'NONE', #6529, 39.37007874015748100 ) ;
#1682 = FACE_OUTER_BOUND ( 'NONE', #8155, .T. ) ;
#1683 = DIRECTION ( 'NONE',  ( -5.743874480559907400E-015, 0.0000000000000000000, 1.000000000000000000 ) ) ;
#1684 = CARTESIAN_POINT ( 'NONE',  ( 0.0000000000000000000, 0.0000000000000000000, 0.0000000000000000000 ) ) ;
#1685 =( GEOMETRIC_REPRESENTATION_CONTEXT ( 3 ) GLOBAL_UNCERTAINTY_ASSIGNED_CONTEXT ( ( #3003 ) ) GLOBAL_UNIT_ASSIGNED_CONTEXT ( ( #3702, #10527, #4681 ) ) REPRESENTATION_CONTEXT ( 'NONE', 'WORKASPACE' ) );
#1686 = CARTESIAN_POINT ( 'NONE',  ( 0.0000000000000000000, 0.03149606299212598400, 0.05905511811023582400 ) ) ;
#1687 = ORIENTED_EDGE ( 'NONE', *, *, #3935, .T. ) ;
#1688 =( NAMED_UNIT ( * ) PLANE_ANGLE_UNIT ( ) SI_UNIT ( $, .RADIAN. ) );
#1689 = UNCERTAINTY_MEASURE_WITH_UNIT (LENGTH_MEASURE( 1.000000000000000100E-005 ), #10198, 'distance_accuracy_value', 'NONE');
#1690 = CARTESIAN_POINT ( 'NONE',  ( 0.004921259842522304400, 0.0000000000000000000, -0.05669291338582658400 ) ) ;
#1691 = DIRECTION ( 'NONE',  ( -1.000000000000000000, 0.0000000000000000000, -6.838402388021533300E-015 ) ) ;
#1692 = FACE_OUTER_BOUND ( 'NONE', #6181, .T. ) ;
#1693 = VECTOR ( 'NONE', #9503, 39.37007874015748100 ) ;
#1694 = LENGTH_MEASURE_WITH_UNIT ( LENGTH_MEASURE( 0.02539999999999999900 ), #6270 );
#1696 = VECTOR ( 'NONE', #10116, 39.37007874015748100 ) ;
#1695 = PRESENTATION_STYLE_ASSIGNMENT (( #4630 ) ) ;
#1697 = CARTESIAN_POINT ( 'NONE',  ( 0.05669291338582657000, 0.007204724409448820400, 0.004921259842522329600 ) ) ;
#1698 = ADVANCED_FACE ( 'NONE', ( #9625 ), #6026, .F. ) ;
#1699 = SHAPE_DEFINITION_REPRESENTATION ( #12364, #11189 ) ;
#1700 = VECTOR ( 'NONE', #5474, 39.37007874015748100 ) ;
#1701 = EDGE_CURVE ( 'NONE', #1794, #7779, #10662, .T. ) ;
#1702 =( LENGTH_UNIT ( ) NAMED_UNIT ( * ) SI_UNIT ( $, .METRE. ) );
#1703 = DIRECTION ( 'NONE',  ( 0.0000000000000000000, -1.000000000000000000, 0.0000000000000000000 ) ) ;
#1704 =( CONVERSION_BASED_UNIT ( 'INCH', #7884 ) LENGTH_UNIT ( ) NAMED_UNIT ( #7579 ) );
#1705 = ORIENTED_EDGE ( 'NONE', *, *, #11228, .T. ) ;
#1706 = CARTESIAN_POINT ( 'NONE',  ( 0.0000000000000000000, 0.004133858267716536200, -0.04429133858267731600 ) ) ;
#1707 = VERTEX_POINT ( 'NONE', #5167 ) ;
#1708 = STYLED_ITEM ( 'NONE', ( #1339 ), #4439 ) ;
#1709 = ORIENTED_EDGE ( 'NONE', *, *, #2616, .T. ) ;
#1710 = UNCERTAINTY_MEASURE_WITH_UNIT (LENGTH_MEASURE( 1.000000000000000100E-005 ), #1026, 'distance_accuracy_value', 'NONE');
#1711 = SURFACE_STYLE_FILL_AREA ( #4036 ) ;
#1712 = SURFACE_SIDE_STYLE ('',( #8122 ) ) ;
#1713 = FACE_OUTER_BOUND ( 'NONE', #7048, .T. ) ;
#1714 = MECHANICAL_DESIGN_GEOMETRIC_PRESENTATION_REPRESENTATION (  '', ( #12454 ), #2342 ) ;
#1715 = SURFACE_STYLE_FILL_AREA ( #6228 ) ;
#1716 = DIRECTION ( 'NONE',  ( -1.000000000000000000, 0.0000000000000000000, -6.982962677686265900E-015 ) ) ;
#1717 = DIMENSIONAL_EXPONENTS ( 1.000000000000000000, 0.0000000000000000000, 0.0000000000000000000, 0.0000000000000000000, 0.0000000000000000000, 0.0000000000000000000, 0.0000000000000000000 ) ;
#1718 = FILL_AREA_STYLE ('',( #7530 ) ) ;
#1719 = ORIENTED_EDGE ( 'NONE', *, *, #11881, .F. ) ;
#1720 =( LENGTH_UNIT ( ) NAMED_UNIT ( * ) SI_UNIT ( $, .METRE. ) );
#1721 = EDGE_CURVE ( 'NONE', #9861, #4169, #5765, .T. ) ;
#1722 = CARTESIAN_POINT ( 'NONE',  ( -0.004921259842522249800, -0.01693371115559762200, 0.04291338582677168400 ) ) ;
#1723 = CARTESIAN_POINT ( 'NONE',  ( 0.05905511811023617100, 0.0000000000000000000, 0.004921259842521716300 ) ) ;
#1724 = LINE ( 'NONE', #10999, #6593 ) ;
#1725 = DIRECTION ( 'NONE',  ( -3.549286997887197300E-015, 0.0000000000000000000, -1.000000000000000000 ) ) ;
#1726 = CARTESIAN_POINT ( 'NONE',  ( -0.05669291338582657000, 0.001181102362204723300, -0.004921259842522323500 ) ) ;
#1727 = COLOUR_RGB ( '',0.9686274509803921600, 0.8784313725490196000, 0.5999999999999999800 ) ;
#1728 = DIRECTION ( 'NONE',  ( -1.000000000000000000, 0.0000000000000000000, 3.549286997887197300E-015 ) ) ;
#1729 = STYLED_ITEM ( 'NONE', ( #6396 ), #5656 ) ;
#1730 = DIMENSIONAL_EXPONENTS ( 1.000000000000000000, 0.0000000000000000000, 0.0000000000000000000, 0.0000000000000000000, 0.0000000000000000000, 0.0000000000000000000, 0.0000000000000000000 ) ;
#1731 = UNCERTAINTY_MEASURE_WITH_UNIT (LENGTH_MEASURE( 1.000000000000000100E-005 ), #676, 'distance_accuracy_value', 'NONE');
#1732 = DIMENSIONAL_EXPONENTS ( 1.000000000000000000, 0.0000000000000000000, 0.0000000000000000000, 0.0000000000000000000, 0.0000000000000000000, 0.0000000000000000000, 0.0000000000000000000 ) ;
#1733 = SURFACE_STYLE_USAGE ( .BOTH. , #7547 ) ;
#1734 = VECTOR ( 'NONE', #10544, 39.37007874015748100 ) ;
#1735 = FILL_AREA_STYLE ('',( #10491 ) ) ;
#1736 = EDGE_CURVE ( 'NONE', #9387, #3434, #584, .T. ) ;
#1737 = SURFACE_STYLE_FILL_AREA ( #944 ) ;
#1738 = STYLED_ITEM ( 'NONE', ( #7687 ), #544 ) ;
#1739 = DIRECTION ( 'NONE',  ( 1.000000000000000000, -0.0000000000000000000, 1.778792249757036600E-015 ) ) ;
#1740 = VERTEX_POINT ( 'NONE', #7108 ) ;
#1741 = CARTESIAN_POINT ( 'NONE',  ( 0.04291338582677151100, 0.007204724409448820400, -0.04429133858267732300 ) ) ;
#1742 = DIRECTION ( 'NONE',  ( -1.000000000000000000, 0.0000000000000000000, -6.982962677686265900E-015 ) ) ;
#1743 = VECTOR ( 'NONE', #2039, 39.37007874015748100 ) ;
#1744 = COLOUR_RGB ( '',0.9686274509803921600, 0.8784313725490196000, 0.5999999999999999800 ) ;
#1745 = SURFACE_STYLE_FILL_AREA ( #12015 ) ;
#1746 = DIRECTION ( 'NONE',  ( -0.0000000000000000000, -1.000000000000000000, -0.0000000000000000000 ) ) ;
#1747 = CARTESIAN_POINT ( 'NONE',  ( -0.05669291338582663900, 0.001181102362204723300, -0.04429133858267737800 ) ) ;
#1748 = STYLED_ITEM ( 'NONE', ( #6553 ), #10030 ) ;
#1749 = CARTESIAN_POINT ( 'NONE',  ( 0.0000000000000000000, 0.0000000000000000000, 0.04291338582677166300 ) ) ;
#1750 = CARTESIAN_POINT ( 'NONE',  ( 0.0000000000000000000, 0.0000000000000000000, -0.04291338582677177400 ) ) ;
#1751 = ORIENTED_EDGE ( 'NONE', *, *, #86, .F. ) ;
#1752 = PRESENTATION_LAYER_ASSIGNMENT (  '', '', ( #438 ) ) ;
#1753 = EDGE_CURVE ( 'NONE', #6838, #8320, #7730, .T. ) ;
#1754 = DIRECTION ( 'NONE',  ( -1.000000000000000000, -0.0000000000000000000, -3.420584110948183300E-015 ) ) ;
#1755 = DIMENSIONAL_EXPONENTS ( 1.000000000000000000, 0.0000000000000000000, 0.0000000000000000000, 0.0000000000000000000, 0.0000000000000000000, 0.0000000000000000000, 0.0000000000000000000 ) ;
#1756 =( CONVERSION_BASED_UNIT ( 'INCH', #12366 ) LENGTH_UNIT ( ) NAMED_UNIT ( #2770 ) );
#1757 = ADVANCED_FACE ( 'NONE', ( #10363 ), #4230, .F. ) ;
#1758 = SURFACE_STYLE_FILL_AREA ( #8111 ) ;
#1759 = ORIENTED_EDGE ( 'NONE', *, *, #503, .T. ) ;
#1760 = DIRECTION ( 'NONE',  ( 0.0000000000000000000, -0.0000000000000000000, 1.000000000000000000 ) ) ;
#1761 = ORIENTED_EDGE ( 'NONE', *, *, #1099, .F. ) ;
#1762 =( GEOMETRIC_REPRESENTATION_CONTEXT ( 3 ) GLOBAL_UNCERTAINTY_ASSIGNED_CONTEXT ( ( #363 ) ) GLOBAL_UNIT_ASSIGNED_CONTEXT ( ( #8903, #3046, #9906 ) ) REPRESENTATION_CONTEXT ( 'NONE', 'WORKASPACE' ) );
#1763 = ORIENTED_EDGE ( 'NONE', *, *, #10396, .T. ) ;
#1764 = FILL_AREA_STYLE_COLOUR ( '', #4895 ) ;
#1765 = VERTEX_POINT ( 'NONE', #10104 ) ;
#1766 = FILL_AREA_STYLE ('',( #10526 ) ) ;
#1767 =( CONVERSION_BASED_UNIT ( 'INCH', #6957 ) LENGTH_UNIT ( ) NAMED_UNIT ( #9704 ) );
#1768 = ORIENTED_EDGE ( 'NONE', *, *, #2502, .T. ) ;
#1769 = DIRECTION ( 'NONE',  ( -0.0000000000000000000, -1.000000000000000000, -0.0000000000000000000 ) ) ;
#1770 = VERTEX_POINT ( 'NONE', #4272 ) ;
#1771 = SURFACE_STYLE_FILL_AREA ( #7467 ) ;
#1772 = ORIENTED_EDGE ( 'NONE', *, *, #5115, .T. ) ;
#1773 = UNCERTAINTY_MEASURE_WITH_UNIT (LENGTH_MEASURE( 1.000000000000000100E-005 ), #593, 'distance_accuracy_value', 'NONE');
#1774 = ORIENTED_EDGE ( 'NONE', *, *, #11804, .T. ) ;
#1775 = SURFACE_STYLE_FILL_AREA ( #9226 ) ;
#1776 = CARTESIAN_POINT ( 'NONE',  ( -0.02272557806252456900, 0.001181102362204722200, -0.01091455444047755700 ) ) ;
#1777 = STYLED_ITEM ( 'NONE', ( #10695 ), #4038 ) ;
#1778 = CARTESIAN_POINT ( 'NONE',  ( 0.05905511811023605300, 0.001181102362204723700, 0.02460629921260059200 ) ) ;
#1779 =( GEOMETRIC_REPRESENTATION_CONTEXT ( 3 ) GLOBAL_UNCERTAINTY_ASSIGNED_CONTEXT ( ( #2635 ) ) GLOBAL_UNIT_ASSIGNED_CONTEXT ( ( #7399, #1573, #8394 ) ) REPRESENTATION_CONTEXT ( 'NONE', 'WORKASPACE' ) );
#1780 = SURFACE_STYLE_USAGE ( .BOTH. , #7600 ) ;
#1781 = EDGE_CURVE ( 'NONE', #11030, #12145, #11736, .T. ) ;
#1782 = DIRECTION ( 'NONE',  ( -1.000000000000000000, 0.0000000000000000000, -4.040128209511325900E-015 ) ) ;
#1783 =( CONVERSION_BASED_UNIT ( 'INCH', #8973 ) LENGTH_UNIT ( ) NAMED_UNIT ( #11613 ) );
#1784 =( LENGTH_UNIT ( ) NAMED_UNIT ( * ) SI_UNIT ( $, .METRE. ) );
#1785 =( CONVERSION_BASED_UNIT ( 'INCH', #3394 ) LENGTH_UNIT ( ) NAMED_UNIT ( #697 ) );
#1786 = CARTESIAN_POINT ( 'NONE',  ( 0.02460629921260094500, 0.001181102362204724400, 0.0000000000000000000 ) ) ;
#1787 = ORIENTED_EDGE ( 'NONE', *, *, #1955, .F. ) ;
#1788 = PLANE ( 'NONE',  #6833 ) ;
#1789 = VERTEX_POINT ( 'NONE', #7206 ) ;
#1790 = ORIENTED_EDGE ( 'NONE', *, *, #7059, .T. ) ;
#1791 = LINE ( 'NONE', #10399, #1477 ) ;
#1792 = EDGE_CURVE ( 'NONE', #11275, #4538, #1332, .T. ) ;
#1793 = DIRECTION ( 'NONE',  ( 1.000000000000000000, 0.0000000000000000000, -4.515665050714725700E-016 ) ) ;
#1794 = VERTEX_POINT ( 'NONE', #9106 ) ;
#1795 = CARTESIAN_POINT ( 'NONE',  ( 0.04291338582677133000, -0.01693371115559762200, 0.02460629921260094900 ) ) ;
#1796 = ORIENTED_EDGE ( 'NONE', *, *, #10919, .F. ) ;
#1797 = PRESENTATION_LAYER_ASSIGNMENT (  '', '', ( #495 ) ) ;
#1798 = SURFACE_STYLE_USAGE ( .BOTH. , #7623 ) ;
#1799 = PRESENTATION_STYLE_ASSIGNMENT (( #1947 ) ) ;
#1800 = VECTOR ( 'NONE', #9942, 39.37007874015748100 ) ;
#1801 = VECTOR ( 'NONE', #12331, 39.37007874015748100 ) ;
#1802 = ORIENTED_EDGE ( 'NONE', *, *, #10740, .T. ) ;
#1803 = COLOUR_RGB ( '',0.3529411764705882000, 0.3529411764705882000, 0.3529411764705882000 ) ;
#1804 = CARTESIAN_POINT ( 'NONE',  ( -0.02272557806252448900, 0.001181102362204724400, -0.02272557806252480100 ) ) ;
#1805 = CARTESIAN_POINT ( 'NONE',  ( -0.05669291338582686800, 0.001181102362204723500, 0.02460629921259822900 ) ) ;
#1806 = DIRECTION ( 'NONE',  ( -1.180052651401704400E-013, 0.0000000000000000000, 1.000000000000000000 ) ) ;
#1807 = EDGE_CURVE ( 'NONE', #10328, #10892, #6515, .T. ) ;
#1808 = EDGE_CURVE ( 'NONE', #4200, #10627, #8818, .T. ) ;
#1809 = EDGE_CURVE ( 'NONE', #4688, #6334, #3925, .T. ) ;
#1810 = VERTEX_POINT ( 'NONE', #5302 ) ;
#1811 = SURFACE_SIDE_STYLE ('',( #3902 ) ) ;
#1812 =( LENGTH_UNIT ( ) NAMED_UNIT ( * ) SI_UNIT ( $, .METRE. ) );
#1813 = VECTOR ( 'NONE', #9034, 39.37007874015748100 ) ;
#1814 = DIRECTION ( 'NONE',  ( -1.000000000000000000, 0.0000000000000000000, 3.549286997887197300E-015 ) ) ;
#1815 = VECTOR ( 'NONE', #5303, 39.37007874015748100 ) ;
#1816 = COLOUR_RGB ( '',0.9686274509803921600, 0.8784313725490196000, 0.5999999999999999800 ) ;
#1817 = VECTOR ( 'NONE', #344, 39.37007874015748100 ) ;
#1818 = FILL_AREA_STYLE_COLOUR ( '', #2485 ) ;
#1819 = ADVANCED_FACE ( 'NONE', ( #6208 ), #447, .F. ) ;
#1820 =( GEOMETRIC_REPRESENTATION_CONTEXT ( 3 ) GLOBAL_UNCERTAINTY_ASSIGNED_CONTEXT ( ( #8293 ) ) GLOBAL_UNIT_ASSIGNED_CONTEXT ( ( #4352, #11218, #5334 ) ) REPRESENTATION_CONTEXT ( 'NONE', 'WORKASPACE' ) );
#1821 = CARTESIAN_POINT ( 'NONE',  ( -0.05905511811023622700, 0.004133858267716534500, -0.05905511811023662200 ) ) ;
#1822 = DIRECTION ( 'NONE',  ( 3.575470135588969500E-015, 0.0000000000000000000, -1.000000000000000000 ) ) ;
#1823 = EDGE_CURVE ( 'NONE', #3147, #4517, #9896, .T. ) ;
#1824 = CARTESIAN_POINT ( 'NONE',  ( -0.05669291338582568100, 0.001181102362204724400, 0.0000000000000000000 ) ) ;
#1825 = VECTOR ( 'NONE', #233, 39.37007874015748100 ) ;
#1826 = DIRECTION ( 'NONE',  ( -0.0000000000000000000, -1.000000000000000000, -0.0000000000000000000 ) ) ;
#1827 = PRESENTATION_STYLE_ASSIGNMENT (( #8200 ) ) ;
#1828 = UNCERTAINTY_MEASURE_WITH_UNIT (LENGTH_MEASURE( 1.000000000000000100E-005 ), #9544, 'distance_accuracy_value', 'NONE');
#1829 = CARTESIAN_POINT ( 'NONE',  ( 0.004921259842522320000, 0.007204724409448820400, -0.05669291338582657000 ) ) ;
#1830 = PRESENTATION_LAYER_ASSIGNMENT (  '', '', ( #530 ) ) ;
#1831 = STYLED_ITEM ( 'NONE', ( #5190 ), #8397 ) ;
#1832 =( GEOMETRIC_REPRESENTATION_CONTEXT ( 3 ) GLOBAL_UNCERTAINTY_ASSIGNED_CONTEXT ( ( #10387 ) ) GLOBAL_UNIT_ASSIGNED_CONTEXT ( ( #3323, #10173, #4297 ) ) REPRESENTATION_CONTEXT ( 'NONE', 'WORKASPACE' ) );
#1833 = LINE ( 'NONE', #5355, #4425 ) ;
#1834 = FILL_AREA_STYLE ('',( #10603 ) ) ;
#1835 = SURFACE_STYLE_FILL_AREA ( #9366 ) ;
#1836 = DIRECTION ( 'NONE',  ( 0.0000000000000000000, -0.0000000000000000000, 1.000000000000000000 ) ) ;
#1837 = VECTOR ( 'NONE', #4366, 39.37007874015748100 ) ;
#1838 = VERTEX_POINT ( 'NONE', #2434 ) ;
#1839 = ORIENTED_EDGE ( 'NONE', *, *, #2396, .F. ) ;
#1840 = SURFACE_STYLE_USAGE ( .BOTH. , #7668 ) ;
#1841 = DIRECTION ( 'NONE',  ( 0.0000000000000000000, 1.000000000000000000, 0.0000000000000000000 ) ) ;
#1842 = ORIENTED_EDGE ( 'NONE', *, *, #3392, .T. ) ;
#1843 = FILL_AREA_STYLE_COLOUR ( '', #795 ) ;
#1844 = DIMENSIONAL_EXPONENTS ( 1.000000000000000000, 0.0000000000000000000, 0.0000000000000000000, 0.0000000000000000000, 0.0000000000000000000, 0.0000000000000000000, 0.0000000000000000000 ) ;
#1845 = DIMENSIONAL_EXPONENTS ( 1.000000000000000000, 0.0000000000000000000, 0.0000000000000000000, 0.0000000000000000000, 0.0000000000000000000, 0.0000000000000000000, 0.0000000000000000000 ) ;
#1846 = VECTOR ( 'NONE', #10036, 39.37007874015748100 ) ;
#1847 = SURFACE_STYLE_FILL_AREA ( #12377 ) ;
#1848 = FILL_AREA_STYLE ('',( #7677 ) ) ;
#1849 = CIRCLE ( 'NONE', #12373, 0.007052567223509561600 ) ;
#1850 =( GEOMETRIC_REPRESENTATION_CONTEXT ( 3 ) GLOBAL_UNCERTAINTY_ASSIGNED_CONTEXT ( ( #8409 ) ) GLOBAL_UNIT_ASSIGNED_CONTEXT ( ( #2924, #9780, #3910 ) ) REPRESENTATION_CONTEXT ( 'NONE', 'WORKASPACE' ) );
#1851 =( GEOMETRIC_REPRESENTATION_CONTEXT ( 3 ) GLOBAL_UNCERTAINTY_ASSIGNED_CONTEXT ( ( #4255 ) ) GLOBAL_UNIT_ASSIGNED_CONTEXT ( ( #2429, #9289, #3429 ) ) REPRESENTATION_CONTEXT ( 'NONE', 'WORKASPACE' ) );
#1852 = FILL_AREA_STYLE ('',( #9618 ) ) ;
#1853 = LINE ( 'NONE', #12344, #9679 ) ;
#1854 = PLANE ( 'NONE',  #12702 ) ;
#1855 = COLOUR_RGB ( '',0.2509803921568627400, 0.2509803921568627400, 0.2509803921568627400 ) ;
#1856 = ORIENTED_EDGE ( 'NONE', *, *, #5213, .F. ) ;
#1857 = ORIENTED_EDGE ( 'NONE', *, *, #5650, .T. ) ;
#1858 = DIMENSIONAL_EXPONENTS ( 1.000000000000000000, 0.0000000000000000000, 0.0000000000000000000, 0.0000000000000000000, 0.0000000000000000000, 0.0000000000000000000, 0.0000000000000000000 ) ;
#1859 = PRESENTATION_STYLE_ASSIGNMENT (( #12119 ) ) ;
#1860 =( NAMED_UNIT ( * ) SI_UNIT ( $, .STERADIAN. ) SOLID_ANGLE_UNIT ( ) );
#1861 = EDGE_CURVE ( 'NONE', #12012, #12157, #12518, .T. ) ;
#1862 = DIRECTION ( 'NONE',  ( 1.000000000000000000, 0.0000000000000000000, 2.346283569946222600E-014 ) ) ;
#1863 = FILL_AREA_STYLE_COLOUR ( '', #6417 ) ;
#1864 = DIRECTION ( 'NONE',  ( 1.000000000000000000, -0.0000000000000000000, 5.588988455919166100E-015 ) ) ;
#1865 = SURFACE_STYLE_USAGE ( .BOTH. , #7698 ) ;
#1866 =( GEOMETRIC_REPRESENTATION_CONTEXT ( 3 ) GLOBAL_UNCERTAINTY_ASSIGNED_CONTEXT ( ( #8638 ) ) GLOBAL_UNIT_ASSIGNED_CONTEXT ( ( #12235, #6352, #518 ) ) REPRESENTATION_CONTEXT ( 'NONE', 'WORKASPACE' ) );
#1867 = PLANE ( 'NONE',  #10796 ) ;
#1868 = VECTOR ( 'NONE', #9444, 39.37007874015748100 ) ;
#1869 = COLOUR_RGB ( '',1.000000000000000000, 1.000000000000000000, 1.000000000000000000 ) ;
#1870 = DIRECTION ( 'NONE',  ( -4.195014234152112900E-015, 0.0000000000000000000, 1.000000000000000000 ) ) ;
#1871 = EDGE_CURVE ( 'NONE', #11910, #3023, #7255, .T. ) ;
#1872 = DIMENSIONAL_EXPONENTS ( 1.000000000000000000, 0.0000000000000000000, 0.0000000000000000000, 0.0000000000000000000, 0.0000000000000000000, 0.0000000000000000000, 0.0000000000000000000 ) ;
#1873 = CARTESIAN_POINT ( 'NONE',  ( -0.04291338582677183000, 0.001181102362204724400, 0.04429133858267712100 ) ) ;
#1874 = ADVANCED_FACE ( 'NONE', ( #2386 ), #7330, .F. ) ;
#1875 = VECTOR ( 'NONE', #3015, 39.37007874015748100 ) ;
#1876 = COLOUR_RGB ( '',0.9686274509803921600, 0.8784313725490196000, 0.5999999999999999800 ) ;
#1877 = FILL_AREA_STYLE ('',( #12629 ) ) ;
#1878 = UNCERTAINTY_MEASURE_WITH_UNIT (LENGTH_MEASURE( 1.000000000000000100E-005 ), #9275, 'distance_accuracy_value', 'NONE');
#1879 = ORIENTED_EDGE ( 'NONE', *, *, #10568, .T. ) ;
#1880 = ORIENTED_EDGE ( 'NONE', *, *, #8819, .T. ) ;
#1881 = EDGE_LOOP ( 'NONE', ( #12300, #9908, #7691, #692 ) ) ;
#1882 = ORIENTED_EDGE ( 'NONE', *, *, #3595, .F. ) ;
#1883 = CARTESIAN_POINT ( 'NONE',  ( 0.0000000000000000000, 0.001181102362204724400, 0.05669291338582664600 ) ) ;
#1884 = DIRECTION ( 'NONE',  ( 0.0000000000000000000, 1.000000000000000000, 0.0000000000000000000 ) ) ;
#1885 = LINE ( 'NONE', #7098, #2183 ) ;
#1886 = LENGTH_MEASURE_WITH_UNIT ( LENGTH_MEASURE( 0.02539999999999999900 ), #5978 );
#1887 = MECHANICAL_DESIGN_GEOMETRIC_PRESENTATION_REPRESENTATION (  '', ( #12643 ), #2539 ) ;
#1888 =( CONVERSION_BASED_UNIT ( 'INCH', #10835 ) LENGTH_UNIT ( ) NAMED_UNIT ( #12651 ) );
#1889 = SURFACE_STYLE_USAGE ( .BOTH. , #7726 ) ;
#1890 =( NAMED_UNIT ( * ) SI_UNIT ( $, .STERADIAN. ) SOLID_ANGLE_UNIT ( ) );
#1891 = ORIENTED_EDGE ( 'NONE', *, *, #2753, .T. ) ;
#1892 =( LENGTH_UNIT ( ) NAMED_UNIT ( * ) SI_UNIT ( $, .METRE. ) );
#1893 = VERTEX_POINT ( 'NONE', #6356 ) ;
#1894 = VECTOR ( 'NONE', #2780, 39.37007874015748100 ) ;
#1895 =( GEOMETRIC_REPRESENTATION_CONTEXT ( 3 ) GLOBAL_UNCERTAINTY_ASSIGNED_CONTEXT ( ( #7003 ) ) GLOBAL_UNIT_ASSIGNED_CONTEXT ( ( #8773, #2910, #9771 ) ) REPRESENTATION_CONTEXT ( 'NONE', 'WORKASPACE' ) );
#1896 = MECHANICAL_DESIGN_GEOMETRIC_PRESENTATION_REPRESENTATION (  '', ( #12655 ), #2556 ) ;
#1897 = CARTESIAN_POINT ( 'NONE',  ( 0.05669291338582674300, 0.001181102362204723500, -0.01476377952755924400 ) ) ;
#1898 =( NAMED_UNIT ( * ) SI_UNIT ( $, .STERADIAN. ) SOLID_ANGLE_UNIT ( ) );
#1899 = DIRECTION ( 'NONE',  ( 3.498027123268577200E-015, 0.0000000000000000000, -1.000000000000000000 ) ) ;
#1900 =( GEOMETRIC_REPRESENTATION_CONTEXT ( 3 ) GLOBAL_UNCERTAINTY_ASSIGNED_CONTEXT ( ( #1388 ) ) GLOBAL_UNIT_ASSIGNED_CONTEXT ( ( #5499, #12375, #6486 ) ) REPRESENTATION_CONTEXT ( 'NONE', 'WORKASPACE' ) );
#1901 = EDGE_CURVE ( 'NONE', #4068, #33, #160, .T. ) ;
#1902 = CARTESIAN_POINT ( 'NONE',  ( 0.0000000000000000000, 0.0000000000000000000, 0.0000000000000000000 ) ) ;
#1903 = VERTEX_POINT ( 'NONE', #8313 ) ;
#1904 = ORIENTED_EDGE ( 'NONE', *, *, #4842, .F. ) ;
#1905 = CLOSED_SHELL ( 'NONE', ( #3557, #11822, #1313, #11114, #7361, #3691 ) ) ;
#1906 = ORIENTED_EDGE ( 'NONE', *, *, #10492, .F. ) ;
#1907 = SURFACE_STYLE_FILL_AREA ( #5477 ) ;
#1908 = EDGE_LOOP ( 'NONE', ( #4996, #1922, #12595, #9951 ) ) ;
#1909 = DIRECTION ( 'NONE',  ( 0.0000000000000000000, -0.0000000000000000000, 1.000000000000000000 ) ) ;
#1910 =( GEOMETRIC_REPRESENTATION_CONTEXT ( 3 ) GLOBAL_UNCERTAINTY_ASSIGNED_CONTEXT ( ( #5761 ) ) GLOBAL_UNIT_ASSIGNED_CONTEXT ( ( #10077, #4206, #11057 ) ) REPRESENTATION_CONTEXT ( 'NONE', 'WORKASPACE' ) );
#1911 = ORIENTED_EDGE ( 'NONE', *, *, #4389, .F. ) ;
#1912 =( GEOMETRIC_REPRESENTATION_CONTEXT ( 3 ) GLOBAL_UNCERTAINTY_ASSIGNED_CONTEXT ( ( #1605 ) ) GLOBAL_UNIT_ASSIGNED_CONTEXT ( ( #4733, #10530, #4690 ) ) REPRESENTATION_CONTEXT ( 'NONE', 'WORKASPACE' ) );
#1913 = CARTESIAN_POINT ( 'NONE',  ( -0.04291338582677171900, 0.007204724409448820400, 0.004921259842519530600 ) ) ;
#1914 = MECHANICAL_DESIGN_GEOMETRIC_PRESENTATION_REPRESENTATION (  '', ( #12676 ), #2568 ) ;
#1915 =( CONVERSION_BASED_UNIT ( 'INCH', #5906 ) LENGTH_UNIT ( ) NAMED_UNIT ( #57 ) );
#1916 = ORIENTED_EDGE ( 'NONE', *, *, #1315, .T. ) ;
#1917 = COLOUR_RGB ( '',0.2509803921568627400, 0.2509803921568627400, 0.2509803921568627400 ) ;
#1918 = DIRECTION ( 'NONE',  ( 0.0000000000000000000, -0.0000000000000000000, -1.000000000000000000 ) ) ;
#1919 = SURFACE_SIDE_STYLE ('',( #6634 ) ) ;
#1920 =( LENGTH_UNIT ( ) NAMED_UNIT ( * ) SI_UNIT ( $, .METRE. ) );
#1921 = DIRECTION ( 'NONE',  ( 0.0000000000000000000, 1.000000000000000000, 0.0000000000000000000 ) ) ;
#1922 = ORIENTED_EDGE ( 'NONE', *, *, #9846, .T. ) ;
#1923 =( GEOMETRIC_REPRESENTATION_CONTEXT ( 3 ) GLOBAL_UNCERTAINTY_ASSIGNED_CONTEXT ( ( #5969 ) ) GLOBAL_UNIT_ASSIGNED_CONTEXT ( ( #12430, #6534, #730 ) ) REPRESENTATION_CONTEXT ( 'NONE', 'WORKASPACE' ) );
#1924 = VECTOR ( 'NONE', #3067, 39.37007874015748100 ) ;
#1925 = STYLED_ITEM ( 'NONE', ( #7178 ), #12553 ) ;
#1926 = ADVANCED_FACE ( 'NONE', ( #5029, #12569 ), #3462, .T. ) ;
#1927 = ORIENTED_EDGE ( 'NONE', *, *, #5363, .F. ) ;
#1928 = VERTEX_POINT ( 'NONE', #9327 ) ;
#1929 = LINE ( 'NONE', #9712, #4546 ) ;
#1930 = SURFACE_STYLE_USAGE ( .BOTH. , #7765 ) ;
#1931 = LINE ( 'NONE', #5579, #6814 ) ;
#1932 =( CONVERSION_BASED_UNIT ( 'INCH', #2963 ) LENGTH_UNIT ( ) NAMED_UNIT ( #6453 ) );
#1933 = CARTESIAN_POINT ( 'NONE',  ( 0.02460629921260094500, 0.004133858267716536200, -0.04291338582677139300 ) ) ;
#1934 =( NAMED_UNIT ( * ) PLANE_ANGLE_UNIT ( ) SI_UNIT ( $, .RADIAN. ) );
#1935 = DIRECTION ( 'NONE',  ( 0.0000000000000000000, 0.0000000000000000000, 1.000000000000000000 ) ) ;
#1936 = VECTOR ( 'NONE', #4753, 39.37007874015748100 ) ;
#1937 = COLOUR_RGB ( '',0.2509803921568627400, 0.2509803921568627400, 0.2509803921568627400 ) ;
#1938 = PRESENTATION_STYLE_ASSIGNMENT (( #2473 ) ) ;
#1939 = LINE ( 'NONE', #1354, #4560 ) ;
#1940 = FILL_AREA_STYLE ('',( #7777 ) ) ;
#1941 =( GEOMETRIC_REPRESENTATION_CONTEXT ( 3 ) GLOBAL_UNCERTAINTY_ASSIGNED_CONTEXT ( ( #11756 ) ) GLOBAL_UNIT_ASSIGNED_CONTEXT ( ( #6823, #1014, #7803 ) ) REPRESENTATION_CONTEXT ( 'NONE', 'WORKASPACE' ) );
#1942 = VECTOR ( 'NONE', #9306, 39.37007874015748100 ) ;
#1943 = COLOUR_RGB ( '',0.9686274509803921600, 0.8784313725490196000, 0.5999999999999999800 ) ;
#1944 = DIRECTION ( 'NONE',  ( 1.000000000000000000, 0.0000000000000000000, -2.929742899324058200E-015 ) ) ;
#1945 = CARTESIAN_POINT ( 'NONE',  ( -0.04291338582677154500, 0.0000000000000000000, 0.0000000000000000000 ) ) ;
#1946 = FILL_AREA_STYLE ('',( #1003 ) ) ;
#1947 = SURFACE_STYLE_USAGE ( .BOTH. , #7794 ) ;
#1948 = SURFACE_STYLE_FILL_AREA ( #1652 ) ;
#1949 = DIRECTION ( 'NONE',  ( 0.0000000000000000000, -0.0000000000000000000, 1.000000000000000000 ) ) ;
#1950 = EDGE_CURVE ( 'NONE', #11186, #2837, #6408, .T. ) ;
#1951 = VERTEX_POINT ( 'NONE', #11337 ) ;
#1952 = PRESENTATION_STYLE_ASSIGNMENT (( #10107 ) ) ;
#1953 = COLOUR_RGB ( '',0.2509803921568627400, 0.2509803921568627400, 0.2509803921568627400 ) ;
#1954 = DIMENSIONAL_EXPONENTS ( 1.000000000000000000, 0.0000000000000000000, 0.0000000000000000000, 0.0000000000000000000, 0.0000000000000000000, 0.0000000000000000000, 0.0000000000000000000 ) ;
#1955 = EDGE_CURVE ( 'NONE', #3350, #7543, #9007, .T. ) ;
#1956 = ORIENTED_EDGE ( 'NONE', *, *, #11662, .T. ) ;
#1957 = LINE ( 'NONE', #2445, #7133 ) ;
#1958 = VECTOR ( 'NONE', #7925, 39.37007874015748100 ) ;
#1959 = DIRECTION ( 'NONE',  ( 1.000000000000000000, 0.0000000000000000000, 6.766122243189165800E-015 ) ) ;
#1960 = ORIENTED_EDGE ( 'NONE', *, *, #11302, .F. ) ;
#1961 = ORIENTED_EDGE ( 'NONE', *, *, #3992, .T. ) ;
#1962 = CARTESIAN_POINT ( 'NONE',  ( -0.04291338582677168400, 0.007204724409448820400, 0.004921259842519530600 ) ) ;
#1963 = VECTOR ( 'NONE', #8053, 39.37007874015748100 ) ;
#1964 = LINE ( 'NONE', #8384, #7141 ) ;
#1965 = PRESENTATION_LAYER_ASSIGNMENT (  '', '', ( #707 ) ) ;
#1966 = COLOUR_RGB ( '',0.9686274509803921600, 0.8784313725490196000, 0.5999999999999999800 ) ;
#1967 = EDGE_LOOP ( 'NONE', ( #5903, #5974, #8616, #6921 ) ) ;
#1968 =( CONVERSION_BASED_UNIT ( 'INCH', #9545 ) LENGTH_UNIT ( ) NAMED_UNIT ( #6067 ) );
#1969 = VECTOR ( 'NONE', #9686, 39.37007874015748100 ) ;
#1970 = UNCERTAINTY_MEASURE_WITH_UNIT (LENGTH_MEASURE( 1.000000000000000100E-005 ), #11340, 'distance_accuracy_value', 'NONE');
#1971 = DIMENSIONAL_EXPONENTS ( 1.000000000000000000, 0.0000000000000000000, 0.0000000000000000000, 0.0000000000000000000, 0.0000000000000000000, 0.0000000000000000000, 0.0000000000000000000 ) ;
#1972 = DIRECTION ( 'NONE',  ( 0.0000000000000000000, -0.0000000000000000000, 1.000000000000000000 ) ) ;
#1973 = AXIS2_PLACEMENT_3D ( 'NONE', #8653, #2789, #9661 ) ;
#1974 = DIRECTION ( 'NONE',  ( 0.0000000000000000000, 1.000000000000000000, 0.0000000000000000000 ) ) ;
#1975 = EDGE_CURVE ( 'NONE', #3889, #2406, #8713, .T. ) ;
#1976 = ORIENTED_EDGE ( 'NONE', *, *, #9601, .T. ) ;
#1977 =( LENGTH_UNIT ( ) NAMED_UNIT ( * ) SI_UNIT ( $, .METRE. ) );
#1978 = LENGTH_MEASURE_WITH_UNIT ( LENGTH_MEASURE( 0.02539999999999999900 ), #10563 );
#1979 = SURFACE_STYLE_FILL_AREA ( #4625 ) ;
#1980 =( NAMED_UNIT ( * ) SI_UNIT ( $, .STERADIAN. ) SOLID_ANGLE_UNIT ( ) );
#1981 = UNCERTAINTY_MEASURE_WITH_UNIT (LENGTH_MEASURE( 1.000000000000000100E-005 ), #4454, 'distance_accuracy_value', 'NONE');
#1982 =( GEOMETRIC_REPRESENTATION_CONTEXT ( 3 ) GLOBAL_UNCERTAINTY_ASSIGNED_CONTEXT ( ( #3097 ) ) GLOBAL_UNIT_ASSIGNED_CONTEXT ( ( #3823, #10654, #4806 ) ) REPRESENTATION_CONTEXT ( 'NONE', 'WORKASPACE' ) );
#1983 =( GEOMETRIC_REPRESENTATION_CONTEXT ( 3 ) GLOBAL_UNCERTAINTY_ASSIGNED_CONTEXT ( ( #11483 ) ) GLOBAL_UNIT_ASSIGNED_CONTEXT ( ( #1075, #7867, #2034 ) ) REPRESENTATION_CONTEXT ( 'NONE', 'WORKASPACE' ) );
#1984 = PLANE ( 'NONE',  #2209 ) ;
#1985 = MECHANICAL_DESIGN_GEOMETRIC_PRESENTATION_REPRESENTATION (  '', ( #43 ), #2651 ) ;
#1986 = DIMENSIONAL_EXPONENTS ( 1.000000000000000000, 0.0000000000000000000, 0.0000000000000000000, 0.0000000000000000000, 0.0000000000000000000, 0.0000000000000000000, 0.0000000000000000000 ) ;
#1987 = SURFACE_STYLE_USAGE ( .BOTH. , #7822 ) ;
#1988 = ORIENTED_EDGE ( 'NONE', *, *, #9112, .T. ) ;
#1989 = CARTESIAN_POINT ( 'NONE',  ( 0.05905511811023653200, 0.0000000000000000000, -0.04429133858267733600 ) ) ;
#1990 = FILL_AREA_STYLE ('',( #5884 ) ) ;
#1991 = ORIENTED_EDGE ( 'NONE', *, *, #10642, .F. ) ;
#1992 = CARTESIAN_POINT ( 'NONE',  ( -0.01476377952755906200, 0.007204724409448820400, 0.05669291338582680600 ) ) ;
#1993 = SURFACE_STYLE_FILL_AREA ( #2480 ) ;
#1994 = VERTEX_POINT ( 'NONE', #1582 ) ;
#1995 = VECTOR ( 'NONE', #10841, 39.37007874015748100 ) ;
#1996 = COLOUR_RGB ( '',0.2509803921568627400, 0.2509803921568627400, 0.2509803921568627400 ) ;
#1997 = ADVANCED_FACE ( 'NONE', ( #1228 ), #10348, .F. ) ;
#1998 = FACE_OUTER_BOUND ( 'NONE', #11146, .T. ) ;
#1999 = CARTESIAN_POINT ( 'NONE',  ( 0.01476377952755936400, 0.007204724409448820400, -0.04291338582677155900 ) ) ;
#2000 = DIRECTION ( 'NONE',  ( 0.0000000000000000000, -0.0000000000000000000, 1.000000000000000000 ) ) ;
#2001 = EDGE_LOOP ( 'NONE', ( #11870, #1904, #11865, #3401 ) ) ;
#2002 = PRESENTATION_STYLE_ASSIGNMENT (( #1443 ) ) ;
#2003 = COLOUR_RGB ( '',0.2509803921568627400, 0.2509803921568627400, 0.2509803921568627400 ) ;
#2004 = FILL_AREA_STYLE ('',( #1042 ) ) ;
#2005 = AXIS2_PLACEMENT_3D ( 'NONE', #9407, #3556, #10384 ) ;
#2006 = LINE ( 'NONE', #6018, #12129 ) ;
#2007 = MECHANICAL_DESIGN_GEOMETRIC_PRESENTATION_REPRESENTATION (  '', ( #61 ), #2663 ) ;
#2008 = SURFACE_STYLE_USAGE ( .BOTH. , #7838 ) ;
#2009 = VECTOR ( 'NONE', #6016, 39.37007874015748100 ) ;
#2010 = DIRECTION ( 'NONE',  ( -1.000000000000000000, 0.0000000000000000000, -1.023927538563894100E-013 ) ) ;
#2011 = EDGE_CURVE ( 'NONE', #2592, #6436, #2270, .T. ) ;
#2012 = PLANE ( 'NONE',  #7820 ) ;
#2013 =( LENGTH_UNIT ( ) NAMED_UNIT ( * ) SI_UNIT ( $, .METRE. ) );
#2014 = SURFACE_STYLE_USAGE ( .BOTH. , #7848 ) ;
#2015 = DIRECTION ( 'NONE',  ( 4.195014234152112900E-015, 0.0000000000000000000, -1.000000000000000000 ) ) ;
#2016 = EDGE_CURVE ( 'NONE', #10334, #4478, #7460, .T. ) ;
#2017 = LINE ( 'NONE', #9298, #12137 ) ;
#2018 = LINE ( 'NONE', #1750, #6890 ) ;
#2019 =( LENGTH_UNIT ( ) NAMED_UNIT ( * ) SI_UNIT ( $, .METRE. ) );
#2020 = VECTOR ( 'NONE', #4817, 39.37007874015748100 ) ;
#2021 = ORIENTED_EDGE ( 'NONE', *, *, #7943, .F. ) ;
#2022 = MECHANICAL_DESIGN_GEOMETRIC_PRESENTATION_REPRESENTATION (  '', ( #78 ), #2681 ) ;
#2023 = ORIENTED_EDGE ( 'NONE', *, *, #1140, .T. ) ;
#2024 = SURFACE_SIDE_STYLE ('',( #4621 ) ) ;
#2025 = AXIS2_PLACEMENT_3D ( 'NONE', #9789, #12551, #6655 ) ;
#2026 = ORIENTED_EDGE ( 'NONE', *, *, #5890, .F. ) ;
#2027 = LINE ( 'NONE', #6896, #1743 ) ;
#2028 = FACE_OUTER_BOUND ( 'NONE', #597, .T. ) ;
#2029 = LINE ( 'NONE', #5130, #12153 ) ;
#2030 = CARTESIAN_POINT ( 'NONE',  ( -0.05669291338582684700, 0.004133858267716536200, 0.01476377952755887800 ) ) ;
#2031 = EDGE_CURVE ( 'NONE', #3108, #8181, #4880, .T. ) ;
#2032 = UNCERTAINTY_MEASURE_WITH_UNIT (LENGTH_MEASURE( 1.000000000000000100E-005 ), #6231, 'distance_accuracy_value', 'NONE');
#2033 = CARTESIAN_POINT ( 'NONE',  ( 0.01476377952755891400, 0.0000000000000000000, 0.05905511811023632400 ) ) ;
#2034 =( NAMED_UNIT ( * ) SI_UNIT ( $, .STERADIAN. ) SOLID_ANGLE_UNIT ( ) );
#2035 = EDGE_CURVE ( 'NONE', #6649, #4340, #7143, .T. ) ;
#2036 = ORIENTED_EDGE ( 'NONE', *, *, #11699, .F. ) ;
#2037 = FILL_AREA_STYLE ('',( #3969 ) ) ;
#2038 = DIRECTION ( 'NONE',  ( -6.115600939697863200E-015, 0.0000000000000000000, 1.000000000000000000 ) ) ;
#2039 = DIRECTION ( 'NONE',  ( -1.000000000000000000, -0.0000000000000000000, -4.504786283433685400E-015 ) ) ;
#2040 =( GEOMETRIC_REPRESENTATION_CONTEXT ( 3 ) GLOBAL_UNCERTAINTY_ASSIGNED_CONTEXT ( ( #1731 ) ) GLOBAL_UNIT_ASSIGNED_CONTEXT ( ( #676, #7446, #1623 ) ) REPRESENTATION_CONTEXT ( 'NONE', 'WORKASPACE' ) );
#2041 = CARTESIAN_POINT ( 'NONE',  ( -0.04291338582677147600, 0.007204724409448820400, -0.01476377952755921500 ) ) ;
#2042 = CARTESIAN_POINT ( 'NONE',  ( -0.05905511811023639300, 0.03149606299212598400, 0.02460629921259830200 ) ) ;
#2043 = AXIS2_PLACEMENT_3D ( 'NONE', #11907, #6024, #186 ) ;
#2044 = FILL_AREA_STYLE_COLOUR ( '', #5349 ) ;
#2045 = ORIENTED_EDGE ( 'NONE', *, *, #5725, .T. ) ;
#2046 = DIRECTION ( 'NONE',  ( -1.690654702195511200E-015, 0.0000000000000000000, -1.000000000000000000 ) ) ;
#2047 = ORIENTED_EDGE ( 'NONE', *, *, #12304, .T. ) ;
#2048 = PRESENTATION_STYLE_ASSIGNMENT (( #4644 ) ) ;
#2049 = CARTESIAN_POINT ( 'NONE',  ( 0.04291338582677158000, 0.004133858267716536200, 0.0000000000000000000 ) ) ;
#2050 = DIRECTION ( 'NONE',  ( 0.0000000000000000000, 1.000000000000000000, 0.0000000000000000000 ) ) ;
#2051 = ADVANCED_FACE ( 'NONE', ( #9492 ), #7500, .F. ) ;
#2052 = SURFACE_STYLE_USAGE ( .BOTH. , #7892 ) ;
#2053 = AXIS2_PLACEMENT_3D ( 'NONE', #4114, #10968, #5093 ) ;
#2054 = AXIS2_PLACEMENT_3D ( 'NONE', #11167, #5290, #12159 ) ;
#2055 = UNCERTAINTY_MEASURE_WITH_UNIT (LENGTH_MEASURE( 1.000000000000000100E-005 ), #3076, 'distance_accuracy_value', 'NONE');
#2056 = EDGE_LOOP ( 'NONE', ( #4062, #158, #6954, #403 ) ) ;
#2057 = MECHANICAL_DESIGN_GEOMETRIC_PRESENTATION_REPRESENTATION (  '', ( #117 ), #2727 ) ;
#2058 = ORIENTED_EDGE ( 'NONE', *, *, #7367, .F. ) ;
#2059 =( LENGTH_UNIT ( ) NAMED_UNIT ( * ) SI_UNIT ( $, .METRE. ) );
#2060 = LINE ( 'NONE', #5523, #11869 ) ;
#2061 = EDGE_LOOP ( 'NONE', ( #10982, #5631, #723, #8652 ) ) ;
#2062 = DIRECTION ( 'NONE',  ( -0.0000000000000000000, -1.000000000000000000, 0.0000000000000000000 ) ) ;
#2063 = ORIENTED_EDGE ( 'NONE', *, *, #4677, .F. ) ;
#2064 = LINE ( 'NONE', #430, #12190 ) ;
#2065 = ADVANCED_FACE ( 'NONE', ( #3356 ), #2098, .F. ) ;
#2066 = EDGE_CURVE ( 'NONE', #4875, #11696, #2116, .T. ) ;
#2067 = FILL_AREA_STYLE ('',( #2111 ) ) ;
#2068 = DIRECTION ( 'NONE',  ( 0.0000000000000000000, 1.000000000000000000, 0.0000000000000000000 ) ) ;
#2069 =( LENGTH_UNIT ( ) NAMED_UNIT ( * ) SI_UNIT ( $, .METRE. ) );
#2070 = VERTEX_POINT ( 'NONE', #2146 ) ;
#2071 = PRESENTATION_STYLE_ASSIGNMENT (( #10000 ) ) ;
#2072 = SURFACE_STYLE_FILL_AREA ( #7275 ) ;
#2073 = ORIENTED_EDGE ( 'NONE', *, *, #1130, .F. ) ;
#2074 = EDGE_LOOP ( 'NONE', ( #7359, #5403, #11380, #6209 ) ) ;
#2075 = AXIS2_PLACEMENT_3D ( 'NONE', #824, #7601, #1782 ) ;
#2076 = ORIENTED_EDGE ( 'NONE', *, *, #10080, .F. ) ;
#2077 = MECHANICAL_DESIGN_GEOMETRIC_PRESENTATION_REPRESENTATION (  '', ( #127 ), #2744 ) ;
#2078 =( GEOMETRIC_REPRESENTATION_CONTEXT ( 3 ) GLOBAL_UNCERTAINTY_ASSIGNED_CONTEXT ( ( #6613 ) ) GLOBAL_UNIT_ASSIGNED_CONTEXT ( ( #9769, #3898, #10744 ) ) REPRESENTATION_CONTEXT ( 'NONE', 'WORKASPACE' ) );
#2079 = PLANE ( 'NONE',  #4741 ) ;
#2080 = PLANE ( 'NONE',  #175 ) ;
#2081 = DIMENSIONAL_EXPONENTS ( 1.000000000000000000, 0.0000000000000000000, 0.0000000000000000000, 0.0000000000000000000, 0.0000000000000000000, 0.0000000000000000000, 0.0000000000000000000 ) ;
#2082 = ORIENTED_EDGE ( 'NONE', *, *, #7404, .T. ) ;
#2083 = CARTESIAN_POINT ( 'NONE',  ( 0.04291338582677164300, 0.001181102362204724400, 0.01476377952755919900 ) ) ;
#2084 = VECTOR ( 'NONE', #5851, 39.37007874015748100 ) ;
#2085 = LINE ( 'NONE', #4061, #1800 ) ;
#2086 = SURFACE_STYLE_USAGE ( .BOTH. , #7920 ) ;
#2087 = EDGE_CURVE ( 'NONE', #2193, #6425, #4736, .T. ) ;
#2088 = VERTEX_POINT ( 'NONE', #10961 ) ;
#2089 = VECTOR ( 'NONE', #8571, 39.37007874015748100 ) ;
#2090 = DIRECTION ( 'NONE',  ( 0.0000000000000000000, 1.000000000000000000, 0.0000000000000000000 ) ) ;
#2091 = VECTOR ( 'NONE', #8345, 39.37007874015748100 ) ;
#2092 =( CONVERSION_BASED_UNIT ( 'INCH', #6709 ) LENGTH_UNIT ( ) NAMED_UNIT ( #6197 ) );
#2093 = SURFACE_SIDE_STYLE ('',( #11422 ) ) ;
#2094 = UNCERTAINTY_MEASURE_WITH_UNIT (LENGTH_MEASURE( 1.000000000000000100E-005 ), #3541, 'distance_accuracy_value', 'NONE');
#2095 = MECHANICAL_DESIGN_GEOMETRIC_PRESENTATION_REPRESENTATION (  '', ( #149 ), #2762 ) ;
#2096 = DIMENSIONAL_EXPONENTS ( 1.000000000000000000, 0.0000000000000000000, 0.0000000000000000000, 0.0000000000000000000, 0.0000000000000000000, 0.0000000000000000000, 0.0000000000000000000 ) ;
#2097 = CARTESIAN_POINT ( 'NONE',  ( 0.0000000000000000000, 0.001181102362204724400, 0.0000000000000000000 ) ) ;
#2098 = PLANE ( 'NONE',  #11750 ) ;
#2099 = CARTESIAN_POINT ( 'NONE',  ( -0.04291338582677168400, 0.001181102362204723300, 0.004921259842519530600 ) ) ;
#2100 = PRESENTATION_STYLE_ASSIGNMENT (( #12606 ) ) ;
#2101 = PRESENTATION_STYLE_ASSIGNMENT (( #3454 ) ) ;
#2102 = LINE ( 'NONE', #11998, #6686 ) ;
#2103 = SURFACE_SIDE_STYLE ('',( #12314 ) ) ;
#2104 = VECTOR ( 'NONE', #10196, 39.37007874015748100 ) ;
#2105 = VECTOR ( 'NONE', #11100, 39.37007874015748100 ) ;
#2106 =( LENGTH_UNIT ( ) NAMED_UNIT ( * ) SI_UNIT ( $, .METRE. ) );
#2107 = LINE ( 'NONE', #9086, #7286 ) ;
#2108 = EDGE_CURVE ( 'NONE', #3213, #6589, #4414, .T. ) ;
#2109 = EDGE_CURVE ( 'NONE', #1581, #4984, #6988, .T. ) ;
#2110 = SURFACE_STYLE_FILL_AREA ( #3605 ) ;
#2111 = FILL_AREA_STYLE_COLOUR ( '', #7445 ) ;
#2112 = AXIS2_PLACEMENT_3D ( 'NONE', #7278, #1459, #8276 ) ;
#2113 =( GEOMETRIC_REPRESENTATION_CONTEXT ( 3 ) GLOBAL_UNCERTAINTY_ASSIGNED_CONTEXT ( ( #7109 ) ) GLOBAL_UNIT_ASSIGNED_CONTEXT ( ( #10380, #4519, #11368 ) ) REPRESENTATION_CONTEXT ( 'NONE', 'WORKASPACE' ) );
#2114 = DIMENSIONAL_EXPONENTS ( 1.000000000000000000, 0.0000000000000000000, 0.0000000000000000000, 0.0000000000000000000, 0.0000000000000000000, 0.0000000000000000000, 0.0000000000000000000 ) ;
#2115 = DIRECTION ( 'NONE',  ( 0.0000000000000000000, 1.000000000000000000, 0.0000000000000000000 ) ) ;
#2116 = LINE ( 'NONE', #8983, #7292 ) ;
#2117 = VECTOR ( 'NONE', #837, 39.37007874015748100 ) ;
#2118 =( LENGTH_UNIT ( ) NAMED_UNIT ( * ) SI_UNIT ( $, .METRE. ) );
#2119 =( CONVERSION_BASED_UNIT ( 'INCH', #4578 ) LENGTH_UNIT ( ) NAMED_UNIT ( #1094 ) );
#2120 = CARTESIAN_POINT ( 'NONE',  ( 0.01476377952755907100, -0.01693371115559762200, 0.04291338582677164900 ) ) ;
#2121 = SURFACE_STYLE_USAGE ( .BOTH. , #7954 ) ;
#2122 = DIRECTION ( 'NONE',  ( 2.646153987744247400E-015, 0.0000000000000000000, -1.000000000000000000 ) ) ;
#2123 =( GEOMETRIC_REPRESENTATION_CONTEXT ( 3 ) GLOBAL_UNCERTAINTY_ASSIGNED_CONTEXT ( ( #6187 ) ) GLOBAL_UNIT_ASSIGNED_CONTEXT ( ( #2994, #9858, #3988 ) ) REPRESENTATION_CONTEXT ( 'NONE', 'WORKASPACE' ) );
#2124 = FILL_AREA_STYLE ('',( #1163 ) ) ;
#2125 = PRESENTATION_LAYER_ASSIGNMENT (  '', '', ( #858 ) ) ;
#2126 = CYLINDRICAL_SURFACE ( 'NONE', #10775, 0.007052567223509561600 ) ;
#2127 = ORIENTED_EDGE ( 'NONE', *, *, #12045, .F. ) ;
#2128 = LENGTH_MEASURE_WITH_UNIT ( LENGTH_MEASURE( 0.02539999999999999900 ), #5678 );
#2129 = LINE ( 'NONE', #10305, #3367 ) ;
#2130 = CARTESIAN_POINT ( 'NONE',  ( -0.05905511811023663600, 0.004133858267716536200, 0.0000000000000000000 ) ) ;
#2131 = ADVANCED_FACE ( 'NONE', ( #11928 ), #2181, .F. ) ;
#2132 = VERTEX_POINT ( 'NONE', #8021 ) ;
#2133 = MANIFOLD_SOLID_BREP ( 'Boss-Extrude2[5]', #7554 ) ;
#2134 = DIRECTION ( 'NONE',  ( 1.000000000000000000, 0.0000000000000000000, -0.0000000000000000000 ) ) ;
#2135 = LENGTH_MEASURE_WITH_UNIT ( LENGTH_MEASURE( 0.02539999999999999900 ), #5612 );
#2136 = ORIENTED_EDGE ( 'NONE', *, *, #1619, .T. ) ;
#2137 = FILL_AREA_STYLE ('',( #1172 ) ) ;
#2138 =( CONVERSION_BASED_UNIT ( 'INCH', #8841 ) LENGTH_UNIT ( ) NAMED_UNIT ( #8355 ) );
#2139 = ORIENTED_EDGE ( 'NONE', *, *, #8138, .T. ) ;
#2140 = AXIS2_PLACEMENT_3D ( 'NONE', #9530, #3663, #10494 ) ;
#2141 = CARTESIAN_POINT ( 'NONE',  ( 0.0000000000000000000, 0.004133858267716536200, -0.02460629921260094500 ) ) ;
#2142 = FILL_AREA_STYLE ('',( #10868 ) ) ;
#2143 = PRESENTATION_LAYER_ASSIGNMENT (  '', '', ( #872 ) ) ;
#2144 = SURFACE_STYLE_FILL_AREA ( #11749 ) ;
#2145 = MECHANICAL_DESIGN_GEOMETRIC_PRESENTATION_REPRESENTATION (  '', ( #191 ), #2805 ) ;
#2146 = CARTESIAN_POINT ( 'NONE',  ( 0.01476377952755906700, 0.007204724409448820400, 0.04291338582677167000 ) ) ;
#2147 = DIRECTION ( 'NONE',  ( 0.0000000000000000000, 1.000000000000000000, 0.0000000000000000000 ) ) ;
#2148 = UNCERTAINTY_MEASURE_WITH_UNIT (LENGTH_MEASURE( 1.000000000000000100E-005 ), #3966, 'distance_accuracy_value', 'NONE');
#2149 = PRESENTATION_STYLE_ASSIGNMENT (( #10414 ) ) ;
#2150 = ORIENTED_EDGE ( 'NONE', *, *, #10235, .T. ) ;
#2151 = ORIENTED_EDGE ( 'NONE', *, *, #6438, .T. ) ;
#2152 = FACE_OUTER_BOUND ( 'NONE', #4060, .T. ) ;
#2153 =( NAMED_UNIT ( * ) PLANE_ANGLE_UNIT ( ) SI_UNIT ( $, .RADIAN. ) );
#2154 = VECTOR ( 'NONE', #6770, 39.37007874015748100 ) ;
#2155 = PRESENTATION_STYLE_ASSIGNMENT (( #12657 ) ) ;
#2156 = AXIS2_PLACEMENT_3D ( 'NONE', #5920, #90, #6885 ) ;
#2157 = MECHANICAL_DESIGN_GEOMETRIC_PRESENTATION_REPRESENTATION (  '', ( #203 ), #2813 ) ;
#2158 = PRESENTATION_LAYER_ASSIGNMENT (  '', '', ( #893 ) ) ;
#2159 = SURFACE_STYLE_USAGE ( .BOTH. , #7988 ) ;
#2160 = CARTESIAN_POINT ( 'NONE',  ( -0.04291338582677168400, 0.007204724409448820400, 0.004921259842519530600 ) ) ;
#2161 = SURFACE_STYLE_USAGE ( .BOTH. , #7992 ) ;
#2162 = DIRECTION ( 'NONE',  ( -0.0000000000000000000, 0.0000000000000000000, 1.000000000000000000 ) ) ;
#2163 = FACE_OUTER_BOUND ( 'NONE', #2213, .T. ) ;
#2164 = LENGTH_MEASURE_WITH_UNIT ( LENGTH_MEASURE( 0.02539999999999999900 ), #11666 );
#2165 = DIRECTION ( 'NONE',  ( 6.982962677686265900E-015, 0.0000000000000000000, -1.000000000000000000 ) ) ;
#2166 = DIRECTION ( 'NONE',  ( -1.000000000000000000, 0.0000000000000000000, -5.434102431278317600E-015 ) ) ;
#2167 = CARTESIAN_POINT ( 'NONE',  ( -0.02460629921259820800, 0.0000000000000000000, -0.05905511811023639300 ) ) ;
#2168 = VECTOR ( 'NONE', #11938, 39.37007874015748100 ) ;
#2169 =( NAMED_UNIT ( * ) PLANE_ANGLE_UNIT ( ) SI_UNIT ( $, .RADIAN. ) );
#2170 = MECHANICAL_DESIGN_GEOMETRIC_PRESENTATION_REPRESENTATION (  '', ( #217 ), #2834 ) ;
#2171 = STYLED_ITEM ( 'NONE', ( #22 ), #12356 ) ;
#2172 = SURFACE_SIDE_STYLE ('',( #3425 ) ) ;
#2173 = VERTEX_POINT ( 'NONE', #7112 ) ;
#2174 = VECTOR ( 'NONE', #2268, 39.37007874015748100 ) ;
#2175 =( LENGTH_UNIT ( ) NAMED_UNIT ( * ) SI_UNIT ( $, .METRE. ) );
#2176 = CARTESIAN_POINT ( 'NONE',  ( 0.0000000000000000000, 0.0000000000000000000, 0.004921259842519530600 ) ) ;
#2177 = DIRECTION ( 'NONE',  ( 1.000000000000000000, 0.0000000000000000000, 1.778792249757036600E-015 ) ) ;
#2178 = ORIENTED_EDGE ( 'NONE', *, *, #2016, .T. ) ;
#2179 = VERTEX_POINT ( 'NONE', #8112 ) ;
#2180 = EDGE_LOOP ( 'NONE', ( #5588, #11382, #7047, #2504 ) ) ;
#2181 = PLANE ( 'NONE',  #2969 ) ;
#2182 = SURFACE_STYLE_USAGE ( .BOTH. , #8022 ) ;
#2183 = VECTOR ( 'NONE', #12019, 39.37007874015748100 ) ;
#2184 = FACE_OUTER_BOUND ( 'NONE', #10937, .T. ) ;
#2185 = SURFACE_STYLE_USAGE ( .BOTH. , #8024 ) ;
#2186 = AXIS2_PLACEMENT_3D ( 'NONE', #1741, #8560, #2704 ) ;
#2187 = SURFACE_SIDE_STYLE ('',( #9023 ) ) ;
#2188 =( GEOMETRIC_REPRESENTATION_CONTEXT ( 3 ) GLOBAL_UNCERTAINTY_ASSIGNED_CONTEXT ( ( #4486 ) ) GLOBAL_UNIT_ASSIGNED_CONTEXT ( ( #1317, #8125, #2281 ) ) REPRESENTATION_CONTEXT ( 'NONE', 'WORKASPACE' ) );
#2189 = ADVANCED_FACE ( 'NONE', ( #617 ), #2223, .F. ) ;
#2190 = FILL_AREA_STYLE_COLOUR ( '', #4086 ) ;
#2191 = EDGE_LOOP ( 'NONE', ( #8926, #3083, #4543, #9069 ) ) ;
#2192 = ORIENTED_EDGE ( 'NONE', *, *, #5289, .F. ) ;
#2193 = VERTEX_POINT ( 'NONE', #369 ) ;
#2194 = EDGE_CURVE ( 'NONE', #1469, #919, #10694, .T. ) ;
#2195 = COLOUR_RGB ( '',0.3529411764705882000, 0.3529411764705882000, 0.3529411764705882000 ) ;
#2196 = DIRECTION ( 'NONE',  ( 1.000000000000000000, 0.0000000000000000000, 0.0000000000000000000 ) ) ;
#2197 = EDGE_CURVE ( 'NONE', #7253, #10335, #11150, .T. ) ;
#2198 = CARTESIAN_POINT ( 'NONE',  ( 0.0000000000000000000, 0.001181102362204724400, 0.03444881889763878900 ) ) ;
#2199 = FILL_AREA_STYLE ('',( #6089 ) ) ;
#2200 = UNCERTAINTY_MEASURE_WITH_UNIT (LENGTH_MEASURE( 1.000000000000000100E-005 ), #424, 'distance_accuracy_value', 'NONE');
#2201 = SURFACE_SIDE_STYLE ('',( #10450 ) ) ;
#2202 = SURFACE_STYLE_USAGE ( .BOTH. , #8043 ) ;
#2203 = ORIENTED_EDGE ( 'NONE', *, *, #5800, .T. ) ;
#2204 = ORIENTED_EDGE ( 'NONE', *, *, #4069, .F. ) ;
#2205 = DIMENSIONAL_EXPONENTS ( 1.000000000000000000, 0.0000000000000000000, 0.0000000000000000000, 0.0000000000000000000, 0.0000000000000000000, 0.0000000000000000000, 0.0000000000000000000 ) ;
#2206 = ORIENTED_EDGE ( 'NONE', *, *, #485, .F. ) ;
#2207 = ORIENTED_EDGE ( 'NONE', *, *, #11555, .T. ) ;
#2208 = ORIENTED_EDGE ( 'NONE', *, *, #5055, .T. ) ;
#2209 = AXIS2_PLACEMENT_3D ( 'NONE', #82, #6883, #1071 ) ;
#2210 = PLANE ( 'NONE',  #10924 ) ;
#2211 = CARTESIAN_POINT ( 'NONE',  ( 0.01476377952755945900, 0.007204724409448820400, -0.05669291338582670100 ) ) ;
#2212 = STYLED_ITEM ( 'NONE', ( #611 ), #1433 ) ;
#2213 = EDGE_LOOP ( 'NONE', ( #5418, #736, #3856, #239 ) ) ;
#2214 = SURFACE_STYLE_USAGE ( .BOTH. , #8048 ) ;
#2215 = EDGE_CURVE ( 'NONE', #6675, #8324, #8538, .T. ) ;
#2216 = UNCERTAINTY_MEASURE_WITH_UNIT (LENGTH_MEASURE( 1.000000000000000100E-005 ), #10978, 'distance_accuracy_value', 'NONE');
#2217 = PLANE ( 'NONE',  #12599 ) ;
#2218 = DIMENSIONAL_EXPONENTS ( 1.000000000000000000, 0.0000000000000000000, 0.0000000000000000000, 0.0000000000000000000, 0.0000000000000000000, 0.0000000000000000000, 0.0000000000000000000 ) ;
#2219 = ORIENTED_EDGE ( 'NONE', *, *, #12480, .F. ) ;
#2220 = LINE ( 'NONE', #2286, #4844 ) ;
#2221 = DIRECTION ( 'NONE',  ( -1.000000000000000000, 0.0000000000000000000, 3.549286997887197300E-015 ) ) ;
#2222 =( NAMED_UNIT ( * ) PLANE_ANGLE_UNIT ( ) SI_UNIT ( $, .RADIAN. ) );
#2223 = PLANE ( 'NONE',  #10827 ) ;
#2224 = VECTOR ( 'NONE', #10658, 39.37007874015748100 ) ;
#2225 = PRESENTATION_STYLE_ASSIGNMENT (( #8272 ) ) ;
#2226 = PLANE ( 'NONE',  #9659 ) ;
#2227 = MECHANICAL_DESIGN_GEOMETRIC_PRESENTATION_REPRESENTATION (  '', ( #279 ), #2886 ) ;
#2228 = MECHANICAL_DESIGN_GEOMETRIC_PRESENTATION_REPRESENTATION (  '', ( #280 ), #2887 ) ;
#2229 = PRESENTATION_LAYER_ASSIGNMENT (  '', '', ( #957 ) ) ;
#2230 = SURFACE_STYLE_USAGE ( .BOTH. , #8061 ) ;
#2231 = ORIENTED_EDGE ( 'NONE', *, *, #422, .F. ) ;
#2232 = CARTESIAN_POINT ( 'NONE',  ( 0.01476377952755945900, 0.004133858267716536200, 0.0000000000000000000 ) ) ;
#2233 = SURFACE_STYLE_USAGE ( .BOTH. , #8069 ) ;
#2234 = ORIENTED_EDGE ( 'NONE', *, *, #9813, .T. ) ;
#2235 =( NAMED_UNIT ( * ) PLANE_ANGLE_UNIT ( ) SI_UNIT ( $, .RADIAN. ) );
#2236 =( LENGTH_UNIT ( ) NAMED_UNIT ( * ) SI_UNIT ( $, .METRE. ) );
#2237 = SURFACE_SIDE_STYLE ('',( #19 ) ) ;
#2238 = PLANE ( 'NONE',  #10247 ) ;
#2239 = CARTESIAN_POINT ( 'NONE',  ( -0.05669291338582688900, -0.01693371115559762200, 0.02460629921259822900 ) ) ;
#2240 = FILL_AREA_STYLE_COLOUR ( '', #8337 ) ;
#2241 = STYLED_ITEM ( 'NONE', ( #4605 ), #3691 ) ;
#2242 = VERTEX_POINT ( 'NONE', #1392 ) ;
#2243 = STYLED_ITEM ( 'NONE', ( #12 ), #9842 ) ;
#2244 = AXIS2_PLACEMENT_3D ( 'NONE', #3022, #10855, #8918 ) ;
#2245 = DIRECTION ( 'NONE',  ( 0.0000000000000000000, 1.000000000000000000, 0.0000000000000000000 ) ) ;
#2246 = FILL_AREA_STYLE_COLOUR ( '', #6111 ) ;
#2247 = SURFACE_STYLE_FILL_AREA ( #5313 ) ;
#2248 = UNCERTAINTY_MEASURE_WITH_UNIT (LENGTH_MEASURE( 1.000000000000000100E-005 ), #5524, 'distance_accuracy_value', 'NONE');
#2249 =( NAMED_UNIT ( * ) SI_UNIT ( $, .STERADIAN. ) SOLID_ANGLE_UNIT ( ) );
#2250 = ADVANCED_FACE ( 'NONE', ( #3341 ), #3303, .T. ) ;
#2251 = PLANE ( 'NONE',  #7052 ) ;
#2252 = EDGE_CURVE ( 'NONE', #8618, #2193, #9641, .T. ) ;
#2253 = EDGE_LOOP ( 'NONE', ( #3783, #7241, #8273, #905 ) ) ;
#2254 = SURFACE_SIDE_STYLE ('',( #6739 ) ) ;
#2255 = ORIENTED_EDGE ( 'NONE', *, *, #4710, .F. ) ;
#2256 =( NAMED_UNIT ( * ) PLANE_ANGLE_UNIT ( ) SI_UNIT ( $, .RADIAN. ) );
#2257 =( LENGTH_UNIT ( ) NAMED_UNIT ( * ) SI_UNIT ( $, .METRE. ) );
#2258 = MECHANICAL_DESIGN_GEOMETRIC_PRESENTATION_REPRESENTATION (  '', ( #990 ), #2927 ) ;
#2259 = CARTESIAN_POINT ( 'NONE',  ( 0.05905511811023663600, 0.004133858267716534500, -0.05905511811023622700 ) ) ;
#2260 = VECTOR ( 'NONE', #204, 39.37007874015748100 ) ;
#2261 = STYLED_ITEM ( 'NONE', ( #11824 ), #4947 ) ;
#2262 = ORIENTED_EDGE ( 'NONE', *, *, #9639, .F. ) ;
#2263 = FILL_AREA_STYLE_COLOUR ( '', #2550 ) ;
#2264 = LINE ( 'NONE', #3032, #7449 ) ;
#2265 = SURFACE_SIDE_STYLE ('',( #1758 ) ) ;
#2266 = VERTEX_POINT ( 'NONE', #4276 ) ;
#2267 = FILL_AREA_STYLE_COLOUR ( '', #5790 ) ;
#2268 = DIRECTION ( 'NONE',  ( -0.0000000000000000000, 0.0000000000000000000, 1.000000000000000000 ) ) ;
#2269 = EDGE_CURVE ( 'NONE', #8927, #5721, #4397, .T. ) ;
#2270 = LINE ( 'NONE', #4581, #939 ) ;
#2271 = EDGE_CURVE ( 'NONE', #1994, #12252, #12229, .T. ) ;
#2272 = LENGTH_MEASURE_WITH_UNIT ( LENGTH_MEASURE( 0.02539999999999999900 ), #682 );
#2273 = ORIENTED_EDGE ( 'NONE', *, *, #32, .F. ) ;
#2274 = SURFACE_STYLE_FILL_AREA ( #8714 ) ;
#2275 = SURFACE_SIDE_STYLE ('',( #8044 ) ) ;
#2276 = LINE ( 'NONE', #6708, #12408 ) ;
#2277 = CARTESIAN_POINT ( 'NONE',  ( -0.05669291338582688200, 0.007204724409448820400, 0.02460629921259822900 ) ) ;
#2278 = EDGE_LOOP ( 'NONE', ( #7748, #4612, #6758, #8765 ) ) ;
#2280 = ORIENTED_EDGE ( 'NONE', *, *, #11247, .F. ) ;
#2279 = DIRECTION ( 'NONE',  ( -1.000000000000000000, 0.0000000000000000000, -6.982962677686265900E-015 ) ) ;
#2281 =( NAMED_UNIT ( * ) SI_UNIT ( $, .STERADIAN. ) SOLID_ANGLE_UNIT ( ) );
#2282 = CARTESIAN_POINT ( 'NONE',  ( 0.04291338582677162900, 0.007204724409448820400, -0.02460629921259857900 ) ) ;
#2283 = CARTESIAN_POINT ( 'NONE',  ( -0.05669291338582657000, 0.007204724409448820400, -0.004921259842522323500 ) ) ;
#2284 = SURFACE_SIDE_STYLE ('',( #9644 ) ) ;
#2285 = FACE_OUTER_BOUND ( 'NONE', #7818, .T. ) ;
#2286 = CARTESIAN_POINT ( 'NONE',  ( 0.05669291338582694400, 0.001181102362204723300, 0.04429133858267697600 ) ) ;
#2287 = LENGTH_MEASURE_WITH_UNIT ( LENGTH_MEASURE( 0.02539999999999999900 ), #4584 );
#2288 =( NAMED_UNIT ( * ) PLANE_ANGLE_UNIT ( ) SI_UNIT ( $, .RADIAN. ) );
#2289 = STYLED_ITEM ( 'NONE', ( #3785 ), #1005 ) ;
#2290 = VECTOR ( 'NONE', #6134, 39.37007874015748900 ) ;
#2291 = CARTESIAN_POINT ( 'NONE',  ( -0.04291338582677154500, -0.01693371115559762200, -0.03444881889763795600 ) ) ;
#2292 = PRESENTATION_STYLE_ASSIGNMENT (( #4608 ) ) ;
#2293 = VERTEX_POINT ( 'NONE', #11011 ) ;
#2294 = ORIENTED_EDGE ( 'NONE', *, *, #10139, .T. ) ;
#2295 = EDGE_LOOP ( 'NONE', ( #10811, #7685, #10894, #540 ) ) ;
#2296 = ORIENTED_EDGE ( 'NONE', *, *, #6827, .F. ) ;
#2297 = DIRECTION ( 'NONE',  ( 0.0000000000000000000, 1.000000000000000000, 0.0000000000000000000 ) ) ;
#2298 = LENGTH_MEASURE_WITH_UNIT ( LENGTH_MEASURE( 0.02539999999999999900 ), #2344 );
#2299 = CARTESIAN_POINT ( 'NONE',  ( 0.05669291338582668100, 0.004133858267716536200, 0.0000000000000000000 ) ) ;
#2300 = DIRECTION ( 'NONE',  ( -1.128010947122436300E-013, 0.0000000000000000000, 1.000000000000000000 ) ) ;
#2301 = VECTOR ( 'NONE', #11012, 39.37007874015748100 ) ;
#2302 = DIRECTION ( 'NONE',  ( -0.0000000000000000000, -1.000000000000000000, -0.0000000000000000000 ) ) ;
#2303 = EDGE_LOOP ( 'NONE', ( #4865, #11893, #4497, #7514 ) ) ;
#2304 = STYLED_ITEM ( 'NONE', ( #499 ), #8199 ) ;
#2305 = PLANE ( 'NONE',  #10262 ) ;
#2306 = PRESENTATION_LAYER_ASSIGNMENT (  '', '', ( #1021 ) ) ;
#2307 = DIRECTION ( 'NONE',  ( -0.0000000000000000000, -1.000000000000000000, -0.0000000000000000000 ) ) ;
#2308 = SURFACE_STYLE_FILL_AREA ( #463 ) ;
#2309 = CARTESIAN_POINT ( 'NONE',  ( 0.04291338582677171900, 0.007204724409448820400, 0.01476377952755891300 ) ) ;
#2310 = SURFACE_STYLE_FILL_AREA ( #5450 ) ;
#2311 = CARTESIAN_POINT ( 'NONE',  ( 0.004921259842519684100, 0.007204724409448820400, 0.04291338582677166300 ) ) ;
#2312 = STYLED_ITEM ( 'NONE', ( #2879 ), #2133 ) ;
#2313 = CARTESIAN_POINT ( 'NONE',  ( 0.05669291338582568100, 0.001181102362204723300, 0.02460629921260102900 ) ) ;
#2314 = COLOUR_RGB ( '',0.2509803921568627400, 0.2509803921568627400, 0.2509803921568627400 ) ;
#2315 = FILL_AREA_STYLE_COLOUR ( '', #3027 ) ;
#2316 = EDGE_CURVE ( 'NONE', #4512, #10347, #2102, .T. ) ;
#2317 = FACE_OUTER_BOUND ( 'NONE', #11420, .T. ) ;
#2318 = DIRECTION ( 'NONE',  ( 1.000000000000000000, -0.0000000000000000000, 5.511545443598771800E-015 ) ) ;
#2319 = DIRECTION ( 'NONE',  ( 0.0000000000000000000, 0.0000000000000000000, -1.000000000000000000 ) ) ;
#2320 = ADVANCED_FACE ( 'NONE', ( #11914 ), #7080, .T. ) ;
#2321 = DIRECTION ( 'NONE',  ( 0.0000000000000000000, 1.000000000000000000, 0.0000000000000000000 ) ) ;
#2322 = COLOUR_RGB ( '',0.2509803921568627400, 0.2509803921568627400, 0.2509803921568627400 ) ;
#2323 = STYLED_ITEM ( 'NONE', ( #2149 ), #3357 ) ;
#2324 = VECTOR ( 'NONE', #8292, 39.37007874015748100 ) ;
#2325 = STYLED_ITEM ( 'NONE', ( #8899 ), #9330 ) ;
#2326 = ADVANCED_FACE ( 'NONE', ( #603 ), #11961, .F. ) ;
#2327 =( NAMED_UNIT ( * ) PLANE_ANGLE_UNIT ( ) SI_UNIT ( $, .RADIAN. ) );
#2328 = FILL_AREA_STYLE_COLOUR ( '', #1816 ) ;
#2329 = EDGE_LOOP ( 'NONE', ( #9302, #6154, #7256, #1669 ) ) ;
#2330 = SURFACE_SIDE_STYLE ('',( #1085 ) ) ;
#2331 = FILL_AREA_STYLE ('',( #1320 ) ) ;
#2332 = ORIENTED_EDGE ( 'NONE', *, *, #7157, .F. ) ;
#2333 = DIRECTION ( 'NONE',  ( 0.0000000000000000000, -0.0000000000000000000, 1.000000000000000000 ) ) ;
#2334 = ORIENTED_EDGE ( 'NONE', *, *, #5375, .F. ) ;
#2335 = SURFACE_STYLE_USAGE ( .BOTH. , #8174 ) ;
#2336 = EDGE_CURVE ( 'NONE', #5992, #2846, #1939, .T. ) ;
#2337 = CARTESIAN_POINT ( 'NONE',  ( -0.02272557806252448900, 0.0000000000000000000, -0.02272557806252478400 ) ) ;
#2338 = LINE ( 'NONE', #10948, #4649 ) ;
#2339 = DIMENSIONAL_EXPONENTS ( 1.000000000000000000, 0.0000000000000000000, 0.0000000000000000000, 0.0000000000000000000, 0.0000000000000000000, 0.0000000000000000000, 0.0000000000000000000 ) ;
#2340 = FILL_AREA_STYLE_COLOUR ( '', #7158 ) ;
#2341 = PRESENTATION_LAYER_ASSIGNMENT (  '', '', ( #1708 ) ) ;
#2342 =( GEOMETRIC_REPRESENTATION_CONTEXT ( 3 ) GLOBAL_UNCERTAINTY_ASSIGNED_CONTEXT ( ( #5284 ) ) GLOBAL_UNIT_ASSIGNED_CONTEXT ( ( #10290, #4419, #11278 ) ) REPRESENTATION_CONTEXT ( 'NONE', 'WORKASPACE' ) );
#2343 = ORIENTED_EDGE ( 'NONE', *, *, #3982, .F. ) ;
#2344 =( LENGTH_UNIT ( ) NAMED_UNIT ( * ) SI_UNIT ( $, .METRE. ) );
#2345 = CARTESIAN_POINT ( 'NONE',  ( -0.004921259842522326100, 0.007204724409448820400, 0.05669291338582657000 ) ) ;
#2346 = COLOUR_RGB ( '',0.2509803921568627400, 0.2509803921568627400, 0.2509803921568627400 ) ;
#2347 = DIRECTION ( 'NONE',  ( 1.000000000000000000, -0.0000000000000000000, 2.646153987744245800E-015 ) ) ;
#2348 = PRESENTATION_STYLE_ASSIGNMENT (( #7814 ) ) ;
#2349 = DIRECTION ( 'NONE',  ( -1.000000000000000000, 0.0000000000000000000, 8.232929642093732000E-016 ) ) ;
#2350 =( LENGTH_UNIT ( ) NAMED_UNIT ( * ) SI_UNIT ( $, .METRE. ) );
#2351 =( NAMED_UNIT ( * ) PLANE_ANGLE_UNIT ( ) SI_UNIT ( $, .RADIAN. ) );
#2352 = EDGE_CURVE ( 'NONE', #7854, #7991, #9462, .T. ) ;
#2353 = DIMENSIONAL_EXPONENTS ( 1.000000000000000000, 0.0000000000000000000, 0.0000000000000000000, 0.0000000000000000000, 0.0000000000000000000, 0.0000000000000000000, 0.0000000000000000000 ) ;
#2354 = CARTESIAN_POINT ( 'NONE',  ( -0.02460629921260094900, 0.004133858267716536200, 0.0000000000000000000 ) ) ;
#2355 = CARTESIAN_POINT ( 'NONE',  ( 0.0000000000000000000, 0.0000000000000000000, 0.004921259842522252400 ) ) ;
#2356 = ORIENTED_EDGE ( 'NONE', *, *, #2366, .T. ) ;
#2357 = ORIENTED_EDGE ( 'NONE', *, *, #2521, .T. ) ;
#2358 = SURFACE_SIDE_STYLE ('',( #9990 ) ) ;
#2359 = STYLED_ITEM ( 'NONE', ( #5362 ), #6975 ) ;
#2360 = AXIS2_PLACEMENT_3D ( 'NONE', #4650, #11496, #5619 ) ;
#2361 =( LENGTH_UNIT ( ) NAMED_UNIT ( * ) SI_UNIT ( $, .METRE. ) );
#2362 = UNCERTAINTY_MEASURE_WITH_UNIT (LENGTH_MEASURE( 1.000000000000000100E-005 ), #4296, 'distance_accuracy_value', 'NONE');
#2363 = UNCERTAINTY_MEASURE_WITH_UNIT (LENGTH_MEASURE( 1.000000000000000100E-005 ), #5255, 'distance_accuracy_value', 'NONE');
#2364 =( NAMED_UNIT ( * ) PLANE_ANGLE_UNIT ( ) SI_UNIT ( $, .RADIAN. ) );
#2365 =( LENGTH_UNIT ( ) NAMED_UNIT ( * ) SI_UNIT ( $, .METRE. ) );
#2366 = EDGE_CURVE ( 'NONE', #3399, #10385, #6822, .T. ) ;
#2367 = AXIS2_PLACEMENT_3D ( 'NONE', #12072, #6202, #367 ) ;
#2368 = CARTESIAN_POINT ( 'NONE',  ( 0.05669291338582568100, -0.01693371115559762200, 0.02460629921260102900 ) ) ;
#2369 = VERTEX_POINT ( 'NONE', #11140 ) ;
#2370 = EDGE_LOOP ( 'NONE', ( #1035, #11194, #10566, #12170 ) ) ;
#2371 = CARTESIAN_POINT ( 'NONE',  ( -0.02460629921260102500, 0.007204724409448820400, 0.05669291338582568100 ) ) ;
#2372 = CARTESIAN_POINT ( 'NONE',  ( 0.004921259842522320000, 0.007204724409448820400, -0.05669291338582658400 ) ) ;
#2373 = FILL_AREA_STYLE_COLOUR ( '', #1943 ) ;
#2374 = ORIENTED_EDGE ( 'NONE', *, *, #6287, .F. ) ;
#2375 = ORIENTED_EDGE ( 'NONE', *, *, #8, .T. ) ;
#2376 = FILL_AREA_STYLE ('',( #429 ) ) ;
#2377 = DIRECTION ( 'NONE',  ( -0.0000000000000000000, -1.000000000000000000, -0.0000000000000000000 ) ) ;
#2378 = COLOUR_RGB ( '',0.9686274509803921600, 0.8784313725490196000, 0.5999999999999999800 ) ;
#2379 = FILL_AREA_STYLE_COLOUR ( '', #12597 ) ;
#2380 = CARTESIAN_POINT ( 'NONE',  ( 0.0000000000000000000, 0.001181102362204724400, 0.0000000000000000000 ) ) ;
#2381 = STYLED_ITEM ( 'NONE', ( #11903 ), #7747 ) ;
#2382 = AXIS2_PLACEMENT_3D ( 'NONE', #10997, #5118, #11982 ) ;
#2383 = ADVANCED_FACE ( 'NONE', ( #9326 ), #12135, .F. ) ;
#2384 = ORIENTED_EDGE ( 'NONE', *, *, #7200, .F. ) ;
#2385 = VECTOR ( 'NONE', #5062, 39.37007874015748100 ) ;
#2386 = FACE_OUTER_BOUND ( 'NONE', #733, .T. ) ;
#2387 = VERTEX_POINT ( 'NONE', #5265 ) ;
#2388 = ORIENTED_EDGE ( 'NONE', *, *, #8764, .T. ) ;
#2389 = MECHANICAL_DESIGN_GEOMETRIC_PRESENTATION_REPRESENTATION (  '', ( #438 ), #3042 ) ;
#2390 = SURFACE_STYLE_USAGE ( .BOTH. , #8227 ) ;
#2391 = EDGE_LOOP ( 'NONE', ( #8972, #10932, #5820, #10023 ) ) ;
#2392 = VECTOR ( 'NONE', #10529, 39.37007874015748100 ) ;
#2393 = CARTESIAN_POINT ( 'NONE',  ( 0.04291338582677133000, 0.007204724409448820400, 0.02460629921260094900 ) ) ;
#2394 = ADVANCED_FACE ( 'NONE', ( #621 ), #10162, .F. ) ;
#2395 = COLOUR_RGB ( '',0.9686274509803921600, 0.8784313725490196000, 0.5999999999999999800 ) ;
#2396 = EDGE_CURVE ( 'NONE', #8031, #12075, #1957, .T. ) ;
#2397 = CARTESIAN_POINT ( 'NONE',  ( 0.0000000000000000000, 0.001181102362204724400, 0.0000000000000000000 ) ) ;
#2398 = DIRECTION ( 'NONE',  ( 6.982962677686265900E-015, 0.0000000000000000000, -1.000000000000000000 ) ) ;
#2399 = FILL_AREA_STYLE ('',( #6193 ) ) ;
#2400 = ORIENTED_EDGE ( 'NONE', *, *, #9559, .F. ) ;
#2401 = CARTESIAN_POINT ( 'NONE',  ( -0.004921259842519381400, 0.001181102362204723300, -0.04291338582677169800 ) ) ;
#2402 = SURFACE_SIDE_STYLE ('',( #1032 ) ) ;
#2403 = VECTOR ( 'NONE', #7749, 39.37007874015748100 ) ;
#2404 = CARTESIAN_POINT ( 'NONE',  ( -0.05669291338582674300, 0.001181102362204723500, 0.004921259842519482900 ) ) ;
#2405 = STYLED_ITEM ( 'NONE', ( #3266 ), #2894 ) ;
#2406 = VERTEX_POINT ( 'NONE', #3442 ) ;
#2407 = STYLED_ITEM ( 'NONE', ( #8368 ), #8923 ) ;
#2408 = FILL_AREA_STYLE ('',( #1394 ) ) ;
#2409 = CARTESIAN_POINT ( 'NONE',  ( -0.05905511811023581000, 0.001181102362204723300, -0.05905511811023662200 ) ) ;
#2410 = SURFACE_STYLE_FILL_AREA ( #12316 ) ;
#2411 = SURFACE_SIDE_STYLE ('',( #5796 ) ) ;
#2412 = DIRECTION ( 'NONE',  ( -0.0000000000000000000, 0.0000000000000000000, -1.000000000000000000 ) ) ;
#2413 = ORIENTED_EDGE ( 'NONE', *, *, #11627, .F. ) ;
#2414 =( CONVERSION_BASED_UNIT ( 'INCH', #11810 ) LENGTH_UNIT ( ) NAMED_UNIT ( #4678 ) );
#2415 = DIRECTION ( 'NONE',  ( -1.000000000000000000, 0.0000000000000000000, -3.387117655531989800E-014 ) ) ;
#2416 = PRESENTATION_LAYER_ASSIGNMENT (  '', '', ( #1777 ) ) ;
#2417 = CARTESIAN_POINT ( 'NONE',  ( -0.01476377952755916200, 0.001181102362204724400, 0.04291338582677160800 ) ) ;
#2418 = DIRECTION ( 'NONE',  ( 0.0000000000000000000, 1.000000000000000000, 0.0000000000000000000 ) ) ;
#2419 = EDGE_CURVE ( 'NONE', #8002, #1358, #9477, .T. ) ;
#2420 = UNCERTAINTY_MEASURE_WITH_UNIT (LENGTH_MEASURE( 1.000000000000000100E-005 ), #4098, 'distance_accuracy_value', 'NONE');
#2421 = VECTOR ( 'NONE', #3726, 39.37007874015748100 ) ;
#2422 =( LENGTH_UNIT ( ) NAMED_UNIT ( * ) SI_UNIT ( $, .METRE. ) );
#2423 = EDGE_CURVE ( 'NONE', #5417, #9707, #12069, .T. ) ;
#2424 = SURFACE_STYLE_FILL_AREA ( #4879 ) ;
#2425 = DIRECTION ( 'NONE',  ( 0.0000000000000000000, -0.0000000000000000000, 1.000000000000000000 ) ) ;
#2426 = COLOUR_RGB ( '',0.9686274509803921600, 0.8784313725490196000, 0.5999999999999999800 ) ;
#2427 = CARTESIAN_POINT ( 'NONE',  ( 0.04291338582677164900, 0.0000000000000000000, -0.004921259842519851500 ) ) ;
#2428 = STYLED_ITEM ( 'NONE', ( #324 ), #6427 ) ;
#2429 =( CONVERSION_BASED_UNIT ( 'INCH', #5201 ) LENGTH_UNIT ( ) NAMED_UNIT ( #10058 ) );
#2430 = MECHANICAL_DESIGN_GEOMETRIC_PRESENTATION_REPRESENTATION (  '', ( #495 ), #3096 ) ;
#2431 = ORIENTED_EDGE ( 'NONE', *, *, #9136, .T. ) ;
#2432 = LENGTH_MEASURE_WITH_UNIT ( LENGTH_MEASURE( 0.02539999999999999900 ), #462 );
#2433 = VECTOR ( 'NONE', #525, 39.37007874015748100 ) ;
#2434 = CARTESIAN_POINT ( 'NONE',  ( -0.01476377952755906200, 0.004133858267716536200, 0.04291338582677167000 ) ) ;
#2435 = LENGTH_MEASURE_WITH_UNIT ( LENGTH_MEASURE( 0.02539999999999999900 ), #11182 );
#2436 = ORIENTED_EDGE ( 'NONE', *, *, #6608, .F. ) ;
#2437 = DIRECTION ( 'NONE',  ( 0.0000000000000000000, -1.000000000000000000, 0.0000000000000000000 ) ) ;
#2438 = ORIENTED_EDGE ( 'NONE', *, *, #9371, .T. ) ;
#2439 = FILL_AREA_STYLE ('',( #7291 ) ) ;
#2440 = EDGE_CURVE ( 'NONE', #594, #1928, #9788, .T. ) ;
#2441 = FACE_OUTER_BOUND ( 'NONE', #6735, .T. ) ;
#2442 = CIRCLE ( 'NONE', #10050, 0.007052567223509561600 ) ;
#2443 = EDGE_CURVE ( 'NONE', #1423, #10207, #1670, .T. ) ;
#2444 = ADVANCED_FACE ( 'NONE', ( #4249 ), #1519, .F. ) ;
#2445 = CARTESIAN_POINT ( 'NONE',  ( 0.05669291338582692400, 0.007204724409448820400, 0.03444881889763761600 ) ) ;
#2446 = COLOUR_RGB ( '',1.000000000000000000, 1.000000000000000000, 1.000000000000000000 ) ;
#2447 = ADVANCED_FACE ( 'NONE', ( #7078 ), #9345, .T. ) ;
#2448 = SURFACE_SIDE_STYLE ('',( #5505 ) ) ;
#2449 = FILL_AREA_STYLE_COLOUR ( '', #4562 ) ;
#2450 = FILL_AREA_STYLE ('',( #12227 ) ) ;
#2451 =( LENGTH_UNIT ( ) NAMED_UNIT ( * ) SI_UNIT ( $, .METRE. ) );
#2452 =( NAMED_UNIT ( * ) PLANE_ANGLE_UNIT ( ) SI_UNIT ( $, .RADIAN. ) );
#2453 = FILL_AREA_STYLE ('',( #8304 ) ) ;
#2454 = STYLED_ITEM ( 'NONE', ( #2583 ), #7299 ) ;
#2455 = VECTOR ( 'NONE', #2541, 39.37007874015748100 ) ;
#2456 =( NAMED_UNIT ( * ) SI_UNIT ( $, .STERADIAN. ) SOLID_ANGLE_UNIT ( ) );
#2457 = COLOUR_RGB ( '',0.3529411764705882000, 0.3529411764705882000, 0.3529411764705882000 ) ;
#2458 = VECTOR ( 'NONE', #7156, 39.37007874015748100 ) ;
#2459 = LINE ( 'NONE', #9726, #2154 ) ;
#2460 = DIRECTION ( 'NONE',  ( 5.434102431278317600E-015, 0.0000000000000000000, -1.000000000000000000 ) ) ;
#2461 = LENGTH_MEASURE_WITH_UNIT ( LENGTH_MEASURE( 0.02539999999999999900 ), #12062 );
#2462 = CARTESIAN_POINT ( 'NONE',  ( -0.01476377952755906200, 0.007204724409448820400, 0.05669291338582680600 ) ) ;
#2463 = EDGE_CURVE ( 'NONE', #852, #8955, #3288, .T. ) ;
#2464 = DIMENSIONAL_EXPONENTS ( 1.000000000000000000, 0.0000000000000000000, 0.0000000000000000000, 0.0000000000000000000, 0.0000000000000000000, 0.0000000000000000000, 0.0000000000000000000 ) ;
#2465 = DIRECTION ( 'NONE',  ( -0.0000000000000000000, 0.0000000000000000000, -1.000000000000000000 ) ) ;
#2466 = VERTEX_POINT ( 'NONE', #11401 ) ;
#2467 = FILL_AREA_STYLE_COLOUR ( '', #10252 ) ;
#2468 = VECTOR ( 'NONE', #8084, 39.37007874015748100 ) ;
#2469 = SURFACE_STYLE_FILL_AREA ( #8176 ) ;
#2470 = PRESENTATION_STYLE_ASSIGNMENT (( #9893 ) ) ;
#2471 = FILL_AREA_STYLE ('',( #1501 ) ) ;
#2472 = FACE_OUTER_BOUND ( 'NONE', #11348, .T. ) ;
#2473 = SURFACE_STYLE_USAGE ( .BOTH. , #8317 ) ;
#2474 = LENGTH_MEASURE_WITH_UNIT ( LENGTH_MEASURE( 0.02539999999999999900 ), #3547 );
#2475 = MECHANICAL_DESIGN_GEOMETRIC_PRESENTATION_REPRESENTATION (  '', ( #530 ), #3132 ) ;
#2476 = ORIENTED_EDGE ( 'NONE', *, *, #6527, .F. ) ;
#2477 = PRESENTATION_LAYER_ASSIGNMENT (  '', '', ( #1831 ) ) ;
#2478 =( NAMED_UNIT ( * ) SI_UNIT ( $, .STERADIAN. ) SOLID_ANGLE_UNIT ( ) );
#2479 =( NAMED_UNIT ( * ) SI_UNIT ( $, .STERADIAN. ) SOLID_ANGLE_UNIT ( ) );
#2480 = FILL_AREA_STYLE ('',( #6371 ) ) ;
#2481 = DIMENSIONAL_EXPONENTS ( 1.000000000000000000, 0.0000000000000000000, 0.0000000000000000000, 0.0000000000000000000, 0.0000000000000000000, 0.0000000000000000000, 0.0000000000000000000 ) ;
#2482 =( NAMED_UNIT ( * ) PLANE_ANGLE_UNIT ( ) SI_UNIT ( $, .RADIAN. ) );
#2483 = FACE_OUTER_BOUND ( 'NONE', #6517, .T. ) ;
#2484 = FILL_AREA_STYLE_COLOUR ( '', #2564 ) ;
#2485 = COLOUR_RGB ( '',0.9686274509803921600, 0.8784313725490196000, 0.5999999999999999800 ) ;
#2486 = LENGTH_MEASURE_WITH_UNIT ( LENGTH_MEASURE( 0.02539999999999999900 ), #9840 );
#2487 = SURFACE_STYLE_USAGE ( .BOTH. , #8331 ) ;
#2488 = FILL_AREA_STYLE_COLOUR ( '', #304 ) ;
#2489 = EDGE_LOOP ( 'NONE', ( #7717, #12398, #9600, #12658 ) ) ;
#2490 = ORIENTED_EDGE ( 'NONE', *, *, #8981, .F. ) ;
#2491 = ORIENTED_EDGE ( 'NONE', *, *, #8452, .T. ) ;
#2492 = STYLED_ITEM ( 'NONE', ( #9394 ), #11885 ) ;
#2493 = CARTESIAN_POINT ( 'NONE',  ( 0.0000000000000000000, 0.0000000000000000000, 0.0000000000000000000 ) ) ;
#2494 = DIRECTION ( 'NONE',  ( 4.504786283433685400E-015, 0.0000000000000000000, -1.000000000000000000 ) ) ;
#2495 = COLOUR_RGB ( '',0.2509803921568627400, 0.2509803921568627400, 0.2509803921568627400 ) ;
#2496 = PLANE ( 'NONE',  #7166 ) ;
#2497 = CARTESIAN_POINT ( 'NONE',  ( -0.05669291338582674300, 0.0000000000000000000, -0.01476377952755926100 ) ) ;
#2498 = CARTESIAN_POINT ( 'NONE',  ( -0.04291338582677175400, 0.001181102362204723500, 0.02460629921259826700 ) ) ;
#2499 = CARTESIAN_POINT ( 'NONE',  ( 0.0000000000000000000, 0.0000000000000000000, -0.004921259842519878400 ) ) ;
#2500 =( CONVERSION_BASED_UNIT ( 'INCH', #8901 ) LENGTH_UNIT ( ) NAMED_UNIT ( #11069 ) );
#2501 = ORIENTED_EDGE ( 'NONE', *, *, #5233, .T. ) ;
#2502 = EDGE_CURVE ( 'NONE', #12578, #375, #5882, .T. ) ;
#2503 = CARTESIAN_POINT ( 'NONE',  ( 0.004921259842519684100, 0.007204724409448820400, 0.04291338582677166300 ) ) ;
#2504 = ORIENTED_EDGE ( 'NONE', *, *, #6015, .F. ) ;
#2505 = EDGE_LOOP ( 'NONE', ( #7766, #1405, #2608, #5946 ) ) ;
#2506 = CARTESIAN_POINT ( 'NONE',  ( 0.04291338582677183700, 0.007204724409448820400, 0.04429133858267701700 ) ) ;
#2507 = ORIENTED_EDGE ( 'NONE', *, *, #4746, .F. ) ;
#2508 = LINE ( 'NONE', #10541, #12637 ) ;
#2509 = ADVANCED_FACE ( 'NONE', ( #8159 ), #11360, .F. ) ;
#2510 = DIRECTION ( 'NONE',  ( 0.0000000000000000000, -0.0000000000000000000, 1.000000000000000000 ) ) ;
#2511 = CARTESIAN_POINT ( 'NONE',  ( 0.04291338582677183700, -0.01693371115559762200, 0.04429133858267701700 ) ) ;
#2512 =( NAMED_UNIT ( * ) SI_UNIT ( $, .STERADIAN. ) SOLID_ANGLE_UNIT ( ) );
#2513 = ADVANCED_FACE ( 'NONE', ( #4675 ), #2622, .F. ) ;
#2514 = CARTESIAN_POINT ( 'NONE',  ( -0.04291338582677181600, 0.0000000000000000000, 0.04429133858267701700 ) ) ;
#2515 = CARTESIAN_POINT ( 'NONE',  ( 0.04291338582677180900, 0.001181102362204724200, 0.04429133858267728100 ) ) ;
#2516 = ORIENTED_EDGE ( 'NONE', *, *, #11, .F. ) ;
#2517 = ORIENTED_EDGE ( 'NONE', *, *, #2440, .F. ) ;
#2518 = SURFACE_STYLE_FILL_AREA ( #1735 ) ;
#2519 = DIRECTION ( 'NONE',  ( 0.0000000000000000000, 1.000000000000000000, -0.0000000000000000000 ) ) ;
#2520 = ORIENTED_EDGE ( 'NONE', *, *, #2031, .F. ) ;
#2521 = EDGE_CURVE ( 'NONE', #8955, #11724, #6020, .T. ) ;
#2522 = ORIENTED_EDGE ( 'NONE', *, *, #475, .T. ) ;
#2523 = ORIENTED_EDGE ( 'NONE', *, *, #8, .F. ) ;
#2524 = EDGE_CURVE ( 'NONE', #1740, #1583, #868, .T. ) ;
#2525 =( NAMED_UNIT ( * ) SI_UNIT ( $, .STERADIAN. ) SOLID_ANGLE_UNIT ( ) );
#2526 = VERTEX_POINT ( 'NONE', #4680 ) ;
#2527 = PLANE ( 'NONE',  #8464 ) ;
#2528 = DIRECTION ( 'NONE',  ( -1.778792249757036600E-015, 0.0000000000000000000, 1.000000000000000000 ) ) ;
#2529 = STYLED_ITEM ( 'NONE', ( #2155 ), #5980 ) ;
#2530 = DIRECTION ( 'NONE',  ( 1.000000000000000000, 0.0000000000000000000, -2.929742899324058200E-015 ) ) ;
#2531 = CARTESIAN_POINT ( 'NONE',  ( -0.05669291338582688200, -0.01693371115559762200, 0.02460629921259822900 ) ) ;
#2532 = EDGE_LOOP ( 'NONE', ( #12215, #1454, #1552, #3134 ) ) ;
#2533 = ORIENTED_EDGE ( 'NONE', *, *, #3414, .T. ) ;
#2534 = COLOUR_RGB ( '',0.9686274509803921600, 0.8784313725490196000, 0.5999999999999999800 ) ;
#2535 = LINE ( 'NONE', #2824, #7406 ) ;
#2536 = FILL_AREA_STYLE ('',( #11318 ) ) ;
#2537 = CARTESIAN_POINT ( 'NONE',  ( 0.05669291338582674300, -0.01693371115559762200, -0.01476377952755926100 ) ) ;
#2538 = STYLED_ITEM ( 'NONE', ( #5635 ), #286 ) ;
#2539 =( GEOMETRIC_REPRESENTATION_CONTEXT ( 3 ) GLOBAL_UNCERTAINTY_ASSIGNED_CONTEXT ( ( #5644 ) ) GLOBAL_UNIT_ASSIGNED_CONTEXT ( ( #2648, #9510, #3647 ) ) REPRESENTATION_CONTEXT ( 'NONE', 'WORKASPACE' ) );
#2540 = DIRECTION ( 'NONE',  ( 0.0000000000000000000, -0.0000000000000000000, 1.000000000000000000 ) ) ;
#2541 = DIRECTION ( 'NONE',  ( -3.425378178174580600E-015, -0.0000000000000000000, -1.000000000000000000 ) ) ;
#2542 = ORIENTED_EDGE ( 'NONE', *, *, #7327, .T. ) ;
#2543 =( NAMED_UNIT ( * ) SI_UNIT ( $, .STERADIAN. ) SOLID_ANGLE_UNIT ( ) );
#2544 = UNCERTAINTY_MEASURE_WITH_UNIT (LENGTH_MEASURE( 1.000000000000000100E-005 ), #5704, 'distance_accuracy_value', 'NONE');
#2545 = SURFACE_STYLE_USAGE ( .BOTH. , #8387 ) ;
#2546 =( LENGTH_UNIT ( ) NAMED_UNIT ( * ) SI_UNIT ( $, .METRE. ) );
#2547 = SURFACE_SIDE_STYLE ('',( #8280 ) ) ;
#2548 = LENGTH_MEASURE_WITH_UNIT ( LENGTH_MEASURE( 0.02539999999999999900 ), #9879 );
#2549 = CARTESIAN_POINT ( 'NONE',  ( 0.05669291338582657000, 0.0000000000000000000, 0.004921259842522312200 ) ) ;
#2550 = COLOUR_RGB ( '',0.2509803921568627400, 0.2509803921568627400, 0.2509803921568627400 ) ;
#2551 = PRESENTATION_STYLE_ASSIGNMENT (( #799 ) ) ;
#2552 = ORIENTED_EDGE ( 'NONE', *, *, #5133, .F. ) ;
#2553 = LENGTH_MEASURE_WITH_UNIT ( LENGTH_MEASURE( 0.02539999999999999900 ), #11619 );
#2554 = SURFACE_STYLE_FILL_AREA ( #2818 ) ;
#2555 = LENGTH_MEASURE_WITH_UNIT ( LENGTH_MEASURE( 0.02539999999999999900 ), #1656 );
#2556 =( GEOMETRIC_REPRESENTATION_CONTEXT ( 3 ) GLOBAL_UNCERTAINTY_ASSIGNED_CONTEXT ( ( #7697 ) ) GLOBAL_UNIT_ASSIGNED_CONTEXT ( ( #4634, #11474, #5601 ) ) REPRESENTATION_CONTEXT ( 'NONE', 'WORKASPACE' ) );
#2557 = FILL_AREA_STYLE_COLOUR ( '', #3517 ) ;
#2558 = ORIENTED_EDGE ( 'NONE', *, *, #6564, .F. ) ;
#2559 = EDGE_CURVE ( 'NONE', #11072, #9519, #3439, .T. ) ;
#2560 = SURFACE_STYLE_USAGE ( .BOTH. , #8404 ) ;
#2561 = LENGTH_MEASURE_WITH_UNIT ( LENGTH_MEASURE( 0.02539999999999999900 ), #3271 );
#2562 = CARTESIAN_POINT ( 'NONE',  ( 0.04291338582677171900, -0.01693371115559762200, 0.01476377952755891300 ) ) ;
#2563 = SURFACE_STYLE_USAGE ( .BOTH. , #8405 ) ;
#2564 = COLOUR_RGB ( '',0.9686274509803921600, 0.8784313725490196000, 0.5999999999999999800 ) ;
#2565 = CARTESIAN_POINT ( 'NONE',  ( -0.05905511811023637900, 0.001181102362204724200, 0.02460629921259834700 ) ) ;
#2566 = CARTESIAN_POINT ( 'NONE',  ( 0.0000000000000000000, 0.001181102362204724400, 0.0000000000000000000 ) ) ;
#2567 = ORIENTED_EDGE ( 'NONE', *, *, #8995, .F. ) ;
#2568 =( GEOMETRIC_REPRESENTATION_CONTEXT ( 3 ) GLOBAL_UNCERTAINTY_ASSIGNED_CONTEXT ( ( #9848 ) ) GLOBAL_UNIT_ASSIGNED_CONTEXT ( ( #3479, #10325, #4460 ) ) REPRESENTATION_CONTEXT ( 'NONE', 'WORKASPACE' ) );
#2569 = FACE_OUTER_BOUND ( 'NONE', #1614, .T. ) ;
#2570 = ORIENTED_EDGE ( 'NONE', *, *, #5306, .F. ) ;
#2571 = COLOUR_RGB ( '',0.2509803921568627400, 0.2509803921568627400, 0.2509803921568627400 ) ;
#2572 = FACE_OUTER_BOUND ( 'NONE', #11855, .T. ) ;
#2573 = CARTESIAN_POINT ( 'NONE',  ( 0.05669291338582695800, 0.004133858267716536200, 0.0000000000000000000 ) ) ;
#2574 = SURFACE_STYLE_FILL_AREA ( #170 ) ;
#2575 = DIMENSIONAL_EXPONENTS ( 1.000000000000000000, 0.0000000000000000000, 0.0000000000000000000, 0.0000000000000000000, 0.0000000000000000000, 0.0000000000000000000, 0.0000000000000000000 ) ;
#2576 = DIRECTION ( 'NONE',  ( 3.885242184870542000E-015, 0.0000000000000000000, -1.000000000000000000 ) ) ;
#2577 = ADVANCED_FACE ( 'NONE', ( #5726 ), #809, .F. ) ;
#2578 = FILL_AREA_STYLE ('',( #4509 ) ) ;
#2579 = PLANE ( 'NONE',  #6889 ) ;
#2580 = CARTESIAN_POINT ( 'NONE',  ( -0.04291338582677172600, 0.0000000000000000000, 0.01476377952755901200 ) ) ;
#2581 = LENGTH_MEASURE_WITH_UNIT ( LENGTH_MEASURE( 0.02539999999999999900 ), #2175 );
#2582 = SURFACE_STYLE_USAGE ( .BOTH. , #8433 ) ;
#2583 = PRESENTATION_STYLE_ASSIGNMENT (( #11673 ) ) ;
#2584 = SURFACE_STYLE_USAGE ( .BOTH. , #8434 ) ;
#2585 = CARTESIAN_POINT ( 'NONE',  ( 0.0000000000000000000, 0.004133858267716536200, 0.04429133858267701700 ) ) ;
#2586 =( LENGTH_UNIT ( ) NAMED_UNIT ( * ) SI_UNIT ( $, .METRE. ) );
#2587 = AXIS2_PLACEMENT_3D ( 'NONE', #2968, #9834, #3954 ) ;
#2588 = VECTOR ( 'NONE', #10620, 39.37007874015748100 ) ;
#2589 = FILL_AREA_STYLE ('',( #7437 ) ) ;
#2590 = DIMENSIONAL_EXPONENTS ( 1.000000000000000000, 0.0000000000000000000, 0.0000000000000000000, 0.0000000000000000000, 0.0000000000000000000, 0.0000000000000000000, 0.0000000000000000000 ) ;
#2591 = ORIENTED_EDGE ( 'NONE', *, *, #12555, .T. ) ;
#2592 = VERTEX_POINT ( 'NONE', #6622 ) ;
#2593 = FILL_AREA_STYLE_COLOUR ( '', #8066 ) ;
#2594 = FACE_OUTER_BOUND ( 'NONE', #3903, .T. ) ;
#2595 = PLANE ( 'NONE',  #4011 ) ;
#2596 = VECTOR ( 'NONE', #9569, 39.37007874015748100 ) ;
#2597 = LINE ( 'NONE', #10137, #14 ) ;
#2598 = DIRECTION ( 'NONE',  ( -1.000000000000000000, 0.0000000000000000000, 3.394400973246411800E-015 ) ) ;
#2599 = UNCERTAINTY_MEASURE_WITH_UNIT (LENGTH_MEASURE( 1.000000000000000100E-005 ), #10542, 'distance_accuracy_value', 'NONE');
#2600 =( NAMED_UNIT ( * ) SI_UNIT ( $, .STERADIAN. ) SOLID_ANGLE_UNIT ( ) );
#2601 = DIRECTION ( 'NONE',  ( 0.0000000000000000000, 1.000000000000000000, -0.0000000000000000000 ) ) ;
#2602 = LINE ( 'NONE', #2198, #3850 ) ;
#2603 = STYLED_ITEM ( 'NONE', ( #632 ), #5460 ) ;
#2604 = DIMENSIONAL_EXPONENTS ( 1.000000000000000000, 0.0000000000000000000, 0.0000000000000000000, 0.0000000000000000000, 0.0000000000000000000, 0.0000000000000000000, 0.0000000000000000000 ) ;
#2605 = FACE_BOUND ( 'NONE', #4358, .T. ) ;
#2606 = ORIENTED_EDGE ( 'NONE', *, *, #10022, .F. ) ;
#2607 = FACE_OUTER_BOUND ( 'NONE', #7374, .T. ) ;
#2608 = ORIENTED_EDGE ( 'NONE', *, *, #5543, .T. ) ;
#2609 = DIMENSIONAL_EXPONENTS ( 1.000000000000000000, 0.0000000000000000000, 0.0000000000000000000, 0.0000000000000000000, 0.0000000000000000000, 0.0000000000000000000, 0.0000000000000000000 ) ;
#2610 = VERTEX_POINT ( 'NONE', #854 ) ;
#2611 = ORIENTED_EDGE ( 'NONE', *, *, #157, .F. ) ;
#2612 = PLANE ( 'NONE',  #6860 ) ;
#2613 = FILL_AREA_STYLE_COLOUR ( '', #10221 ) ;
#2614 =( LENGTH_UNIT ( ) NAMED_UNIT ( * ) SI_UNIT ( $, .METRE. ) );
#2615 = FILL_AREA_STYLE ('',( #9470 ) ) ;
#2616 = EDGE_CURVE ( 'NONE', #6296, #8958, #7063, .T. ) ;
#2617 = STYLED_ITEM ( 'NONE', ( #10819 ), #420 ) ;
#2618 = ORIENTED_EDGE ( 'NONE', *, *, #581, .T. ) ;
#2619 = UNCERTAINTY_MEASURE_WITH_UNIT (LENGTH_MEASURE( 1.000000000000000100E-005 ), #8826, 'distance_accuracy_value', 'NONE');
#2620 = DIRECTION ( 'NONE',  ( 0.0000000000000000000, -0.0000000000000000000, -1.000000000000000000 ) ) ;
#2621 = EDGE_CURVE ( 'NONE', #7498, #6538, #9733, .T. ) ;
#2622 = PLANE ( 'NONE',  #8789 ) ;
#2623 = LENGTH_MEASURE_WITH_UNIT ( LENGTH_MEASURE( 0.02539999999999999900 ), #10343 );
#2624 = VECTOR ( 'NONE', #8704, 39.37007874015748100 ) ;
#2625 = DIRECTION ( 'NONE',  ( -1.000000000000000000, -0.0000000000000000000, 0.0000000000000000000 ) ) ;
#2627 = LINE ( 'NONE', #11506, #7506 ) ;
#2626 = LENGTH_MEASURE_WITH_UNIT ( LENGTH_MEASURE( 0.02539999999999999900 ), #139 );
#2628 = COLOUR_RGB ( '',0.9686274509803921600, 0.8784313725490196000, 0.5999999999999999800 ) ;
#2629 = FILL_AREA_STYLE_COLOUR ( '', #7485 ) ;
#2630 =( NAMED_UNIT ( * ) PLANE_ANGLE_UNIT ( ) SI_UNIT ( $, .RADIAN. ) );
#2631 = DIRECTION ( 'NONE',  ( -0.0000000000000000000, 0.0000000000000000000, -1.000000000000000000 ) ) ;
#2632 = MECHANICAL_DESIGN_GEOMETRIC_PRESENTATION_REPRESENTATION (  '', ( #707 ), #3289 ) ;
#2633 = DIRECTION ( 'NONE',  ( 0.0000000000000000000, 1.000000000000000000, -0.0000000000000000000 ) ) ;
#2634 = SURFACE_SIDE_STYLE ('',( #11670 ) ) ;
#2635 = UNCERTAINTY_MEASURE_WITH_UNIT (LENGTH_MEASURE( 1.000000000000000100E-005 ), #7399, 'distance_accuracy_value', 'NONE');
#2636 = CARTESIAN_POINT ( 'NONE',  ( -0.01476377952755871800, 0.0000000000000000000, -0.05669291338582690300 ) ) ;
#2637 = COLOUR_RGB ( '',0.9686274509803921600, 0.8784313725490196000, 0.5999999999999999800 ) ;
#2638 = SURFACE_STYLE_FILL_AREA ( #3243 ) ;
#2639 = LINE ( 'NONE', #3904, #4930 ) ;
#2640 = PRESENTATION_LAYER_ASSIGNMENT (  '', '', ( #1334 ) ) ;
#2641 = EDGE_CURVE ( 'NONE', #2387, #3877, #9408, .T. ) ;
#2642 = ORIENTED_EDGE ( 'NONE', *, *, #10492, .T. ) ;
#2643 = CARTESIAN_POINT ( 'NONE',  ( 0.04291338582677165600, 0.007204724409448820400, 0.004921259842522252400 ) ) ;
#2644 = ORIENTED_EDGE ( 'NONE', *, *, #627, .F. ) ;
#2645 = FILL_AREA_STYLE ('',( #3688 ) ) ;
#2646 = ORIENTED_EDGE ( 'NONE', *, *, #8510, .F. ) ;
#2647 = FILL_AREA_STYLE_COLOUR ( '', #162 ) ;
#2648 =( CONVERSION_BASED_UNIT ( 'INCH', #11287 ) LENGTH_UNIT ( ) NAMED_UNIT ( #7617 ) );
#2649 = ADVANCED_FACE ( 'NONE', ( #1600 ), #11604, .F. ) ;
#2650 = FILL_AREA_STYLE_COLOUR ( '', #7904 ) ;
#2651 =( GEOMETRIC_REPRESENTATION_CONTEXT ( 3 ) GLOBAL_UNCERTAINTY_ASSIGNED_CONTEXT ( ( #7127 ) ) GLOBAL_UNIT_ASSIGNED_CONTEXT ( ( #2841, #9713, #3840 ) ) REPRESENTATION_CONTEXT ( 'NONE', 'WORKASPACE' ) );
#2652 = PLANE ( 'NONE',  #2905 ) ;
#2653 = UNCERTAINTY_MEASURE_WITH_UNIT (LENGTH_MEASURE( 1.000000000000000100E-005 ), #6192, 'distance_accuracy_value', 'NONE');
#2654 = ORIENTED_EDGE ( 'NONE', *, *, #11921, .T. ) ;
#2655 = DIRECTION ( 'NONE',  ( 0.0000000000000000000, -0.0000000000000000000, 1.000000000000000000 ) ) ;
#2656 = VECTOR ( 'NONE', #2302, 39.37007874015748100 ) ;
#2657 = VERTEX_POINT ( 'NONE', #899 ) ;
#2658 = LINE ( 'NONE', #2042, #11701 ) ;
#2659 = SURFACE_STYLE_FILL_AREA ( #9767 ) ;
#2660 = PLANE ( 'NONE',  #2186 ) ;
#2661 = PRESENTATION_LAYER_ASSIGNMENT (  '', '', ( #1365 ) ) ;
#2662 = DIRECTION ( 'NONE',  ( 1.000000000000000000, 0.0000000000000000000, 5.588988455919166100E-015 ) ) ;
#2663 =( GEOMETRIC_REPRESENTATION_CONTEXT ( 3 ) GLOBAL_UNCERTAINTY_ASSIGNED_CONTEXT ( ( #9468 ) ) GLOBAL_UNIT_ASSIGNED_CONTEXT ( ( #5279, #12150, #6268 ) ) REPRESENTATION_CONTEXT ( 'NONE', 'WORKASPACE' ) );
#2664 =( NAMED_UNIT ( * ) PLANE_ANGLE_UNIT ( ) SI_UNIT ( $, .RADIAN. ) );
#2665 = EDGE_CURVE ( 'NONE', #6334, #8098, #8148, .T. ) ;
#2666 = DIRECTION ( 'NONE',  ( -1.000000000000000000, -0.0000000000000000000, 0.0000000000000000000 ) ) ;
#2667 = ORIENTED_EDGE ( 'NONE', *, *, #7420, .F. ) ;
#2668 = ORIENTED_EDGE ( 'NONE', *, *, #10919, .T. ) ;
#2669 = LENGTH_MEASURE_WITH_UNIT ( LENGTH_MEASURE( 0.02539999999999999900 ), #4604 );
#2670 =( NAMED_UNIT ( * ) SI_UNIT ( $, .STERADIAN. ) SOLID_ANGLE_UNIT ( ) );
#2671 = VECTOR ( 'NONE', #6557, 39.37007874015748100 ) ;
#2672 = SURFACE_SIDE_STYLE ('',( #10489 ) ) ;
#2673 = CARTESIAN_POINT ( 'NONE',  ( 0.0000000000000000000, 0.0000000000000000000, -0.01476377952755925600 ) ) ;
#2674 =( LENGTH_UNIT ( ) NAMED_UNIT ( * ) SI_UNIT ( $, .METRE. ) );
#2675 = EDGE_CURVE ( 'NONE', #4970, #8927, #5569, .T. ) ;
#2676 = CARTESIAN_POINT ( 'NONE',  ( 0.05669291338582670800, 0.007204724409448820400, -0.02460629921259862800 ) ) ;
#2677 = SURFACE_STYLE_USAGE ( .BOTH. , #8535 ) ;
#2678 =( NAMED_UNIT ( * ) PLANE_ANGLE_UNIT ( ) SI_UNIT ( $, .RADIAN. ) );
#2679 = VERTEX_POINT ( 'NONE', #3860 ) ;
#2680 = ORIENTED_EDGE ( 'NONE', *, *, #8515, .F. ) ;
#2681 =( GEOMETRIC_REPRESENTATION_CONTEXT ( 3 ) GLOBAL_UNCERTAINTY_ASSIGNED_CONTEXT ( ( #9076 ) ) GLOBAL_UNIT_ASSIGNED_CONTEXT ( ( #5305, #12173, #6293 ) ) REPRESENTATION_CONTEXT ( 'NONE', 'WORKASPACE' ) );
#2682 = LENGTH_MEASURE_WITH_UNIT ( LENGTH_MEASURE( 0.02539999999999999900 ), #10368 );
#2683 = PRESENTATION_LAYER_ASSIGNMENT (  '', '', ( #1387 ) ) ;
#2684 = ORIENTED_EDGE ( 'NONE', *, *, #9315, .F. ) ;
#2685 = DIRECTION ( 'NONE',  ( 1.000000000000000000, 0.0000000000000000000, -1.690654702195511200E-015 ) ) ;
#2686 = CARTESIAN_POINT ( 'NONE',  ( 0.0000000000000000000, 0.0000000000000000000, 0.004921259842519482900 ) ) ;
#2687 = CARTESIAN_POINT ( 'NONE',  ( 0.004921259842522244600, -0.01693371115559762200, -0.04291338582677168400 ) ) ;
#2688 = CARTESIAN_POINT ( 'NONE',  ( 0.02460629921260100800, 0.001181102362204723500, -0.05905511811023606700 ) ) ;
#2689 = CARTESIAN_POINT ( 'NONE',  ( 0.004921259842522244600, 0.0000000000000000000, -0.04291338582677168400 ) ) ;
#2690 = CARTESIAN_POINT ( 'NONE',  ( -0.05905511811023591400, 0.03149606299212598400, -0.04429133858267819000 ) ) ;
#2691 = EDGE_CURVE ( 'NONE', #10457, #8181, #2962, .T. ) ;
#2692 = VERTEX_POINT ( 'NONE', #4845 ) ;
#2693 = EDGE_CURVE ( 'NONE', #11534, #10652, #76, .T. ) ;
#2694 = ORIENTED_EDGE ( 'NONE', *, *, #1753, .F. ) ;
#2695 = LINE ( 'NONE', #3109, #9895 ) ;
#2696 =( CONVERSION_BASED_UNIT ( 'INCH', #12350 ) LENGTH_UNIT ( ) NAMED_UNIT ( #8670 ) );
#2697 = ORIENTED_EDGE ( 'NONE', *, *, #2109, .T. ) ;
#2698 = DIRECTION ( 'NONE',  ( -0.0000000000000000000, 0.0000000000000000000, -1.000000000000000000 ) ) ;
#2699 = PRESENTATION_STYLE_ASSIGNMENT (( #12341 ) ) ;
#2700 = ORIENTED_EDGE ( 'NONE', *, *, #8580, .T. ) ;
#2701 = SURFACE_STYLE_FILL_AREA ( #12526 ) ;
#2702 = SURFACE_STYLE_USAGE ( .BOTH. , #8558 ) ;
#2703 = SURFACE_STYLE_FILL_AREA ( #9807 ) ;
#2704 = DIRECTION ( 'NONE',  ( 4.292739916162984100E-015, 0.0000000000000000000, 1.000000000000000000 ) ) ;
#2705 = ORIENTED_EDGE ( 'NONE', *, *, #161, .T. ) ;
#2706 = UNCERTAINTY_MEASURE_WITH_UNIT (LENGTH_MEASURE( 1.000000000000000100E-005 ), #11085, 'distance_accuracy_value', 'NONE');
#2707 = DIRECTION ( 'NONE',  ( -1.000000000000000000, 0.0000000000000000000, -3.513515725732651700E-015 ) ) ;
#2708 = ADVANCED_FACE ( 'NONE', ( #7531 ), #7757, .F. ) ;
#2709 = PRESENTATION_LAYER_ASSIGNMENT (  '', '', ( #1413 ) ) ;
#2710 = CARTESIAN_POINT ( 'NONE',  ( 0.004921259842519683200, 0.007204724409448820400, 0.05669291338582680600 ) ) ;
#2711 = PLANE ( 'NONE',  #2075 ) ;
#2712 = PRESENTATION_STYLE_ASSIGNMENT (( #11430 ) ) ;
#2713 = SURFACE_SIDE_STYLE ('',( #9129 ) ) ;
#2714 = LENGTH_MEASURE_WITH_UNIT ( LENGTH_MEASURE( 0.02539999999999999900 ), #6429 );
#2715 = FILL_AREA_STYLE_COLOUR ( '', #1803 ) ;
#2716 = FILL_AREA_STYLE_COLOUR ( '', #6339 ) ;
#2717 = FILL_AREA_STYLE_COLOUR ( '', #8890 ) ;
#2718 = SURFACE_SIDE_STYLE ('',( #10134 ) ) ;
#2719 = DIRECTION ( 'NONE',  ( -0.0000000000000000000, 0.0000000000000000000, -1.000000000000000000 ) ) ;
#2720 = FILL_AREA_STYLE_COLOUR ( '', #11657 ) ;
#2721 = LENGTH_MEASURE_WITH_UNIT ( LENGTH_MEASURE( 0.02539999999999999900 ), #12572 );
#2722 = CARTESIAN_POINT ( 'NONE',  ( 0.0000000000000000000, 0.0000000000000000000, 0.04291338582677133700 ) ) ;
#2723 = ORIENTED_EDGE ( 'NONE', *, *, #8491, .F. ) ;
#2724 = PRESENTATION_LAYER_ASSIGNMENT (  '', '', ( #1422 ) ) ;
#2725 = PRESENTATION_LAYER_ASSIGNMENT (  '', '', ( #1424 ) ) ;
#2726 = DIRECTION ( 'NONE',  ( 1.000000000000000000, -0.0000000000000000000, -8.232929642093732000E-016 ) ) ;
#2727 =( GEOMETRIC_REPRESENTATION_CONTEXT ( 3 ) GLOBAL_UNCERTAINTY_ASSIGNED_CONTEXT ( ( #4502 ) ) GLOBAL_UNIT_ASSIGNED_CONTEXT ( ( #3111, #9965, #4082 ) ) REPRESENTATION_CONTEXT ( 'NONE', 'WORKASPACE' ) );
#2728 = LENGTH_MEASURE_WITH_UNIT ( LENGTH_MEASURE( 0.02539999999999999900 ), #2236 );
#2729 = CARTESIAN_POINT ( 'NONE',  ( 0.02460629921260102500, 0.03149606299212598400, -0.05905511811023606000 ) ) ;
#2730 = SURFACE_SIDE_STYLE ('',( #10557 ) ) ;
#2731 = EDGE_CURVE ( 'NONE', #9519, #2369, #1441, .T. ) ;
#2732 = FILL_AREA_STYLE_COLOUR ( '', #595 ) ;
#2733 = FILL_AREA_STYLE ('',( #1764 ) ) ;
#2734 = COLOUR_RGB ( '',0.2509803921568627400, 0.2509803921568627400, 0.2509803921568627400 ) ;
#2735 = DIMENSIONAL_EXPONENTS ( 1.000000000000000000, 0.0000000000000000000, 0.0000000000000000000, 0.0000000000000000000, 0.0000000000000000000, 0.0000000000000000000, 0.0000000000000000000 ) ;
#2736 = SURFACE_STYLE_FILL_AREA ( #1606 ) ;
#2737 = FACE_OUTER_BOUND ( 'NONE', #5690, .T. ) ;
#2738 = SURFACE_STYLE_FILL_AREA ( #9568 ) ;
#2739 = VECTOR ( 'NONE', #12458, 39.37007874015748100 ) ;
#2740 = DIMENSIONAL_EXPONENTS ( 1.000000000000000000, 0.0000000000000000000, 0.0000000000000000000, 0.0000000000000000000, 0.0000000000000000000, 0.0000000000000000000, 0.0000000000000000000 ) ;
#2741 = COLOUR_RGB ( '',0.3529411764705882000, 0.3529411764705882000, 0.3529411764705882000 ) ;
#2742 = SURFACE_STYLE_USAGE ( .BOTH. , #8600 ) ;
#2743 = PRESENTATION_LAYER_ASSIGNMENT (  '', '', ( #1436 ) ) ;
#2744 =( GEOMETRIC_REPRESENTATION_CONTEXT ( 3 ) GLOBAL_UNCERTAINTY_ASSIGNED_CONTEXT ( ( #11088 ) ) GLOBAL_UNIT_ASSIGNED_CONTEXT ( ( #11948, #6066, #232 ) ) REPRESENTATION_CONTEXT ( 'NONE', 'WORKASPACE' ) );
#2745 = DIRECTION ( 'NONE',  ( -0.0000000000000000000, 0.0000000000000000000, -1.000000000000000000 ) ) ;
#2746 =( NAMED_UNIT ( * ) SI_UNIT ( $, .STERADIAN. ) SOLID_ANGLE_UNIT ( ) );
#2747 = LINE ( 'NONE', #7812, #7913 ) ;
#2748 = ORIENTED_EDGE ( 'NONE', *, *, #7404, .F. ) ;
#2749 = LINE ( 'NONE', #7580, #6571 ) ;
#2750 = DIRECTION ( 'NONE',  ( 3.425378178171707600E-015, -0.0000000000000000000, 1.000000000000000000 ) ) ;
#2751 = VECTOR ( 'NONE', #12507, 39.37007874015748100 ) ;
#2752 = VECTOR ( 'NONE', #5571, 39.37007874015748100 ) ;
#2753 = EDGE_CURVE ( 'NONE', #375, #9731, #4021, .T. ) ;
#2754 =( CONVERSION_BASED_UNIT ( 'INCH', #8375 ) LENGTH_UNIT ( ) NAMED_UNIT ( #8089 ) );
#2755 = ORIENTED_EDGE ( 'NONE', *, *, #12247, .F. ) ;
#2756 = FILL_AREA_STYLE ('',( #11499 ) ) ;
#2757 =( NAMED_UNIT ( * ) SI_UNIT ( $, .STERADIAN. ) SOLID_ANGLE_UNIT ( ) );
#2758 =( NAMED_UNIT ( * ) PLANE_ANGLE_UNIT ( ) SI_UNIT ( $, .RADIAN. ) );
#2759 =( NAMED_UNIT ( * ) SI_UNIT ( $, .STERADIAN. ) SOLID_ANGLE_UNIT ( ) );
#2760 = DIRECTION ( 'NONE',  ( -0.0000000000000000000, 0.0000000000000000000, -1.000000000000000000 ) ) ;
#2761 = COLOUR_RGB ( '',0.3529411764705882000, 0.3529411764705882000, 0.3529411764705882000 ) ;
#2762 =( GEOMETRIC_REPRESENTATION_CONTEXT ( 3 ) GLOBAL_UNCERTAINTY_ASSIGNED_CONTEXT ( ( #2764 ) ) GLOBAL_UNIT_ASSIGNED_CONTEXT ( ( #6053, #213, #7011 ) ) REPRESENTATION_CONTEXT ( 'NONE', 'WORKASPACE' ) );
#2763 = SURFACE_SIDE_STYLE ('',( #3572 ) ) ;
#2764 = UNCERTAINTY_MEASURE_WITH_UNIT (LENGTH_MEASURE( 1.000000000000000100E-005 ), #6053, 'distance_accuracy_value', 'NONE');
#2765 = VECTOR ( 'NONE', #6362, 39.37007874015748100 ) ;
#2766 = FILL_AREA_STYLE_COLOUR ( '', #7488 ) ;
#2767 = SURFACE_SIDE_STYLE ('',( #7293 ) ) ;
#2768 = DIRECTION ( 'NONE',  ( 3.907534698324850800E-014, 0.0000000000000000000, -1.000000000000000000 ) ) ;
#2769 = EDGE_CURVE ( 'NONE', #7727, #2266, #8919, .T. ) ;
#2770 = DIMENSIONAL_EXPONENTS ( 1.000000000000000000, 0.0000000000000000000, 0.0000000000000000000, 0.0000000000000000000, 0.0000000000000000000, 0.0000000000000000000, 0.0000000000000000000 ) ;
#2771 = DIRECTION ( 'NONE',  ( 0.0000000000000000000, -0.0000000000000000000, 1.000000000000000000 ) ) ;
#2772 =( CONVERSION_BASED_UNIT ( 'INCH', #5490 ) LENGTH_UNIT ( ) NAMED_UNIT ( #7849 ) );
#2773 = VECTOR ( 'NONE', #4228, 39.37007874015748100 ) ;
#2774 = ADVANCED_FACE ( 'NONE', ( #8622 ), #6855, .F. ) ;
#2776 = LENGTH_MEASURE_WITH_UNIT ( LENGTH_MEASURE( 0.02539999999999999900 ), #12617 );
#2775 = COLOUR_RGB ( '',0.3529411764705882000, 0.3529411764705882000, 0.3529411764705882000 ) ;
#2777 = DIRECTION ( 'NONE',  ( 6.982962677686265900E-015, -0.0000000000000000000, -1.000000000000000000 ) ) ;
#2778 = PLANE ( 'NONE',  #7805 ) ;
#2779 = PRESENTATION_LAYER_ASSIGNMENT (  '', '', ( #1472 ) ) ;
#2780 = DIRECTION ( 'NONE',  ( -0.0000000000000000000, 0.0000000000000000000, -1.000000000000000000 ) ) ;
#2781 = FACE_OUTER_BOUND ( 'NONE', #6494, .T. ) ;
#2782 = LINE ( 'NONE', #3804, #193 ) ;
#2783 =( LENGTH_UNIT ( ) NAMED_UNIT ( * ) SI_UNIT ( $, .METRE. ) );
#2784 = MECHANICAL_DESIGN_GEOMETRIC_PRESENTATION_REPRESENTATION (  '', ( #858 ), #3446 ) ;
#2785 = DIRECTION ( 'NONE',  ( -1.309156885088692300E-017, -0.0000000000000000000, 1.000000000000000000 ) ) ;
#2786 =( NAMED_UNIT ( * ) PLANE_ANGLE_UNIT ( ) SI_UNIT ( $, .RADIAN. ) );
#2787 = ORIENTED_EDGE ( 'NONE', *, *, #7833, .F. ) ;
#2788 = PLANE ( 'NONE',  #11761 ) ;
#2789 = DIRECTION ( 'NONE',  ( 5.588988455919166100E-015, 0.0000000000000000000, -1.000000000000000000 ) ) ;
#2790 = LINE ( 'NONE', #11841, #12607 ) ;
#2791 = SURFACE_STYLE_FILL_AREA ( #2124 ) ;
#2792 = VECTOR ( 'NONE', #9623, 39.37007874015748100 ) ;
#2793 = CARTESIAN_POINT ( 'NONE',  ( 0.004921259842519689300, 0.001181102362204723500, 0.04291338582677166300 ) ) ;
#2794 = PLANE ( 'NONE',  #12598 ) ;
#2795 = FILL_AREA_STYLE_COLOUR ( '', #8032 ) ;
#2796 = PRESENTATION_LAYER_ASSIGNMENT (  '', '', ( #1495 ) ) ;
#2797 = MECHANICAL_DESIGN_GEOMETRIC_PRESENTATION_REPRESENTATION (  '', ( #872 ), #3459 ) ;
#2798 = DIRECTION ( 'NONE',  ( -1.000000000000000000, -0.0000000000000000000, 0.0000000000000000000 ) ) ;
#2800 = EDGE_LOOP ( 'NONE', ( #6333, #505, #1927, #12463 ) ) ;
#2799 = PLANE ( 'NONE',  #11971 ) ;
#2801 = CARTESIAN_POINT ( 'NONE',  ( -0.004921259842522249800, 0.001181102362204724400, 0.0000000000000000000 ) ) ;
#2802 = ORIENTED_EDGE ( 'NONE', *, *, #2352, .T. ) ;
#2803 = VECTOR ( 'NONE', #8279, 39.37007874015748100 ) ;
#2804 = DIRECTION ( 'NONE',  ( 5.511545443598771800E-015, 0.0000000000000000000, -1.000000000000000000 ) ) ;
#2805 =( GEOMETRIC_REPRESENTATION_CONTEXT ( 3 ) GLOBAL_UNCERTAINTY_ASSIGNED_CONTEXT ( ( #4142 ) ) GLOBAL_UNIT_ASSIGNED_CONTEXT ( ( #10236, #4360, #11223 ) ) REPRESENTATION_CONTEXT ( 'NONE', 'WORKASPACE' ) );
#2806 = EDGE_CURVE ( 'NONE', #12396, #640, #5087, .T. ) ;
#2807 = PLANE ( 'NONE',  #7016 ) ;
#2808 = SURFACE_STYLE_USAGE ( .BOTH. , #8671 ) ;
#2809 = DIRECTION ( 'NONE',  ( -0.7071067811865523500, 0.0000000000000000000, 0.7071067811865425800 ) ) ;
#2810 = ORIENTED_EDGE ( 'NONE', *, *, #1557, .F. ) ;
#2811 = SURFACE_STYLE_FILL_AREA ( #11058 ) ;
#2812 = PRESENTATION_LAYER_ASSIGNMENT (  '', '', ( #1510 ) ) ;
#2813 =( GEOMETRIC_REPRESENTATION_CONTEXT ( 3 ) GLOBAL_UNCERTAINTY_ASSIGNED_CONTEXT ( ( #8224 ) ) GLOBAL_UNIT_ASSIGNED_CONTEXT ( ( #1566, #8385, #2543 ) ) REPRESENTATION_CONTEXT ( 'NONE', 'WORKASPACE' ) );
#2814 =( CONVERSION_BASED_UNIT ( 'INCH', #9134 ) LENGTH_UNIT ( ) NAMED_UNIT ( #3389 ) );
#2815 = EDGE_LOOP ( 'NONE', ( #11274, #9245, #7516, #11294 ) ) ;
#2816 = MECHANICAL_DESIGN_GEOMETRIC_PRESENTATION_REPRESENTATION (  '', ( #893 ), #3478 ) ;
#2817 = VERTEX_POINT ( 'NONE', #8884 ) ;
#2818 = FILL_AREA_STYLE ('',( #9690 ) ) ;
#2819 = ORIENTED_EDGE ( 'NONE', *, *, #2215, .T. ) ;
#2820 = UNCERTAINTY_MEASURE_WITH_UNIT (LENGTH_MEASURE( 1.000000000000000100E-005 ), #11737, 'distance_accuracy_value', 'NONE');
#2821 = LINE ( 'NONE', #5707, #5099 ) ;
#2822 = SURFACE_STYLE_USAGE ( .BOTH. , #8682 ) ;
#2823 = SURFACE_STYLE_USAGE ( .BOTH. , #8686 ) ;
#2824 = CARTESIAN_POINT ( 'NONE',  ( -0.05669291338582688200, 0.007204724409448820400, 0.02460629921259822900 ) ) ;
#2825 = ORIENTED_EDGE ( 'NONE', *, *, #7582, .T. ) ;
#2826 = FILL_AREA_STYLE ('',( #904 ) ) ;
#2827 = ORIENTED_EDGE ( 'NONE', *, *, #4658, .F. ) ;
#2828 = PRESENTATION_STYLE_ASSIGNMENT (( #2702 ) ) ;
#2829 = ORIENTED_EDGE ( 'NONE', *, *, #12208, .T. ) ;
#2830 = EDGE_LOOP ( 'NONE', ( #8740, #3258, #5083, #12014 ) ) ;
#2831 = VERTEX_POINT ( 'NONE', #2041 ) ;
#2832 = PRESENTATION_STYLE_ASSIGNMENT (( #8389 ) ) ;
#2833 = DIRECTION ( 'NONE',  ( 1.000000000000000000, 0.0000000000000000000, -4.292739916162992000E-015 ) ) ;
#2834 =( GEOMETRIC_REPRESENTATION_CONTEXT ( 3 ) GLOBAL_UNCERTAINTY_ASSIGNED_CONTEXT ( ( #110 ) ) GLOBAL_UNIT_ASSIGNED_CONTEXT ( ( #12213, #6330, #498 ) ) REPRESENTATION_CONTEXT ( 'NONE', 'WORKASPACE' ) );
#2835 = AXIS2_PLACEMENT_3D ( 'NONE', #7612, #1793, #8619 ) ;
#2836 = ADVANCED_FACE ( 'NONE', ( #12623 ), #9886, .F. ) ;
#2837 = VERTEX_POINT ( 'NONE', #2083 ) ;
#2838 = CARTESIAN_POINT ( 'NONE',  ( 0.02460629921260094500, 0.0000000000000000000, -0.04291338582677133000 ) ) ;
#2839 = SURFACE_SIDE_STYLE ('',( #1237 ) ) ;
#2840 = DIRECTION ( 'NONE',  ( -0.0000000000000000000, 0.0000000000000000000, -1.000000000000000000 ) ) ;
#2841 =( CONVERSION_BASED_UNIT ( 'INCH', #9409 ) LENGTH_UNIT ( ) NAMED_UNIT ( #11349 ) );
#2842 = DIRECTION ( 'NONE',  ( -1.000000000000000000, 0.0000000000000000000, 3.425378178171707600E-015 ) ) ;
#2843 = EDGE_LOOP ( 'NONE', ( #5429, #10913, #4030, #8270 ) ) ;
#2844 = LENGTH_MEASURE_WITH_UNIT ( LENGTH_MEASURE( 0.02539999999999999900 ), #4210 );
#2845 = EDGE_LOOP ( 'NONE', ( #3485, #2947, #11583, #10250 ) ) ;
#2846 = VERTEX_POINT ( 'NONE', #10903 ) ;
#2847 = PRESENTATION_STYLE_ASSIGNMENT (( #1733 ) ) ;
#2848 = SURFACE_SIDE_STYLE ('',( #11504 ) ) ;
#2849 = CARTESIAN_POINT ( 'NONE',  ( -0.04291338582677155200, 0.001181102362204724400, -0.03444881889763817100 ) ) ;
#2850 = PRESENTATION_LAYER_ASSIGNMENT (  '', '', ( #1547 ) ) ;
#2851 = EDGE_LOOP ( 'NONE', ( #8838, #11406, #11873, #7171 ) ) ;
#2852 = DIRECTION ( 'NONE',  ( 0.0000000000000000000, 1.000000000000000000, 0.0000000000000000000 ) ) ;
#2853 = SURFACE_SIDE_STYLE ('',( #2274 ) ) ;
#2854 = SURFACE_STYLE_FILL_AREA ( #11082 ) ;
#2855 = LINE ( 'NONE', #7539, #264 ) ;
#2856 = ORIENTED_EDGE ( 'NONE', *, *, #3851, .T. ) ;
#2857 = SURFACE_STYLE_USAGE ( .BOTH. , #8720 ) ;
#2858 = DIRECTION ( 'NONE',  ( -3.549286997887197300E-015, 0.0000000000000000000, -1.000000000000000000 ) ) ;
#2859 = VECTOR ( 'NONE', #4561, 39.37007874015748100 ) ;
#2860 = EDGE_CURVE ( 'NONE', #4757, #1449, #3885, .T. ) ;
#2861 = DIMENSIONAL_EXPONENTS ( 1.000000000000000000, 0.0000000000000000000, 0.0000000000000000000, 0.0000000000000000000, 0.0000000000000000000, 0.0000000000000000000, 0.0000000000000000000 ) ;
#2862 = EDGE_CURVE ( 'NONE', #426, #9387, #1291, .T. ) ;
#2863 = DIMENSIONAL_EXPONENTS ( 1.000000000000000000, 0.0000000000000000000, 0.0000000000000000000, 0.0000000000000000000, 0.0000000000000000000, 0.0000000000000000000, 0.0000000000000000000 ) ;
#2864 = EDGE_CURVE ( 'NONE', #246, #10473, #6160, .T. ) ;
#2865 = ORIENTED_EDGE ( 'NONE', *, *, #5414, .F. ) ;
#2866 = FILL_AREA_STYLE ('',( #7724 ) ) ;
#2867 = ORIENTED_EDGE ( 'NONE', *, *, #7900, .F. ) ;
#2868 =( NAMED_UNIT ( * ) SI_UNIT ( $, .STERADIAN. ) SOLID_ANGLE_UNIT ( ) );
#2869 =( CONVERSION_BASED_UNIT ( 'INCH', #10848 ) LENGTH_UNIT ( ) NAMED_UNIT ( #2575 ) );
#2870 = LINE ( 'NONE', #537, #8045 ) ;
#2871 = PRESENTATION_LAYER_ASSIGNMENT (  '', '', ( #1568 ) ) ;
#2872 = CARTESIAN_POINT ( 'NONE',  ( -0.05669291338582691700, 0.007204724409448820400, 0.03444881889763760200 ) ) ;
#2873 = DIMENSIONAL_EXPONENTS ( 1.000000000000000000, 0.0000000000000000000, 0.0000000000000000000, 0.0000000000000000000, 0.0000000000000000000, 0.0000000000000000000, 0.0000000000000000000 ) ;
#2874 = DIRECTION ( 'NONE',  ( -1.000000000000000000, 0.0000000000000000000, -6.982962677686265900E-015 ) ) ;
#2875 = AXIS2_PLACEMENT_3D ( 'NONE', #8426, #2576, #9436 ) ;
#2876 =( NAMED_UNIT ( * ) PLANE_ANGLE_UNIT ( ) SI_UNIT ( $, .RADIAN. ) );
#2877 = EDGE_CURVE ( 'NONE', #879, #4829, #11386, .T. ) ;
#2878 = ORIENTED_EDGE ( 'NONE', *, *, #4027, .F. ) ;
#2879 = PRESENTATION_STYLE_ASSIGNMENT (( #4191 ) ) ;
#2880 = CARTESIAN_POINT ( 'NONE',  ( 0.02460629921259888500, 0.001181102362204724400, 0.04291338582677168400 ) ) ;
#2881 = LENGTH_MEASURE_WITH_UNIT ( LENGTH_MEASURE( 0.02539999999999999900 ), #4781 );
#2882 = CARTESIAN_POINT ( 'NONE',  ( 0.0000000000000000000, 0.001181102362204724400, 0.0000000000000000000 ) ) ;
#2883 = LINE ( 'NONE', #5963, #8056 ) ;
#2884 = FILL_AREA_STYLE_COLOUR ( '', #6445 ) ;
#2885 = DIRECTION ( 'NONE',  ( -0.0000000000000000000, -1.000000000000000000, 0.0000000000000000000 ) ) ;
#2886 =( GEOMETRIC_REPRESENTATION_CONTEXT ( 3 ) GLOBAL_UNCERTAINTY_ASSIGNED_CONTEXT ( ( #9926 ) ) GLOBAL_UNIT_ASSIGNED_CONTEXT ( ( #11441, #5572, #12438 ) ) REPRESENTATION_CONTEXT ( 'NONE', 'WORKASPACE' ) );
#2887 =( GEOMETRIC_REPRESENTATION_CONTEXT ( 3 ) GLOBAL_UNCERTAINTY_ASSIGNED_CONTEXT ( ( #5583 ) ) GLOBAL_UNIT_ASSIGNED_CONTEXT ( ( #2772, #9645, #3772 ) ) REPRESENTATION_CONTEXT ( 'NONE', 'WORKASPACE' ) );
#2888 = DIRECTION ( 'NONE',  ( 0.0000000000000000000, -0.0000000000000000000, 1.000000000000000000 ) ) ;
#2889 = MECHANICAL_DESIGN_GEOMETRIC_PRESENTATION_REPRESENTATION (  '', ( #957 ), #3568 ) ;
#2890 = DIMENSIONAL_EXPONENTS ( 1.000000000000000000, 0.0000000000000000000, 0.0000000000000000000, 0.0000000000000000000, 0.0000000000000000000, 0.0000000000000000000, 0.0000000000000000000 ) ;
#2891 = PLANE ( 'NONE',  #9909 ) ;
#2892 = VECTOR ( 'NONE', #1622, 39.37007874015748100 ) ;
#2893 = SURFACE_STYLE_FILL_AREA ( #4461 ) ;
#2894 = ADVANCED_FACE ( 'NONE', ( #3586 ), #5071, .F. ) ;
#2895 = CARTESIAN_POINT ( 'NONE',  ( -0.004921259842519285100, 0.007204724409448820400, -0.05669291338582683300 ) ) ;
#2896 =( NAMED_UNIT ( * ) SI_UNIT ( $, .STERADIAN. ) SOLID_ANGLE_UNIT ( ) );
#2897 = ORIENTED_EDGE ( 'NONE', *, *, #9179, .F. ) ;
#2898 = VECTOR ( 'NONE', #8555, 39.37007874015748100 ) ;
#2899 = SURFACE_STYLE_FILL_AREA ( #12047 ) ;
#2900 = COLOUR_RGB ( '',1.000000000000000000, 1.000000000000000000, 1.000000000000000000 ) ;
#2901 = DIRECTION ( 'NONE',  ( -0.0000000000000000000, -1.000000000000000000, -0.0000000000000000000 ) ) ;
#2903 = SURFACE_STYLE_FILL_AREA ( #9074 ) ;
#2902 = LINE ( 'NONE', #2511, #321 ) ;
#2904 = AXIS2_PLACEMENT_3D ( 'NONE', #2291, #9140, #3287 ) ;
#2905 = AXIS2_PLACEMENT_3D ( 'NONE', #763, #7545, #1728 ) ;
#2906 = MECHANICAL_DESIGN_GEOMETRIC_PRESENTATION_REPRESENTATION (  '', ( #1602 ), #3585 ) ;
#2907 =( LENGTH_UNIT ( ) NAMED_UNIT ( * ) SI_UNIT ( $, .METRE. ) );
#2908 = VECTOR ( 'NONE', #509, 39.37007874015748100 ) ;
#2909 = COLOUR_RGB ( '',0.3529411764705882000, 0.3529411764705882000, 0.3529411764705882000 ) ;
#2910 =( NAMED_UNIT ( * ) PLANE_ANGLE_UNIT ( ) SI_UNIT ( $, .RADIAN. ) );
#2911 = FILL_AREA_STYLE_COLOUR ( '', #7611 ) ;
#2912 = EDGE_LOOP ( 'NONE', ( #11557, #5689, #7099, #11685 ) ) ;
#2913 = FACE_BOUND ( 'NONE', #8912, .T. ) ;
#2914 = ORIENTED_EDGE ( 'NONE', *, *, #712, .T. ) ;
#2915 = EDGE_LOOP ( 'NONE', ( #11272, #5457, #4936, #8663 ) ) ;
#2916 = PLANE ( 'NONE',  #6891 ) ;
#2917 = ORIENTED_EDGE ( 'NONE', *, *, #6452, .F. ) ;
#2918 = VERTEX_POINT ( 'NONE', #4088 ) ;
#2919 = UNCERTAINTY_MEASURE_WITH_UNIT (LENGTH_MEASURE( 1.000000000000000100E-005 ), #4090, 'distance_accuracy_value', 'NONE');
#2920 = VECTOR ( 'NONE', #5293, 39.37007874015748100 ) ;
#2921 = PLANE ( 'NONE',  #9863 ) ;
#2922 = EDGE_CURVE ( 'NONE', #8308, #7309, #2338, .T. ) ;
#2923 = VECTOR ( 'NONE', #9144, 39.37007874015748100 ) ;
#2924 =( CONVERSION_BASED_UNIT ( 'INCH', #8559 ) LENGTH_UNIT ( ) NAMED_UNIT ( #3779 ) );
#2925 = CLOSED_SHELL ( 'NONE', ( #8277, #2894, #12483, #12291, #11573, #6166, #7869, #4310, #2383, #2326, #12420, #10228, #4368, #548, #544, #12017, #9389, #3290, #11885, #12156, #9257, #7747, #2189, #6850, #7626, #3991, #8673, #1630, #5785, #2131, #11255, #6617, #6427, #6420, #8401, #12090, #5264, #11190, #1433, #8991, #10860, #9729, #10482, #9779, #5134, #10354, #6672, #12356, #3294, #8471, #2394, #5325, #1502, #4709, #9663, #8139, #4038, #8199, #12221, #8335, #620, #5266, #12224, #488, #4446, #9393, #5533, #6550, #10535, #2774, #10989, #11050, #6225, #1874 ) ) ;
#2926 =( NAMED_UNIT ( * ) SI_UNIT ( $, .STERADIAN. ) SOLID_ANGLE_UNIT ( ) );
#2927 =( GEOMETRIC_REPRESENTATION_CONTEXT ( 3 ) GLOBAL_UNCERTAINTY_ASSIGNED_CONTEXT ( ( #3201 ) ) GLOBAL_UNIT_ASSIGNED_CONTEXT ( ( #10027, #4154, #11007 ) ) REPRESENTATION_CONTEXT ( 'NONE', 'WORKASPACE' ) );
#2928 = FILL_AREA_STYLE_COLOUR ( '', #9527 ) ;
#2929 = AXIS2_PLACEMENT_3D ( 'NONE', #5626, #12496, #6605 ) ;
#2930 = CARTESIAN_POINT ( 'NONE',  ( -0.05669291338582691700, -0.01693371115559762200, 0.03444881889763758800 ) ) ;
#2931 = VECTOR ( 'NONE', #2771, 39.37007874015748100 ) ;
#2932 = UNCERTAINTY_MEASURE_WITH_UNIT (LENGTH_MEASURE( 1.000000000000000100E-005 ), #10870, 'distance_accuracy_value', 'NONE');
#2933 = LINE ( 'NONE', #8530, #5534 ) ;
#2934 = LINE ( 'NONE', #8645, #10443 ) ;
#2935 = SURFACE_STYLE_USAGE ( .BOTH. , #8791 ) ;
#2936 = EDGE_CURVE ( 'NONE', #6637, #10291, #9854, .T. ) ;
#2937 = UNCERTAINTY_MEASURE_WITH_UNIT (LENGTH_MEASURE( 1.000000000000000100E-005 ), #3683, 'distance_accuracy_value', 'NONE');
#2938 = EDGE_CURVE ( 'NONE', #4049, #11090, #12467, .T. ) ;
#2939 = SURFACE_STYLE_USAGE ( .BOTH. , #8799 ) ;
#2940 = VECTOR ( 'NONE', #4851, 39.37007874015748100 ) ;
#2941 = COLOUR_RGB ( '',0.9686274509803921600, 0.8784313725490196000, 0.5999999999999999800 ) ;
#2942 = PRESENTATION_STYLE_ASSIGNMENT (( #8531 ) ) ;
#2943 =( CONVERSION_BASED_UNIT ( 'INCH', #11594 ) LENGTH_UNIT ( ) NAMED_UNIT ( #6328 ) );
#2944 = PLANE ( 'NONE',  #5625 ) ;
#2945 = PRESENTATION_STYLE_ASSIGNMENT (( #10625 ) ) ;
#2946 = ORIENTED_EDGE ( 'NONE', *, *, #2197, .T. ) ;
#2947 = ORIENTED_EDGE ( 'NONE', *, *, #9432, .T. ) ;
#2948 = VERTEX_POINT ( 'NONE', #4175 ) ;
#2949 = DIRECTION ( 'NONE',  ( -0.0000000000000000000, -1.000000000000000000, -0.0000000000000000000 ) ) ;
#2950 = CARTESIAN_POINT ( 'NONE',  ( 0.01476377952755943700, 0.007204724409448820400, -0.05669291338582670100 ) ) ;
#2951 = COLOUR_RGB ( '',0.2509803921568627400, 0.2509803921568627400, 0.2509803921568627400 ) ;
#2952 = AXIS2_PLACEMENT_3D ( 'NONE', #2566, #9425, #3570 ) ;
#2953 = PLANE ( 'NONE',  #7767 ) ;
#2954 = PRESENTATION_STYLE_ASSIGNMENT (( #2185 ) ) ;
#2955 = DIRECTION ( 'NONE',  ( -1.000000000000000000, 0.0000000000000000000, -2.646153987744243500E-015 ) ) ;
#2956 =( NAMED_UNIT ( * ) SI_UNIT ( $, .STERADIAN. ) SOLID_ANGLE_UNIT ( ) );
#2957 = VERTEX_POINT ( 'NONE', #5114 ) ;
#2958 = ADVANCED_FACE ( 'NONE', ( #2028 ), #2210, .T. ) ;
#2959 = VECTOR ( 'NONE', #12144, 39.37007874015748100 ) ;
#2960 = ORIENTED_EDGE ( 'NONE', *, *, #3355, .F. ) ;
#2961 = CARTESIAN_POINT ( 'NONE',  ( -0.04291338582677179500, 0.0000000000000000000, 0.03444881889763765800 ) ) ;
#2962 = LINE ( 'NONE', #11686, #10475 ) ;
#2963 = LENGTH_MEASURE_WITH_UNIT ( LENGTH_MEASURE( 0.02539999999999999900 ), #7769 );
#2964 = AXIS2_PLACEMENT_3D ( 'NONE', #6060, #223, #7024 ) ;
#2965 = MECHANICAL_DESIGN_GEOMETRIC_PRESENTATION_REPRESENTATION (  '', ( #1021 ), #3641 ) ;
#2966 =( NAMED_UNIT ( * ) PLANE_ANGLE_UNIT ( ) SI_UNIT ( $, .RADIAN. ) );
#2967 = DIRECTION ( 'NONE',  ( 1.000000000000000000, -0.0000000000000000000, 1.180052651401704400E-013 ) ) ;
#2968 = CARTESIAN_POINT ( 'NONE',  ( -0.05905511811023663600, 0.03149606299212598400, 0.05905511811023582400 ) ) ;
#2969 = AXIS2_PLACEMENT_3D ( 'NONE', #7070, #1267, #8060 ) ;
#2970 = EDGE_CURVE ( 'NONE', #5819, #3628, #6904, .T. ) ;
#2971 = FACE_OUTER_BOUND ( 'NONE', #6937, .T. ) ;
#2972 = SURFACE_SIDE_STYLE ('',( #10242 ) ) ;
#2973 = ORIENTED_EDGE ( 'NONE', *, *, #9179, .T. ) ;
#2974 = ORIENTED_EDGE ( 'NONE', *, *, #6537, .F. ) ;
#2975 = UNCERTAINTY_MEASURE_WITH_UNIT (LENGTH_MEASURE( 1.000000000000000100E-005 ), #6385, 'distance_accuracy_value', 'NONE');
#2976 = LINE ( 'NONE', #5582, #2671 ) ;
#2977 =( CONVERSION_BASED_UNIT ( 'INCH', #7788 ) LENGTH_UNIT ( ) NAMED_UNIT ( #10943 ) );
#2978 = SURFACE_STYLE_USAGE ( .BOTH. , #8835 ) ;
#2979 = CARTESIAN_POINT ( 'NONE',  ( 0.02460629921259843400, 0.001181102362204723500, 0.05669291338582680600 ) ) ;
#2980 = AXIS2_PLACEMENT_3D ( 'NONE', #11281, #5396, #12271 ) ;
#2981 = AXIS2_PLACEMENT_3D ( 'NONE', #3941, #10785, #4927 ) ;
#2982 = STYLED_ITEM ( 'NONE', ( #3608 ), #11573 ) ;
#2983 = ORIENTED_EDGE ( 'NONE', *, *, #9865, .T. ) ;
#2984 = DIMENSIONAL_EXPONENTS ( 1.000000000000000000, 0.0000000000000000000, 0.0000000000000000000, 0.0000000000000000000, 0.0000000000000000000, 0.0000000000000000000, 0.0000000000000000000 ) ;
#2985 = EDGE_LOOP ( 'NONE', ( #9440, #5272, #570, #10060 ) ) ;
#2986 = PRESENTATION_STYLE_ASSIGNMENT (( #5316 ) ) ;
#2987 = SURFACE_STYLE_USAGE ( .BOTH. , #8842 ) ;
#2988 =( CONVERSION_BASED_UNIT ( 'INCH', #5871 ) LENGTH_UNIT ( ) NAMED_UNIT ( #12514 ) );
#2989 = EDGE_CURVE ( 'NONE', #12529, #10334, #12151, .T. ) ;
#2990 = CARTESIAN_POINT ( 'NONE',  ( -0.05669291338582694400, 0.007204724409448820400, 0.04429133858267697600 ) ) ;
#2991 = FILL_AREA_STYLE_COLOUR ( '', #3507 ) ;
#2992 = ORIENTED_EDGE ( 'NONE', *, *, #1174, .F. ) ;
#2993 =( NAMED_UNIT ( * ) PLANE_ANGLE_UNIT ( ) SI_UNIT ( $, .RADIAN. ) );
#2994 =( CONVERSION_BASED_UNIT ( 'INCH', #9835 ) LENGTH_UNIT ( ) NAMED_UNIT ( #5527 ) );
#2995 = MECHANICAL_DESIGN_GEOMETRIC_PRESENTATION_REPRESENTATION (  '', ( #1708 ), #3679 ) ;
#2996 = DIMENSIONAL_EXPONENTS ( 1.000000000000000000, 0.0000000000000000000, 0.0000000000000000000, 0.0000000000000000000, 0.0000000000000000000, 0.0000000000000000000, 0.0000000000000000000 ) ;
#2997 = VECTOR ( 'NONE', #2165, 39.37007874015748100 ) ;
#2998 = CARTESIAN_POINT ( 'NONE',  ( 0.05669291338582672200, 0.007204724409448820400, -0.01476377952755926100 ) ) ;
#2999 = ORIENTED_EDGE ( 'NONE', *, *, #7692, .F. ) ;
#3000 = FACE_OUTER_BOUND ( 'NONE', #11245, .T. ) ;
#3001 = ORIENTED_EDGE ( 'NONE', *, *, #1861, .T. ) ;
#3002 =( NAMED_UNIT ( * ) PLANE_ANGLE_UNIT ( ) SI_UNIT ( $, .RADIAN. ) );
#3003 = UNCERTAINTY_MEASURE_WITH_UNIT (LENGTH_MEASURE( 1.000000000000000100E-005 ), #3702, 'distance_accuracy_value', 'NONE');
#3004 = CARTESIAN_POINT ( 'NONE',  ( 0.01476377952755936400, 0.0000000000000000000, 0.0000000000000000000 ) ) ;
#3005 = ORIENTED_EDGE ( 'NONE', *, *, #4329, .T. ) ;
#3006 =( LENGTH_UNIT ( ) NAMED_UNIT ( * ) SI_UNIT ( $, .METRE. ) );
#3007 = EDGE_CURVE ( 'NONE', #11352, #8939, #5702, .T. ) ;
#3008 = PRESENTATION_STYLE_ASSIGNMENT (( #11861 ) ) ;
#3009 = SURFACE_STYLE_FILL_AREA ( #5462 ) ;
#3010 = CARTESIAN_POINT ( 'NONE',  ( 0.0000000000000000000, 0.004133858267716536200, 0.05669291338582657000 ) ) ;
#3011 = AXIS2_PLACEMENT_3D ( 'NONE', #9059, #3205, #10054 ) ;
#3012 = PRESENTATION_LAYER_ASSIGNMENT (  '', '', ( #1729 ) ) ;
#3013 = DIMENSIONAL_EXPONENTS ( 1.000000000000000000, 0.0000000000000000000, 0.0000000000000000000, 0.0000000000000000000, 0.0000000000000000000, 0.0000000000000000000, 0.0000000000000000000 ) ;
#3014 = CARTESIAN_POINT ( 'NONE',  ( -0.02460629921260021000, 0.001181102362204724400, 0.0000000000000000000 ) ) ;
#3015 = DIRECTION ( 'NONE',  ( 0.0000000000000000000, 1.000000000000000000, 0.0000000000000000000 ) ) ;
#3016 = CARTESIAN_POINT ( 'NONE',  ( -0.02460629921259813200, -0.01693371115559762200, -0.04291338582677183700 ) ) ;
#3017 = UNCERTAINTY_MEASURE_WITH_UNIT (LENGTH_MEASURE( 1.000000000000000100E-005 ), #5439, 'distance_accuracy_value', 'NONE');
#3018 = ADVANCED_FACE ( 'NONE', ( #521 ), #7824, .F. ) ;
#3019 = SURFACE_STYLE_USAGE ( .BOTH. , #8877 ) ;
#3020 = CARTESIAN_POINT ( 'NONE',  ( -0.05669291338582658400, 0.007204724409448820400, -0.004921259842522323500 ) ) ;
#3021 = EDGE_CURVE ( 'NONE', #3781, #8871, #9380, .T. ) ;
#3022 = CARTESIAN_POINT ( 'NONE',  ( -0.04494350380682998100, 0.02755905511811023600, -0.04494350380683059800 ) ) ;
#3023 = VERTEX_POINT ( 'NONE', #2033 ) ;
#3024 = PRESENTATION_LAYER_ASSIGNMENT (  '', '', ( #1738 ) ) ;
#3025 = LENGTH_MEASURE_WITH_UNIT ( LENGTH_MEASURE( 0.02539999999999999900 ), #11198 );
#3026 = PRESENTATION_STYLE_ASSIGNMENT (( #3351 ) ) ;
#3027 = COLOUR_RGB ( '',0.9686274509803921600, 0.8784313725490196000, 0.5999999999999999800 ) ;
#3028 = FACE_OUTER_BOUND ( 'NONE', #7400, .T. ) ;
#3029 = FILL_AREA_STYLE ('',( #11770 ) ) ;
#3030 = VERTEX_POINT ( 'NONE', #9877 ) ;
#3031 = PLANE ( 'NONE',  #11745 ) ;
#3032 = CARTESIAN_POINT ( 'NONE',  ( 0.05669291338582677800, 0.001181102362204723300, -0.004921259842519878400 ) ) ;
#3033 = LINE ( 'NONE', #12023, #5642 ) ;
#3034 = FACE_OUTER_BOUND ( 'NONE', #1674, .T. ) ;
#3035 = AXIS2_PLACEMENT_3D ( 'NONE', #3675, #10505, #4654 ) ;
#3036 = DIRECTION ( 'NONE',  ( 0.0000000000000000000, 1.000000000000000000, 0.0000000000000000000 ) ) ;
#3037 = UNCERTAINTY_MEASURE_WITH_UNIT (LENGTH_MEASURE( 1.000000000000000100E-005 ), #3916, 'distance_accuracy_value', 'NONE');
#3038 = PRESENTATION_LAYER_ASSIGNMENT (  '', '', ( #1748 ) ) ;
#3039 = SURFACE_SIDE_STYLE ('',( #10288 ) ) ;
#3040 = LINE ( 'NONE', #2, #10543 ) ;
#3041 = ORIENTED_EDGE ( 'NONE', *, *, #11227, .F. ) ;
#3042 =( GEOMETRIC_REPRESENTATION_CONTEXT ( 3 ) GLOBAL_UNCERTAINTY_ASSIGNED_CONTEXT ( ( #10975 ) ) GLOBAL_UNIT_ASSIGNED_CONTEXT ( ( #150, #6952, #1136 ) ) REPRESENTATION_CONTEXT ( 'NONE', 'WORKASPACE' ) );
#3043 =( CONVERSION_BASED_UNIT ( 'INCH', #12266 ) LENGTH_UNIT ( ) NAMED_UNIT ( #6701 ) );
#3044 = ORIENTED_EDGE ( 'NONE', *, *, #6132, .T. ) ;
#3045 = EDGE_CURVE ( 'NONE', #9447, #9861, #4477, .T. ) ;
#3046 =( NAMED_UNIT ( * ) PLANE_ANGLE_UNIT ( ) SI_UNIT ( $, .RADIAN. ) );
#3047 = CARTESIAN_POINT ( 'NONE',  ( -0.004921259842522326100, 0.007204724409448820400, 0.05669291338582657000 ) ) ;
#3048 = VERTEX_POINT ( 'NONE', #1074 ) ;
#3050 = LINE ( 'NONE', #2409, #4112 ) ;
#3049 = LINE ( 'NONE', #2687, #8236 ) ;
#3051 = LINE ( 'NONE', #3618, #2752 ) ;
#3052 = AXIS2_PLACEMENT_3D ( 'NONE', #8922, #3071, #9928 ) ;
#3053 = AXIS2_PLACEMENT_3D ( 'NONE', #12095, #6218, #386 ) ;
#3054 = FILL_AREA_STYLE ('',( #8868 ) ) ;
#3055 = STYLED_ITEM ( 'NONE', ( #5714 ), #11190 ) ;
#3056 = VERTEX_POINT ( 'NONE', #10843 ) ;
#3057 = PLANE ( 'NONE',  #8990 ) ;
#3058 =( NAMED_UNIT ( * ) PLANE_ANGLE_UNIT ( ) SI_UNIT ( $, .RADIAN. ) );
#3059 = ORIENTED_EDGE ( 'NONE', *, *, #11477, .T. ) ;
#3060 = CARTESIAN_POINT ( 'NONE',  ( -0.05669291338582568100, 0.007204724409448820400, -0.02460629921260102200 ) ) ;
#3061 = LINE ( 'NONE', #6451, #7930 ) ;
#3062 = SURFACE_STYLE_FILL_AREA ( #10933 ) ;
#3063 = LINE ( 'NONE', #5937, #483 ) ;
#3064 = LINE ( 'NONE', #2393, #484 ) ;
#3066 = VECTOR ( 'NONE', #11871, 39.37007874015748100 ) ;
#3065 = LINE ( 'NONE', #11253, #2765 ) ;
#3067 = DIRECTION ( 'NONE',  ( -0.0000000000000000000, -1.000000000000000000, -0.0000000000000000000 ) ) ;
#3068 = COLOUR_RGB ( '',0.9686274509803921600, 0.8784313725490196000, 0.5999999999999999800 ) ;
#3069 = DIRECTION ( 'NONE',  ( -6.982962677686265900E-015, 0.0000000000000000000, 1.000000000000000000 ) ) ;
#3070 = LENGTH_MEASURE_WITH_UNIT ( LENGTH_MEASURE( 0.02539999999999999900 ), #2451 );
#3071 = DIRECTION ( 'NONE',  ( 1.000000000000000000, -0.0000000000000000000, 4.406877378073675000E-017 ) ) ;
#3072 = MECHANICAL_DESIGN_GEOMETRIC_PRESENTATION_REPRESENTATION (  '', ( #1777 ), #3743 ) ;
#3073 = MANIFOLD_SOLID_BREP ( 'Boss-Extrude2[14]', #11463 ) ;
#3074 = LINE ( 'NONE', #11035, #497 ) ;
#3075 = STYLED_ITEM ( 'NONE', ( #11201 ), #12286 ) ;
#3076 =( CONVERSION_BASED_UNIT ( 'INCH', #9578 ) LENGTH_UNIT ( ) NAMED_UNIT ( #7591 ) );
#3077 = LINE ( 'NONE', #3162, #10581 ) ;
#3078 = DIRECTION ( 'NONE',  ( 0.7071067811865426900, -0.0000000000000000000, 0.7071067811865524600 ) ) ;
#3079 = EDGE_CURVE ( 'NONE', #5111, #12410, #11679, .T. ) ;
#3080 =( NAMED_UNIT ( * ) SI_UNIT ( $, .STERADIAN. ) SOLID_ANGLE_UNIT ( ) );
#3081 =( LENGTH_UNIT ( ) NAMED_UNIT ( * ) SI_UNIT ( $, .METRE. ) );
#3082 = SURFACE_SIDE_STYLE ('',( #1560 ) ) ;
#3083 = ORIENTED_EDGE ( 'NONE', *, *, #8567, .T. ) ;
#3084 = DIRECTION ( 'NONE',  ( 0.0000000000000000000, -0.0000000000000000000, 1.000000000000000000 ) ) ;
#3085 = ADVANCED_FACE ( 'NONE', ( #6754 ), #6001, .F. ) ;
#3086 = SURFACE_STYLE_USAGE ( .BOTH. , #8937 ) ;
#3087 = ORIENTED_EDGE ( 'NONE', *, *, #12543, .F. ) ;
#3088 = PRESENTATION_STYLE_ASSIGNMENT (( #4824 ) ) ;
#3089 = CARTESIAN_POINT ( 'NONE',  ( 0.004921259842522300900, 0.004133858267716536200, -0.05669291338582658400 ) ) ;
#3090 = ORIENTED_EDGE ( 'NONE', *, *, #581, .F. ) ;
#3091 = VECTOR ( 'NONE', #11325, 39.37007874015748100 ) ;
#3092 = VERTEX_POINT ( 'NONE', #7005 ) ;
#3093 =( LENGTH_UNIT ( ) NAMED_UNIT ( * ) SI_UNIT ( $, .METRE. ) );
#3094 = AXIS2_PLACEMENT_3D ( 'NONE', #7470, #1646, #8466 ) ;
#3095 =( NAMED_UNIT ( * ) PLANE_ANGLE_UNIT ( ) SI_UNIT ( $, .RADIAN. ) );
#3096 =( GEOMETRIC_REPRESENTATION_CONTEXT ( 3 ) GLOBAL_UNCERTAINTY_ASSIGNED_CONTEXT ( ( #11315 ) ) GLOBAL_UNIT_ASSIGNED_CONTEXT ( ( #6000, #169, #6972 ) ) REPRESENTATION_CONTEXT ( 'NONE', 'WORKASPACE' ) );
#3097 = UNCERTAINTY_MEASURE_WITH_UNIT (LENGTH_MEASURE( 1.000000000000000100E-005 ), #3823, 'distance_accuracy_value', 'NONE');
#3098 = ADVANCED_FACE ( 'NONE', ( #1247 ), #10889, .F. ) ;
#3099 = LINE ( 'NONE', #1776, #7966 ) ;
#3100 = VECTOR ( 'NONE', #9798, 39.37007874015748100 ) ;
#3101 = PLANE ( 'NONE',  #10088 ) ;
#3102 = EDGE_CURVE ( 'NONE', #1165, #378, #2602, .T. ) ;
#3103 = CARTESIAN_POINT ( 'NONE',  ( 0.05669291338582670800, 0.007204724409448820400, -0.02460629921259862800 ) ) ;
#3104 =( NAMED_UNIT ( * ) PLANE_ANGLE_UNIT ( ) SI_UNIT ( $, .RADIAN. ) );
#3105 =( NAMED_UNIT ( * ) SI_UNIT ( $, .STERADIAN. ) SOLID_ANGLE_UNIT ( ) );
#3106 = EDGE_CURVE ( 'NONE', #9025, #7486, #7778, .T. ) ;
#3107 = ORIENTED_EDGE ( 'NONE', *, *, #8278, .F. ) ;
#3108 = VERTEX_POINT ( 'NONE', #10037 ) ;
#3109 = CARTESIAN_POINT ( 'NONE',  ( 0.04291338582677171900, -0.01693371115559762200, 0.01476377952755887600 ) ) ;
#3110 = LINE ( 'NONE', #4350, #10309 ) ;
#3111 =( CONVERSION_BASED_UNIT ( 'INCH', #3630 ) LENGTH_UNIT ( ) NAMED_UNIT ( #9290 ) );
#3112 = SURFACE_STYLE_USAGE ( .BOTH. , #8964 ) ;
#3113 = PRESENTATION_STYLE_ASSIGNMENT (( #7894 ) ) ;
#3114 = DIMENSIONAL_EXPONENTS ( 1.000000000000000000, 0.0000000000000000000, 0.0000000000000000000, 0.0000000000000000000, 0.0000000000000000000, 0.0000000000000000000, 0.0000000000000000000 ) ;
#3115 = AXIS2_PLACEMENT_3D ( 'NONE', #7704, #1870, #8709 ) ;
#3116 = DIRECTION ( 'NONE',  ( 0.0000000000000000000, -0.0000000000000000000, -1.000000000000000000 ) ) ;
#3117 = VECTOR ( 'NONE', #9157, 39.37007874015748100 ) ;
#3118 = STYLED_ITEM ( 'NONE', ( #9758 ), #1313 ) ;
#3119 = SURFACE_STYLE_USAGE ( .BOTH. , #8971 ) ;
#3120 = ORIENTED_EDGE ( 'NONE', *, *, #5560, .T. ) ;
#3121 =( NAMED_UNIT ( * ) SI_UNIT ( $, .STERADIAN. ) SOLID_ANGLE_UNIT ( ) );
#3122 = VERTEX_POINT ( 'NONE', #4163 ) ;
#3123 = EDGE_CURVE ( 'NONE', #8128, #11888, #5195, .T. ) ;
#3124 = VECTOR ( 'NONE', #12521, 39.37007874015748100 ) ;
#3125 = EDGE_LOOP ( 'NONE', ( #12147, #5154, #2082, #10012 ) ) ;
#3126 = DIRECTION ( 'NONE',  ( 0.0000000000000000000, 1.000000000000000000, 0.0000000000000000000 ) ) ;
#3127 = SURFACE_STYLE_USAGE ( .BOTH. , #8977 ) ;
#3128 = DIMENSIONAL_EXPONENTS ( 1.000000000000000000, 0.0000000000000000000, 0.0000000000000000000, 0.0000000000000000000, 0.0000000000000000000, 0.0000000000000000000, 0.0000000000000000000 ) ;
#3129 = DIRECTION ( 'NONE',  ( -0.0000000000000000000, 1.000000000000000000, -0.0000000000000000000 ) ) ;
#3130 = DIRECTION ( 'NONE',  ( 6.982962677686265900E-015, -0.0000000000000000000, -1.000000000000000000 ) ) ;
#3131 = CARTESIAN_POINT ( 'NONE',  ( -0.05905511811023581000, 0.0000000000000000000, -0.05905511811023651100 ) ) ;
#3132 =( GEOMETRIC_REPRESENTATION_CONTEXT ( 3 ) GLOBAL_UNCERTAINTY_ASSIGNED_CONTEXT ( ( #4026 ) ) GLOBAL_UNIT_ASSIGNED_CONTEXT ( ( #10244, #4369, #11230 ) ) REPRESENTATION_CONTEXT ( 'NONE', 'WORKASPACE' ) );
#3133 = MECHANICAL_DESIGN_GEOMETRIC_PRESENTATION_REPRESENTATION (  '', ( #1831 ), #3809 ) ;
#3134 = ORIENTED_EDGE ( 'NONE', *, *, #1315, .F. ) ;
#3135 = STYLED_ITEM ( 'NONE', ( #2986 ), #10747 ) ;
#3136 = CLOSED_SHELL ( 'NONE', ( #5980, #7237, #10224, #1189, #5387, #1558 ) ) ;
#3137 = VECTOR ( 'NONE', #8509, 39.37007874015748100 ) ;
#3138 = ORIENTED_EDGE ( 'NONE', *, *, #6778, .F. ) ;
#3139 = ORIENTED_EDGE ( 'NONE', *, *, #252, .T. ) ;
#3140 = ORIENTED_EDGE ( 'NONE', *, *, #10160, .T. ) ;
#3141 = SURFACE_STYLE_FILL_AREA ( #7396 ) ;
#3142 =( CONVERSION_BASED_UNIT ( 'INCH', #1668 ) LENGTH_UNIT ( ) NAMED_UNIT ( #3619 ) );
#3143 = DIMENSIONAL_EXPONENTS ( 1.000000000000000000, 0.0000000000000000000, 0.0000000000000000000, 0.0000000000000000000, 0.0000000000000000000, 0.0000000000000000000, 0.0000000000000000000 ) ;
#3144 = DIRECTION ( 'NONE',  ( 4.406877378073675000E-017, 0.0000000000000000000, -1.000000000000000000 ) ) ;
#3145 =( CONVERSION_BASED_UNIT ( 'INCH', #5816 ) LENGTH_UNIT ( ) NAMED_UNIT ( #6584 ) );
#3146 = EDGE_LOOP ( 'NONE', ( #9829, #3987, #2973, #5518 ) ) ;
#3147 = VERTEX_POINT ( 'NONE', #5143 ) ;
#3148 = UNCERTAINTY_MEASURE_WITH_UNIT (LENGTH_MEASURE( 1.000000000000000100E-005 ), #11715, 'distance_accuracy_value', 'NONE');
#3149 = SURFACE_SIDE_STYLE ('',( #12517 ) ) ;
#3150 = ORIENTED_EDGE ( 'NONE', *, *, #8887, .T. ) ;
#3151 = STYLED_ITEM ( 'NONE', ( #7616 ), #3557 ) ;
#3152 = STYLED_ITEM ( 'NONE', ( #6866 ), #9663 ) ;
#3153 = AXIS2_PLACEMENT_3D ( 'NONE', #11976, #6101, #263 ) ;
#3154 = FILL_AREA_STYLE_COLOUR ( '', #2637 ) ;
#3155 = CARTESIAN_POINT ( 'NONE',  ( -0.04494350380682998100, 0.05144373542619636000, -0.03789093658332103700 ) ) ;
#3156 = ORIENTED_EDGE ( 'NONE', *, *, #11213, .T. ) ;
#3157 = ADVANCED_FACE ( 'NONE', ( #4899 ), #11015, .T. ) ;
#3158 = LINE ( 'NONE', #1999, #583 ) ;
#3159 = VECTOR ( 'NONE', #11040, 39.37007874015748100 ) ;
#3160 =( LENGTH_UNIT ( ) NAMED_UNIT ( * ) SI_UNIT ( $, .METRE. ) );
#3161 = EDGE_CURVE ( 'NONE', #7991, #4063, #3694, .T. ) ;
#3162 = CARTESIAN_POINT ( 'NONE',  ( 0.04291338582677171900, 0.0000000000000000000, 0.01476377952755891300 ) ) ;
#3163 = ORIENTED_EDGE ( 'NONE', *, *, #9250, .F. ) ;
#3164 = VECTOR ( 'NONE', #11543, 39.37007874015748100 ) ;
#3165 = VECTOR ( 'NONE', #7432, 39.37007874015748100 ) ;
#3166 = UNCERTAINTY_MEASURE_WITH_UNIT (LENGTH_MEASURE( 1.000000000000000100E-005 ), #11556, 'distance_accuracy_value', 'NONE');
#3167 =( NAMED_UNIT ( * ) PLANE_ANGLE_UNIT ( ) SI_UNIT ( $, .RADIAN. ) );
#3168 = DIRECTION ( 'NONE',  ( 0.0000000000000000000, 1.000000000000000000, 0.0000000000000000000 ) ) ;
#3169 = STYLED_ITEM ( 'NONE', ( #5529 ), #4773 ) ;
#3170 = CARTESIAN_POINT ( 'NONE',  ( -0.05905511811023581000, 0.03149606299212598400, 0.0000000000000000000 ) ) ;
#3171 = ORIENTED_EDGE ( 'NONE', *, *, #2087, .T. ) ;
#3172 = FILL_AREA_STYLE ('',( #6071 ) ) ;
#3173 = LINE ( 'NONE', #9647, #1936 ) ;
#3174 = VECTOR ( 'NONE', #983, 39.37007874015748100 ) ;
#3175 =( CONVERSION_BASED_UNIT ( 'INCH', #7754 ) LENGTH_UNIT ( ) NAMED_UNIT ( #5806 ) );
#3176 = VERTEX_POINT ( 'NONE', #3278 ) ;
#3177 = SURFACE_STYLE_FILL_AREA ( #1567 ) ;
#3178 =( CONVERSION_BASED_UNIT ( 'INCH', #64 ) LENGTH_UNIT ( ) NAMED_UNIT ( #12386 ) );
#3179 = SURFACE_STYLE_FILL_AREA ( #7218 ) ;
#3180 =( LENGTH_UNIT ( ) NAMED_UNIT ( * ) SI_UNIT ( $, .METRE. ) );
#3181 = COLOUR_RGB ( '',0.2509803921568627400, 0.2509803921568627400, 0.2509803921568627400 ) ;
#3182 = EDGE_CURVE ( 'NONE', #4293, #6838, #11181, .T. ) ;
#3183 = CARTESIAN_POINT ( 'NONE',  ( 0.004921259842522335600, 0.0000000000000000000, 0.0000000000000000000 ) ) ;
#3184 = VECTOR ( 'NONE', #699, 39.37007874015748100 ) ;
#3185 = DIRECTION ( 'NONE',  ( -1.000000000000000000, -0.0000000000000000000, -0.0000000000000000000 ) ) ;
#3186 = CARTESIAN_POINT ( 'NONE',  ( 0.05905511811023663600, 0.03149606299212598400, -0.05905511811023582400 ) ) ;
#3187 = AXIS2_PLACEMENT_3D ( 'NONE', #8702, #2842, #9715 ) ;
#3188 = ORIENTED_EDGE ( 'NONE', *, *, #5471, .T. ) ;
#3189 = SURFACE_STYLE_FILL_AREA ( #9110 ) ;
#3190 = VECTOR ( 'NONE', #6991, 39.37007874015748100 ) ;
#3191 = SURFACE_STYLE_USAGE ( .BOTH. , #9039 ) ;
#3192 = PRESENTATION_STYLE_ASSIGNMENT (( #9256 ) ) ;
#3193 = CARTESIAN_POINT ( 'NONE',  ( 0.0000000000000000000, 0.004133858267716536200, 0.01476377952755892100 ) ) ;
#3194 =( LENGTH_UNIT ( ) NAMED_UNIT ( * ) SI_UNIT ( $, .METRE. ) );
#3195 = AXIS2_PLACEMENT_3D ( 'NONE', #5097, #11965, #6083 ) ;
#3196 =( CONVERSION_BASED_UNIT ( 'INCH', #5846 ) LENGTH_UNIT ( ) NAMED_UNIT ( #3777 ) );
#3197 = VECTOR ( 'NONE', #3126, 39.37007874015748100 ) ;
#3198 = FACE_OUTER_BOUND ( 'NONE', #84, .T. ) ;
#3199 = LENGTH_MEASURE_WITH_UNIT ( LENGTH_MEASURE( 0.02539999999999999900 ), #11629 );
#3200 = SURFACE_STYLE_FILL_AREA ( #3597 ) ;
#3201 = UNCERTAINTY_MEASURE_WITH_UNIT (LENGTH_MEASURE( 1.000000000000000100E-005 ), #10027, 'distance_accuracy_value', 'NONE');
#3202 = CARTESIAN_POINT ( 'NONE',  ( -0.004921259842522265400, 0.0000000000000000000, 0.04291338582677167000 ) ) ;
#3203 = LENGTH_MEASURE_WITH_UNIT ( LENGTH_MEASURE( 0.02539999999999999900 ), #4725 );
#3204 =( CONVERSION_BASED_UNIT ( 'INCH', #9975 ) LENGTH_UNIT ( ) NAMED_UNIT ( #982 ) );
#3205 = DIRECTION ( 'NONE',  ( 0.0000000000000000000, 1.000000000000000000, 0.0000000000000000000 ) ) ;
#3206 = VERTEX_POINT ( 'NONE', #5231 ) ;
#3207 = STYLED_ITEM ( 'NONE', ( #4619 ), #8068 ) ;
#3208 = PLANE ( 'NONE',  #9930 ) ;
#3209 = PRESENTATION_LAYER_ASSIGNMENT (  '', '', ( #3875 ) ) ;
#3210 = SURFACE_SIDE_STYLE ('',( #11811 ) ) ;
#3211 = STYLED_ITEM ( 'NONE', ( #6845 ), #2051 ) ;
#3212 = FILL_AREA_STYLE ('',( #9071 ) ) ;
#3213 = VERTEX_POINT ( 'NONE', #8126 ) ;
#3214 = SURFACE_SIDE_STYLE ('',( #9784 ) ) ;
#3215 = ORIENTED_EDGE ( 'NONE', *, *, #563, .T. ) ;
#3216 = LINE ( 'NONE', #10166, #5812 ) ;
#3217 = EDGE_CURVE ( 'NONE', #3092, #3889, #11498, .T. ) ;
#3218 =( CONVERSION_BASED_UNIT ( 'INCH', #1431 ) LENGTH_UNIT ( ) NAMED_UNIT ( #7459 ) );
#3219 = SURFACE_SIDE_STYLE ('',( #2903 ) ) ;
#3220 = ORIENTED_EDGE ( 'NONE', *, *, #502, .T. ) ;
#3221 = FACE_BOUND ( 'NONE', #11649, .T. ) ;
#3222 = ORIENTED_EDGE ( 'NONE', *, *, #1208, .T. ) ;
#3223 = ORIENTED_EDGE ( 'NONE', *, *, #2864, .T. ) ;
#3224 = VECTOR ( 'NONE', #10234, 39.37007874015748100 ) ;
#3225 = ORIENTED_EDGE ( 'NONE', *, *, #12169, .F. ) ;
#3226 = ADVANCED_FACE ( 'NONE', ( #803 ), #11102, .F. ) ;
#3227 =( CONVERSION_BASED_UNIT ( 'INCH', #11299 ) LENGTH_UNIT ( ) NAMED_UNIT ( #11877 ) );
#3228 = EDGE_LOOP ( 'NONE', ( #4967, #5990, #8668, #2810 ) ) ;
#3229 = COLOUR_RGB ( '',0.9686274509803921600, 0.8784313725490196000, 0.5999999999999999800 ) ;
#3230 = SURFACE_STYLE_FILL_AREA ( #6783 ) ;
#3231 = LINE ( 'NONE', #12160, #8100 ) ;
#3233 = LINE ( 'NONE', #4858, #673 ) ;
#3232 = VECTOR ( 'NONE', #7150, 39.37007874015748100 ) ;
#3234 = STYLED_ITEM ( 'NONE', ( #5956 ), #3226 ) ;
#3235 = STYLED_ITEM ( 'NONE', ( #12610 ), #9255 ) ;
#3236 =( NAMED_UNIT ( * ) PLANE_ANGLE_UNIT ( ) SI_UNIT ( $, .RADIAN. ) );
#3237 = DIRECTION ( 'NONE',  ( 0.0000000000000000000, 1.000000000000000000, 0.0000000000000000000 ) ) ;
#3238 =( LENGTH_UNIT ( ) NAMED_UNIT ( * ) SI_UNIT ( $, .METRE. ) );
#3239 = DIRECTION ( 'NONE',  ( 5.434102431278317600E-015, 0.0000000000000000000, -1.000000000000000000 ) ) ;
#3240 = VECTOR ( 'NONE', #10381, 39.37007874015748100 ) ;
#3241 = SURFACE_SIDE_STYLE ('',( #896 ) ) ;
#3242 = CARTESIAN_POINT ( 'NONE',  ( -0.004921259842522249800, 0.007204724409448820400, 0.04291338582677166300 ) ) ;
#3243 = FILL_AREA_STYLE ('',( #5023 ) ) ;
#3244 = LINE ( 'NONE', #10618, #5218 ) ;
#3245 = DIMENSIONAL_EXPONENTS ( 1.000000000000000000, 0.0000000000000000000, 0.0000000000000000000, 0.0000000000000000000, 0.0000000000000000000, 0.0000000000000000000, 0.0000000000000000000 ) ;
#3246 = DIRECTION ( 'NONE',  ( 1.000000000000000000, -0.0000000000000000000, 3.498027123268577200E-015 ) ) ;
#3247 = STYLED_ITEM ( 'NONE', ( #8678 ), #4368 ) ;
#3248 = PRESENTATION_LAYER_ASSIGNMENT (  '', '', ( #1925 ) ) ;
#3249 = FILL_AREA_STYLE_COLOUR ( '', #1586 ) ;
#3250 =( LENGTH_UNIT ( ) NAMED_UNIT ( * ) SI_UNIT ( $, .METRE. ) );
#3251 = COLOUR_RGB ( '',0.9686274509803921600, 0.8784313725490196000, 0.5999999999999999800 ) ;
#3252 = VECTOR ( 'NONE', #2719, 39.37007874015748100 ) ;
#3253 = PLANE ( 'NONE',  #6923 ) ;
#3254 = ORIENTED_EDGE ( 'NONE', *, *, #6689, .F. ) ;
#3255 =( NAMED_UNIT ( * ) PLANE_ANGLE_UNIT ( ) SI_UNIT ( $, .RADIAN. ) );
#3256 = DIRECTION ( 'NONE',  ( -1.000000000000000000, 0.0000000000000000000, -6.838402388021533300E-015 ) ) ;
#3257 = ORIENTED_EDGE ( 'NONE', *, *, #1223, .F. ) ;
#3258 = ORIENTED_EDGE ( 'NONE', *, *, #3275, .T. ) ;
#3259 = DIMENSIONAL_EXPONENTS ( 1.000000000000000000, 0.0000000000000000000, 0.0000000000000000000, 0.0000000000000000000, 0.0000000000000000000, 0.0000000000000000000, 0.0000000000000000000 ) ;
#3260 = DIRECTION ( 'NONE',  ( 4.292739916162993600E-015, -0.0000000000000000000, 1.000000000000000000 ) ) ;
#3261 = EDGE_CURVE ( 'NONE', #4049, #6464, #9956, .T. ) ;
#3262 = CLOSED_SHELL ( 'NONE', ( #4587, #1126, #8743, #9537, #8801, #1055 ) ) ;
#3263 =( LENGTH_UNIT ( ) NAMED_UNIT ( * ) SI_UNIT ( $, .METRE. ) );
#3264 = SURFACE_SIDE_STYLE ('',( #3189 ) ) ;
#3265 = CARTESIAN_POINT ( 'NONE',  ( 0.04291338582677160800, 0.001181102362204724400, -0.02460629921259858300 ) ) ;
#3266 = PRESENTATION_STYLE_ASSIGNMENT (( #7020 ) ) ;
#3267 = VECTOR ( 'NONE', #5091, 39.37007874015748100 ) ;
#3268 = SURFACE_STYLE_USAGE ( .BOTH. , #9113 ) ;
#3269 = STYLED_ITEM ( 'NONE', ( #8379 ), #6794 ) ;
#3270 = AXIS2_PLACEMENT_3D ( 'NONE', #6386, #551, #7346 ) ;
#3271 =( LENGTH_UNIT ( ) NAMED_UNIT ( * ) SI_UNIT ( $, .METRE. ) );
#3272 = ORIENTED_EDGE ( 'NONE', *, *, #9954, .F. ) ;
#3273 = DIRECTION ( 'NONE',  ( 3.513515725732651700E-015, -0.0000000000000000000, -1.000000000000000000 ) ) ;
#3274 = CARTESIAN_POINT ( 'NONE',  ( -0.05669291338582694400, 0.007204724409448820400, 0.04429133858267697600 ) ) ;
#3275 = EDGE_CURVE ( 'NONE', #6898, #3440, #4756, .T. ) ;
#3276 = AXIS2_PLACEMENT_3D ( 'NONE', #8342, #2494, #9351 ) ;
#3277 = CARTESIAN_POINT ( 'NONE',  ( -0.05669291338582667400, -0.01693371115559762200, -0.03444881889763801200 ) ) ;
#3278 = CARTESIAN_POINT ( 'NONE',  ( -0.05669291338582686100, 0.007204724409448820400, 0.01476377952755886400 ) ) ;
#3279 = DIRECTION ( 'NONE',  ( -1.000000000000000000, 0.0000000000000000000, -5.511545443598771800E-015 ) ) ;
#3280 =( LENGTH_UNIT ( ) NAMED_UNIT ( * ) SI_UNIT ( $, .METRE. ) );
#3281 = EDGE_CURVE ( 'NONE', #879, #8792, #7312, .T. ) ;
#3282 = CARTESIAN_POINT ( 'NONE',  ( 0.04291338582677160800, 0.001181102362204724200, -0.01476377952755925600 ) ) ;
#3283 = LINE ( 'NONE', #5481, #8472 ) ;
#3284 = ORIENTED_EDGE ( 'NONE', *, *, #327, .T. ) ;
#3285 = ORIENTED_EDGE ( 'NONE', *, *, #4027, .T. ) ;
#3286 = ORIENTED_EDGE ( 'NONE', *, *, #5343, .F. ) ;
#3287 = DIRECTION ( 'NONE',  ( -1.000000000000000000, 0.0000000000000000000, -3.575470135588969500E-015 ) ) ;
#3288 = LINE ( 'NONE', #12395, #8479 ) ;
#3289 =( GEOMETRIC_REPRESENTATION_CONTEXT ( 3 ) GLOBAL_UNCERTAINTY_ASSIGNED_CONTEXT ( ( #4367 ) ) GLOBAL_UNIT_ASSIGNED_CONTEXT ( ( #4424, #11284, #5398 ) ) REPRESENTATION_CONTEXT ( 'NONE', 'WORKASPACE' ) );
#3290 = ADVANCED_FACE ( 'NONE', ( #4626 ), #3363, .F. ) ;
#3291 = CARTESIAN_POINT ( 'NONE',  ( -0.05905511811023581000, 0.0000000000000000000, -0.05905511811023662200 ) ) ;
#3292 = MECHANICAL_DESIGN_GEOMETRIC_PRESENTATION_REPRESENTATION (  '', ( #1334 ), #3943 ) ;
#3293 = CARTESIAN_POINT ( 'NONE',  ( -0.01476377952755906200, 0.007204724409448820400, 0.04291338582677167000 ) ) ;
#3294 = ADVANCED_FACE ( 'NONE', ( #1103 ), #12184, .F. ) ;
#3295 = EDGE_CURVE ( 'NONE', #4133, #4937, #9969, .T. ) ;
#3296 = CARTESIAN_POINT ( 'NONE',  ( -0.02460629921259813200, 0.007204724409448820400, -0.04291338582677180200 ) ) ;
#3297 = CARTESIAN_POINT ( 'NONE',  ( -0.04291338582677168400, -0.01693371115559762200, -0.004921259842522247200 ) ) ;
#3298 = ORIENTED_EDGE ( 'NONE', *, *, #3528, .T. ) ;
#3299 = CARTESIAN_POINT ( 'NONE',  ( 0.05669291338582666700, 0.007204724409448820400, -0.03444881889763799800 ) ) ;
#3300 = VERTEX_POINT ( 'NONE', #7347 ) ;
#3301 = LINE ( 'NONE', #8215, #8493 ) ;
#3302 = DIRECTION ( 'NONE',  ( -3.907534698324850800E-014, 0.0000000000000000000, 1.000000000000000000 ) ) ;
#3303 = PLANE ( 'NONE',  #2053 ) ;
#3304 = FILL_AREA_STYLE ('',( #2315 ) ) ;
#3305 = STYLED_ITEM ( 'NONE', ( #7834 ), #2708 ) ;
#3306 = STYLED_ITEM ( 'NONE', ( #293 ), #8801 ) ;
#3307 = CARTESIAN_POINT ( 'NONE',  ( -0.02460629921259813200, 0.0000000000000000000, 0.0000000000000000000 ) ) ;
#3308 = SURFACE_SIDE_STYLE ('',( #11790 ) ) ;
#3309 = ORIENTED_EDGE ( 'NONE', *, *, #4300, .F. ) ;
#3310 = CARTESIAN_POINT ( 'NONE',  ( 0.04291338582677169800, 0.007204724409448820400, -0.004921259842519830700 ) ) ;
#3311 = UNCERTAINTY_MEASURE_WITH_UNIT (LENGTH_MEASURE( 1.000000000000000100E-005 ), #10685, 'distance_accuracy_value', 'NONE');
#3312 = PRESENTATION_STYLE_ASSIGNMENT (( #9242 ) ) ;
#3313 = VERTEX_POINT ( 'NONE', #513 ) ;
#3314 = ORIENTED_EDGE ( 'NONE', *, *, #4674, .F. ) ;
#3315 = VECTOR ( 'NONE', #12024, 39.37007874015748100 ) ;
#3316 = SURFACE_SIDE_STYLE ('',( #9312 ) ) ;
#3317 = DIRECTION ( 'NONE',  ( -1.000000000000000000, 0.0000000000000000000, -6.838402388021533300E-015 ) ) ;
#3318 =( LENGTH_UNIT ( ) NAMED_UNIT ( * ) SI_UNIT ( $, .METRE. ) );
#3319 = ORIENTED_EDGE ( 'NONE', *, *, #10197, .T. ) ;
#3320 = DIRECTION ( 'NONE',  ( -3.420584110948183300E-015, 0.0000000000000000000, 1.000000000000000000 ) ) ;
#3321 = SURFACE_STYLE_USAGE ( .BOTH. , #9178 ) ;
#3322 = CARTESIAN_POINT ( 'NONE',  ( 0.05669291338582568100, 0.001181102362204723500, 0.02460629921260101500 ) ) ;
#3323 =( CONVERSION_BASED_UNIT ( 'INCH', #9105 ) LENGTH_UNIT ( ) NAMED_UNIT ( #7328 ) );
#3324 = MECHANICAL_DESIGN_GEOMETRIC_PRESENTATION_REPRESENTATION (  '', ( #1365 ), #3978 ) ;
#3325 = COLOUR_RGB ( '',0.3529411764705882000, 0.3529411764705882000, 0.3529411764705882000 ) ;
#3326 = SURFACE_STYLE_FILL_AREA ( #10874 ) ;
#3327 = VECTOR ( 'NONE', #10355, 39.37007874015748100 ) ;
#3328 = UNCERTAINTY_MEASURE_WITH_UNIT (LENGTH_MEASURE( 1.000000000000000100E-005 ), #2092, 'distance_accuracy_value', 'NONE');
#3329 = FILL_AREA_STYLE ('',( #5238 ) ) ;
#3330 = EDGE_CURVE ( 'NONE', #3313, #5515, #12587, .T. ) ;
#3331 = VECTOR ( 'NONE', #9489, 39.37007874015748100 ) ;
#3332 = LENGTH_MEASURE_WITH_UNIT ( LENGTH_MEASURE( 0.02539999999999999900 ), #11392 );
#3333 = DIRECTION ( 'NONE',  ( 3.907534698324850800E-014, -0.0000000000000000000, -1.000000000000000000 ) ) ;
#3334 = COLOUR_RGB ( '',0.3529411764705882000, 0.3529411764705882000, 0.3529411764705882000 ) ;
#3335 = DIRECTION ( 'NONE',  ( -3.498027123268577200E-015, 0.0000000000000000000, 1.000000000000000000 ) ) ;
#3336 = EDGE_CURVE ( 'NONE', #3122, #8476, #7329, .T. ) ;
#3337 =( NAMED_UNIT ( * ) PLANE_ANGLE_UNIT ( ) SI_UNIT ( $, .RADIAN. ) );
#3338 = LINE ( 'NONE', #11536, #8533 ) ;
#3339 = DIRECTION ( 'NONE',  ( -5.588988455919166100E-015, 0.0000000000000000000, 1.000000000000000000 ) ) ;
#3340 = ORIENTED_EDGE ( 'NONE', *, *, #9517, .F. ) ;
#3341 = FACE_OUTER_BOUND ( 'NONE', #7829, .T. ) ;
#3342 = DIRECTION ( 'NONE',  ( -1.000000000000000000, -0.0000000000000000000, 0.0000000000000000000 ) ) ;
#3343 =( NAMED_UNIT ( * ) PLANE_ANGLE_UNIT ( ) SI_UNIT ( $, .RADIAN. ) );
#3344 = PRESENTATION_LAYER_ASSIGNMENT (  '', '', ( #3995 ) ) ;
#3345 = LINE ( 'NONE', #5216, #5634 ) ;
#3346 = COLOUR_RGB ( '',0.2509803921568627400, 0.2509803921568627400, 0.2509803921568627400 ) ;
#3347 = VECTOR ( 'NONE', #251, 39.37007874015748100 ) ;
#3348 = MECHANICAL_DESIGN_GEOMETRIC_PRESENTATION_REPRESENTATION (  '', ( #1387 ), #3997 ) ;
#3349 = CARTESIAN_POINT ( 'NONE',  ( 0.0000000000000000000, 0.004133858267716536200, 0.04291338582677166300 ) ) ;
#3350 = VERTEX_POINT ( 'NONE', #654 ) ;
#3351 = SURFACE_STYLE_USAGE ( .BOTH. , #9208 ) ;
#3352 = CARTESIAN_POINT ( 'NONE',  ( 0.05669291338582695800, 0.001181102362204723500, 0.04429133858267700300 ) ) ;
#3353 = VECTOR ( 'NONE', #10359, 39.37007874015748100 ) ;
#3354 =( LENGTH_UNIT ( ) NAMED_UNIT ( * ) SI_UNIT ( $, .METRE. ) );
#3355 = EDGE_CURVE ( 'NONE', #8358, #8618, #7017, .T. ) ;
#3356 = FACE_OUTER_BOUND ( 'NONE', #8271, .T. ) ;
#3357 = ADVANCED_FACE ( 'NONE', ( #9683 ), #2579, .F. ) ;
#3358 =( NAMED_UNIT ( * ) PLANE_ANGLE_UNIT ( ) SI_UNIT ( $, .RADIAN. ) );
#3359 = ORIENTED_EDGE ( 'NONE', *, *, #3330, .T. ) ;
#3360 = ADVANCED_FACE ( 'NONE', ( #960, #11025, #5818, #8410, #3221, #658, #10726, #8093, #5514, #2913, #330, #10418, #7781, #5198, #2605, #20, #10117 ), #3627, .T. ) ;
#3361 =( NAMED_UNIT ( * ) PLANE_ANGLE_UNIT ( ) SI_UNIT ( $, .RADIAN. ) );
#3362 = DIRECTION ( 'NONE',  ( -1.000000000000000000, 0.0000000000000000000, -5.743874480559907400E-015 ) ) ;
#3363 = PLANE ( 'NONE',  #11760 ) ;
#3364 = DIRECTION ( 'NONE',  ( -0.0000000000000000000, -1.000000000000000000, -0.0000000000000000000 ) ) ;
#3365 = VECTOR ( 'NONE', #8679, 39.37007874015748100 ) ;
#3366 = CARTESIAN_POINT ( 'NONE',  ( -0.05669291338582694400, 0.0000000000000000000, 0.04429133858267697600 ) ) ;
#3367 = VECTOR ( 'NONE', #4437, 39.37007874015748100 ) ;
#3368 = STYLED_ITEM ( 'NONE', ( #8866 ), #7233 ) ;
#3369 = DIRECTION ( 'NONE',  ( 0.0000000000000000000, -0.0000000000000000000, 1.000000000000000000 ) ) ;
#3370 = PLANE ( 'NONE',  #8565 ) ;
#3371 = MECHANICAL_DESIGN_GEOMETRIC_PRESENTATION_REPRESENTATION (  '', ( #1413 ), #4014 ) ;
#3372 = VECTOR ( 'NONE', #384, 39.37007874015748100 ) ;
#3373 = DIMENSIONAL_EXPONENTS ( 1.000000000000000000, 0.0000000000000000000, 0.0000000000000000000, 0.0000000000000000000, 0.0000000000000000000, 0.0000000000000000000, 0.0000000000000000000 ) ;
#3374 = DIRECTION ( 'NONE',  ( 0.0000000000000000000, -0.0000000000000000000, 1.000000000000000000 ) ) ;
#3375 = UNCERTAINTY_MEASURE_WITH_UNIT (LENGTH_MEASURE( 1.000000000000000100E-005 ), #1756, 'distance_accuracy_value', 'NONE');
#3376 = PRESENTATION_STYLE_ASSIGNMENT (( #10537 ) ) ;
#3377 = ORIENTED_EDGE ( 'NONE', *, *, #5839, .T. ) ;
#3378 = LINE ( 'NONE', #8366, #5965 ) ;
#3379 = LINE ( 'NONE', #1962, #8248 ) ;
#3380 = LINE ( 'NONE', #1063, #5970 ) ;
#3381 =( CONVERSION_BASED_UNIT ( 'INCH', #6279 ) LENGTH_UNIT ( ) NAMED_UNIT ( #11734 ) );
#3382 = FILL_AREA_STYLE ('',( #1420 ) ) ;
#3383 = SURFACE_STYLE_FILL_AREA ( #6212 ) ;
#3384 = DIRECTION ( 'NONE',  ( 0.0000000000000000000, -0.0000000000000000000, 1.000000000000000000 ) ) ;
#3385 = MECHANICAL_DESIGN_GEOMETRIC_PRESENTATION_REPRESENTATION (  '', ( #1422 ), #4022 ) ;
#3386 = ORIENTED_EDGE ( 'NONE', *, *, #12089, .T. ) ;
#3387 = MECHANICAL_DESIGN_GEOMETRIC_PRESENTATION_REPRESENTATION (  '', ( #1424 ), #4023 ) ;
#3388 = SURFACE_STYLE_USAGE ( .BOTH. , #9239 ) ;
#3389 = DIMENSIONAL_EXPONENTS ( 1.000000000000000000, 0.0000000000000000000, 0.0000000000000000000, 0.0000000000000000000, 0.0000000000000000000, 0.0000000000000000000, 0.0000000000000000000 ) ;
#3390 =( LENGTH_UNIT ( ) NAMED_UNIT ( * ) SI_UNIT ( $, .METRE. ) );
#3391 = FACE_OUTER_BOUND ( 'NONE', #6155, .T. ) ;
#3392 = EDGE_CURVE ( 'NONE', #7152, #7631, #11501, .T. ) ;
#3393 = VECTOR ( 'NONE', #1826, 39.37007874015748100 ) ;
#3394 = LENGTH_MEASURE_WITH_UNIT ( LENGTH_MEASURE( 0.02539999999999999900 ), #7608 );
#3395 = SURFACE_STYLE_USAGE ( .BOTH. , #9248 ) ;
#3396 = CARTESIAN_POINT ( 'NONE',  ( 0.01476377952755945900, 0.0000000000000000000, -0.05669291338582613900 ) ) ;
#3397 =( LENGTH_UNIT ( ) NAMED_UNIT ( * ) SI_UNIT ( $, .METRE. ) );
#3398 = VERTEX_POINT ( 'NONE', #10502 ) ;
#3399 = VERTEX_POINT ( 'NONE', #11497 ) ;
#3400 = MECHANICAL_DESIGN_GEOMETRIC_PRESENTATION_REPRESENTATION (  '', ( #1436 ), #4039 ) ;
#3401 = ORIENTED_EDGE ( 'NONE', *, *, #4971, .F. ) ;
#3402 = EDGE_LOOP ( 'NONE', ( #8492, #5638, #2829, #11290 ) ) ;
#3403 = STYLED_ITEM ( 'NONE', ( #8782 ), #11697 ) ;
#3404 = DIRECTION ( 'NONE',  ( -1.000000000000000000, 0.0000000000000000000, -6.838402388021533300E-015 ) ) ;
#3405 = CARTESIAN_POINT ( 'NONE',  ( 0.04291338582677181600, 0.001181102362204724400, 0.03444881889763794900 ) ) ;
#3406 = ORIENTED_EDGE ( 'NONE', *, *, #2769, .F. ) ;
#3407 = DIRECTION ( 'NONE',  ( 5.434102431278317600E-015, 0.0000000000000000000, -1.000000000000000000 ) ) ;
#3408 = UNCERTAINTY_MEASURE_WITH_UNIT (LENGTH_MEASURE( 1.000000000000000100E-005 ), #4085, 'distance_accuracy_value', 'NONE');
#3409 =( NAMED_UNIT ( * ) SI_UNIT ( $, .STERADIAN. ) SOLID_ANGLE_UNIT ( ) );
#3410 = CARTESIAN_POINT ( 'NONE',  ( 0.04291338582677166300, 0.007204724409448820400, -0.004921259842519830700 ) ) ;
#3411 = CARTESIAN_POINT ( 'NONE',  ( 0.05905511811023580300, 0.03149606299212598400, 0.05905511811023661500 ) ) ;
#3412 = EDGE_CURVE ( 'NONE', #4827, #378, #6271, .T. ) ;
#3413 = LENGTH_MEASURE_WITH_UNIT ( LENGTH_MEASURE( 0.02539999999999999900 ), #11803 );
#3414 = EDGE_CURVE ( 'NONE', #7779, #5992, #3697, .T. ) ;
#3415 = CARTESIAN_POINT ( 'NONE',  ( 0.05669291338582568100, 0.0000000000000000000, 0.02460629921260099100 ) ) ;
#3416 = FACE_OUTER_BOUND ( 'NONE', #6621, .T. ) ;
#3417 = SURFACE_SIDE_STYLE ('',( #8563 ) ) ;
#3418 = ORIENTED_EDGE ( 'NONE', *, *, #9451, .T. ) ;
#3419 = ADVANCED_FACE ( 'NONE', ( #1087 ), #2711, .F. ) ;
#3420 =( NAMED_UNIT ( * ) PLANE_ANGLE_UNIT ( ) SI_UNIT ( $, .RADIAN. ) );
#3421 = EDGE_LOOP ( 'NONE', ( #9276, #1839, #12308, #12631 ) ) ;
#3422 = CARTESIAN_POINT ( 'NONE',  ( 0.04291338582677164900, 0.001181102362204723500, -0.004921259842519851500 ) ) ;
#3423 = SURFACE_SIDE_STYLE ('',( #11801 ) ) ;
#3424 = ADVANCED_FACE ( 'NONE', ( #2441 ), #12485, .F. ) ;
#3425 = SURFACE_STYLE_FILL_AREA ( #8009 ) ;
#3426 = VECTOR ( 'NONE', #3994, 39.37007874015748100 ) ;
#3427 = DIRECTION ( 'NONE',  ( 3.549286997887197300E-015, -0.0000000000000000000, 1.000000000000000000 ) ) ;
#3428 = DIRECTION ( 'NONE',  ( 1.000000000000000000, 0.0000000000000000000, 0.0000000000000000000 ) ) ;
#3429 =( NAMED_UNIT ( * ) SI_UNIT ( $, .STERADIAN. ) SOLID_ANGLE_UNIT ( ) );
#3430 = EDGE_CURVE ( 'NONE', #12010, #4168, #11334, .T. ) ;
#3431 = DIRECTION ( 'NONE',  ( 0.7071067811865522400, 0.0000000000000000000, -0.7071067811865426900 ) ) ;
#3432 = DIRECTION ( 'NONE',  ( -1.000000000000000000, -0.0000000000000000000, -3.498027123268577200E-015 ) ) ;
#3433 = EDGE_LOOP ( 'NONE', ( #2644, #6357, #5400, #7392 ) ) ;
#3434 = VERTEX_POINT ( 'NONE', #9666 ) ;
#3435 = CARTESIAN_POINT ( 'NONE',  ( -0.004921259842519969500, 0.001181102362204724200, -0.05905511811023624000 ) ) ;
#3436 = MECHANICAL_DESIGN_GEOMETRIC_PRESENTATION_REPRESENTATION (  '', ( #1472 ), #4073 ) ;
#3437 = SURFACE_STYLE_USAGE ( .BOTH. , #9299 ) ;
#3438 = STYLED_ITEM ( 'NONE', ( #11972 ), #5845 ) ;
#3439 = LINE ( 'NONE', #11528, #3124 ) ;
#3440 = VERTEX_POINT ( 'NONE', #3798 ) ;
#3441 = UNCERTAINTY_MEASURE_WITH_UNIT (LENGTH_MEASURE( 1.000000000000000100E-005 ), #7513, 'distance_accuracy_value', 'NONE');
#3442 = CARTESIAN_POINT ( 'NONE',  ( -0.02460629921259803500, 0.001181102362204723500, -0.05669291338582695800 ) ) ;
#3443 = VERTEX_POINT ( 'NONE', #11617 ) ;
#3444 =( LENGTH_UNIT ( ) NAMED_UNIT ( * ) SI_UNIT ( $, .METRE. ) );
#3445 = STYLED_ITEM ( 'NONE', ( #6290 ), #151 ) ;
#3446 =( GEOMETRIC_REPRESENTATION_CONTEXT ( 3 ) GLOBAL_UNCERTAINTY_ASSIGNED_CONTEXT ( ( #12489 ) ) GLOBAL_UNIT_ASSIGNED_CONTEXT ( ( #442, #7238, #1421 ) ) REPRESENTATION_CONTEXT ( 'NONE', 'WORKASPACE' ) );
#3447 = SURFACE_STYLE_USAGE ( .BOTH. , #9307 ) ;
#3448 = ORIENTED_EDGE ( 'NONE', *, *, #305, .F. ) ;
#3449 = ORIENTED_EDGE ( 'NONE', *, *, #10606, .F. ) ;
#3450 =( NAMED_UNIT ( * ) PLANE_ANGLE_UNIT ( ) SI_UNIT ( $, .RADIAN. ) );
#3451 = ORIENTED_EDGE ( 'NONE', *, *, #10584, .T. ) ;
#3452 = ORIENTED_EDGE ( 'NONE', *, *, #3749, .T. ) ;
#3453 = ORIENTED_EDGE ( 'NONE', *, *, #8759, .T. ) ;
#3454 = SURFACE_STYLE_USAGE ( .BOTH. , #9313 ) ;
#3455 = CARTESIAN_POINT ( 'NONE',  ( -0.02460629921259803500, 0.007204724409448820400, -0.05669291338582697200 ) ) ;
#3456 = DIRECTION ( 'NONE',  ( -1.000000000000000000, -0.0000000000000000000, -1.128010947122436300E-013 ) ) ;
#3457 = CARTESIAN_POINT ( 'NONE',  ( -0.05669291338582681900, 0.007204724409448820400, 0.004921259842519494200 ) ) ;
#3458 = MECHANICAL_DESIGN_GEOMETRIC_PRESENTATION_REPRESENTATION (  '', ( #1495 ), #4096 ) ;
#3459 =( GEOMETRIC_REPRESENTATION_CONTEXT ( 3 ) GLOBAL_UNCERTAINTY_ASSIGNED_CONTEXT ( ( #4670 ) ) GLOBAL_UNIT_ASSIGNED_CONTEXT ( ( #1505, #8318, #2478 ) ) REPRESENTATION_CONTEXT ( 'NONE', 'WORKASPACE' ) );
#3460 = ORIENTED_EDGE ( 'NONE', *, *, #4661, .F. ) ;
#3461 = VECTOR ( 'NONE', #9040, 39.37007874015748100 ) ;
#3462 = PLANE ( 'NONE',  #12662 ) ;
#3463 = ORIENTED_EDGE ( 'NONE', *, *, #11213, .F. ) ;
#3464 = ORIENTED_EDGE ( 'NONE', *, *, #3612, .T. ) ;
#3465 = SURFACE_STYLE_USAGE ( .BOTH. , #9328 ) ;
#3466 = FACE_OUTER_BOUND ( 'NONE', #364, .T. ) ;
#3467 = CARTESIAN_POINT ( 'NONE',  ( 0.05669291338582671500, 0.001181102362204723500, -0.004921259842519878400 ) ) ;
#3468 = EDGE_CURVE ( 'NONE', #4068, #10473, #6106, .T. ) ;
#3469 =( CONVERSION_BASED_UNIT ( 'INCH', #11753 ) LENGTH_UNIT ( ) NAMED_UNIT ( #4707 ) );
#3470 = CARTESIAN_POINT ( 'NONE',  ( 0.05669291338582674300, 0.007204724409448820400, -0.01476377952755926100 ) ) ;
#3471 = CARTESIAN_POINT ( 'NONE',  ( -0.004921259842519285100, 0.0000000000000000000, -0.05669291338582675700 ) ) ;
#3472 = ORIENTED_EDGE ( 'NONE', *, *, #3685, .F. ) ;
#3473 = SURFACE_STYLE_USAGE ( .BOTH. , #9332 ) ;
#3474 = MANIFOLD_SOLID_BREP ( 'Boss-Extrude2[12]', #958 ) ;
#3475 = DIRECTION ( 'NONE',  ( 0.0000000000000000000, 1.000000000000000000, 0.0000000000000000000 ) ) ;
#3476 = MECHANICAL_DESIGN_GEOMETRIC_PRESENTATION_REPRESENTATION (  '', ( #1510 ), #4116 ) ;
#3477 = ORIENTED_EDGE ( 'NONE', *, *, #405, .T. ) ;
#3478 =( GEOMETRIC_REPRESENTATION_CONTEXT ( 3 ) GLOBAL_UNCERTAINTY_ASSIGNED_CONTEXT ( ( #3949 ) ) GLOBAL_UNIT_ASSIGNED_CONTEXT ( ( #4234, #11091, #5219 ) ) REPRESENTATION_CONTEXT ( 'NONE', 'WORKASPACE' ) );
#3479 =( CONVERSION_BASED_UNIT ( 'INCH', #1419 ) LENGTH_UNIT ( ) NAMED_UNIT ( #727 ) );
#3480 = PLANE ( 'NONE',  #11868 ) ;
#3481 = LINE ( 'NONE', #5443, #3165 ) ;
#3482 = PLANE ( 'NONE',  #6993 ) ;
#3483 = ADVANCED_FACE ( 'NONE', ( #2594 ), #2794, .F. ) ;
#3484 = CARTESIAN_POINT ( 'NONE',  ( -0.04494350380682998100, 0.03149606299212598400, -0.04494350380683059800 ) ) ;
#3485 = ORIENTED_EDGE ( 'NONE', *, *, #10498, .T. ) ;
#3486 = FACE_OUTER_BOUND ( 'NONE', #333, .T. ) ;
#3487 = ORIENTED_EDGE ( 'NONE', *, *, #3295, .T. ) ;
#3488 = ADVANCED_FACE ( 'NONE', ( #3972 ), #987, .F. ) ;
#3489 = FILL_AREA_STYLE_COLOUR ( '', #5621 ) ;
#3490 = SURFACE_SIDE_STYLE ('',( #10704 ) ) ;
#3491 = LINE ( 'NONE', #4473, #8689 ) ;
#3492 = DIRECTION ( 'NONE',  ( 1.075969242843166800E-013, 0.0000000000000000000, -1.000000000000000000 ) ) ;
#3493 = UNCERTAINTY_MEASURE_WITH_UNIT (LENGTH_MEASURE( 1.000000000000000100E-005 ), #10170, 'distance_accuracy_value', 'NONE');
#3494 = DIRECTION ( 'NONE',  ( -0.0000000000000000000, -1.000000000000000000, -0.0000000000000000000 ) ) ;
#3495 = CARTESIAN_POINT ( 'NONE',  ( -0.05905511811023581000, 0.0000000000000000000, -0.05905511811023662200 ) ) ;
#3496 =( NAMED_UNIT ( * ) SI_UNIT ( $, .STERADIAN. ) SOLID_ANGLE_UNIT ( ) );
#3497 = SURFACE_STYLE_USAGE ( .BOTH. , #9362 ) ;
#3498 = PRESENTATION_LAYER_ASSIGNMENT (  '', '', ( #2171 ) ) ;
#3499 = DIRECTION ( 'NONE',  ( -1.000000000000000000, 0.0000000000000000000, 1.690654702195511200E-015 ) ) ;
#3500 = VECTOR ( 'NONE', #5531, 39.37007874015748100 ) ;
#3501 = DIMENSIONAL_EXPONENTS ( 1.000000000000000000, 0.0000000000000000000, 0.0000000000000000000, 0.0000000000000000000, 0.0000000000000000000, 0.0000000000000000000, 0.0000000000000000000 ) ;
#3502 = FACE_OUTER_BOUND ( 'NONE', #3733, .T. ) ;
#3503 = DIRECTION ( 'NONE',  ( -0.0000000000000000000, -1.000000000000000000, -0.0000000000000000000 ) ) ;
#3504 = PRESENTATION_STYLE_ASSIGNMENT (( #4029 ) ) ;
#3505 = LINE ( 'NONE', #6029, #8700 ) ;
#3506 = LINE ( 'NONE', #6680, #8701 ) ;
#3507 = COLOUR_RGB ( '',0.2509803921568627400, 0.2509803921568627400, 0.2509803921568627400 ) ;
#3508 = SURFACE_SIDE_STYLE ('',( #6727 ) ) ;
#3509 = CARTESIAN_POINT ( 'NONE',  ( 0.0000000000000000000, 0.007204724409448820400, 0.0000000000000000000 ) ) ;
#3510 = FILL_AREA_STYLE_COLOUR ( '', #11144 ) ;
#3511 = CARTESIAN_POINT ( 'NONE',  ( 0.04291338582677155200, 0.007204724409448820400, -0.03444881889763795600 ) ) ;
#3512 = MECHANICAL_DESIGN_GEOMETRIC_PRESENTATION_REPRESENTATION (  '', ( #1547 ), #4153 ) ;
#3513 = CARTESIAN_POINT ( 'NONE',  ( 0.05905511811023598400, 0.0000000000000000000, 0.03444881889763773400 ) ) ;
#3514 = LINE ( 'NONE', #6023, #8710 ) ;
#3515 = STYLED_ITEM ( 'NONE', ( #6570 ), #5387 ) ;
#3516 = DIMENSIONAL_EXPONENTS ( 1.000000000000000000, 0.0000000000000000000, 0.0000000000000000000, 0.0000000000000000000, 0.0000000000000000000, 0.0000000000000000000, 0.0000000000000000000 ) ;
#3517 = COLOUR_RGB ( '',0.2509803921568627400, 0.2509803921568627400, 0.2509803921568627400 ) ;
#3518 = VECTOR ( 'NONE', #10556, 39.37007874015748100 ) ;
#3519 = CARTESIAN_POINT ( 'NONE',  ( -0.04494350380682998100, 0.03149606299212598400, -0.04494350380683059800 ) ) ;
#3520 = CARTESIAN_POINT ( 'NONE',  ( -0.04291338582677168400, -0.01693371115559762200, -0.004921259842522247200 ) ) ;
#3521 = SURFACE_STYLE_USAGE ( .BOTH. , #9384 ) ;
#3522 = EDGE_LOOP ( 'NONE', ( #58, #3782, #12567, #6660 ) ) ;
#3523 = CARTESIAN_POINT ( 'NONE',  ( 0.05905511811023598400, 0.03149606299212598400, 0.03444881889763799800 ) ) ;
#3524 = EDGE_CURVE ( 'NONE', #10215, #4048, #2747, .T. ) ;
#3525 = PRESENTATION_STYLE_ASSIGNMENT (( #9710 ) ) ;
#3526 = CARTESIAN_POINT ( 'NONE',  ( -0.004921259842519285100, 0.001181102362204723500, -0.05669291338582675700 ) ) ;
#3527 = LINE ( 'NONE', #4938, #6109 ) ;
#3528 = EDGE_CURVE ( 'NONE', #10730, #11378, #10550, .T. ) ;
#3529 = DIRECTION ( 'NONE',  ( 3.513515725732651700E-015, 0.0000000000000000000, -1.000000000000000000 ) ) ;
#3530 = PRESENTATION_STYLE_ASSIGNMENT (( #12056 ) ) ;
#3531 = LENGTH_MEASURE_WITH_UNIT ( LENGTH_MEASURE( 0.02539999999999999900 ), #3180 );
#3532 = VERTEX_POINT ( 'NONE', #2961 ) ;
#3533 = EDGE_LOOP ( 'NONE', ( #2914, #6796, #5110, #5404 ) ) ;
#3534 = VECTOR ( 'NONE', #2412, 39.37007874015748100 ) ;
#3535 = SURFACE_STYLE_USAGE ( .BOTH. , #9395 ) ;
#3536 = DIRECTION ( 'NONE',  ( -1.000000000000000000, 0.0000000000000000000, 2.774856874683271600E-015 ) ) ;
#3537 = CARTESIAN_POINT ( 'NONE',  ( 0.05905511811023663600, 0.004133858267716534500, -0.05905511811023601800 ) ) ;
#3538 = CARTESIAN_POINT ( 'NONE',  ( 0.0000000000000000000, 0.001181102362204724400, -0.05669291338582570200 ) ) ;
#3539 = CARTESIAN_POINT ( 'NONE',  ( -0.05669291338582568100, -0.01693371115559762200, -0.02460629921260102200 ) ) ;
#3540 = VERTEX_POINT ( 'NONE', #3944 ) ;
#3541 =( CONVERSION_BASED_UNIT ( 'INCH', #10374 ) LENGTH_UNIT ( ) NAMED_UNIT ( #4663 ) );
#3542 = MECHANICAL_DESIGN_GEOMETRIC_PRESENTATION_REPRESENTATION (  '', ( #1568 ), #4174 ) ;
#3543 = EDGE_LOOP ( 'NONE', ( #9613, #8601, #1796, #5774 ) ) ;
#3544 =( NAMED_UNIT ( * ) PLANE_ANGLE_UNIT ( ) SI_UNIT ( $, .RADIAN. ) );
#3545 = SURFACE_STYLE_FILL_AREA ( #3724 ) ;
#3546 = ORIENTED_EDGE ( 'NONE', *, *, #3704, .T. ) ;
#3547 =( LENGTH_UNIT ( ) NAMED_UNIT ( * ) SI_UNIT ( $, .METRE. ) );
#3548 = LINE ( 'NONE', #6286, #5821 ) ;
#3549 = ORIENTED_EDGE ( 'NONE', *, *, #2665, .F. ) ;
#3550 = PRESENTATION_STYLE_ASSIGNMENT (( #5015 ) ) ;
#3551 = CARTESIAN_POINT ( 'NONE',  ( -0.05905511811023581000, 0.0000000000000000000, -0.05905511811023662200 ) ) ;
#3552 = LINE ( 'NONE', #5835, #968 ) ;
#3553 = DIRECTION ( 'NONE',  ( 1.000000000000000000, -0.0000000000000000000, 2.866700612739115500E-014 ) ) ;
#3554 = PRESENTATION_LAYER_ASSIGNMENT (  '', '', ( #2212 ) ) ;
#3555 = EDGE_CURVE ( 'NONE', #1903, #6046, #5332, .T. ) ;
#3556 = DIRECTION ( 'NONE',  ( -1.000000000000000000, 0.0000000000000000000, -1.309156885088692300E-017 ) ) ;
#3557 = ADVANCED_FACE ( 'NONE', ( #12564 ), #4931, .F. ) ;
#3558 = VECTOR ( 'NONE', #11286, 39.37007874015748100 ) ;
#3559 = UNCERTAINTY_MEASURE_WITH_UNIT (LENGTH_MEASURE( 1.000000000000000100E-005 ), #8521, 'distance_accuracy_value', 'NONE');
#3560 = SURFACE_STYLE_FILL_AREA ( #11289 ) ;
#3561 = CARTESIAN_POINT ( 'NONE',  ( -0.004921259842522249800, -0.01693371115559762200, 0.04291338582677166300 ) ) ;
#3562 = CARTESIAN_POINT ( 'NONE',  ( -0.05669291338582694400, 0.007204724409448820400, 0.04429133858267698300 ) ) ;
#3563 = ADVANCED_FACE ( 'NONE', ( #10266 ), #9827, .F. ) ;
#3564 =( CONVERSION_BASED_UNIT ( 'INCH', #10218 ) LENGTH_UNIT ( ) NAMED_UNIT ( #12550 ) );
#3565 = LENGTH_MEASURE_WITH_UNIT ( LENGTH_MEASURE( 0.02539999999999999900 ), #3629 );
#3566 = DIRECTION ( 'NONE',  ( 1.000000000000000000, 0.0000000000000000000, -3.394400973246411800E-015 ) ) ;
#3567 =( CONVERSION_BASED_UNIT ( 'INCH', #5320 ) LENGTH_UNIT ( ) NAMED_UNIT ( #12668 ) );
#3568 =( GEOMETRIC_REPRESENTATION_CONTEXT ( 3 ) GLOBAL_UNCERTAINTY_ASSIGNED_CONTEXT ( ( #1298 ) ) GLOBAL_UNIT_ASSIGNED_CONTEXT ( ( #3591, #10421, #4565 ) ) REPRESENTATION_CONTEXT ( 'NONE', 'WORKASPACE' ) );
#3569 = DIRECTION ( 'NONE',  ( 0.0000000000000000000, 1.000000000000000000, 0.0000000000000000000 ) ) ;
#3570 = DIRECTION ( 'NONE',  ( 0.0000000000000000000, -0.0000000000000000000, 1.000000000000000000 ) ) ;
#3571 = FILL_AREA_STYLE ('',( #7416 ) ) ;
#3572 = SURFACE_STYLE_FILL_AREA ( #8617 ) ;
#3573 = CARTESIAN_POINT ( 'NONE',  ( -0.004921259842519285100, -0.01693371115559762200, -0.05669291338582679200 ) ) ;
#3574 = FILL_AREA_STYLE ('',( #1599 ) ) ;
#3575 = VERTEX_POINT ( 'NONE', #5948 ) ;
#3576 = UNCERTAINTY_MEASURE_WITH_UNIT (LENGTH_MEASURE( 1.000000000000000100E-005 ), #9398, 'distance_accuracy_value', 'NONE');
#3577 = SURFACE_SIDE_STYLE ('',( #11792 ) ) ;
#3578 = ORIENTED_EDGE ( 'NONE', *, *, #11049, .T. ) ;
#3579 = ORIENTED_EDGE ( 'NONE', *, *, #9516, .T. ) ;
#3580 = DIRECTION ( 'NONE',  ( 0.0000000000000000000, 1.000000000000000000, 0.0000000000000000000 ) ) ;
#3581 = ORIENTED_EDGE ( 'NONE', *, *, #4389, .T. ) ;
#3582 = PRESENTATION_LAYER_ASSIGNMENT (  '', '', ( #2241 ) ) ;
#3583 = PRESENTATION_LAYER_ASSIGNMENT (  '', '', ( #2243 ) ) ;
#3584 = CARTESIAN_POINT ( 'NONE',  ( 0.05669291338582692400, 0.007204724409448820400, 0.03444881889763761600 ) ) ;
#3585 =( GEOMETRIC_REPRESENTATION_CONTEXT ( 3 ) GLOBAL_UNCERTAINTY_ASSIGNED_CONTEXT ( ( #3408 ) ) GLOBAL_UNIT_ASSIGNED_CONTEXT ( ( #4085, #10940, #5068 ) ) REPRESENTATION_CONTEXT ( 'NONE', 'WORKASPACE' ) );
#3586 = FACE_OUTER_BOUND ( 'NONE', #835, .T. ) ;
#3587 = LINE ( 'NONE', #6992, #8774 ) ;
#3588 = SURFACE_STYLE_USAGE ( .BOTH. , #9437 ) ;
#3589 = SURFACE_SIDE_STYLE ('',( #5049 ) ) ;
#3590 =( CONVERSION_BASED_UNIT ( 'INCH', #1654 ) LENGTH_UNIT ( ) NAMED_UNIT ( #12499 ) );
#3591 =( CONVERSION_BASED_UNIT ( 'INCH', #11410 ) LENGTH_UNIT ( ) NAMED_UNIT ( #582 ) );
#3592 = CARTESIAN_POINT ( 'NONE',  ( 0.02460629921259843400, 0.001181102362204723300, 0.05669291338582680600 ) ) ;
#3593 =( NAMED_UNIT ( * ) PLANE_ANGLE_UNIT ( ) SI_UNIT ( $, .RADIAN. ) );
#3594 = ORIENTED_EDGE ( 'NONE', *, *, #65, .F. ) ;
#3595 = EDGE_CURVE ( 'NONE', #2679, #11656, #9020, .T. ) ;
#3596 = SURFACE_STYLE_USAGE ( .BOTH. , #9448 ) ;
#3597 = FILL_AREA_STYLE ('',( #2593 ) ) ;
#3598 = LINE ( 'NONE', #9749, #8468 ) ;
#3599 = DIRECTION ( 'NONE',  ( 0.0000000000000000000, 1.000000000000000000, 0.0000000000000000000 ) ) ;
#3600 = PRESENTATION_LAYER_ASSIGNMENT (  '', '', ( #2261 ) ) ;
#3601 = SURFACE_SIDE_STYLE ('',( #10409 ) ) ;
#3602 = FILL_AREA_STYLE_COLOUR ( '', #4070 ) ;
#3603 = CARTESIAN_POINT ( 'NONE',  ( 0.05669291338582677800, 0.007204724409448820400, -0.004921259842519878400 ) ) ;
#3604 = DIRECTION ( 'NONE',  ( 5.434102431278317600E-015, 0.0000000000000000000, -1.000000000000000000 ) ) ;
#3605 = FILL_AREA_STYLE ('',( #683 ) ) ;
#3606 = EDGE_LOOP ( 'NONE', ( #6834, #5287, #9851, #7042 ) ) ;
#3607 = ORIENTED_EDGE ( 'NONE', *, *, #4001, .T. ) ;
#3608 = PRESENTATION_STYLE_ASSIGNMENT (( #8644 ) ) ;
#3609 = DIRECTION ( 'NONE',  ( 2.774856874683270000E-015, -0.0000000000000000000, 1.000000000000000000 ) ) ;
#3610 = VERTEX_POINT ( 'NONE', #3089 ) ;
#3611 = EDGE_CURVE ( 'NONE', #3434, #1400, #1239, .T. ) ;
#3612 = EDGE_CURVE ( 'NONE', #4168, #4829, #1537, .T. ) ;
#3613 = UNCERTAINTY_MEASURE_WITH_UNIT (LENGTH_MEASURE( 1.000000000000000100E-005 ), #4810, 'distance_accuracy_value', 'NONE');
#3614 = FILL_AREA_STYLE ('',( #7464 ) ) ;
#3615 = PLANE ( 'NONE',  #3905 ) ;
#3616 = ORIENTED_EDGE ( 'NONE', *, *, #2860, .T. ) ;
#3617 =( NAMED_UNIT ( * ) PLANE_ANGLE_UNIT ( ) SI_UNIT ( $, .RADIAN. ) );
#3618 = CARTESIAN_POINT ( 'NONE',  ( 0.02460629921259843400, -0.01693371115559762200, 0.05669291338582681900 ) ) ;
#3619 = DIMENSIONAL_EXPONENTS ( 1.000000000000000000, 0.0000000000000000000, 0.0000000000000000000, 0.0000000000000000000, 0.0000000000000000000, 0.0000000000000000000, 0.0000000000000000000 ) ;
#3620 = SURFACE_SIDE_STYLE ('',( #10783 ) ) ;
#3621 = EDGE_LOOP ( 'NONE', ( #9357, #3150, #5988, #1068 ) ) ;
#3622 = LINE ( 'NONE', #4015, #1025 ) ;
#3623 = PLANE ( 'NONE',  #6795 ) ;
#3624 = ADVANCED_FACE ( 'NONE', ( #3845 ), #4215, .F. ) ;
#3625 = PRESENTATION_LAYER_ASSIGNMENT (  '', '', ( #2289 ) ) ;
#3626 = DIRECTION ( 'NONE',  ( -2.646153987744245800E-015, -0.0000000000000000000, 1.000000000000000000 ) ) ;
#3627 = PLANE ( 'NONE',  #10849 ) ;
#3628 = VERTEX_POINT ( 'NONE', #1292 ) ;
#3629 =( LENGTH_UNIT ( ) NAMED_UNIT ( * ) SI_UNIT ( $, .METRE. ) );
#3630 = LENGTH_MEASURE_WITH_UNIT ( LENGTH_MEASURE( 0.02539999999999999900 ), #8962 );
#3631 = CARTESIAN_POINT ( 'NONE',  ( 0.05905511811023581000, 0.03149606299212598400, 0.05905511811023663600 ) ) ;
#3632 = VECTOR ( 'NONE', #4317, 39.37007874015748100 ) ;
#3633 = EDGE_LOOP ( 'NONE', ( #2646, #11681, #4889, #3257 ) ) ;
#3634 = LENGTH_MEASURE_WITH_UNIT ( LENGTH_MEASURE( 0.02539999999999999900 ), #1508 );
#3635 = FILL_AREA_STYLE ('',( #8438 ) ) ;
#3636 = VERTEX_POINT ( 'NONE', #4260 ) ;
#3637 = VECTOR ( 'NONE', #5119, 39.37007874015748100 ) ;
#3638 = DIMENSIONAL_EXPONENTS ( 1.000000000000000000, 0.0000000000000000000, 0.0000000000000000000, 0.0000000000000000000, 0.0000000000000000000, 0.0000000000000000000, 0.0000000000000000000 ) ;
#3639 = PRESENTATION_LAYER_ASSIGNMENT (  '', '', ( #2304 ) ) ;
#3640 = FILL_AREA_STYLE_COLOUR ( '', #11491 ) ;
#3641 =( GEOMETRIC_REPRESENTATION_CONTEXT ( 3 ) GLOBAL_UNCERTAINTY_ASSIGNED_CONTEXT ( ( #11333 ) ) GLOBAL_UNIT_ASSIGNED_CONTEXT ( ( #3857, #10688, #4839 ) ) REPRESENTATION_CONTEXT ( 'NONE', 'WORKASPACE' ) );
#3642 = ORIENTED_EDGE ( 'NONE', *, *, #6620, .T. ) ;
#3643 = FILL_AREA_STYLE_COLOUR ( '', #1966 ) ;
#3644 =( CONVERSION_BASED_UNIT ( 'INCH', #4750 ) LENGTH_UNIT ( ) NAMED_UNIT ( #68 ) );
#3645 = PRESENTATION_LAYER_ASSIGNMENT (  '', '', ( #2312 ) ) ;
#3646 = DIRECTION ( 'NONE',  ( -0.0000000000000000000, -1.000000000000000000, -0.0000000000000000000 ) ) ;
#3647 =( NAMED_UNIT ( * ) SI_UNIT ( $, .STERADIAN. ) SOLID_ANGLE_UNIT ( ) );
#3648 = EDGE_CURVE ( 'NONE', #698, #9820, #2597, .T. ) ;
#3649 = PRESENTATION_STYLE_ASSIGNMENT (( #745 ) ) ;
#3650 = SURFACE_STYLE_USAGE ( .BOTH. , #9513 ) ;
#3651 = SURFACE_SIDE_STYLE ('',( #1534 ) ) ;
#3652 = FACE_OUTER_BOUND ( 'NONE', #2370, .T. ) ;
#3653 = DIMENSIONAL_EXPONENTS ( 1.000000000000000000, 0.0000000000000000000, 0.0000000000000000000, 0.0000000000000000000, 0.0000000000000000000, 0.0000000000000000000, 0.0000000000000000000 ) ;
#3654 = DIMENSIONAL_EXPONENTS ( 1.000000000000000000, 0.0000000000000000000, 0.0000000000000000000, 0.0000000000000000000, 0.0000000000000000000, 0.0000000000000000000, 0.0000000000000000000 ) ;
#3655 = CARTESIAN_POINT ( 'NONE',  ( -0.04291338582677169800, 0.001181102362204724400, 0.004921259842519619100 ) ) ;
#3656 = CARTESIAN_POINT ( 'NONE',  ( 0.0000000000000000000, 0.004133858267716536200, -0.05669291338582570200 ) ) ;
#3657 = PRESENTATION_LAYER_ASSIGNMENT (  '', '', ( #2323 ) ) ;
#3658 = PRESENTATION_LAYER_ASSIGNMENT (  '', '', ( #2325 ) ) ;
#3659 = AXIS2_PLACEMENT_3D ( 'NONE', #5649, #12525, #6624 ) ;
#3660 = CARTESIAN_POINT ( 'NONE',  ( 0.04291338582677151100, 0.001181102362204724400, 0.0000000000000000000 ) ) ;
#3661 = LINE ( 'NONE', #1546, #1057 ) ;
#3662 = EDGE_LOOP ( 'NONE', ( #9882, #5113, #7675, #11588 ) ) ;
#3663 = DIRECTION ( 'NONE',  ( -3.885242184870542000E-015, 0.0000000000000000000, 1.000000000000000000 ) ) ;
#3664 = FACE_OUTER_BOUND ( 'NONE', #9427, .T. ) ;
#3665 = LINE ( 'NONE', #8658, #5930 ) ;
#3666 = LINE ( 'NONE', #11969, #3347 ) ;
#3667 = FILL_AREA_STYLE ('',( #4553 ) ) ;
#3668 = ORIENTED_EDGE ( 'NONE', *, *, #8708, .F. ) ;
#3669 = VERTEX_POINT ( 'NONE', #7192 ) ;
#3670 = EDGE_CURVE ( 'NONE', #375, #579, #4897, .T. ) ;
#3671 = EDGE_LOOP ( 'NONE', ( #895, #10370, #7204, #8338 ) ) ;
#3672 = LINE ( 'NONE', #3511, #10838 ) ;
#3673 = DIRECTION ( 'NONE',  ( 0.0000000000000000000, 1.000000000000000000, -0.0000000000000000000 ) ) ;
#3674 = LENGTH_MEASURE_WITH_UNIT ( LENGTH_MEASURE( 0.02539999999999999900 ), #1299 );
#3675 = CARTESIAN_POINT ( 'NONE',  ( -0.05669291338582681900, -0.01693371115559762200, 0.004921259842519482900 ) ) ;
#3676 = PRESENTATION_STYLE_ASSIGNMENT (( #2935 ) ) ;
#3677 =( LENGTH_UNIT ( ) NAMED_UNIT ( * ) SI_UNIT ( $, .METRE. ) );
#3678 = PRESENTATION_STYLE_ASSIGNMENT (( #2677 ) ) ;
#3679 =( GEOMETRIC_REPRESENTATION_CONTEXT ( 3 ) GLOBAL_UNCERTAINTY_ASSIGNED_CONTEXT ( ( #9614 ) ) GLOBAL_UNIT_ASSIGNED_CONTEXT ( ( #11764, #5887, #54 ) ) REPRESENTATION_CONTEXT ( 'NONE', 'WORKASPACE' ) );
#3680 =( NAMED_UNIT ( * ) PLANE_ANGLE_UNIT ( ) SI_UNIT ( $, .RADIAN. ) );
#3681 =( GEOMETRIC_REPRESENTATION_CONTEXT ( 3 ) GLOBAL_UNCERTAINTY_ASSIGNED_CONTEXT ( ( #3017 ) ) GLOBAL_UNIT_ASSIGNED_CONTEXT ( ( #5439, #12312, #6428 ) ) REPRESENTATION_CONTEXT ( 'NONE', 'WORKASPACE' ) );
#3682 = SURFACE_STYLE_FILL_AREA ( #937 ) ;
#3683 =( CONVERSION_BASED_UNIT ( 'INCH', #786 ) LENGTH_UNIT ( ) NAMED_UNIT ( #2863 ) );
#3684 = VECTOR ( 'NONE', #1806, 39.37007874015748100 ) ;
#3685 = EDGE_CURVE ( 'NONE', #10782, #9104, #7475, .T. ) ;
#3686 = DIMENSIONAL_EXPONENTS ( 1.000000000000000000, 0.0000000000000000000, 0.0000000000000000000, 0.0000000000000000000, 0.0000000000000000000, 0.0000000000000000000, 0.0000000000000000000 ) ;
#3687 = LINE ( 'NONE', #11208, #796 ) ;
#3688 = FILL_AREA_STYLE_COLOUR ( '', #10842 ) ;
#3689 = CARTESIAN_POINT ( 'NONE',  ( -0.04291338582677161500, 0.007204724409448820400, -0.01476377952755921500 ) ) ;
#3690 = DIRECTION ( 'NONE',  ( 6.982962677686265900E-015, 0.0000000000000000000, -1.000000000000000000 ) ) ;
#3691 = ADVANCED_FACE ( 'NONE', ( #2285 ), #4303, .T. ) ;
#3692 = SURFACE_SIDE_STYLE ('',( #2738 ) ) ;
#3693 = PRESENTATION_LAYER_ASSIGNMENT (  '', '', ( #2359 ) ) ;
#3694 = LINE ( 'NONE', #2282, #8869 ) ;
#3695 = CARTESIAN_POINT ( 'NONE',  ( 0.01476377952755947800, 0.03149606299212598400, -0.05905511811023612300 ) ) ;
#3696 = MECHANICAL_DESIGN_GEOMETRIC_PRESENTATION_REPRESENTATION (  '', ( #1729 ), #4326 ) ;
#3697 = LINE ( 'NONE', #4652, #8572 ) ;
#3698 = VERTEX_POINT ( 'NONE', #1371 ) ;
#3699 = COLOUR_RGB ( '',0.3529411764705882000, 0.3529411764705882000, 0.3529411764705882000 ) ;
#3700 = ORIENTED_EDGE ( 'NONE', *, *, #6452, .T. ) ;
#3701 =( NAMED_UNIT ( * ) SI_UNIT ( $, .STERADIAN. ) SOLID_ANGLE_UNIT ( ) );
#3702 =( CONVERSION_BASED_UNIT ( 'INCH', #12336 ) LENGTH_UNIT ( ) NAMED_UNIT ( #11478 ) );
#3703 = VECTOR ( 'NONE', #7124, 39.37007874015748100 ) ;
#3704 = EDGE_CURVE ( 'NONE', #1478, #3398, #1080, .T. ) ;
#3705 = MECHANICAL_DESIGN_GEOMETRIC_PRESENTATION_REPRESENTATION (  '', ( #1738 ), #4330 ) ;
#3706 = VERTEX_POINT ( 'NONE', #12196 ) ;
#3707 = CARTESIAN_POINT ( 'NONE',  ( -0.05669291338582670100, 0.007204724409448820400, -0.004921259842522323500 ) ) ;
#3708 = LINE ( 'NONE', #12368, #8883 ) ;
#3709 = CARTESIAN_POINT ( 'NONE',  ( -0.05669291338582666700, 0.004133858267716536200, -0.03444881889763801200 ) ) ;
#3710 = VECTOR ( 'NONE', #7568, 39.37007874015748100 ) ;
#3711 = SURFACE_SIDE_STYLE ('',( #11183 ) ) ;
#3712 =( LENGTH_UNIT ( ) NAMED_UNIT ( * ) SI_UNIT ( $, .METRE. ) );
#3713 = CARTESIAN_POINT ( 'NONE',  ( 0.0000000000000000000, 0.001181102362204724400, -0.04429133858267737100 ) ) ;
#3714 = PRESENTATION_LAYER_ASSIGNMENT (  '', '', ( #2381 ) ) ;
#3715 = MECHANICAL_DESIGN_GEOMETRIC_PRESENTATION_REPRESENTATION (  '', ( #1748 ), #4345 ) ;
#3716 = DIRECTION ( 'NONE',  ( -1.000000000000000000, -0.0000000000000000000, -0.0000000000000000000 ) ) ;
#3717 =( LENGTH_UNIT ( ) NAMED_UNIT ( * ) SI_UNIT ( $, .METRE. ) );
#3718 = ORIENTED_EDGE ( 'NONE', *, *, #3336, .T. ) ;
#3719 = UNCERTAINTY_MEASURE_WITH_UNIT (LENGTH_MEASURE( 1.000000000000000100E-005 ), #10538, 'distance_accuracy_value', 'NONE');
#3720 = SURFACE_STYLE_FILL_AREA ( #6178 ) ;
#3721 = UNCERTAINTY_MEASURE_WITH_UNIT (LENGTH_MEASURE( 1.000000000000000100E-005 ), #5723, 'distance_accuracy_value', 'NONE');
#3722 = VECTOR ( 'NONE', #6221, 39.37007874015748100 ) ;
#3723 = COLOUR_RGB ( '',0.9686274509803921600, 0.8784313725490196000, 0.5999999999999999800 ) ;
#3724 = FILL_AREA_STYLE ('',( #2720 ) ) ;
#3725 = EDGE_CURVE ( 'NONE', #12075, #12529, #3687, .T. ) ;
#3726 = DIRECTION ( 'NONE',  ( 1.000000000000000000, 0.0000000000000000000, -0.0000000000000000000 ) ) ;
#3727 = ORIENTED_EDGE ( 'NONE', *, *, #4476, .T. ) ;
#3728 = PRESENTATION_LAYER_ASSIGNMENT (  '', '', ( #2405 ) ) ;
#3729 = PRESENTATION_LAYER_ASSIGNMENT (  '', '', ( #2407 ) ) ;
#3730 = SURFACE_SIDE_STYLE ('',( #10677 ) ) ;
#3731 = AXIS2_PLACEMENT_3D ( 'NONE', #5008, #11867, #5997 ) ;
#3732 = SURFACE_STYLE_USAGE ( .BOTH. , #9609 ) ;
#3733 = EDGE_LOOP ( 'NONE', ( #10622, #4641, #7077, #6272 ) ) ;
#3734 = VERTEX_POINT ( 'NONE', #6314 ) ;
#3735 =( CONVERSION_BASED_UNIT ( 'INCH', #7693 ) LENGTH_UNIT ( ) NAMED_UNIT ( #10974 ) );
#3736 = CARTESIAN_POINT ( 'NONE',  ( 0.01476377952755942100, 0.0000000000000000000, -0.05905511811023612900 ) ) ;
#3737 = LINE ( 'NONE', #7963, #8916 ) ;
#3738 = PRESENTATION_STYLE_ASSIGNMENT (( #2987 ) ) ;
#3739 = CARTESIAN_POINT ( 'NONE',  ( -0.05669291338582657000, 0.007204724409448820400, -0.004921259842522323500 ) ) ;
#3740 = LINE ( 'NONE', #6830, #8623 ) ;
#3741 = SURFACE_SIDE_STYLE ('',( #11637 ) ) ;
#3742 = CARTESIAN_POINT ( 'NONE',  ( -0.02460629921260094900, 0.007204724409448820400, 0.04291338582677133700 ) ) ;
#3743 =( GEOMETRIC_REPRESENTATION_CONTEXT ( 3 ) GLOBAL_UNCERTAINTY_ASSIGNED_CONTEXT ( ( #6888 ) ) GLOBAL_UNIT_ASSIGNED_CONTEXT ( ( #3175, #10021, #4150 ) ) REPRESENTATION_CONTEXT ( 'NONE', 'WORKASPACE' ) );
#3744 = FILL_AREA_STYLE_COLOUR ( '', #11141 ) ;
#3745 = AXIS2_PLACEMENT_3D ( 'NONE', #9403, #3553, #10383 ) ;
#3746 = ADVANCED_FACE ( 'NONE', ( #11176 ), #9273, .T. ) ;
#3747 = LENGTH_MEASURE_WITH_UNIT ( LENGTH_MEASURE( 0.02539999999999999900 ), #3263 );
#3748 =( NAMED_UNIT ( * ) SI_UNIT ( $, .STERADIAN. ) SOLID_ANGLE_UNIT ( ) );
#3749 = EDGE_CURVE ( 'NONE', #5901, #8618, #2129, .T. ) ;
#3750 = FILL_AREA_STYLE ('',( #8568 ) ) ;
#3751 = EDGE_LOOP ( 'NONE', ( #2974, #10946, #4804, #2280 ) ) ;
#3752 = ORIENTED_EDGE ( 'NONE', *, *, #7744, .T. ) ;
#3753 = COLOUR_RGB ( '',0.2509803921568627400, 0.2509803921568627400, 0.2509803921568627400 ) ;
#3754 = SURFACE_STYLE_USAGE ( .BOTH. , #9631 ) ;
#3755 = ORIENTED_EDGE ( 'NONE', *, *, #9371, .F. ) ;
#3756 = CARTESIAN_POINT ( 'NONE',  ( 0.0000000000000000000, 0.001181102362204724400, 0.0000000000000000000 ) ) ;
#3757 = PRESENTATION_STYLE_ASSIGNMENT (( #7606 ) ) ;
#3758 = CARTESIAN_POINT ( 'NONE',  ( 0.0000000000000000000, 0.0000000000000000000, 0.0000000000000000000 ) ) ;
#3759 = CARTESIAN_POINT ( 'NONE',  ( -0.04291338582677155900, 0.001181102362204724400, 0.0000000000000000000 ) ) ;
#3760 =( LENGTH_UNIT ( ) NAMED_UNIT ( * ) SI_UNIT ( $, .METRE. ) );
#3761 = PLANE ( 'NONE',  #6752 ) ;
#3762 =( LENGTH_UNIT ( ) NAMED_UNIT ( * ) SI_UNIT ( $, .METRE. ) );
#3763 = DIRECTION ( 'NONE',  ( -2.646153987744243500E-015, -0.0000000000000000000, 1.000000000000000000 ) ) ;
#3764 = EDGE_LOOP ( 'NONE', ( #10306, #3120, #9067, #1333 ) ) ;
#3765 = ORIENTED_EDGE ( 'NONE', *, *, #12665, .T. ) ;
#3766 = PRESENTATION_LAYER_ASSIGNMENT (  '', '', ( #2428 ) ) ;
#3767 = LENGTH_MEASURE_WITH_UNIT ( LENGTH_MEASURE( 0.02539999999999999900 ), #2614 );
#3768 = ORIENTED_EDGE ( 'NONE', *, *, #4856, .T. ) ;
#3769 = ORIENTED_EDGE ( 'NONE', *, *, #11826, .T. ) ;
#3770 = VERTEX_POINT ( 'NONE', #9318 ) ;
#3771 = CARTESIAN_POINT ( 'NONE',  ( 0.0000000000000000000, 0.001181102362204724400, 0.04291338582677166300 ) ) ;
#3772 =( NAMED_UNIT ( * ) SI_UNIT ( $, .STERADIAN. ) SOLID_ANGLE_UNIT ( ) );
#3773 = CARTESIAN_POINT ( 'NONE',  ( 0.04291338582677183700, 0.007204724409448820400, 0.04429133858267700300 ) ) ;
#3774 = FILL_AREA_STYLE ('',( #7823 ) ) ;
#3775 = DIRECTION ( 'NONE',  ( -0.0000000000000000000, -1.000000000000000000, -0.0000000000000000000 ) ) ;
#3776 = EDGE_CURVE ( 'NONE', #10802, #1478, #9658, .T. ) ;
#3777 = DIMENSIONAL_EXPONENTS ( 1.000000000000000000, 0.0000000000000000000, 0.0000000000000000000, 0.0000000000000000000, 0.0000000000000000000, 0.0000000000000000000, 0.0000000000000000000 ) ;
#3778 = UNCERTAINTY_MEASURE_WITH_UNIT (LENGTH_MEASURE( 1.000000000000000100E-005 ), #3567, 'distance_accuracy_value', 'NONE');
#3779 = DIMENSIONAL_EXPONENTS ( 1.000000000000000000, 0.0000000000000000000, 0.0000000000000000000, 0.0000000000000000000, 0.0000000000000000000, 0.0000000000000000000, 0.0000000000000000000 ) ;
#3780 = EDGE_CURVE ( 'NONE', #3048, #11105, #4748, .T. ) ;
#3781 = VERTEX_POINT ( 'NONE', #7356 ) ;
#3782 = ORIENTED_EDGE ( 'NONE', *, *, #11033, .T. ) ;
#3783 = ORIENTED_EDGE ( 'NONE', *, *, #8354, .T. ) ;
#3784 = DIRECTION ( 'NONE',  ( 0.0000000000000000000, -0.0000000000000000000, 1.000000000000000000 ) ) ;
#3785 = PRESENTATION_STYLE_ASSIGNMENT (( #4596 ) ) ;
#3786 = SURFACE_STYLE_FILL_AREA ( #6666 ) ;
#3787 = SURFACE_STYLE_FILL_AREA ( #2399 ) ;
#3788 =( NAMED_UNIT ( * ) PLANE_ANGLE_UNIT ( ) SI_UNIT ( $, .RADIAN. ) );
#3789 = CARTESIAN_POINT ( 'NONE',  ( -0.05669291338582658400, -0.01693371115559762200, -0.004921259842522333900 ) ) ;
#3790 = ORIENTED_EDGE ( 'NONE', *, *, #4887, .F. ) ;
#3791 = PRESENTATION_LAYER_ASSIGNMENT (  '', '', ( #2454 ) ) ;
#3792 = FILL_AREA_STYLE_COLOUR ( '', #3872 ) ;
#3793 = LENGTH_MEASURE_WITH_UNIT ( LENGTH_MEASURE( 0.02539999999999999900 ), #5123 );
#3794 = FILL_AREA_STYLE_COLOUR ( '', #9638 ) ;
#3795 = AXIS2_PLACEMENT_3D ( 'NONE', #6326, #492, #7284 ) ;
#3796 = VERTEX_POINT ( 'NONE', #3457 ) ;
#3797 = SURFACE_SIDE_STYLE ('',( #11517 ) ) ;
#3798 = CARTESIAN_POINT ( 'NONE',  ( -0.02460629921260098700, 0.007204724409448820400, 0.04291338582677133700 ) ) ;
#3799 = SURFACE_STYLE_FILL_AREA ( #3774 ) ;
#3800 = EDGE_CURVE ( 'NONE', #10334, #7074, #11940, .T. ) ;
#3801 = FILL_AREA_STYLE ('',( #2795 ) ) ;
#3802 = SURFACE_SIDE_STYLE ('',( #6090 ) ) ;
#3803 = FILL_AREA_STYLE ('',( #3841 ) ) ;
#3804 = CARTESIAN_POINT ( 'NONE',  ( 0.01476377952755906200, 0.007204724409448820400, 0.05669291338582680600 ) ) ;
#3805 = ORIENTED_EDGE ( 'NONE', *, *, #7180, .T. ) ;
#3806 = CARTESIAN_POINT ( 'NONE',  ( 0.02460629921260094500, 0.001181102362204724400, 0.0000000000000000000 ) ) ;
#3807 = ORIENTED_EDGE ( 'NONE', *, *, #2316, .F. ) ;
#3808 = VERTEX_POINT ( 'NONE', #1533 ) ;
#3809 =( GEOMETRIC_REPRESENTATION_CONTEXT ( 3 ) GLOBAL_UNCERTAINTY_ASSIGNED_CONTEXT ( ( #12428 ) ) GLOBAL_UNIT_ASSIGNED_CONTEXT ( ( #11423, #5554, #12418 ) ) REPRESENTATION_CONTEXT ( 'NONE', 'WORKASPACE' ) );
#3810 = FILL_AREA_STYLE ('',( #6687 ) ) ;
#3811 = AXIS2_PLACEMENT_3D ( 'NONE', #5276, #12148, #6264 ) ;
#3812 = DIMENSIONAL_EXPONENTS ( 1.000000000000000000, 0.0000000000000000000, 0.0000000000000000000, 0.0000000000000000000, 0.0000000000000000000, 0.0000000000000000000, 0.0000000000000000000 ) ;
#3813 =( CONVERSION_BASED_UNIT ( 'INCH', #9534 ) LENGTH_UNIT ( ) NAMED_UNIT ( #7960 ) );
#3814 = ADVANCED_FACE ( 'NONE', ( #4426 ), #10345, .F. ) ;
#3815 =( NAMED_UNIT ( * ) SI_UNIT ( $, .STERADIAN. ) SOLID_ANGLE_UNIT ( ) );
#3816 = DIRECTION ( 'NONE',  ( 0.0000000000000000000, -1.000000000000000000, 0.0000000000000000000 ) ) ;
#3817 = SURFACE_STYLE_FILL_AREA ( #5333 ) ;
#3818 = VECTOR ( 'NONE', #6598, 39.37007874015748100 ) ;
#3819 = VECTOR ( 'NONE', #4975, 39.37007874015748100 ) ;
#3820 = LENGTH_MEASURE_WITH_UNIT ( LENGTH_MEASURE( 0.02539999999999999900 ), #11003 );
#3821 = LENGTH_MEASURE_WITH_UNIT ( LENGTH_MEASURE( 0.02539999999999999900 ), #2361 );
#3822 = VECTOR ( 'NONE', #980, 39.37007874015748100 ) ;
#3823 =( CONVERSION_BASED_UNIT ( 'INCH', #8784 ) LENGTH_UNIT ( ) NAMED_UNIT ( #6085 ) );
#3824 = AXIS2_PLACEMENT_3D ( 'NONE', #4888, #11742, #5870 ) ;
#3825 = AXIS2_PLACEMENT_3D ( 'NONE', #4402, #11262, #5374 ) ;
#3826 = PRESENTATION_LAYER_ASSIGNMENT (  '', '', ( #2492 ) ) ;
#3827 =( CONVERSION_BASED_UNIT ( 'INCH', #7230 ) LENGTH_UNIT ( ) NAMED_UNIT ( #1730 ) );
#3828 = DIRECTION ( 'NONE',  ( -1.000000000000000000, -0.0000000000000000000, -3.575470135588969500E-015 ) ) ;
#3829 = SURFACE_STYLE_USAGE ( .BOTH. , #9702 ) ;
#3830 = VECTOR ( 'NONE', #12585, 39.37007874015748100 ) ;
#3831 = VECTOR ( 'NONE', #12329, 39.37007874015748100 ) ;
#3832 = CARTESIAN_POINT ( 'NONE',  ( -0.01476377952755906200, 0.007204724409448820400, 0.04291338582677167000 ) ) ;
#3833 = LINE ( 'NONE', #2729, #3518 ) ;
#3834 = LINE ( 'NONE', #5652, #1231 ) ;
#3835 = EDGE_CURVE ( 'NONE', #1019, #1400, #10705, .T. ) ;
#3836 =( LENGTH_UNIT ( ) NAMED_UNIT ( * ) SI_UNIT ( $, .METRE. ) );
#3837 = ORIENTED_EDGE ( 'NONE', *, *, #10219, .F. ) ;
#3838 = CARTESIAN_POINT ( 'NONE',  ( -0.05669291338582657000, 0.0000000000000000000, 0.0000000000000000000 ) ) ;
#3839 = VECTOR ( 'NONE', #4776, 39.37007874015748100 ) ;
#3840 =( NAMED_UNIT ( * ) SI_UNIT ( $, .STERADIAN. ) SOLID_ANGLE_UNIT ( ) );
#3841 = FILL_AREA_STYLE_COLOUR ( '', #9688 ) ;
#3842 = PRESENTATION_STYLE_ASSIGNMENT (( #10487 ) ) ;
#3843 = AXIS2_PLACEMENT_3D ( 'NONE', #1487, #8306, #2460 ) ;
#3844 = FILL_AREA_STYLE ('',( #917 ) ) ;
#3845 = FACE_OUTER_BOUND ( 'NONE', #536, .T. ) ;
#3846 =( LENGTH_UNIT ( ) NAMED_UNIT ( * ) SI_UNIT ( $, .METRE. ) );
#3847 = VERTEX_POINT ( 'NONE', #675 ) ;
#3848 = ORIENTED_EDGE ( 'NONE', *, *, #6151, .F. ) ;
#3849 = DIRECTION ( 'NONE',  ( 2.433019743745004600E-014, -0.0000000000000000000, -1.000000000000000000 ) ) ;
#3850 = VECTOR ( 'NONE', #9038, 39.37007874015748100 ) ;
#3851 = EDGE_CURVE ( 'NONE', #2957, #2179, #5486, .T. ) ;
#3852 = VERTEX_POINT ( 'NONE', #4524 ) ;
#3853 = PRESENTATION_STYLE_ASSIGNMENT (( #4700 ) ) ;
#3854 = ORIENTED_EDGE ( 'NONE', *, *, #7900, .T. ) ;
#3855 =( LENGTH_UNIT ( ) NAMED_UNIT ( * ) SI_UNIT ( $, .METRE. ) );
#3856 = ORIENTED_EDGE ( 'NONE', *, *, #1447, .F. ) ;
#3857 =( CONVERSION_BASED_UNIT ( 'INCH', #431 ) LENGTH_UNIT ( ) NAMED_UNIT ( #11222 ) );
#3858 = PRESENTATION_LAYER_ASSIGNMENT (  '', '', ( #2529 ) ) ;
#3859 = LINE ( 'NONE', #11243, #7657 ) ;
#3860 = CARTESIAN_POINT ( 'NONE',  ( 0.01476377952755905300, 0.001181102362204723500, 0.05669291338582680600 ) ) ;
#3861 = FACE_OUTER_BOUND ( 'NONE', #1160, .T. ) ;
#3862 = PRESENTATION_STYLE_ASSIGNMENT (( #6801 ) ) ;
#3863 = SURFACE_STYLE_USAGE ( .BOTH. , #9737 ) ;
#3864 = PRESENTATION_LAYER_ASSIGNMENT (  '', '', ( #2538 ) ) ;
#3865 = STYLED_ITEM ( 'NONE', ( #2551 ), #844 ) ;
#3866 = CARTESIAN_POINT ( 'NONE',  ( -0.04291338582677168400, 0.007204724409448820400, -0.004921259842522284500 ) ) ;
#3867 =( NAMED_UNIT ( * ) SI_UNIT ( $, .STERADIAN. ) SOLID_ANGLE_UNIT ( ) );
#3868 = DIRECTION ( 'NONE',  ( -1.000000000000000000, 0.0000000000000000000, -4.195014234152112900E-015 ) ) ;
#3869 = PRESENTATION_STYLE_ASSIGNMENT (( #5067 ) ) ;
#3870 = ADVANCED_FACE ( 'NONE', ( #301 ), #7443, .T. ) ;
#3871 = SURFACE_STYLE_FILL_AREA ( #1245 ) ;
#3872 = COLOUR_RGB ( '',0.3529411764705882000, 0.3529411764705882000, 0.3529411764705882000 ) ;
#3873 = ORIENTED_EDGE ( 'NONE', *, *, #3555, .T. ) ;
#3874 = AXIS2_PLACEMENT_3D ( 'NONE', #10745, #4878, #11729 ) ;
#3875 = STYLED_ITEM ( 'NONE', ( #5323 ), #10289 ) ;
#3876 = FILL_AREA_STYLE ('',( #11747 ) ) ;
#3877 = VERTEX_POINT ( 'NONE', #9452 ) ;
#3878 = DIRECTION ( 'NONE',  ( 0.0000000000000000000, -0.0000000000000000000, 1.000000000000000000 ) ) ;
#3879 = EDGE_LOOP ( 'NONE', ( #5346, #8141, #7652, #10996 ) ) ;
#3880 = ORIENTED_EDGE ( 'NONE', *, *, #9933, .T. ) ;
#3881 = EDGE_LOOP ( 'NONE', ( #459, #1665, #6786, #9603 ) ) ;
#3882 = DIRECTION ( 'NONE',  ( -1.000000000000000000, 0.0000000000000000000, -6.115600939697863200E-015 ) ) ;
#3883 = AXIS2_PLACEMENT_3D ( 'NONE', #1626, #8446, #2598 ) ;
#3884 = EDGE_CURVE ( 'NONE', #1994, #11569, #6559, .T. ) ;
#3885 = LINE ( 'NONE', #4050, #10004 ) ;
#3886 = DIRECTION ( 'NONE',  ( 1.000000000000000000, -0.0000000000000000000, 3.885242184870542000E-015 ) ) ;
#3887 = UNCERTAINTY_MEASURE_WITH_UNIT (LENGTH_MEASURE( 1.000000000000000100E-005 ), #3043, 'distance_accuracy_value', 'NONE');
#3888 = SURFACE_SIDE_STYLE ('',( #12279 ) ) ;
#3889 = VERTEX_POINT ( 'NONE', #10474 ) ;
#3890 = AXIS2_PLACEMENT_3D ( 'NONE', #12048, #6172, #342 ) ;
#3891 = AXIS2_PLACEMENT_3D ( 'NONE', #5653, #12530, #6628 ) ;
#3892 = STYLED_ITEM ( 'NONE', ( #5590 ), #11385 ) ;
#3893 = CARTESIAN_POINT ( 'NONE',  ( -0.02460629921259803500, 0.001181102362204724400, 0.0000000000000000000 ) ) ;
#3894 = SURFACE_STYLE_FILL_AREA ( #1044 ) ;
#3895 = DIMENSIONAL_EXPONENTS ( 1.000000000000000000, 0.0000000000000000000, 0.0000000000000000000, 0.0000000000000000000, 0.0000000000000000000, 0.0000000000000000000, 0.0000000000000000000 ) ;
#3896 = DIMENSIONAL_EXPONENTS ( 1.000000000000000000, 0.0000000000000000000, 0.0000000000000000000, 0.0000000000000000000, 0.0000000000000000000, 0.0000000000000000000, 0.0000000000000000000 ) ;
#3897 = SURFACE_SIDE_STYLE ('',( #2659 ) ) ;
#3898 =( NAMED_UNIT ( * ) PLANE_ANGLE_UNIT ( ) SI_UNIT ( $, .RADIAN. ) );
#3899 = EDGE_CURVE ( 'NONE', #4854, #6897, #9170, .T. ) ;
#3900 = ORIENTED_EDGE ( 'NONE', *, *, #6674, .F. ) ;
#3901 = EDGE_LOOP ( 'NONE', ( #3314, #8327, #2026, #11570 ) ) ;
#3902 = SURFACE_STYLE_FILL_AREA ( #7638 ) ;
#3903 = EDGE_LOOP ( 'NONE', ( #10152, #11427, #1960, #10424 ) ) ;
#3904 = CARTESIAN_POINT ( 'NONE',  ( -0.05905511811023625400, 0.03149606299212598400, 0.004921259842519544500 ) ) ;
#3905 = AXIS2_PLACEMENT_3D ( 'NONE', #1684, #8505, #2655 ) ;
#3906 = DIMENSIONAL_EXPONENTS ( 1.000000000000000000, 0.0000000000000000000, 0.0000000000000000000, 0.0000000000000000000, 0.0000000000000000000, 0.0000000000000000000, 0.0000000000000000000 ) ;
#3907 = SURFACE_SIDE_STYLE ('',( #5777 ) ) ;
#3908 = MECHANICAL_DESIGN_GEOMETRIC_PRESENTATION_REPRESENTATION (  '', ( #1925 ), #4568 ) ;
#3909 = ORIENTED_EDGE ( 'NONE', *, *, #1208, .F. ) ;
#3910 =( NAMED_UNIT ( * ) SI_UNIT ( $, .STERADIAN. ) SOLID_ANGLE_UNIT ( ) );
#3911 = CARTESIAN_POINT ( 'NONE',  ( 0.05669291338582692400, -0.01693371115559762200, 0.03444881889763761600 ) ) ;
#3912 = PLANE ( 'NONE',  #11055 ) ;
#3913 = ORIENTED_EDGE ( 'NONE', *, *, #7508, .F. ) ;
#3914 = VECTOR ( 'NONE', #7888, 39.37007874015748100 ) ;
#3915 = DIRECTION ( 'NONE',  ( 0.0000000000000000000, 1.000000000000000000, 0.0000000000000000000 ) ) ;
#3916 =( CONVERSION_BASED_UNIT ( 'INCH', #783 ) LENGTH_UNIT ( ) NAMED_UNIT ( #8486 ) );
#3917 = AXIS2_PLACEMENT_3D ( 'NONE', #8815, #2955, #9815 ) ;
#3918 = PRESENTATION_LAYER_ASSIGNMENT (  '', '', ( #2603 ) ) ;
#3919 = EDGE_LOOP ( 'NONE', ( #1532, #4327, #8228, #7125 ) ) ;
#3920 = DIMENSIONAL_EXPONENTS ( 1.000000000000000000, 0.0000000000000000000, 0.0000000000000000000, 0.0000000000000000000, 0.0000000000000000000, 0.0000000000000000000, 0.0000000000000000000 ) ;
#3921 = UNCERTAINTY_MEASURE_WITH_UNIT (LENGTH_MEASURE( 1.000000000000000100E-005 ), #1785, 'distance_accuracy_value', 'NONE');
#3922 = FILL_AREA_STYLE ('',( #8798 ) ) ;
#3923 = DIRECTION ( 'NONE',  ( -0.0000000000000000000, 0.0000000000000000000, -1.000000000000000000 ) ) ;
#3924 =( CONVERSION_BASED_UNIT ( 'INCH', #9940 ) LENGTH_UNIT ( ) NAMED_UNIT ( #10821 ) );
#3925 = LINE ( 'NONE', #2354, #11115 ) ;
#3926 = ADVANCED_FACE ( 'NONE', ( #8853 ), #5586, .F. ) ;
#3927 = EDGE_LOOP ( 'NONE', ( #1295, #2787, #5603, #6651 ) ) ;
#3928 = ORIENTED_EDGE ( 'NONE', *, *, #10741, .F. ) ;
#3929 = COLOUR_RGB ( '',0.3529411764705882000, 0.3529411764705882000, 0.3529411764705882000 ) ;
#3930 =( NAMED_UNIT ( * ) SI_UNIT ( $, .STERADIAN. ) SOLID_ANGLE_UNIT ( ) );
#3931 = COLOUR_RGB ( '',0.9686274509803921600, 0.8784313725490196000, 0.5999999999999999800 ) ;
#3932 = SURFACE_SIDE_STYLE ('',( #2703 ) ) ;
#3933 = LINE ( 'NONE', #11680, #7736 ) ;
#3934 = FACE_OUTER_BOUND ( 'NONE', #56, .T. ) ;
#3935 = EDGE_CURVE ( 'NONE', #12252, #12647, #10243, .T. ) ;
#3936 = PRESENTATION_LAYER_ASSIGNMENT (  '', '', ( #2617 ) ) ;
#3937 = EDGE_CURVE ( 'NONE', #10347, #9471, #7607, .T. ) ;
#3938 = DIRECTION ( 'NONE',  ( 1.000000000000000000, 0.0000000000000000000, 0.0000000000000000000 ) ) ;
#3939 = SURFACE_SIDE_STYLE ('',( #9523 ) ) ;
#3940 = SURFACE_STYLE_FILL_AREA ( #3571 ) ;
#3941 = CARTESIAN_POINT ( 'NONE',  ( -0.04291338582677161500, 0.007204724409448820400, -0.01476377952755921500 ) ) ;
#3942 = FILL_AREA_STYLE ('',( #8777 ) ) ;
#3943 =( GEOMETRIC_REPRESENTATION_CONTEXT ( 3 ) GLOBAL_UNCERTAINTY_ASSIGNED_CONTEXT ( ( #5079 ) ) GLOBAL_UNIT_ASSIGNED_CONTEXT ( ( #909, #7684, #1860 ) ) REPRESENTATION_CONTEXT ( 'NONE', 'WORKASPACE' ) );
#3944 = CARTESIAN_POINT ( 'NONE',  ( 0.05669291338582568100, 0.004133858267716536200, 0.02460629921260100800 ) ) ;
#3945 = EDGE_CURVE ( 'NONE', #9714, #4805, #5016, .T. ) ;
#3946 = VECTOR ( 'NONE', #577, 39.37007874015748100 ) ;
#3947 = EDGE_LOOP ( 'NONE', ( #7576, #12343, #209, #6017 ) ) ;
#3948 = VECTOR ( 'NONE', #12146, 39.37007874015748100 ) ;
#3949 = UNCERTAINTY_MEASURE_WITH_UNIT (LENGTH_MEASURE( 1.000000000000000100E-005 ), #4234, 'distance_accuracy_value', 'NONE');
#3950 = CARTESIAN_POINT ( 'NONE',  ( -0.04494350380682998100, 0.02755905511811023600, -0.03789093658332103700 ) ) ;
#3951 = LINE ( 'NONE', #6045, #6544 ) ;
#3952 = ORIENTED_EDGE ( 'NONE', *, *, #5363, .T. ) ;
#3953 = PRESENTATION_STYLE_ASSIGNMENT (( #12309 ) ) ;
#3954 = DIRECTION ( 'NONE',  ( -1.000000000000000000, 0.0000000000000000000, -6.838402388021533300E-015 ) ) ;
#3955 = VERTEX_POINT ( 'NONE', #12545 ) ;
#3956 = EDGE_LOOP ( 'NONE', ( #12427, #6718, #12571, #2491 ) ) ;
#3957 = AXIS2_PLACEMENT_3D ( 'NONE', #5772, #12639, #6747 ) ;
#3958 = AXIS2_PLACEMENT_3D ( 'NONE', #3016, #9878, #4004 ) ;
#3959 =( LENGTH_UNIT ( ) NAMED_UNIT ( * ) SI_UNIT ( $, .METRE. ) );
#3960 = STYLED_ITEM ( 'NONE', ( #11076 ), #11114 ) ;
#3961 =( NAMED_UNIT ( * ) SI_UNIT ( $, .STERADIAN. ) SOLID_ANGLE_UNIT ( ) );
#3962 = LINE ( 'NONE', #5841, #9168 ) ;
#3963 = LENGTH_MEASURE_WITH_UNIT ( LENGTH_MEASURE( 0.02539999999999999900 ), #5594 );
#3964 = VECTOR ( 'NONE', #11425, 39.37007874015748100 ) ;
#3965 = VECTOR ( 'NONE', #4623, 39.37007874015748100 ) ;
#3966 =( CONVERSION_BASED_UNIT ( 'INCH', #2486 ) LENGTH_UNIT ( ) NAMED_UNIT ( #8501 ) );
#3967 = FILL_AREA_STYLE_COLOUR ( '', #1518 ) ;
#3968 = UNCERTAINTY_MEASURE_WITH_UNIT (LENGTH_MEASURE( 1.000000000000000100E-005 ), #10674, 'distance_accuracy_value', 'NONE');
#3969 = FILL_AREA_STYLE_COLOUR ( '', #5446 ) ;
#3970 = FILL_AREA_STYLE ('',( #10739 ) ) ;
#3971 = ORIENTED_EDGE ( 'NONE', *, *, #9564, .T. ) ;
#3972 = FACE_OUTER_BOUND ( 'NONE', #2001, .T. ) ;
#3973 = LINE ( 'NONE', #8633, #3684 ) ;
#3974 = VECTOR ( 'NONE', #3317, 39.37007874015748100 ) ;
#3975 = LINE ( 'NONE', #2643, #1390 ) ;
#3976 =( CONVERSION_BASED_UNIT ( 'INCH', #5713 ) LENGTH_UNIT ( ) NAMED_UNIT ( #2609 ) );
#3977 = PRESENTATION_STYLE_ASSIGNMENT (( #10159 ) ) ;
#3978 =( GEOMETRIC_REPRESENTATION_CONTEXT ( 3 ) GLOBAL_UNCERTAINTY_ASSIGNED_CONTEXT ( ( #5197 ) ) GLOBAL_UNIT_ASSIGNED_CONTEXT ( ( #5548, #12411, #6524 ) ) REPRESENTATION_CONTEXT ( 'NONE', 'WORKASPACE' ) );
#3979 = STYLED_ITEM ( 'NONE', ( #5063 ), #12161 ) ;
#3980 =( NAMED_UNIT ( * ) SI_UNIT ( $, .STERADIAN. ) SOLID_ANGLE_UNIT ( ) );
#3981 = CARTESIAN_POINT ( 'NONE',  ( 0.05905511811023663600, 0.001181102362204723300, -0.05905511811023583100 ) ) ;
#3982 = EDGE_CURVE ( 'NONE', #5592, #594, #4738, .T. ) ;
#3983 = FILL_AREA_STYLE ('',( #2991 ) ) ;
#3984 = UNCERTAINTY_MEASURE_WITH_UNIT (LENGTH_MEASURE( 1.000000000000000100E-005 ), #1629, 'distance_accuracy_value', 'NONE');
#3985 = ORIENTED_EDGE ( 'NONE', *, *, #8595, .F. ) ;
#3986 = LINE ( 'NONE', #3806, #6273 ) ;
#3987 = ORIENTED_EDGE ( 'NONE', *, *, #10139, .F. ) ;
#3988 =( NAMED_UNIT ( * ) SI_UNIT ( $, .STERADIAN. ) SOLID_ANGLE_UNIT ( ) );
#3989 = LENGTH_MEASURE_WITH_UNIT ( LENGTH_MEASURE( 0.02539999999999999900 ), #10316 );
#3990 = CARTESIAN_POINT ( 'NONE',  ( 0.05669291338582664600, 0.004133858267716536200, -0.04429133858267737800 ) ) ;
#3991 = ADVANCED_FACE ( 'NONE', ( #146 ), #7615, .F. ) ;
#3992 = EDGE_CURVE ( 'NONE', #12183, #7498, #3505, .T. ) ;
#3993 = VERTEX_POINT ( 'NONE', #1989 ) ;
#3994 = DIRECTION ( 'NONE',  ( -0.0000000000000000000, 0.0000000000000000000, -1.000000000000000000 ) ) ;
#3995 = STYLED_ITEM ( 'NONE', ( #1527 ), #6354 ) ;
#3996 =( NAMED_UNIT ( * ) PLANE_ANGLE_UNIT ( ) SI_UNIT ( $, .RADIAN. ) );
#3997 =( GEOMETRIC_REPRESENTATION_CONTEXT ( 3 ) GLOBAL_UNCERTAINTY_ASSIGNED_CONTEXT ( ( #5410 ) ) GLOBAL_UNIT_ASSIGNED_CONTEXT ( ( #3813, #10646, #4790 ) ) REPRESENTATION_CONTEXT ( 'NONE', 'WORKASPACE' ) );
#3998 = LENGTH_MEASURE_WITH_UNIT ( LENGTH_MEASURE( 0.02539999999999999900 ), #2586 );
#3999 = PRESENTATION_STYLE_ASSIGNMENT (( #10057 ) ) ;
#4000 = LINE ( 'NONE', #787, #11522 ) ;
#4001 = EDGE_CURVE ( 'NONE', #378, #1367, #6087, .T. ) ;
#4002 = EDGE_CURVE ( 'NONE', #1810, #3213, #930, .T. ) ;
#4003 = CARTESIAN_POINT ( 'NONE',  ( 0.01476377952755936400, 0.007204724409448820400, -0.04291338582677147600 ) ) ;
#4004 = DIRECTION ( 'NONE',  ( 6.982962677686265900E-015, 0.0000000000000000000, -1.000000000000000000 ) ) ;
#4005 = COLOUR_RGB ( '',0.9686274509803921600, 0.8784313725490196000, 0.5999999999999999800 ) ;
#4006 = VECTOR ( 'NONE', #9137, 39.37007874015748100 ) ;
#4007 = COLOUR_RGB ( '',1.000000000000000000, 1.000000000000000000, 1.000000000000000000 ) ;
#4008 =( CONVERSION_BASED_UNIT ( 'INCH', #2548 ) LENGTH_UNIT ( ) NAMED_UNIT ( #1468 ) );
#4009 = EDGE_LOOP ( 'NONE', ( #5578, #887, #7360, #4890 ) ) ;
#4010 = DIMENSIONAL_EXPONENTS ( 1.000000000000000000, 0.0000000000000000000, 0.0000000000000000000, 0.0000000000000000000, 0.0000000000000000000, 0.0000000000000000000, 0.0000000000000000000 ) ;
#4011 = AXIS2_PLACEMENT_3D ( 'NONE', #9455, #3599, #10433 ) ;
#4012 = CARTESIAN_POINT ( 'NONE',  ( 0.0000000000000000000, 0.001181102362204724400, -0.04291338582677169800 ) ) ;
#4013 = VECTOR ( 'NONE', #11805, 39.37007874015748100 ) ;
#4014 =( GEOMETRIC_REPRESENTATION_CONTEXT ( 3 ) GLOBAL_UNCERTAINTY_ASSIGNED_CONTEXT ( ( #2420 ) ) GLOBAL_UNIT_ASSIGNED_CONTEXT ( ( #4098, #10953, #5080 ) ) REPRESENTATION_CONTEXT ( 'NONE', 'WORKASPACE' ) );
#4015 = CARTESIAN_POINT ( 'NONE',  ( 0.04291338582677164900, 0.007204724409448820400, -0.004921259842519830700 ) ) ;
#4016 =( LENGTH_UNIT ( ) NAMED_UNIT ( * ) SI_UNIT ( $, .METRE. ) );
#4017 = DIMENSIONAL_EXPONENTS ( 1.000000000000000000, 0.0000000000000000000, 0.0000000000000000000, 0.0000000000000000000, 0.0000000000000000000, 0.0000000000000000000, 0.0000000000000000000 ) ;
#4018 = ORIENTED_EDGE ( 'NONE', *, *, #405, .F. ) ;
#4019 = COLOUR_RGB ( '',0.9686274509803921600, 0.8784313725490196000, 0.5999999999999999800 ) ;
#4020 =( NAMED_UNIT ( * ) SI_UNIT ( $, .STERADIAN. ) SOLID_ANGLE_UNIT ( ) );
#4021 = LINE ( 'NONE', #8769, #6323 ) ;
#4022 =( GEOMETRIC_REPRESENTATION_CONTEXT ( 3 ) GLOBAL_UNCERTAINTY_ASSIGNED_CONTEXT ( ( #10857 ) ) GLOBAL_UNIT_ASSIGNED_CONTEXT ( ( #3227, #10067, #4202 ) ) REPRESENTATION_CONTEXT ( 'NONE', 'WORKASPACE' ) );
#4023 =( GEOMETRIC_REPRESENTATION_CONTEXT ( 3 ) GLOBAL_UNCERTAINTY_ASSIGNED_CONTEXT ( ( #6512 ) ) GLOBAL_UNIT_ASSIGNED_CONTEXT ( ( #3381, #10226, #4347 ) ) REPRESENTATION_CONTEXT ( 'NONE', 'WORKASPACE' ) );
#4024 = STYLED_ITEM ( 'NONE', ( #2071 ), #10604 ) ;
#4025 = DIRECTION ( 'NONE',  ( 5.588988455919166100E-015, -0.0000000000000000000, -1.000000000000000000 ) ) ;
#4026 = UNCERTAINTY_MEASURE_WITH_UNIT (LENGTH_MEASURE( 1.000000000000000100E-005 ), #10244, 'distance_accuracy_value', 'NONE');
#4027 = EDGE_CURVE ( 'NONE', #11853, #6244, #11311, .T. ) ;
#4028 = EDGE_LOOP ( 'NONE', ( #2723, #1195, #12459, #8445 ) ) ;
#4029 = SURFACE_STYLE_USAGE ( .BOTH. , #9914 ) ;
#4030 = ORIENTED_EDGE ( 'NONE', *, *, #1046, .T. ) ;
#4031 = ORIENTED_EDGE ( 'NONE', *, *, #10680, .F. ) ;
#4032 = LINE ( 'NONE', #7678, #1451 ) ;
#4033 = DIMENSIONAL_EXPONENTS ( 1.000000000000000000, 0.0000000000000000000, 0.0000000000000000000, 0.0000000000000000000, 0.0000000000000000000, 0.0000000000000000000, 0.0000000000000000000 ) ;
#4034 = ORIENTED_EDGE ( 'NONE', *, *, #2970, .T. ) ;
#4035 = VECTOR ( 'NONE', #11544, 39.37007874015748100 ) ;
#4036 = FILL_AREA_STYLE ('',( #7902 ) ) ;
#4037 = CARTESIAN_POINT ( 'NONE',  ( -0.04291338582677167000, 0.0000000000000000000, -0.004921259842522247200 ) ) ;
#4038 = ADVANCED_FACE ( 'NONE', ( #619 ), #8985, .F. ) ;
#4039 =( GEOMETRIC_REPRESENTATION_CONTEXT ( 3 ) GLOBAL_UNCERTAINTY_ASSIGNED_CONTEXT ( ( #2544 ) ) GLOBAL_UNIT_ASSIGNED_CONTEXT ( ( #5704, #12575, #6677 ) ) REPRESENTATION_CONTEXT ( 'NONE', 'WORKASPACE' ) );
#4040 = STYLED_ITEM ( 'NONE', ( #3999 ), #9459 ) ;
#4041 = CARTESIAN_POINT ( 'NONE',  ( -0.05905511811023581000, 0.001181102362204723300, -0.05905511811023662200 ) ) ;
#4042 = AXIS2_PLACEMENT_3D ( 'NONE', #11727, #5859, #16 ) ;
#4043 = SURFACE_SIDE_STYLE ('',( #5073 ) ) ;
#4044 = CARTESIAN_POINT ( 'NONE',  ( -0.05669291338582621600, 0.007204724409448820400, -0.02460629921260102200 ) ) ;
#4045 = CARTESIAN_POINT ( 'NONE',  ( 0.0000000000000000000, 0.004133858267716536200, 0.05905511811023661500 ) ) ;
#4046 = EDGE_LOOP ( 'NONE', ( #7439, #10187, #1474, #4282 ) ) ;
#4047 = VERTEX_POINT ( 'NONE', #7032 ) ;
#4048 = VERTEX_POINT ( 'NONE', #7071 ) ;
#4049 = VERTEX_POINT ( 'NONE', #1268 ) ;
#4050 = CARTESIAN_POINT ( 'NONE',  ( -0.05669291338582663900, 0.007204724409448820400, -0.04429133858267737800 ) ) ;
#4051 = ADVANCED_FACE ( 'NONE', ( #7128 ), #2226, .T. ) ;
#4052 =( NAMED_UNIT ( * ) SI_UNIT ( $, .STERADIAN. ) SOLID_ANGLE_UNIT ( ) );
#4053 = EDGE_CURVE ( 'NONE', #11378, #2132, #5928, .T. ) ;
#4054 = CARTESIAN_POINT ( 'NONE',  ( 0.0000000000000000000, 0.0000000000000000000, 0.004921259842521507300 ) ) ;
#4055 = CARTESIAN_POINT ( 'NONE',  ( 0.0000000000000000000, 0.004133858267716536200, 0.05669291338582680600 ) ) ;
#4056 = PLANE ( 'NONE',  #11164 ) ;
#4057 =( NAMED_UNIT ( * ) PLANE_ANGLE_UNIT ( ) SI_UNIT ( $, .RADIAN. ) );
#4058 =( LENGTH_UNIT ( ) NAMED_UNIT ( * ) SI_UNIT ( $, .METRE. ) );
#4059 = STYLED_ITEM ( 'NONE', ( #10140 ), #4587 ) ;
#4060 = EDGE_LOOP ( 'NONE', ( #11942, #11331, #11549, #7910 ) ) ;
#4061 = CARTESIAN_POINT ( 'NONE',  ( 0.05669291338582568100, 0.0000000000000000000, 0.02460629921260102900 ) ) ;
#4062 = ORIENTED_EDGE ( 'NONE', *, *, #3749, .F. ) ;
#4063 = VERTEX_POINT ( 'NONE', #3265 ) ;
#4064 = LINE ( 'NONE', #688, #8959 ) ;
#4065 =( CONVERSION_BASED_UNIT ( 'INCH', #7903 ) LENGTH_UNIT ( ) NAMED_UNIT ( #10840 ) );
#4066 = ORIENTED_EDGE ( 'NONE', *, *, #10327, .F. ) ;
#4067 =( NAMED_UNIT ( * ) PLANE_ANGLE_UNIT ( ) SI_UNIT ( $, .RADIAN. ) );
#4068 = VERTEX_POINT ( 'NONE', #3131 ) ;
#4069 = EDGE_CURVE ( 'NONE', #8358, #6425, #8540, .T. ) ;
#4070 = COLOUR_RGB ( '',1.000000000000000000, 1.000000000000000000, 1.000000000000000000 ) ;
#4071 = ORIENTED_EDGE ( 'NONE', *, *, #7837, .F. ) ;
#4072 = SURFACE_SIDE_STYLE ('',( #10076 ) ) ;
#4073 =( GEOMETRIC_REPRESENTATION_CONTEXT ( 3 ) GLOBAL_UNCERTAINTY_ASSIGNED_CONTEXT ( ( #8528 ) ) GLOBAL_UNIT_ASSIGNED_CONTEXT ( ( #11254, #5370, #12246 ) ) REPRESENTATION_CONTEXT ( 'NONE', 'WORKASPACE' ) );
#4074 = LINE ( 'NONE', #3656, #6377 ) ;
#4075 = DIRECTION ( 'NONE',  ( 1.000000000000000000, 0.0000000000000000000, 5.511545443598771800E-015 ) ) ;
#4076 = AXIS2_PLACEMENT_3D ( 'NONE', #12362, #6478, #662 ) ;
#4077 = CARTESIAN_POINT ( 'NONE',  ( 0.0000000000000000000, 0.0000000000000000000, 0.04429133858267697600 ) ) ;
#4078 = CARTESIAN_POINT ( 'NONE',  ( -0.01476377952755866500, -0.01693371115559762200, -0.05669291338582690300 ) ) ;
#4079 = UNCERTAINTY_MEASURE_WITH_UNIT (LENGTH_MEASURE( 1.000000000000000100E-005 ), #9446, 'distance_accuracy_value', 'NONE');
#4080 = FILL_AREA_STYLE ('',( #6049 ) ) ;
#4081 = VERTEX_POINT ( 'NONE', #7162 ) ;
#4082 =( NAMED_UNIT ( * ) SI_UNIT ( $, .STERADIAN. ) SOLID_ANGLE_UNIT ( ) );
#4083 = FILL_AREA_STYLE ('',( #9880 ) ) ;
#4084 = AXIS2_PLACEMENT_3D ( 'NONE', #5623, #12494, #6604 ) ;
#4085 =( CONVERSION_BASED_UNIT ( 'INCH', #4792 ) LENGTH_UNIT ( ) NAMED_UNIT ( #8636 ) );
#4086 = COLOUR_RGB ( '',0.2509803921568627400, 0.2509803921568627400, 0.2509803921568627400 ) ;
#4087 = COLOUR_RGB ( '',0.2509803921568627400, 0.2509803921568627400, 0.2509803921568627400 ) ;
#4088 = CARTESIAN_POINT ( 'NONE',  ( 0.01476377952755947800, 0.001181102362204724200, -0.05905511811023611600 ) ) ;
#4089 = DIRECTION ( 'NONE',  ( 3.513515725732652500E-015, -0.0000000000000000000, -1.000000000000000000 ) ) ;
#4090 =( CONVERSION_BASED_UNIT ( 'INCH', #8888 ) LENGTH_UNIT ( ) NAMED_UNIT ( #5824 ) );
#4091 = LENGTH_MEASURE_WITH_UNIT ( LENGTH_MEASURE( 0.02539999999999999900 ), #12353 );
#4092 = CARTESIAN_POINT ( 'NONE',  ( -0.02460629921260102500, 0.007204724409448820400, 0.05669291338582568100 ) ) ;
#4093 = LINE ( 'NONE', #4314, #9317 ) ;
#4094 = LINE ( 'NONE', #12484, #8996 ) ;
#4095 = VECTOR ( 'NONE', #9871, 39.37007874015748100 ) ;
#4096 =( GEOMETRIC_REPRESENTATION_CONTEXT ( 3 ) GLOBAL_UNCERTAINTY_ASSIGNED_CONTEXT ( ( #1175 ) ) GLOBAL_UNIT_ASSIGNED_CONTEXT ( ( #1767, #8603, #2746 ) ) REPRESENTATION_CONTEXT ( 'NONE', 'WORKASPACE' ) );
#4097 = FILL_AREA_STYLE_COLOUR ( '', #8063 ) ;
#4098 =( CONVERSION_BASED_UNIT ( 'INCH', #12192 ) LENGTH_UNIT ( ) NAMED_UNIT ( #11631 ) );
#4099 = SURFACE_SIDE_STYLE ('',( #10436 ) ) ;
#4100 = SURFACE_STYLE_FILL_AREA ( #11799 ) ;
#4101 = FILL_AREA_STYLE ('',( #7977 ) ) ;
#4102 = STYLED_ITEM ( 'NONE', ( #2225 ), #1874 ) ;
#4103 = CARTESIAN_POINT ( 'NONE',  ( 0.0000000000000000000, 0.001181102362204724400, 0.03444881889763765800 ) ) ;
#4104 = CARTESIAN_POINT ( 'NONE',  ( -0.05905511811023581000, 0.0000000000000000000, -0.05905511811023662200 ) ) ;
#4105 = EDGE_CURVE ( 'NONE', #1770, #4457, #3345, .T. ) ;
#4106 = CARTESIAN_POINT ( 'NONE',  ( 0.05669291338582657000, 0.001181102362204723300, 0.004921259842522329600 ) ) ;
#4107 = DIRECTION ( 'NONE',  ( 0.0000000000000000000, 1.000000000000000000, 0.0000000000000000000 ) ) ;
#4108 = FACE_OUTER_BOUND ( 'NONE', #7705, .T. ) ;
#4109 = VECTOR ( 'NONE', #3763, 39.37007874015748100 ) ;
#4110 = PRESENTATION_STYLE_ASSIGNMENT (( #12326 ) ) ;
#4112 = VECTOR ( 'NONE', #8241, 39.37007874015748100 ) ;
#4111 = VECTOR ( 'NONE', #5680, 39.37007874015748100 ) ;
#4113 = ADVANCED_FACE ( 'NONE', ( #8210 ), #9161, .F. ) ;
#4114 = CARTESIAN_POINT ( 'NONE',  ( 0.0000000000000000000, 0.001181102362204724400, 0.0000000000000000000 ) ) ;
#4115 = LINE ( 'NONE', #7515, #6412 ) ;
#4116 =( GEOMETRIC_REPRESENTATION_CONTEXT ( 3 ) GLOBAL_UNCERTAINTY_ASSIGNED_CONTEXT ( ( #12604 ) ) GLOBAL_UNIT_ASSIGNED_CONTEXT ( ( #8911, #3058, #9917 ) ) REPRESENTATION_CONTEXT ( 'NONE', 'WORKASPACE' ) );
#4117 = STYLED_ITEM ( 'NONE', ( #8035 ), #9115 ) ;
#4118 = VERTEX_POINT ( 'NONE', #1348 ) ;
#4119 =( NAMED_UNIT ( * ) SI_UNIT ( $, .STERADIAN. ) SOLID_ANGLE_UNIT ( ) );
#4120 = DIRECTION ( 'NONE',  ( 0.0000000000000000000, 1.000000000000000000, 0.0000000000000000000 ) ) ;
#4121 = LENGTH_MEASURE_WITH_UNIT ( LENGTH_MEASURE( 0.02539999999999999900 ), #6837 );
#4122 =( NAMED_UNIT ( * ) SI_UNIT ( $, .STERADIAN. ) SOLID_ANGLE_UNIT ( ) );
#4123 = LINE ( 'NONE', #12424, #6723 ) ;
#4124 = VECTOR ( 'NONE', #2196, 39.37007874015748100 ) ;
#4125 = LINE ( 'NONE', #5459, #1536 ) ;
#4126 =( LENGTH_UNIT ( ) NAMED_UNIT ( * ) SI_UNIT ( $, .METRE. ) );
#4128 = COLOUR_RGB ( '',0.3529411764705882000, 0.3529411764705882000, 0.3529411764705882000 ) ;
#4127 = COLOUR_RGB ( '',0.2509803921568627400, 0.2509803921568627400, 0.2509803921568627400 ) ;
#4129 = VECTOR ( 'NONE', #4499, 39.37007874015748100 ) ;
#4130 = DIRECTION ( 'NONE',  ( 0.0000000000000000000, -1.000000000000000000, 0.0000000000000000000 ) ) ;
#4131 = DIMENSIONAL_EXPONENTS ( 1.000000000000000000, 0.0000000000000000000, 0.0000000000000000000, 0.0000000000000000000, 0.0000000000000000000, 0.0000000000000000000, 0.0000000000000000000 ) ;
#4132 = VERTEX_POINT ( 'NONE', #9209 ) ;
#4133 = VERTEX_POINT ( 'NONE', #3352 ) ;
#4134 = DIRECTION ( 'NONE',  ( 1.000000000000000000, -0.0000000000000000000, 6.982962677686265900E-015 ) ) ;
#4135 = STYLED_ITEM ( 'NONE', ( #12684 ), #4239 ) ;
#4136 = LENGTH_MEASURE_WITH_UNIT ( LENGTH_MEASURE( 0.02539999999999999900 ), #4864 );
#4137 = MECHANICAL_DESIGN_GEOMETRIC_PRESENTATION_REPRESENTATION (  '', ( #2171 ), #4814 ) ;
#4138 =( NAMED_UNIT ( * ) PLANE_ANGLE_UNIT ( ) SI_UNIT ( $, .RADIAN. ) );
#4139 = COLOUR_RGB ( '',0.2509803921568627400, 0.2509803921568627400, 0.2509803921568627400 ) ;
#4140 = DIRECTION ( 'NONE',  ( 1.000000000000000000, 0.0000000000000000000, -3.394400973246411800E-015 ) ) ;
#4141 = FILL_AREA_STYLE_COLOUR ( '', #9535 ) ;
#4142 = UNCERTAINTY_MEASURE_WITH_UNIT (LENGTH_MEASURE( 1.000000000000000100E-005 ), #10236, 'distance_accuracy_value', 'NONE');
#4143 = PLANE ( 'NONE',  #8642 ) ;
#4144 = DIMENSIONAL_EXPONENTS ( 1.000000000000000000, 0.0000000000000000000, 0.0000000000000000000, 0.0000000000000000000, 0.0000000000000000000, 0.0000000000000000000, 0.0000000000000000000 ) ;
#4145 = EDGE_CURVE ( 'NONE', #10284, #4819, #12230, .T. ) ;
#4146 = LENGTH_MEASURE_WITH_UNIT ( LENGTH_MEASURE( 0.02539999999999999900 ), #5361 );
#4147 = DIRECTION ( 'NONE',  ( 0.0000000000000000000, -0.0000000000000000000, 1.000000000000000000 ) ) ;
#4148 = SURFACE_STYLE_USAGE ( .BOTH. , #10020 ) ;
#4149 = FACE_OUTER_BOUND ( 'NONE', #112, .T. ) ;
#4150 =( NAMED_UNIT ( * ) SI_UNIT ( $, .STERADIAN. ) SOLID_ANGLE_UNIT ( ) );
#4151 = LINE ( 'NONE', #7435, #1564 ) ;
#4152 =( NAMED_UNIT ( * ) SI_UNIT ( $, .STERADIAN. ) SOLID_ANGLE_UNIT ( ) );
#4153 =( GEOMETRIC_REPRESENTATION_CONTEXT ( 3 ) GLOBAL_UNCERTAINTY_ASSIGNED_CONTEXT ( ( #5864 ) ) GLOBAL_UNIT_ASSIGNED_CONTEXT ( ( #11567, #5697, #12565 ) ) REPRESENTATION_CONTEXT ( 'NONE', 'WORKASPACE' ) );
#4154 =( NAMED_UNIT ( * ) PLANE_ANGLE_UNIT ( ) SI_UNIT ( $, .RADIAN. ) );
#4155 = AXIS2_PLACEMENT_3D ( 'NONE', #3277, #10127, #4245 ) ;
#4156 = COLOUR_RGB ( '',0.2509803921568627400, 0.2509803921568627400, 0.2509803921568627400 ) ;
#4157 = COLOUR_RGB ( '',0.9686274509803921600, 0.8784313725490196000, 0.5999999999999999800 ) ;
#4158 = PLANE ( 'NONE',  #6516 ) ;
#4159 = CARTESIAN_POINT ( 'NONE',  ( -0.05905511811023581000, 0.0000000000000000000, -0.05905511811023662200 ) ) ;
#4160 = EDGE_CURVE ( 'NONE', #3056, #7694, #9642, .T. ) ;
#4161 = ORIENTED_EDGE ( 'NONE', *, *, #6393, .T. ) ;
#4162 = FILL_AREA_STYLE_COLOUR ( '', #318 ) ;
#4163 = CARTESIAN_POINT ( 'NONE',  ( 0.05905511811023619200, 0.001181102362204723700, 0.004921259842521879400 ) ) ;
#4164 =( CONVERSION_BASED_UNIT ( 'INCH', #7896 ) LENGTH_UNIT ( ) NAMED_UNIT ( #8896 ) );
#4165 = EDGE_CURVE ( 'NONE', #3048, #11910, #6978, .T. ) ;
#4166 = ORIENTED_EDGE ( 'NONE', *, *, #8834, .F. ) ;
#4167 = ORIENTED_EDGE ( 'NONE', *, *, #5618, .T. ) ;
#4168 = VERTEX_POINT ( 'NONE', #2404 ) ;
#4169 = VERTEX_POINT ( 'NONE', #449 ) ;
#4170 = DIRECTION ( 'NONE',  ( -0.0000000000000000000, 0.0000000000000000000, -1.000000000000000000 ) ) ;
#4171 =( NAMED_UNIT ( * ) PLANE_ANGLE_UNIT ( ) SI_UNIT ( $, .RADIAN. ) );
#4172 = VECTOR ( 'NONE', #9095, 39.37007874015748100 ) ;
#4173 =( NAMED_UNIT ( * ) SI_UNIT ( $, .STERADIAN. ) SOLID_ANGLE_UNIT ( ) );
#4174 =( GEOMETRIC_REPRESENTATION_CONTEXT ( 3 ) GLOBAL_UNCERTAINTY_ASSIGNED_CONTEXT ( ( #11209 ) ) GLOBAL_UNIT_ASSIGNED_CONTEXT ( ( #5013, #11875, #5999 ) ) REPRESENTATION_CONTEXT ( 'NONE', 'WORKASPACE' ) );
#4175 = CARTESIAN_POINT ( 'NONE',  ( 0.04291338582677166300, 0.001181102362204723500, 0.01476377952755889400 ) ) ;
#4176 = ADVANCED_FACE ( 'NONE', ( #4401 ), #1428, .T. ) ;
#4177 = ORIENTED_EDGE ( 'NONE', *, *, #523, .T. ) ;
#4178 = DIRECTION ( 'NONE',  ( -0.0000000000000000000, -1.000000000000000000, 0.0000000000000000000 ) ) ;
#4179 = PRESENTATION_STYLE_ASSIGNMENT (( #6217 ) ) ;
#4180 = MECHANICAL_DESIGN_GEOMETRIC_PRESENTATION_REPRESENTATION (  '', ( #2212 ), #4853 ) ;
#4181 =( NAMED_UNIT ( * ) SI_UNIT ( $, .STERADIAN. ) SOLID_ANGLE_UNIT ( ) );
#4182 = ORIENTED_EDGE ( 'NONE', *, *, #2087, .F. ) ;
#4183 = LINE ( 'NONE', #6820, #9405 ) ;
#4184 = EDGE_CURVE ( 'NONE', #1475, #3796, #9309, .T. ) ;
#4185 = VECTOR ( 'NONE', #5729, 39.37007874015748100 ) ;
#4186 = DIRECTION ( 'NONE',  ( -0.0000000000000000000, -1.000000000000000000, -0.0000000000000000000 ) ) ;
#4187 = CARTESIAN_POINT ( 'NONE',  ( 0.004921259842522288800, 0.001181102362204723700, -0.05905511811023619900 ) ) ;
#4188 =( LENGTH_UNIT ( ) NAMED_UNIT ( * ) SI_UNIT ( $, .METRE. ) );
#4189 = CARTESIAN_POINT ( 'NONE',  ( -0.05669291338582668100, -0.01693371115559762200, -0.03444881889763801200 ) ) ;
#4190 = DIRECTION ( 'NONE',  ( -3.575470135588969500E-015, 0.0000000000000000000, 1.000000000000000000 ) ) ;
#4191 = SURFACE_STYLE_USAGE ( .BOTH. , #10061 ) ;
#4192 =( LENGTH_UNIT ( ) NAMED_UNIT ( * ) SI_UNIT ( $, .METRE. ) );
#4193 = STYLED_ITEM ( 'NONE', ( #2048 ), #2513 ) ;
#4194 = STYLED_ITEM ( 'NONE', ( #11779 ), #8610 ) ;
#4195 = ORIENTED_EDGE ( 'NONE', *, *, #8510, .T. ) ;
#4196 = ORIENTED_EDGE ( 'NONE', *, *, #2616, .F. ) ;
#4197 =( NAMED_UNIT ( * ) SI_UNIT ( $, .STERADIAN. ) SOLID_ANGLE_UNIT ( ) );
#4198 = EDGE_LOOP ( 'NONE', ( #7264, #5096, #10754, #10643 ) ) ;
#4199 =( LENGTH_UNIT ( ) NAMED_UNIT ( * ) SI_UNIT ( $, .METRE. ) );
#4200 = VERTEX_POINT ( 'NONE', #12257 ) ;
#4201 = SURFACE_STYLE_FILL_AREA ( #11324 ) ;
#4202 =( NAMED_UNIT ( * ) SI_UNIT ( $, .STERADIAN. ) SOLID_ANGLE_UNIT ( ) );
#4203 = VERTEX_POINT ( 'NONE', #5378 ) ;
#4204 = DIRECTION ( 'NONE',  ( -1.000000000000000000, 0.0000000000000000000, -3.513515725732652500E-015 ) ) ;
#4205 = CARTESIAN_POINT ( 'NONE',  ( -0.02272557806252448900, 0.003937007874015748000, 0.0000000000000000000 ) ) ;
#4206 =( NAMED_UNIT ( * ) PLANE_ANGLE_UNIT ( ) SI_UNIT ( $, .RADIAN. ) );
#4207 = PLANE ( 'NONE',  #6303 ) ;
#4208 = FILL_AREA_STYLE_COLOUR ( '', #11920 ) ;
#4209 = ORIENTED_EDGE ( 'NONE', *, *, #5938, .T. ) ;
#4210 =( LENGTH_UNIT ( ) NAMED_UNIT ( * ) SI_UNIT ( $, .METRE. ) );
#4211 = MECHANICAL_DESIGN_GEOMETRIC_PRESENTATION_REPRESENTATION (  '', ( #2241 ), #4874 ) ;
#4212 = MECHANICAL_DESIGN_GEOMETRIC_PRESENTATION_REPRESENTATION (  '', ( #2243 ), #4876 ) ;
#4213 = DIRECTION ( 'NONE',  ( -0.0000000000000000000, -1.000000000000000000, -0.0000000000000000000 ) ) ;
#4214 = SURFACE_STYLE_USAGE ( .BOTH. , #10085 ) ;
#4215 = PLANE ( 'NONE',  #2904 ) ;
#4216 = EDGE_LOOP ( 'NONE', ( #1719, #8575, #4959, #2611 ) ) ;
#4217 = VECTOR ( 'NONE', #1119, 39.37007874015748100 ) ;
#4218 = FILL_AREA_STYLE ('',( #3249 ) ) ;
#4219 = VERTEX_POINT ( 'NONE', #1471 ) ;
#4220 = EDGE_CURVE ( 'NONE', #7553, #792, #5466, .T. ) ;
#4221 =( NAMED_UNIT ( * ) PLANE_ANGLE_UNIT ( ) SI_UNIT ( $, .RADIAN. ) );
#4222 = ORIENTED_EDGE ( 'NONE', *, *, #9333, .T. ) ;
#4223 = VECTOR ( 'NONE', #870, 39.37007874015748100 ) ;
#4224 = FILL_AREA_STYLE ('',( #10011 ) ) ;
#4225 = LINE ( 'NONE', #8524, #11744 ) ;
#4226 = DIRECTION ( 'NONE',  ( 0.0000000000000000000, 1.000000000000000000, 0.0000000000000000000 ) ) ;
#4227 = STYLED_ITEM ( 'NONE', ( #11648 ), #6230 ) ;
#4228 = DIRECTION ( 'NONE',  ( -0.0000000000000000000, -1.000000000000000000, -0.0000000000000000000 ) ) ;
#4229 = MECHANICAL_DESIGN_GEOMETRIC_PRESENTATION_REPRESENTATION (  '', ( #2261 ), #4896 ) ;
#4230 = PLANE ( 'NONE',  #878 ) ;
#4231 =( NAMED_UNIT ( * ) PLANE_ANGLE_UNIT ( ) SI_UNIT ( $, .RADIAN. ) );
#4232 =( LENGTH_UNIT ( ) NAMED_UNIT ( * ) SI_UNIT ( $, .METRE. ) );
#4233 = DIRECTION ( 'NONE',  ( -1.000000000000000000, 0.0000000000000000000, -2.259547396147334600E-014 ) ) ;
#4234 =( CONVERSION_BASED_UNIT ( 'INCH', #7969 ) LENGTH_UNIT ( ) NAMED_UNIT ( #2604 ) );
#4235 = SURFACE_STYLE_FILL_AREA ( #4420 ) ;
#4236 = FILL_AREA_STYLE_COLOUR ( '', #6574 ) ;
#4237 = EDGE_CURVE ( 'NONE', #4594, #10291, #2870, .T. ) ;
#4238 = EDGE_CURVE ( 'NONE', #1280, #8309, #10375, .T. ) ;
#4239 = ADVANCED_FACE ( 'NONE', ( #6688 ), #5427, .F. ) ;
#4240 =( NAMED_UNIT ( * ) PLANE_ANGLE_UNIT ( ) SI_UNIT ( $, .RADIAN. ) );
#4241 = UNCERTAINTY_MEASURE_WITH_UNIT (LENGTH_MEASURE( 1.000000000000000100E-005 ), #4444, 'distance_accuracy_value', 'NONE');
#4242 = CARTESIAN_POINT ( 'NONE',  ( -0.01091455444047724000, 0.003937007874015748000, -0.02272557806252472500 ) ) ;
#4243 = CARTESIAN_POINT ( 'NONE',  ( 0.004921259842519683200, 0.007204724409448820400, 0.05669291338582680600 ) ) ;
#4244 = EDGE_LOOP ( 'NONE', ( #748, #10459, #9664, #10518 ) ) ;
#4245 = DIRECTION ( 'NONE',  ( 3.513515725732651700E-015, 0.0000000000000000000, -1.000000000000000000 ) ) ;
#4246 = DIRECTION ( 'NONE',  ( 0.0000000000000000000, 1.000000000000000000, 0.0000000000000000000 ) ) ;
#4247 =( NAMED_UNIT ( * ) PLANE_ANGLE_UNIT ( ) SI_UNIT ( $, .RADIAN. ) );
#4248 = ORIENTED_EDGE ( 'NONE', *, *, #4160, .F. ) ;
#4249 = FACE_OUTER_BOUND ( 'NONE', #12649, .T. ) ;
#4250 = CARTESIAN_POINT ( 'NONE',  ( 0.004921259842519785600, 0.0000000000000000000, 0.05905511811023626800 ) ) ;
#4251 = LINE ( 'NONE', #4055, #1672 ) ;
#4252 = ORIENTED_EDGE ( 'NONE', *, *, #11995, .T. ) ;
#4253 = ORIENTED_EDGE ( 'NONE', *, *, #11206, .F. ) ;
#4254 = CARTESIAN_POINT ( 'NONE',  ( -0.05669291338582663900, -0.01693371115559762200, -0.04429133858267737800 ) ) ;
#4255 = UNCERTAINTY_MEASURE_WITH_UNIT (LENGTH_MEASURE( 1.000000000000000100E-005 ), #2429, 'distance_accuracy_value', 'NONE');
#4256 = DIRECTION ( 'NONE',  ( 1.000000000000000000, 0.0000000000000000000, 1.023927538563894400E-013 ) ) ;
#4257 = MECHANICAL_DESIGN_GEOMETRIC_PRESENTATION_REPRESENTATION (  '', ( #2289 ), #4923 ) ;
#4258 = DIMENSIONAL_EXPONENTS ( 1.000000000000000000, 0.0000000000000000000, 0.0000000000000000000, 0.0000000000000000000, 0.0000000000000000000, 0.0000000000000000000, 0.0000000000000000000 ) ;
#4259 = VECTOR ( 'NONE', #6063, 39.37007874015748100 ) ;
#4260 = CARTESIAN_POINT ( 'NONE',  ( -0.05669291338582693000, 0.007204724409448820400, 0.03444881889763760200 ) ) ;
#4261 = COLOUR_RGB ( '',0.3529411764705882000, 0.3529411764705882000, 0.3529411764705882000 ) ;
#4262 = LINE ( 'NONE', #5558, #3964 ) ;
#4263 = ORIENTED_EDGE ( 'NONE', *, *, #4329, .F. ) ;
#4264 = VECTOR ( 'NONE', #925, 39.37007874015748100 ) ;
#4265 = ORIENTED_EDGE ( 'NONE', *, *, #8144, .T. ) ;
#4266 = FILL_AREA_STYLE ('',( #6260 ) ) ;
#4267 = MECHANICAL_DESIGN_GEOMETRIC_PRESENTATION_REPRESENTATION (  '', ( #2304 ), #4933 ) ;
#4268 = SURFACE_SIDE_STYLE ('',( #7899 ) ) ;
#4269 = DIMENSIONAL_EXPONENTS ( 1.000000000000000000, 0.0000000000000000000, 0.0000000000000000000, 0.0000000000000000000, 0.0000000000000000000, 0.0000000000000000000, 0.0000000000000000000 ) ;
#4270 = LINE ( 'NONE', #8165, #3974 ) ;
#4271 = LINE ( 'NONE', #4575, #1693 ) ;
#4272 = CARTESIAN_POINT ( 'NONE',  ( -0.04291338582677161500, 0.004133858267716536200, -0.01476377952755922700 ) ) ;
#4274 = LINE ( 'NONE', #8118, #12098 ) ;
#4273 = FACE_OUTER_BOUND ( 'NONE', #9402, .T. ) ;
#4275 = MECHANICAL_DESIGN_GEOMETRIC_PRESENTATION_REPRESENTATION (  '', ( #2312 ), #4939 ) ;
#4276 = CARTESIAN_POINT ( 'NONE',  ( -0.04291338582677181600, 0.004133858267716536200, 0.04429133858267701700 ) ) ;
#4277 = SURFACE_STYLE_USAGE ( .BOTH. , #10157 ) ;
#4278 = EDGE_CURVE ( 'NONE', #1794, #5819, #9138, .T. ) ;
#4279 = VECTOR ( 'NONE', #7422, 39.37007874015748100 ) ;
#4280 = CARTESIAN_POINT ( 'NONE',  ( 0.04291338582677164900, 0.004133858267716536200, -0.004921259842519842000 ) ) ;
#4281 =( LENGTH_UNIT ( ) NAMED_UNIT ( * ) SI_UNIT ( $, .METRE. ) );
#4282 = ORIENTED_EDGE ( 'NONE', *, *, #7480, .T. ) ;
#4283 = EDGE_LOOP ( 'NONE', ( #9817, #9611, #3807, #5855 ) ) ;
#4284 = ORIENTED_EDGE ( 'NONE', *, *, #2463, .T. ) ;
#4285 = VECTOR ( 'NONE', #123, 39.37007874015748100 ) ;
#4286 = PRESENTATION_STYLE_ASSIGNMENT (( #575 ) ) ;
#4287 = PRESENTATION_STYLE_ASSIGNMENT (( #2390 ) ) ;
#4288 = MECHANICAL_DESIGN_GEOMETRIC_PRESENTATION_REPRESENTATION (  '', ( #2323 ), #4948 ) ;
#4289 = MECHANICAL_DESIGN_GEOMETRIC_PRESENTATION_REPRESENTATION (  '', ( #2325 ), #4949 ) ;
#4290 = PRESENTATION_LAYER_ASSIGNMENT (  '', '', ( #2982 ) ) ;
#4291 = LENGTH_MEASURE_WITH_UNIT ( LENGTH_MEASURE( 0.02539999999999999900 ), #1278 );
#4292 =( LENGTH_UNIT ( ) NAMED_UNIT ( * ) SI_UNIT ( $, .METRE. ) );
#4293 = VERTEX_POINT ( 'NONE', #635 ) ;
#4294 = PLANE ( 'NONE',  #8064 ) ;
#4295 =( NAMED_UNIT ( * ) PLANE_ANGLE_UNIT ( ) SI_UNIT ( $, .RADIAN. ) );
#4296 =( CONVERSION_BASED_UNIT ( 'INCH', #284 ) LENGTH_UNIT ( ) NAMED_UNIT ( #11860 ) );
#4297 =( NAMED_UNIT ( * ) SI_UNIT ( $, .STERADIAN. ) SOLID_ANGLE_UNIT ( ) );
#4298 = LINE ( 'NONE', #10018, #6877 ) ;
#4299 = PRESENTATION_STYLE_ASSIGNMENT (( #6104 ) ) ;
#4300 = EDGE_CURVE ( 'NONE', #10053, #7779, #11450, .T. ) ;
#4301 = VECTOR ( 'NONE', #10864, 39.37007874015748100 ) ;
#4302 = SURFACE_STYLE_USAGE ( .BOTH. , #10174 ) ;
#4303 = PLANE ( 'NONE',  #6817 ) ;
#4304 = UNCERTAINTY_MEASURE_WITH_UNIT (LENGTH_MEASURE( 1.000000000000000100E-005 ), #7185, 'distance_accuracy_value', 'NONE');
#4305 = ADVANCED_FACE ( 'NONE', ( #1352 ), #11356, .F. ) ;
#4306 = AXIS2_PLACEMENT_3D ( 'NONE', #12269, #6384, #549 ) ;
#4307 = FACE_OUTER_BOUND ( 'NONE', #4373, .T. ) ;
#4308 = FACE_OUTER_BOUND ( 'NONE', #2800, .T. ) ;
#4309 = DIRECTION ( 'NONE',  ( 1.000000000000000000, -0.0000000000000000000, 3.387117655531989800E-014 ) ) ;
#4310 = ADVANCED_FACE ( 'NONE', ( #5304, #7588 ), #3615, .F. ) ;
#4311 = CARTESIAN_POINT ( 'NONE',  ( -0.01476377952755905700, 0.001181102362204723500, 0.04291338582677161500 ) ) ;
#4312 = VECTOR ( 'NONE', #7650, 39.37007874015748100 ) ;
#4313 = ORIENTED_EDGE ( 'NONE', *, *, #10863, .T. ) ;
#4314 = CARTESIAN_POINT ( 'NONE',  ( 0.0000000000000000000, 0.001181102362204724400, 0.04291338582677167000 ) ) ;
#4315 = DIRECTION ( 'NONE',  ( -6.982962677686265900E-015, 0.0000000000000000000, 1.000000000000000000 ) ) ;
#4316 = EDGE_CURVE ( 'NONE', #10385, #4881, #1491, .T. ) ;
#4317 = DIRECTION ( 'NONE',  ( -1.000000000000000000, -0.0000000000000000000, -0.0000000000000000000 ) ) ;
#4318 =( CONVERSION_BASED_UNIT ( 'INCH', #134 ) LENGTH_UNIT ( ) NAMED_UNIT ( #4033 ) );
#4319 = LINE ( 'NONE', #5924, #4013 ) ;
#4320 = SURFACE_STYLE_FILL_AREA ( #2756 ) ;
#4321 = COLOUR_RGB ( '',0.9686274509803921600, 0.8784313725490196000, 0.5999999999999999800 ) ;
#4322 = PRESENTATION_STYLE_ASSIGNMENT (( #2230 ) ) ;
#4323 =( NAMED_UNIT ( * ) PLANE_ANGLE_UNIT ( ) SI_UNIT ( $, .RADIAN. ) );
#4324 = MECHANICAL_DESIGN_GEOMETRIC_PRESENTATION_REPRESENTATION (  '', ( #2359 ), #4976 ) ;
#4325 = SURFACE_STYLE_USAGE ( .BOTH. , #10199 ) ;
#4326 =( GEOMETRIC_REPRESENTATION_CONTEXT ( 3 ) GLOBAL_UNCERTAINTY_ASSIGNED_CONTEXT ( ( #1287 ) ) GLOBAL_UNIT_ASSIGNED_CONTEXT ( ( #2754, #9629, #3748 ) ) REPRESENTATION_CONTEXT ( 'NONE', 'WORKASPACE' ) );
#4327 = ORIENTED_EDGE ( 'NONE', *, *, #4237, .T. ) ;
#4328 = DIRECTION ( 'NONE',  ( 1.000000000000000000, 0.0000000000000000000, -3.425378178174580600E-015 ) ) ;
#4329 = EDGE_CURVE ( 'NONE', #2610, #7707, #4074, .T. ) ;
#4330 =( GEOMETRIC_REPRESENTATION_CONTEXT ( 3 ) GLOBAL_UNCERTAINTY_ASSIGNED_CONTEXT ( ( #6580 ) ) GLOBAL_UNIT_ASSIGNED_CONTEXT ( ( #343, #7129, #1319 ) ) REPRESENTATION_CONTEXT ( 'NONE', 'WORKASPACE' ) );
#4331 = DIRECTION ( 'NONE',  ( 1.000000000000000000, 0.0000000000000000000, 6.766122243189165800E-015 ) ) ;
#4332 = UNCERTAINTY_MEASURE_WITH_UNIT (LENGTH_MEASURE( 1.000000000000000100E-005 ), #2988, 'distance_accuracy_value', 'NONE');
#4333 = CARTESIAN_POINT ( 'NONE',  ( -0.04291338582677168400, 0.0000000000000000000, 0.0000000000000000000 ) ) ;
#4334 = CARTESIAN_POINT ( 'NONE',  ( 0.04291338582677154500, 0.004133858267716536200, -0.03444881889763796300 ) ) ;
#4335 = SURFACE_STYLE_USAGE ( .BOTH. , #10217 ) ;
#4336 = FILL_AREA_STYLE ('',( #7224 ) ) ;
#4337 = DIRECTION ( 'NONE',  ( -2.086075048549672200E-014, -0.0000000000000000000, 1.000000000000000000 ) ) ;
#4338 = VECTOR ( 'NONE', #7110, 39.37007874015748100 ) ;
#4339 = SURFACE_SIDE_STYLE ('',( #2469 ) ) ;
#4340 = VERTEX_POINT ( 'NONE', #4637 ) ;
#4341 = VERTEX_POINT ( 'NONE', #12473 ) ;
#4342 = ORIENTED_EDGE ( 'NONE', *, *, #6379, .T. ) ;
#4343 = ORIENTED_EDGE ( 'NONE', *, *, #12210, .F. ) ;
#4344 = MECHANICAL_DESIGN_GEOMETRIC_PRESENTATION_REPRESENTATION (  '', ( #2381 ), #4998 ) ;
#4345 =( GEOMETRIC_REPRESENTATION_CONTEXT ( 3 ) GLOBAL_UNCERTAINTY_ASSIGNED_CONTEXT ( ( #11494 ) ) GLOBAL_UNIT_ASSIGNED_CONTEXT ( ( #8107, #2256, #9100 ) ) REPRESENTATION_CONTEXT ( 'NONE', 'WORKASPACE' ) );
#4346 = AXIS2_PLACEMENT_3D ( 'NONE', #8980, #3129, #9980 ) ;
#4347 =( NAMED_UNIT ( * ) SI_UNIT ( $, .STERADIAN. ) SOLID_ANGLE_UNIT ( ) );
#4348 = SURFACE_STYLE_USAGE ( .BOTH. , #10227 ) ;
#4349 = EDGE_CURVE ( 'NONE', #10826, #6344, #1191, .T. ) ;
#4350 = CARTESIAN_POINT ( 'NONE',  ( 0.01476377952755907100, 0.007204724409448820400, 0.04291338582677167000 ) ) ;
#4351 = FILL_AREA_STYLE_COLOUR ( '', #6084 ) ;
#4352 =( CONVERSION_BASED_UNIT ( 'INCH', #10655 ) LENGTH_UNIT ( ) NAMED_UNIT ( #9725 ) );
#4353 = EDGE_LOOP ( 'NONE', ( #3579, #11350, #7258, #4522 ) ) ;
#4354 = ORIENTED_EDGE ( 'NONE', *, *, #8073, .F. ) ;
#4355 = VECTOR ( 'NONE', #4549, 39.37007874015748100 ) ;
#4356 = FILL_AREA_STYLE_COLOUR ( '', #10729 ) ;
#4357 = ORIENTED_EDGE ( 'NONE', *, *, #8473, .T. ) ;
#4358 = EDGE_LOOP ( 'NONE', ( #11026, #6956, #1621, #12307 ) ) ;
#4359 = FACE_OUTER_BOUND ( 'NONE', #11884, .T. ) ;
#4360 =( NAMED_UNIT ( * ) PLANE_ANGLE_UNIT ( ) SI_UNIT ( $, .RADIAN. ) );
#4361 = SURFACE_SIDE_STYLE ('',( #1507 ) ) ;
#4362 = MECHANICAL_DESIGN_GEOMETRIC_PRESENTATION_REPRESENTATION (  '', ( #2405 ), #5011 ) ;
#4363 = MECHANICAL_DESIGN_GEOMETRIC_PRESENTATION_REPRESENTATION (  '', ( #2407 ), #5012 ) ;
#4364 = PRESENTATION_LAYER_ASSIGNMENT (  '', '', ( #3055 ) ) ;
#4365 =( CONVERSION_BASED_UNIT ( 'INCH', #359 ) LENGTH_UNIT ( ) NAMED_UNIT ( #5561 ) );
#4366 = DIRECTION ( 'NONE',  ( 0.0000000000000000000, 1.000000000000000000, 0.0000000000000000000 ) ) ;
#4367 = UNCERTAINTY_MEASURE_WITH_UNIT (LENGTH_MEASURE( 1.000000000000000100E-005 ), #4424, 'distance_accuracy_value', 'NONE');
#4368 = ADVANCED_FACE ( 'NONE', ( #11600 ), #2778, .F. ) ;
#4369 =( NAMED_UNIT ( * ) PLANE_ANGLE_UNIT ( ) SI_UNIT ( $, .RADIAN. ) );
#4370 = ORIENTED_EDGE ( 'NONE', *, *, #2938, .F. ) ;
#4371 = VERTEX_POINT ( 'NONE', #1805 ) ;
#4372 = EDGE_LOOP ( 'NONE', ( #328, #2151, #1164, #11339 ) ) ;
#4373 = EDGE_LOOP ( 'NONE', ( #1484, #8598, #5857, #9404 ) ) ;
#4374 = LENGTH_MEASURE_WITH_UNIT ( LENGTH_MEASURE( 0.02539999999999999900 ), #2350 );
#4375 = ADVANCED_FACE ( 'NONE', ( #5138 ), #10648, .F. ) ;
#4376 = CARTESIAN_POINT ( 'NONE',  ( -0.02460629921259813200, 0.0000000000000000000, -0.04291338582677183700 ) ) ;
#4377 = CARTESIAN_POINT ( 'NONE',  ( 0.05905511811023603200, 0.0000000000000000000, 0.02460629921260043500 ) ) ;
#4378 = CARTESIAN_POINT ( 'NONE',  ( -0.05669291338582684700, 0.007204724409448820400, 0.01476377952755886400 ) ) ;
#4379 = EDGE_LOOP ( 'NONE', ( #12348, #12073, #9265, #12534 ) ) ;
#4380 = PLANE ( 'NONE',  #891 ) ;
#4381 = CARTESIAN_POINT ( 'NONE',  ( 0.05669291338582657000, -0.01693371115559762200, 0.01476377952755886600 ) ) ;
#4382 = FILL_AREA_STYLE_COLOUR ( '', #9604 ) ;
#4383 = VECTOR ( 'NONE', #1037, 39.37007874015748100 ) ;
#4384 = SURFACE_SIDE_STYLE ('',( #7340 ) ) ;
#4385 = CIRCLE ( 'NONE', #4346, 0.007052567223509561600 ) ;
#4386 = PRESENTATION_LAYER_ASSIGNMENT (  '', '', ( #3075 ) ) ;
#4387 = LINE ( 'NONE', #9458, #6673 ) ;
#4388 = CLOSED_SHELL ( 'NONE', ( #942, #6295, #9972, #4885, #9051, #354 ) ) ;
#4389 = EDGE_CURVE ( 'NONE', #1286, #3852, #3933, .T. ) ;
#4390 = SURFACE_STYLE_FILL_AREA ( #12540 ) ;
#4391 = DIMENSIONAL_EXPONENTS ( 1.000000000000000000, 0.0000000000000000000, 0.0000000000000000000, 0.0000000000000000000, 0.0000000000000000000, 0.0000000000000000000, 0.0000000000000000000 ) ;
#4392 =( LENGTH_UNIT ( ) NAMED_UNIT ( * ) SI_UNIT ( $, .METRE. ) );
#4393 = COLOUR_RGB ( '',0.9686274509803921600, 0.8784313725490196000, 0.5999999999999999800 ) ;
#4394 = ORIENTED_EDGE ( 'NONE', *, *, #7817, .T. ) ;
#4395 = CARTESIAN_POINT ( 'NONE',  ( 0.05669291338582568100, 0.007204724409448820400, 0.02460629921260102900 ) ) ;
#4396 =( LENGTH_UNIT ( ) NAMED_UNIT ( * ) SI_UNIT ( $, .METRE. ) );
#4397 = LINE ( 'NONE', #245, #1813 ) ;
#4398 = FILL_AREA_STYLE_COLOUR ( '', #7442 ) ;
#4399 = CARTESIAN_POINT ( 'NONE',  ( 0.05905511811023639300, 0.0000000000000000000, -0.02460629921259858300 ) ) ;
#4400 = MECHANICAL_DESIGN_GEOMETRIC_PRESENTATION_REPRESENTATION (  '', ( #2428 ), #5046 ) ;
#4401 = FACE_OUTER_BOUND ( 'NONE', #479, .T. ) ;
#4402 = CARTESIAN_POINT ( 'NONE',  ( 0.05669291338582663900, 0.007204724409448820400, -0.04429133858267737800 ) ) ;
#4403 = VECTOR ( 'NONE', #6213, 39.37007874015748100 ) ;
#4404 = LINE ( 'NONE', #2239, #1817 ) ;
#4405 = STYLED_ITEM ( 'NONE', ( #5667 ), #5266 ) ;
#4406 = DIMENSIONAL_EXPONENTS ( 1.000000000000000000, 0.0000000000000000000, 0.0000000000000000000, 0.0000000000000000000, 0.0000000000000000000, 0.0000000000000000000, 0.0000000000000000000 ) ;
#4407 = DIRECTION ( 'NONE',  ( 6.982962677686265900E-015, 0.0000000000000000000, -1.000000000000000000 ) ) ;
#4408 = MANIFOLD_SOLID_BREP ( 'Boss-Extrude2[2]', #3136 ) ;
#4409 = PLANE ( 'NONE',  #11067 ) ;
#4410 = CARTESIAN_POINT ( 'NONE',  ( 0.04291338582677164900, -0.01693371115559762200, -0.004921259842519867100 ) ) ;
#4411 = CARTESIAN_POINT ( 'NONE',  ( -0.01476377952755920100, 0.001181102362204724200, 0.05905511811023610200 ) ) ;
#4412 =( CONVERSION_BASED_UNIT ( 'INCH', #8716 ) LENGTH_UNIT ( ) NAMED_UNIT ( #11207 ) );
#4413 = EDGE_CURVE ( 'NONE', #4047, #4937, #7875, .T. ) ;
#4414 = LINE ( 'NONE', #9557, #1825 ) ;
#4415 = EDGE_CURVE ( 'NONE', #7543, #7, #6523, .T. ) ;
#4416 = DIRECTION ( 'NONE',  ( -0.0000000000000000000, -1.000000000000000000, -0.0000000000000000000 ) ) ;
#4417 = VECTOR ( 'NONE', #334, 39.37007874015748100 ) ;
#4418 = LENGTH_MEASURE_WITH_UNIT ( LENGTH_MEASURE( 0.02539999999999999900 ), #18 );
#4419 =( NAMED_UNIT ( * ) PLANE_ANGLE_UNIT ( ) SI_UNIT ( $, .RADIAN. ) );
#4420 = FILL_AREA_STYLE ('',( #2449 ) ) ;
#4421 =( CONVERSION_BASED_UNIT ( 'INCH', #1225 ) LENGTH_UNIT ( ) NAMED_UNIT ( #2205 ) );
#4422 = DIRECTION ( 'NONE',  ( 0.0000000000000000000, 1.000000000000000000, 0.0000000000000000000 ) ) ;
#4423 = UNCERTAINTY_MEASURE_WITH_UNIT (LENGTH_MEASURE( 1.000000000000000100E-005 ), #1293, 'distance_accuracy_value', 'NONE');
#4425 = VECTOR ( 'NONE', #4331, 39.37007874015748100 ) ;
#4424 =( CONVERSION_BASED_UNIT ( 'INCH', #11912 ) LENGTH_UNIT ( ) NAMED_UNIT ( #9549 ) );
#4426 = FACE_OUTER_BOUND ( 'NONE', #9747, .T. ) ;
#4427 = MECHANICAL_DESIGN_GEOMETRIC_PRESENTATION_REPRESENTATION (  '', ( #2454 ), #5070 ) ;
#4428 = DIRECTION ( 'NONE',  ( 3.471843985566803800E-015, -0.0000000000000000000, 1.000000000000000000 ) ) ;
#4429 = LINE ( 'NONE', #10240, #1837 ) ;
#4430 = ORIENTED_EDGE ( 'NONE', *, *, #8867, .T. ) ;
#4431 = CARTESIAN_POINT ( 'NONE',  ( -0.05669291338582684700, -0.01693371115559762200, 0.01476377952755885400 ) ) ;
#4432 = PLANE ( 'NONE',  #12533 ) ;
#4433 = PRESENTATION_LAYER_ASSIGNMENT (  '', '', ( #3118 ) ) ;
#4434 = VERTEX_POINT ( 'NONE', #5853 ) ;
#4435 = EDGE_CURVE ( 'NONE', #2406, #9820, #7578, .T. ) ;
#4436 = ORIENTED_EDGE ( 'NONE', *, *, #10516, .T. ) ;
#4437 = DIRECTION ( 'NONE',  ( 0.0000000000000000000, 1.000000000000000000, -0.0000000000000000000 ) ) ;
#4438 = LENGTH_MEASURE_WITH_UNIT ( LENGTH_MEASURE( 0.02539999999999999900 ), #11575 );
#4439 = ADVANCED_FACE ( 'NONE', ( #10211 ), #2944, .T. ) ;
#4440 = LINE ( 'NONE', #4077, #11950 ) ;
#4441 = LINE ( 'NONE', #1585, #9674 ) ;
#4442 = SURFACE_SIDE_STYLE ('',( #7622 ) ) ;
#4443 = LINE ( 'NONE', #6034, #9676 ) ;
#4444 =( CONVERSION_BASED_UNIT ( 'INCH', #7320 ) LENGTH_UNIT ( ) NAMED_UNIT ( #6826 ) );
#4445 = FILL_AREA_STYLE_COLOUR ( '', #5669 ) ;
#4446 = ADVANCED_FACE ( 'NONE', ( #1479 ), #1007, .F. ) ;
#4447 = PRESENTATION_STYLE_ASSIGNMENT (( #7217 ) ) ;
#4448 = LINE ( 'NONE', #6460, #4129 ) ;
#4449 =( NAMED_UNIT ( * ) SI_UNIT ( $, .STERADIAN. ) SOLID_ANGLE_UNIT ( ) );
#4450 = AXIS2_PLACEMENT_3D ( 'NONE', #3484, #10332, #4463 ) ;
#4451 = DIRECTION ( 'NONE',  ( 1.000000000000000000, 0.0000000000000000000, -2.774856874683270000E-015 ) ) ;
#4452 = DIRECTION ( 'NONE',  ( 3.549286997887197300E-015, -0.0000000000000000000, 1.000000000000000000 ) ) ;
#4453 = PRESENTATION_LAYER_ASSIGNMENT (  '', '', ( #3135 ) ) ;
#4454 =( CONVERSION_BASED_UNIT ( 'INCH', #3989 ) LENGTH_UNIT ( ) NAMED_UNIT ( #5166 ) );
#4455 = VECTOR ( 'NONE', #1607, 39.37007874015748100 ) ;
#4456 = CLOSED_SHELL ( 'NONE', ( #151, #6230, #4305, #7941, #8269, #4439 ) ) ;
#4457 = VERTEX_POINT ( 'NONE', #8837 ) ;
#4458 = FACE_OUTER_BOUND ( 'NONE', #10485, .T. ) ;
#4459 = DIRECTION ( 'NONE',  ( -3.420584110948183300E-015, 0.0000000000000000000, 1.000000000000000000 ) ) ;
#4460 =( NAMED_UNIT ( * ) SI_UNIT ( $, .STERADIAN. ) SOLID_ANGLE_UNIT ( ) );
#4461 = FILL_AREA_STYLE ('',( #2488 ) ) ;
#4462 = SURFACE_STYLE_USAGE ( .BOTH. , #10330 ) ;
#4463 = DIRECTION ( 'NONE',  ( 0.0000000000000000000, 0.0000000000000000000, 1.000000000000000000 ) ) ;
#4464 = PRESENTATION_LAYER_ASSIGNMENT (  '', '', ( #3151 ) ) ;
#4465 = PRESENTATION_LAYER_ASSIGNMENT (  '', '', ( #3152 ) ) ;
#4466 = MECHANICAL_DESIGN_GEOMETRIC_PRESENTATION_REPRESENTATION (  '', ( #2492 ), #5104 ) ;
#4467 =( LENGTH_UNIT ( ) NAMED_UNIT ( * ) SI_UNIT ( $, .METRE. ) );
#4468 = PLANE ( 'NONE',  #7181 ) ;
#4469 = VECTOR ( 'NONE', #1617, 39.37007874015748100 ) ;
#4470 = VECTOR ( 'NONE', #10939, 39.37007874015748100 ) ;
#4471 =( LENGTH_UNIT ( ) NAMED_UNIT ( * ) SI_UNIT ( $, .METRE. ) );
#4472 = FILL_AREA_STYLE_COLOUR ( '', #4393 ) ;
#4473 = CARTESIAN_POINT ( 'NONE',  ( 0.004921259842522320000, 0.001181102362204723300, -0.05669291338582657000 ) ) ;
#4474 =( CONVERSION_BASED_UNIT ( 'INCH', #2623 ) LENGTH_UNIT ( ) NAMED_UNIT ( #11844 ) );
#4475 = LENGTH_MEASURE_WITH_UNIT ( LENGTH_MEASURE( 0.02539999999999999900 ), #5022 );
#4476 = EDGE_CURVE ( 'NONE', #8792, #11717, #199, .T. ) ;
#4477 = LINE ( 'NONE', #4003, #11977 ) ;
#4478 = VERTEX_POINT ( 'NONE', #10854 ) ;
#4479 = PRESENTATION_STYLE_ASSIGNMENT (( #9215 ) ) ;
#4480 = FILL_AREA_STYLE_COLOUR ( '', #7307 ) ;
#4481 = ORIENTED_EDGE ( 'NONE', *, *, #12625, .T. ) ;
#4482 = PRESENTATION_LAYER_ASSIGNMENT (  '', '', ( #3169 ) ) ;
#4483 = ORIENTED_EDGE ( 'NONE', *, *, #9694, .T. ) ;
#4484 = ORIENTED_EDGE ( 'NONE', *, *, #10741, .T. ) ;
#4485 = ORIENTED_EDGE ( 'NONE', *, *, #485, .T. ) ;
#4486 = UNCERTAINTY_MEASURE_WITH_UNIT (LENGTH_MEASURE( 1.000000000000000100E-005 ), #1317, 'distance_accuracy_value', 'NONE');
#4487 =( LENGTH_UNIT ( ) NAMED_UNIT ( * ) SI_UNIT ( $, .METRE. ) );
#4488 = DIRECTION ( 'NONE',  ( 0.0000000000000000000, -0.0000000000000000000, -1.000000000000000000 ) ) ;
#4489 = VECTOR ( 'NONE', #4178, 39.37007874015748100 ) ;
#4490 = CARTESIAN_POINT ( 'NONE',  ( 0.01476377952755907100, 0.001181102362204723300, 0.04291338582677167000 ) ) ;
#4491 = FILL_AREA_STYLE_COLOUR ( '', #5176 ) ;
#4492 = EDGE_CURVE ( 'NONE', #7914, #12259, #10300, .T. ) ;
#4493 = EDGE_CURVE ( 'NONE', #1581, #3056, #2790, .T. ) ;
#4494 = DIRECTION ( 'NONE',  ( 0.0000000000000000000, 0.0000000000000000000, 1.000000000000000000 ) ) ;
#4495 = EDGE_LOOP ( 'NONE', ( #8005, #1880, #12274, #10807 ) ) ;
#4496 = DIRECTION ( 'NONE',  ( -4.406877378073596200E-017, 0.0000000000000000000, 1.000000000000000000 ) ) ;
#4497 = ORIENTED_EDGE ( 'NONE', *, *, #11957, .F. ) ;
#4498 =( CONVERSION_BASED_UNIT ( 'INCH', #2682 ) LENGTH_UNIT ( ) NAMED_UNIT ( #8500 ) );
#4499 = DIRECTION ( 'NONE',  ( -0.0000000000000000000, -1.000000000000000000, -0.0000000000000000000 ) ) ;
#4500 = MECHANICAL_DESIGN_GEOMETRIC_PRESENTATION_REPRESENTATION (  '', ( #2529 ), #5141 ) ;
#4501 = SURFACE_STYLE_FILL_AREA ( #1848 ) ;
#4502 = UNCERTAINTY_MEASURE_WITH_UNIT (LENGTH_MEASURE( 1.000000000000000100E-005 ), #3111, 'distance_accuracy_value', 'NONE');
#4503 = ADVANCED_FACE ( 'NONE', ( #2483 ), #8915, .F. ) ;
#4504 = ADVANCED_FACE ( 'NONE', ( #6455 ), #2079, .F. ) ;
#4505 =( CONVERSION_BASED_UNIT ( 'INCH', #7921 ) LENGTH_UNIT ( ) NAMED_UNIT ( #8607 ) );
#4506 = DIRECTION ( 'NONE',  ( 0.0000000000000000000, 1.000000000000000000, -0.0000000000000000000 ) ) ;
#4507 = MECHANICAL_DESIGN_GEOMETRIC_PRESENTATION_REPRESENTATION (  '', ( #2538 ), #5148 ) ;
#4508 = AXIS2_PLACEMENT_3D ( 'NONE', #11473, #5597, #12466 ) ;
#4509 = FILL_AREA_STYLE_COLOUR ( '', #4261 ) ;
#4510 = DIRECTION ( 'NONE',  ( -1.000000000000000000, -0.0000000000000000000, 0.0000000000000000000 ) ) ;
#4511 = ORIENTED_EDGE ( 'NONE', *, *, #946, .T. ) ;
#4512 = VERTEX_POINT ( 'NONE', #8963 ) ;
#4513 = DIRECTION ( 'NONE',  ( 1.000000000000000000, 0.0000000000000000000, 5.434102431278317600E-015 ) ) ;
#4514 = ORIENTED_EDGE ( 'NONE', *, *, #12421, .T. ) ;
#4515 = VERTEX_POINT ( 'NONE', #10983 ) ;
#4516 = PRESENTATION_STYLE_ASSIGNMENT (( #6466 ) ) ;
#4517 = VERTEX_POINT ( 'NONE', #9967 ) ;
#4518 =( NAMED_UNIT ( * ) SI_UNIT ( $, .STERADIAN. ) SOLID_ANGLE_UNIT ( ) );
#4519 =( NAMED_UNIT ( * ) PLANE_ANGLE_UNIT ( ) SI_UNIT ( $, .RADIAN. ) );
#4520 = CARTESIAN_POINT ( 'NONE',  ( 0.04291338582677169800, 0.0000000000000000000, 0.01476377952755888100 ) ) ;
#4521 = PLANE ( 'NONE',  #7649 ) ;
#4522 = ORIENTED_EDGE ( 'NONE', *, *, #1557, .T. ) ;
#4523 = DIMENSIONAL_EXPONENTS ( 1.000000000000000000, 0.0000000000000000000, 0.0000000000000000000, 0.0000000000000000000, 0.0000000000000000000, 0.0000000000000000000, 0.0000000000000000000 ) ;
#4524 = CARTESIAN_POINT ( 'NONE',  ( 0.04291338582677171900, 0.004133858267716536200, 0.01476377952755890200 ) ) ;
#4525 = PRESENTATION_LAYER_ASSIGNMENT (  '', '', ( #3207 ) ) ;
#4526 = CARTESIAN_POINT ( 'NONE',  ( -0.05669291338582684700, 0.007204724409448820400, 0.01476377952755886400 ) ) ;
#4527 = AXIS2_PLACEMENT_3D ( 'NONE', #6577, #7507, #762 ) ;
#4528 = ORIENTED_EDGE ( 'NONE', *, *, #4492, .T. ) ;
#4529 = VECTOR ( 'NONE', #294, 39.37007874015748100 ) ;
#4530 = SURFACE_STYLE_USAGE ( .BOTH. , #10390 ) ;
#4531 = PRESENTATION_LAYER_ASSIGNMENT (  '', '', ( #3211 ) ) ;
#4532 = CARTESIAN_POINT ( 'NONE',  ( -0.04494350380682998100, 0.03149606299212598400, -0.04494350380683059800 ) ) ;
#4533 = PLANE ( 'NONE',  #12633 ) ;
#4534 = EDGE_CURVE ( 'NONE', #8506, #4870, #5223, .T. ) ;
#4535 =( NAMED_UNIT ( * ) SI_UNIT ( $, .STERADIAN. ) SOLID_ANGLE_UNIT ( ) );
#4536 =( NAMED_UNIT ( * ) SI_UNIT ( $, .STERADIAN. ) SOLID_ANGLE_UNIT ( ) );
#4537 = ORIENTED_EDGE ( 'NONE', *, *, #9675, .F. ) ;
#4538 = VERTEX_POINT ( 'NONE', #7053 ) ;
#4539 = DIMENSIONAL_EXPONENTS ( 1.000000000000000000, 0.0000000000000000000, 0.0000000000000000000, 0.0000000000000000000, 0.0000000000000000000, 0.0000000000000000000, 0.0000000000000000000 ) ;
#4540 = UNCERTAINTY_MEASURE_WITH_UNIT (LENGTH_MEASURE( 1.000000000000000100E-005 ), #6415, 'distance_accuracy_value', 'NONE');
#4541 = LINE ( 'NONE', #7909, #4217 ) ;
#4542 = SURFACE_STYLE_USAGE ( .BOTH. , #10400 ) ;
#4543 = ORIENTED_EDGE ( 'NONE', *, *, #8596, .T. ) ;
#4544 = PRESENTATION_LAYER_ASSIGNMENT (  '', '', ( #3234 ) ) ;
#4545 = EDGE_LOOP ( 'NONE', ( #10039, #4583, #1772, #7403 ) ) ;
#4546 = VECTOR ( 'NONE', #2840, 39.37007874015748100 ) ;
#4547 = PRESENTATION_LAYER_ASSIGNMENT (  '', '', ( #3235 ) ) ;
#4548 = AXIS2_PLACEMENT_3D ( 'NONE', #12302, #6413, #589 ) ;
#4549 = DIRECTION ( 'NONE',  ( 0.0000000000000000000, 1.000000000000000000, 0.0000000000000000000 ) ) ;
#4550 = SURFACE_STYLE_USAGE ( .BOTH. , #10403 ) ;
#4551 = VECTOR ( 'NONE', #12448, 39.37007874015748100 ) ;
#4552 =( LENGTH_UNIT ( ) NAMED_UNIT ( * ) SI_UNIT ( $, .METRE. ) );
#4553 = FILL_AREA_STYLE_COLOUR ( '', #9588 ) ;
#4554 = SURFACE_STYLE_FILL_AREA ( #892 ) ;
#4555 = SURFACE_STYLE_FILL_AREA ( #3942 ) ;
#4556 = CARTESIAN_POINT ( 'NONE',  ( -0.05669291338582693700, 0.001181102362204723500, 0.04429133858267697600 ) ) ;
#4557 =( CONVERSION_BASED_UNIT ( 'INCH', #6249 ) LENGTH_UNIT ( ) NAMED_UNIT ( #5152 ) );
#4558 = PRESENTATION_STYLE_ASSIGNMENT (( #2582 ) ) ;
#4560 = VECTOR ( 'NONE', #7173, 39.37007874015748100 ) ;
#4559 =( LENGTH_UNIT ( ) NAMED_UNIT ( * ) SI_UNIT ( $, .METRE. ) );
#4561 = DIRECTION ( 'NONE',  ( 0.0000000000000000000, 1.000000000000000000, -0.0000000000000000000 ) ) ;
#4562 = COLOUR_RGB ( '',0.2509803921568627400, 0.2509803921568627400, 0.2509803921568627400 ) ;
#4563 = VECTOR ( 'NONE', #3364, 39.37007874015748100 ) ;
#4564 =( NAMED_UNIT ( * ) SI_UNIT ( $, .STERADIAN. ) SOLID_ANGLE_UNIT ( ) );
#4565 =( NAMED_UNIT ( * ) SI_UNIT ( $, .STERADIAN. ) SOLID_ANGLE_UNIT ( ) );
#4566 = DIRECTION ( 'NONE',  ( 3.513515725732652500E-015, -0.0000000000000000000, -1.000000000000000000 ) ) ;
#4567 = PRESENTATION_LAYER_ASSIGNMENT (  '', '', ( #3247 ) ) ;
#4568 =( GEOMETRIC_REPRESENTATION_CONTEXT ( 3 ) GLOBAL_UNCERTAINTY_ASSIGNED_CONTEXT ( ( #12136 ) ) GLOBAL_UNIT_ASSIGNED_CONTEXT ( ( #8070, #2235, #9080 ) ) REPRESENTATION_CONTEXT ( 'NONE', 'WORKASPACE' ) );
#4569 =( CONVERSION_BASED_UNIT ( 'INCH', #5679 ) LENGTH_UNIT ( ) NAMED_UNIT ( #12636 ) );
#4570 = PRESENTATION_STYLE_ASSIGNMENT (( #5616 ) ) ;
#4571 = LENGTH_MEASURE_WITH_UNIT ( LENGTH_MEASURE( 0.02539999999999999900 ), #7324 );
#4572 = SURFACE_STYLE_USAGE ( .BOTH. , #10431 ) ;
#4573 = ORIENTED_EDGE ( 'NONE', *, *, #327, .F. ) ;
#4574 = LENGTH_MEASURE_WITH_UNIT ( LENGTH_MEASURE( 0.02539999999999999900 ), #5053 );
#4575 = CARTESIAN_POINT ( 'NONE',  ( 0.05669291338582657000, 0.001181102362204723300, 0.004921259842522329600 ) ) ;
#4576 = PRESENTATION_STYLE_ASSIGNMENT (( #10062 ) ) ;
#4577 = PRESENTATION_STYLE_ASSIGNMENT (( #2159 ) ) ;
#4578 = LENGTH_MEASURE_WITH_UNIT ( LENGTH_MEASURE( 0.02539999999999999900 ), #7949 );
#4579 = ORIENTED_EDGE ( 'NONE', *, *, #11048, .F. ) ;
#4580 = VECTOR ( 'NONE', #11271, 39.37007874015748100 ) ;
#4581 = CARTESIAN_POINT ( 'NONE',  ( -0.004921259842519285100, 0.001181102362204723300, -0.05669291338582683300 ) ) ;
#4582 = SURFACE_STYLE_FILL_AREA ( #183 ) ;
#4583 = ORIENTED_EDGE ( 'NONE', *, *, #12609, .T. ) ;
#4584 =( LENGTH_UNIT ( ) NAMED_UNIT ( * ) SI_UNIT ( $, .METRE. ) );
#4585 = CARTESIAN_POINT ( 'NONE',  ( -0.05905511811023581000, 0.0000000000000000000, -0.05905511811023662200 ) ) ;
#4586 = DIRECTION ( 'NONE',  ( -1.000000000000000000, 0.0000000000000000000, 3.471843985566803400E-015 ) ) ;
#4587 = ADVANCED_FACE ( 'NONE', ( #48 ), #1243, .T. ) ;
#4588 = PRESENTATION_LAYER_ASSIGNMENT (  '', '', ( #3269 ) ) ;
#4589 = CARTESIAN_POINT ( 'NONE',  ( 0.05905511811023653200, 0.03149606299212598400, -0.04429133858267728800 ) ) ;
#4590 = LINE ( 'NONE', #6107, #4259 ) ;
#4591 = MECHANICAL_DESIGN_GEOMETRIC_PRESENTATION_REPRESENTATION (  '', ( #2603 ), #5222 ) ;
#4592 = LINE ( 'NONE', #8343, #6844 ) ;
#4593 = VECTOR ( 'NONE', #10435, 39.37007874015748100 ) ;
#4594 = VERTEX_POINT ( 'NONE', #10001 ) ;
#4595 = LINE ( 'NONE', #4791, #9496 ) ;
#4596 = SURFACE_STYLE_USAGE ( .BOTH. , #10449 ) ;
#4597 = SURFACE_SIDE_STYLE ('',( #122 ) ) ;
#4598 = ORIENTED_EDGE ( 'NONE', *, *, #2806, .T. ) ;
#4599 = EDGE_CURVE ( 'NONE', #9119, #3540, #6606, .T. ) ;
#4600 = MECHANICAL_DESIGN_GEOMETRIC_PRESENTATION_REPRESENTATION (  '', ( #2617 ), #5228 ) ;
#4601 = CARTESIAN_POINT ( 'NONE',  ( -0.01476377952755946400, 0.001181102362204724400, 0.0000000000000000000 ) ) ;
#4602 = LENGTH_MEASURE_WITH_UNIT ( LENGTH_MEASURE( 0.02539999999999999900 ), #1892 );
#4603 = EDGE_CURVE ( 'NONE', #8939, #11850, #1417, .T. ) ;
#4604 =( LENGTH_UNIT ( ) NAMED_UNIT ( * ) SI_UNIT ( $, .METRE. ) );
#4605 = PRESENTATION_STYLE_ASSIGNMENT (( #12154 ) ) ;
#4606 = SURFACE_SIDE_STYLE ('',( #8372 ) ) ;
#4607 = CARTESIAN_POINT ( 'NONE',  ( 0.0000000000000000000, 0.0000000000000000000, 0.04429133858267757200 ) ) ;
#4608 = SURFACE_STYLE_USAGE ( .BOTH. , #10463 ) ;
#4609 = DIRECTION ( 'NONE',  ( -5.588988455919166100E-015, 0.0000000000000000000, 1.000000000000000000 ) ) ;
#4610 = PLANE ( 'NONE',  #3035 ) ;
#4611 = STYLED_ITEM ( 'NONE', ( #602 ), #7599 ) ;
#4612 = ORIENTED_EDGE ( 'NONE', *, *, #6656, .T. ) ;
#4613 = LENGTH_MEASURE_WITH_UNIT ( LENGTH_MEASURE( 0.02539999999999999900 ), #5712 );
#4614 = VERTEX_POINT ( 'NONE', #10084 ) ;
#4615 =( NAMED_UNIT ( * ) PLANE_ANGLE_UNIT ( ) SI_UNIT ( $, .RADIAN. ) );
#4616 = LINE ( 'NONE', #12250, #7170 ) ;
#4617 = EDGE_LOOP ( 'NONE', ( #10120, #10026, #220, #12502 ) ) ;
#4618 = LINE ( 'NONE', #3014, #1995 ) ;
#4619 = PRESENTATION_STYLE_ASSIGNMENT (( #10778 ) ) ;
#4620 = PLANE ( 'NONE',  #2929 ) ;
#4621 = SURFACE_STYLE_FILL_AREA ( #7857 ) ;
#4622 = SURFACE_STYLE_USAGE ( .BOTH. , #10472 ) ;
#4623 = DIRECTION ( 'NONE',  ( 1.000000000000000000, 0.0000000000000000000, 6.766122243189165800E-015 ) ) ;
#4624 = EDGE_LOOP ( 'NONE', ( #11797, #6355, #4843, #7247 ) ) ;
#4625 = FILL_AREA_STYLE ('',( #3640 ) ) ;
#4627 = SURFACE_SIDE_STYLE ('',( #12403 ) ) ;
#4626 = FACE_OUTER_BOUND ( 'NONE', #6004, .T. ) ;
#4628 = FACE_OUTER_BOUND ( 'NONE', #4977, .T. ) ;
#4629 =( NAMED_UNIT ( * ) SI_UNIT ( $, .STERADIAN. ) SOLID_ANGLE_UNIT ( ) );
#4630 = SURFACE_STYLE_USAGE ( .BOTH. , #10481 ) ;
#4631 = LINE ( 'NONE', #4054, #4301 ) ;
#4632 = PRESENTATION_LAYER_ASSIGNMENT (  '', '', ( #3305 ) ) ;
#4633 = PRESENTATION_LAYER_ASSIGNMENT (  '', '', ( #3306 ) ) ;
#4634 =( CONVERSION_BASED_UNIT ( 'INCH', #5943 ) LENGTH_UNIT ( ) NAMED_UNIT ( #5301 ) );
#4635 = AXIS2_PLACEMENT_3D ( 'NONE', #4822, #11664, #5791 ) ;
#4636 =( LENGTH_UNIT ( ) NAMED_UNIT ( * ) SI_UNIT ( $, .METRE. ) );
#4637 = CARTESIAN_POINT ( 'NONE',  ( 0.04291338582677153200, 0.0000000000000000000, -0.03444881889763796300 ) ) ;
#4638 = LENGTH_MEASURE_WITH_UNIT ( LENGTH_MEASURE( 0.02539999999999999900 ), #11065 );
#4639 = SURFACE_STYLE_FILL_AREA ( #1513 ) ;
#4640 = DIRECTION ( 'NONE',  ( 0.0000000000000000000, -0.0000000000000000000, 1.000000000000000000 ) ) ;
#4641 = ORIENTED_EDGE ( 'NONE', *, *, #10498, .F. ) ;
#4642 = SURFACE_SIDE_STYLE ('',( #164 ) ) ;
#4643 = EDGE_LOOP ( 'NONE', ( #8507, #8584, #11229, #9585 ) ) ;
#4644 = SURFACE_STYLE_USAGE ( .BOTH. , #10499 ) ;
#4645 = VERTEX_POINT ( 'NONE', #11064 ) ;
#4646 = CARTESIAN_POINT ( 'NONE',  ( 0.04291338582677164900, 0.007204724409448820400, -0.004921259842519830700 ) ) ;
#4647 = AXIS2_PLACEMENT_3D ( 'NONE', #7226, #1412, #8219 ) ;
#4648 = ADVANCED_FACE ( 'NONE', ( #8897 ), #1289, .F. ) ;
#4649 = VECTOR ( 'NONE', #7057, 39.37007874015748100 ) ;
#4650 = CARTESIAN_POINT ( 'NONE',  ( 0.004921259842522320000, 0.007204724409448820400, -0.05669291338582657000 ) ) ;
#4651 = EDGE_CURVE ( 'NONE', #1166, #8460, #7656, .T. ) ;
#4652 = CARTESIAN_POINT ( 'NONE',  ( -0.04291338582677154500, 0.001181102362204723300, -0.03444881889763795600 ) ) ;
#4653 = FILL_AREA_STYLE_COLOUR ( '', #11436 ) ;
#4654 = DIRECTION ( 'NONE',  ( 2.433019743745004600E-014, 0.0000000000000000000, -1.000000000000000000 ) ) ;
#4655 =( NAMED_UNIT ( * ) PLANE_ANGLE_UNIT ( ) SI_UNIT ( $, .RADIAN. ) );
#4656 = FILL_AREA_STYLE ('',( #5624 ) ) ;
#4657 = UNCERTAINTY_MEASURE_WITH_UNIT (LENGTH_MEASURE( 1.000000000000000100E-005 ), #10129, 'distance_accuracy_value', 'NONE');
#4658 = EDGE_CURVE ( 'NONE', #6545, #1336, #189, .T. ) ;
#4659 = ORIENTED_EDGE ( 'NONE', *, *, #4710, .T. ) ;
#4660 = UNCERTAINTY_MEASURE_WITH_UNIT (LENGTH_MEASURE( 1.000000000000000100E-005 ), #11046, 'distance_accuracy_value', 'NONE');
#4661 = EDGE_CURVE ( 'NONE', #3575, #12503, #10287, .T. ) ;
#4662 = CARTESIAN_POINT ( 'NONE',  ( 0.05905511811023625400, 0.03149606299212598400, -0.004921259842519791700 ) ) ;
#4663 = DIMENSIONAL_EXPONENTS ( 1.000000000000000000, 0.0000000000000000000, 0.0000000000000000000, 0.0000000000000000000, 0.0000000000000000000, 0.0000000000000000000, 0.0000000000000000000 ) ;
#4664 =( NAMED_UNIT ( * ) SI_UNIT ( $, .STERADIAN. ) SOLID_ANGLE_UNIT ( ) );
#4665 = LENGTH_MEASURE_WITH_UNIT ( LENGTH_MEASURE( 0.02539999999999999900 ), #4873 );
#4666 = CARTESIAN_POINT ( 'NONE',  ( 0.0000000000000000000, 0.007204724409448820400, 0.0000000000000000000 ) ) ;
#4667 = AXIS2_PLACEMENT_3D ( 'NONE', #7250, #9216, #1432 ) ;
#4668 = DIRECTION ( 'NONE',  ( 1.000000000000000000, -0.0000000000000000000, -3.471843985566803400E-015 ) ) ;
#4669 = CARTESIAN_POINT ( 'NONE',  ( 0.05905511811023663600, 0.0000000000000000000, -0.05905511811023583100 ) ) ;
#4670 = UNCERTAINTY_MEASURE_WITH_UNIT (LENGTH_MEASURE( 1.000000000000000100E-005 ), #1505, 'distance_accuracy_value', 'NONE');
#4671 =( LENGTH_UNIT ( ) NAMED_UNIT ( * ) SI_UNIT ( $, .METRE. ) );
#4672 = ORIENTED_EDGE ( 'NONE', *, *, #4900, .F. ) ;
#4673 = ORIENTED_EDGE ( 'NONE', *, *, #2559, .F. ) ;
#4674 = EDGE_CURVE ( 'NONE', #5205, #7553, #12596, .T. ) ;
#4675 = FACE_OUTER_BOUND ( 'NONE', #7153, .T. ) ;
#4676 = DIMENSIONAL_EXPONENTS ( 1.000000000000000000, 0.0000000000000000000, 0.0000000000000000000, 0.0000000000000000000, 0.0000000000000000000, 0.0000000000000000000, 0.0000000000000000000 ) ;
#4677 = EDGE_CURVE ( 'NONE', #1167, #10970, #5061, .T. ) ;
#4678 = DIMENSIONAL_EXPONENTS ( 1.000000000000000000, 0.0000000000000000000, 0.0000000000000000000, 0.0000000000000000000, 0.0000000000000000000, 0.0000000000000000000, 0.0000000000000000000 ) ;
#4679 = CARTESIAN_POINT ( 'NONE',  ( 0.0000000000000000000, 0.0000000000000000000, 0.0000000000000000000 ) ) ;
#4680 = CARTESIAN_POINT ( 'NONE',  ( 0.04291338582677153200, 0.007204724409448820400, -0.04429133858267732300 ) ) ;
#4681 =( NAMED_UNIT ( * ) SI_UNIT ( $, .STERADIAN. ) SOLID_ANGLE_UNIT ( ) );
#4682 = PLANE ( 'NONE',  #6062 ) ;
#4683 = ORIENTED_EDGE ( 'NONE', *, *, #1377, .F. ) ;
#4684 = CARTESIAN_POINT ( 'NONE',  ( -0.004921259842522325200, 0.007204724409448820400, 0.05669291338582658400 ) ) ;
#4685 = VERTEX_POINT ( 'NONE', #2417 ) ;
#4686 = VECTOR ( 'NONE', #7379, 39.37007874015748100 ) ;
#4687 = ORIENTED_EDGE ( 'NONE', *, *, #4300, .T. ) ;
#4688 = VERTEX_POINT ( 'NONE', #12193 ) ;
#4689 = PRESENTATION_LAYER_ASSIGNMENT (  '', '', ( #3368 ) ) ;
#4690 =( NAMED_UNIT ( * ) SI_UNIT ( $, .STERADIAN. ) SOLID_ANGLE_UNIT ( ) );
#4691 = CARTESIAN_POINT ( 'NONE',  ( -0.04291338582677151800, 0.007204724409448820400, -0.04429133858267734300 ) ) ;
#4692 =( LENGTH_UNIT ( ) NAMED_UNIT ( * ) SI_UNIT ( $, .METRE. ) );
#4693 =( NAMED_UNIT ( * ) PLANE_ANGLE_UNIT ( ) SI_UNIT ( $, .RADIAN. ) );
#4694 =( NAMED_UNIT ( * ) PLANE_ANGLE_UNIT ( ) SI_UNIT ( $, .RADIAN. ) );
#4695 = ORIENTED_EDGE ( 'NONE', *, *, #252, .F. ) ;
#4696 = FACE_OUTER_BOUND ( 'NONE', #166, .T. ) ;
#4697 = VECTOR ( 'NONE', #4407, 39.37007874015748100 ) ;
#4698 = ORIENTED_EDGE ( 'NONE', *, *, #2521, .F. ) ;
#4699 = ORIENTED_EDGE ( 'NONE', *, *, #10977, .T. ) ;
#4700 = SURFACE_STYLE_USAGE ( .BOTH. , #10547 ) ;
#4701 = EDGE_LOOP ( 'NONE', ( #6021, #963, #2516, #9160 ) ) ;
#4702 = COLOUR_RGB ( '',0.9686274509803921600, 0.8784313725490196000, 0.5999999999999999800 ) ;
#4703 = CARTESIAN_POINT ( 'NONE',  ( -0.02460629921259813200, 0.007204724409448820400, -0.04291338582677183700 ) ) ;
#4704 = SURFACE_SIDE_STYLE ('',( #159 ) ) ;
#4705 = AXIS2_PLACEMENT_3D ( 'NONE', #5066, #11935, #6051 ) ;
#4706 = ORIENTED_EDGE ( 'NONE', *, *, #4493, .F. ) ;
#4707 = DIMENSIONAL_EXPONENTS ( 1.000000000000000000, 0.0000000000000000000, 0.0000000000000000000, 0.0000000000000000000, 0.0000000000000000000, 0.0000000000000000000, 0.0000000000000000000 ) ;
#4708 = LINE ( 'NONE', #1913, #2084 ) ;
#4709 = ADVANCED_FACE ( 'NONE', ( #2163 ), #8261, .F. ) ;
#4710 = EDGE_CURVE ( 'NONE', #7631, #8324, #11041, .T. ) ;
#4711 = ORIENTED_EDGE ( 'NONE', *, *, #11995, .F. ) ;
#4712 = LINE ( 'NONE', #10465, #6966 ) ;
#4713 =( LENGTH_UNIT ( ) NAMED_UNIT ( * ) SI_UNIT ( $, .METRE. ) );
#4714 = LENGTH_MEASURE_WITH_UNIT ( LENGTH_MEASURE( 0.02539999999999999900 ), #5565 );
#4715 =( CONVERSION_BASED_UNIT ( 'INCH', #1978 ) LENGTH_UNIT ( ) NAMED_UNIT ( #3259 ) );
#4716 = LINE ( 'NONE', #2497, #9632 ) ;
#4717 = UNCERTAINTY_MEASURE_WITH_UNIT (LENGTH_MEASURE( 1.000000000000000100E-005 ), #9937, 'distance_accuracy_value', 'NONE');
#4718 =( NAMED_UNIT ( * ) SI_UNIT ( $, .STERADIAN. ) SOLID_ANGLE_UNIT ( ) );
#4719 = AXIS2_PLACEMENT_3D ( 'NONE', #1216, #8016, #2177 ) ;
#4720 = FACE_OUTER_BOUND ( 'NONE', #897, .T. ) ;
#4721 = PRESENTATION_LAYER_ASSIGNMENT (  '', '', ( #3403 ) ) ;
#4722 = CARTESIAN_POINT ( 'NONE',  ( 0.05669291338582684700, 0.007204724409448820400, 0.01476377952755886800 ) ) ;
#4723 = DIRECTION ( 'NONE',  ( -1.000000000000000000, 0.0000000000000000000, -5.511545443598771800E-015 ) ) ;
#4724 = FACE_OUTER_BOUND ( 'NONE', #3956, .T. ) ;
#4725 =( LENGTH_UNIT ( ) NAMED_UNIT ( * ) SI_UNIT ( $, .METRE. ) );
#4726 = LINE ( 'NONE', #9128, #4403 ) ;
#4727 = LINE ( 'NONE', #10079, #9925 ) ;
#4728 = FILL_AREA_STYLE ('',( #3744 ) ) ;
#4729 = EDGE_CURVE ( 'NONE', #3955, #2387, #6137, .T. ) ;
#4730 = CARTESIAN_POINT ( 'NONE',  ( -0.004921259842519285100, 0.007204724409448820400, -0.05669291338582683300 ) ) ;
#4731 = SURFACE_STYLE_USAGE ( .BOTH. , #10583 ) ;
#4732 = VECTOR ( 'NONE', #2601, 39.37007874015748100 ) ;
#4733 =( CONVERSION_BASED_UNIT ( 'INCH', #11539 ) LENGTH_UNIT ( ) NAMED_UNIT ( #7976 ) );
#4734 = DIRECTION ( 'NONE',  ( 0.0000000000000000000, -0.0000000000000000000, 1.000000000000000000 ) ) ;
#4735 = LENGTH_MEASURE_WITH_UNIT ( LENGTH_MEASURE( 0.02539999999999999900 ), #3959 );
#4736 = LINE ( 'NONE', #4103, #9651 ) ;
#4737 = DIRECTION ( 'NONE',  ( -1.000000000000000000, 0.0000000000000000000, -3.907534698324850800E-014 ) ) ;
#4738 = LINE ( 'NONE', #4703, #2117 ) ;
#4739 = DIRECTION ( 'NONE',  ( 0.0000000000000000000, -0.0000000000000000000, 1.000000000000000000 ) ) ;
#4740 = CARTESIAN_POINT ( 'NONE',  ( 0.0000000000000000000, 0.001181102362204724400, -0.04429133858267737800 ) ) ;
#4741 = AXIS2_PLACEMENT_3D ( 'NONE', #7996, #2166, #9003 ) ;
#4742 =( NAMED_UNIT ( * ) PLANE_ANGLE_UNIT ( ) SI_UNIT ( $, .RADIAN. ) );
#4743 = SURFACE_SIDE_STYLE ('',( #10119 ) ) ;
#4744 = CARTESIAN_POINT ( 'NONE',  ( 0.05905511811023590000, 0.0000000000000000000, 0.04429133858267742000 ) ) ;
#4745 = FACE_OUTER_BOUND ( 'NONE', #10096, .T. ) ;
#4746 = EDGE_CURVE ( 'NONE', #3030, #10457, #972, .T. ) ;
#4747 = CLOSED_SHELL ( 'NONE', ( #12671, #9255, #4113, #3926, #420, #2447 ) ) ;
#4748 = LINE ( 'NONE', #6395, #12254 ) ;
#4749 = CARTESIAN_POINT ( 'NONE',  ( 0.05669291338582668100, 0.007204724409448820400, -0.03444881889763799800 ) ) ;
#4750 = LENGTH_MEASURE_WITH_UNIT ( LENGTH_MEASURE( 0.02539999999999999900 ), #9507 );
#4751 = ORIENTED_EDGE ( 'NONE', *, *, #928, .F. ) ;
#4752 = ORIENTED_EDGE ( 'NONE', *, *, #1130, .T. ) ;
#4753 = DIRECTION ( 'NONE',  ( 0.0000000000000000000, -0.0000000000000000000, 1.000000000000000000 ) ) ;
#4754 = SURFACE_STYLE_USAGE ( .BOTH. , #10610 ) ;
#4755 = STYLED_ITEM ( 'NONE', ( #4286 ), #7097 ) ;
#4756 = LINE ( 'NONE', #2371, #12439 ) ;
#4757 = VERTEX_POINT ( 'NONE', #8350 ) ;
#4758 = CARTESIAN_POINT ( 'NONE',  ( -0.004921259842522306100, 0.004133858267716536200, 0.05669291338582658400 ) ) ;
#4759 = PRESENTATION_LAYER_ASSIGNMENT (  '', '', ( #3438 ) ) ;
#4760 = VECTOR ( 'NONE', #6802, 39.37007874015748100 ) ;
#4761 = PRESENTATION_LAYER_ASSIGNMENT (  '', '', ( #3445 ) ) ;
#4762 = STYLED_ITEM ( 'NONE', ( #1938 ), #700 ) ;
#4763 = CARTESIAN_POINT ( 'NONE',  ( -0.05669291338582657000, -0.01693371115559762200, -0.004921259842522323500 ) ) ;
#4764 = DIRECTION ( 'NONE',  ( -1.000000000000000000, 0.0000000000000000000, 4.515665050714725700E-016 ) ) ;
#4765 = FILL_AREA_STYLE_COLOUR ( '', #6254 ) ;
#4766 = VECTOR ( 'NONE', #4510, 39.37007874015748100 ) ;
#4767 = EDGE_LOOP ( 'NONE', ( #962, #2523, #7842, #5881 ) ) ;
#4768 = EDGE_LOOP ( 'NONE', ( #8083, #476, #3272, #9985 ) ) ;
#4769 = FILL_AREA_STYLE ('',( #1818 ) ) ;
#4770 = VECTOR ( 'NONE', #10151, 39.37007874015748100 ) ;
#4771 = LINE ( 'NONE', #12669, #12591 ) ;
#4772 = PLANE ( 'NONE',  #5902 ) ;
#4773 = ADVANCED_FACE ( 'NONE', ( #10742 ), #1529, .F. ) ;
#4774 = FACE_OUTER_BOUND ( 'NONE', #12110, .T. ) ;
#4775 =( LENGTH_UNIT ( ) NAMED_UNIT ( * ) SI_UNIT ( $, .METRE. ) );
#4776 = DIRECTION ( 'NONE',  ( -2.433019743745004600E-014, -0.0000000000000000000, 1.000000000000000000 ) ) ;
#4777 = SURFACE_STYLE_USAGE ( .BOTH. , #10631 ) ;
#4778 = UNCERTAINTY_MEASURE_WITH_UNIT (LENGTH_MEASURE( 1.000000000000000100E-005 ), #11775, 'distance_accuracy_value', 'NONE');
#4779 = STYLED_ITEM ( 'NONE', ( #6232 ), #10224 ) ;
#4780 = CARTESIAN_POINT ( 'NONE',  ( 0.05905511811023663600, 0.0000000000000000000, -0.05905511811023583100 ) ) ;
#4781 =( LENGTH_UNIT ( ) NAMED_UNIT ( * ) SI_UNIT ( $, .METRE. ) );
#4782 = FILL_AREA_STYLE ('',( #7654 ) ) ;
#4783 = CARTESIAN_POINT ( 'NONE',  ( -0.04291338582677151800, 0.0000000000000000000, -0.01476377952755921500 ) ) ;
#4784 = VECTOR ( 'NONE', #4337, 39.37007874015748100 ) ;
#4785 = PLANE ( 'NONE',  #10710 ) ;
#4786 = AXIS2_PLACEMENT_3D ( 'NONE', #6329, #496, #7287 ) ;
#4787 = EDGE_CURVE ( 'NONE', #9731, #5424, #12128, .T. ) ;
#4788 = ORIENTED_EDGE ( 'NONE', *, *, #7776, .F. ) ;
#4789 = SURFACE_STYLE_USAGE ( .BOTH. , #10637 ) ;
#4790 =( NAMED_UNIT ( * ) SI_UNIT ( $, .STERADIAN. ) SOLID_ANGLE_UNIT ( ) );
#4791 = CARTESIAN_POINT ( 'NONE',  ( 0.04291338582677162200, 0.001181102362204723300, -0.01476377952755922000 ) ) ;
#4792 = LENGTH_MEASURE_WITH_UNIT ( LENGTH_MEASURE( 0.02539999999999999900 ), #9968 );
#4793 = STYLED_ITEM ( 'NONE', ( #357 ), #3085 ) ;
#4794 = ORIENTED_EDGE ( 'NONE', *, *, #10779, .T. ) ;
#4795 = LINE ( 'NONE', #9162, #7355 ) ;
#4796 = AXIS2_PLACEMENT_3D ( 'NONE', #3539, #10376, #4513 ) ;
#4797 = CARTESIAN_POINT ( 'NONE',  ( 0.05669291338582677800, 0.007204724409448820400, -0.004921259842519878400 ) ) ;
#4798 = STYLED_ITEM ( 'NONE', ( #4479 ), #11313 ) ;
#4799 = SURFACE_SIDE_STYLE ('',( #2554 ) ) ;
#4800 = SURFACE_SIDE_STYLE ('',( #5952 ) ) ;
#4801 = DIMENSIONAL_EXPONENTS ( 1.000000000000000000, 0.0000000000000000000, 0.0000000000000000000, 0.0000000000000000000, 0.0000000000000000000, 0.0000000000000000000, 0.0000000000000000000 ) ;
#4802 = DIMENSIONAL_EXPONENTS ( 1.000000000000000000, 0.0000000000000000000, 0.0000000000000000000, 0.0000000000000000000, 0.0000000000000000000, 0.0000000000000000000, 0.0000000000000000000 ) ;
#4803 = VERTEX_POINT ( 'NONE', #4520 ) ;
#4804 = ORIENTED_EDGE ( 'NONE', *, *, #11396, .T. ) ;
#4805 = VERTEX_POINT ( 'NONE', #8392 ) ;
#4806 =( NAMED_UNIT ( * ) SI_UNIT ( $, .STERADIAN. ) SOLID_ANGLE_UNIT ( ) );
#4807 =( NAMED_UNIT ( * ) SI_UNIT ( $, .STERADIAN. ) SOLID_ANGLE_UNIT ( ) );
#4808 = VECTOR ( 'NONE', #9052, 39.37007874015748100 ) ;
#4809 = PRESENTATION_STYLE_ASSIGNMENT (( #11845 ) ) ;
#4810 =( CONVERSION_BASED_UNIT ( 'INCH', #6851 ) LENGTH_UNIT ( ) NAMED_UNIT ( #2464 ) );
#4811 = DIRECTION ( 'NONE',  ( -0.0000000000000000000, -1.000000000000000000, -0.0000000000000000000 ) ) ;
#4812 = AXIS2_PLACEMENT_3D ( 'NONE', #8286, #2437, #9294 ) ;
#4813 = DIMENSIONAL_EXPONENTS ( 1.000000000000000000, 0.0000000000000000000, 0.0000000000000000000, 0.0000000000000000000, 0.0000000000000000000, 0.0000000000000000000, 0.0000000000000000000 ) ;
#4814 =( GEOMETRIC_REPRESENTATION_CONTEXT ( 3 ) GLOBAL_UNCERTAINTY_ASSIGNED_CONTEXT ( ( #6226 ) ) GLOBAL_UNIT_ASSIGNED_CONTEXT ( ( #12584, #6683, #877 ) ) REPRESENTATION_CONTEXT ( 'NONE', 'WORKASPACE' ) );
#4815 = ORIENTED_EDGE ( 'NONE', *, *, #12543, .T. ) ;
#4816 = LENGTH_MEASURE_WITH_UNIT ( LENGTH_MEASURE( 0.02539999999999999900 ), #6173 );
#4817 = DIRECTION ( 'NONE',  ( -1.000000000000000000, 0.0000000000000000000, -2.346283569946222600E-014 ) ) ;
#4818 =( NAMED_UNIT ( * ) PLANE_ANGLE_UNIT ( ) SI_UNIT ( $, .RADIAN. ) );
#4819 = VERTEX_POINT ( 'NONE', #2549 ) ;
#4820 = ORIENTED_EDGE ( 'NONE', *, *, #9559, .T. ) ;
#4821 = VECTOR ( 'NONE', #5748, 39.37007874015748100 ) ;
#4822 = CARTESIAN_POINT ( 'NONE',  ( 0.04291338582677178100, 0.007204724409448820400, 0.03444881889763766500 ) ) ;
#4823 = PLANE ( 'NONE',  #7084 ) ;
#4824 = SURFACE_STYLE_USAGE ( .BOTH. , #10673 ) ;
#4825 =( NAMED_UNIT ( * ) PLANE_ANGLE_UNIT ( ) SI_UNIT ( $, .RADIAN. ) );
#4826 = SURFACE_SIDE_STYLE ('',( #12705 ) ) ;
#4827 = VERTEX_POINT ( 'NONE', #9401 ) ;
#4828 = ORIENTED_EDGE ( 'NONE', *, *, #6205, .T. ) ;
#4829 = VERTEX_POINT ( 'NONE', #11369 ) ;
#4830 = PRESENTATION_LAYER_ASSIGNMENT (  '', '', ( #3515 ) ) ;
#4831 = ORIENTED_EDGE ( 'NONE', *, *, #7252, .T. ) ;
#4832 = DIMENSIONAL_EXPONENTS ( 1.000000000000000000, 0.0000000000000000000, 0.0000000000000000000, 0.0000000000000000000, 0.0000000000000000000, 0.0000000000000000000, 0.0000000000000000000 ) ;
#4833 = UNCERTAINTY_MEASURE_WITH_UNIT (LENGTH_MEASURE( 1.000000000000000100E-005 ), #11540, 'distance_accuracy_value', 'NONE');
#4834 = ORIENTED_EDGE ( 'NONE', *, *, #3102, .T. ) ;
#4835 = DIRECTION ( 'NONE',  ( 0.0000000000000000000, 1.000000000000000000, 0.0000000000000000000 ) ) ;
#4836 =( NAMED_UNIT ( * ) PLANE_ANGLE_UNIT ( ) SI_UNIT ( $, .RADIAN. ) );
#4837 = ADVANCED_FACE ( 'NONE', ( #4628 ), #669, .F. ) ;
#4838 = ORIENTED_EDGE ( 'NONE', *, *, #8232, .T. ) ;
#4839 =( NAMED_UNIT ( * ) SI_UNIT ( $, .STERADIAN. ) SOLID_ANGLE_UNIT ( ) );
#4840 = FILL_AREA_STYLE_COLOUR ( '', #9127 ) ;
#4841 = EDGE_CURVE ( 'NONE', #9280, #4803, #986, .T. ) ;
#4842 = EDGE_CURVE ( 'NONE', #11534, #4081, #11052, .T. ) ;
#4843 = ORIENTED_EDGE ( 'NONE', *, *, #9891, .F. ) ;
#4844 = VECTOR ( 'NONE', #8131, 39.37007874015748100 ) ;
#4845 = CARTESIAN_POINT ( 'NONE',  ( -0.04291338582677144100, 0.0000000000000000000, -0.02460629921260094500 ) ) ;
#4846 = LINE ( 'NONE', #9286, #10043 ) ;
#4847 =( CONVERSION_BASED_UNIT ( 'INCH', #10930 ) LENGTH_UNIT ( ) NAMED_UNIT ( #9570 ) );
#4848 = CARTESIAN_POINT ( 'NONE',  ( 0.05669291338582693000, 0.004133858267716536200, 0.03444881889763761600 ) ) ;
#4849 = CARTESIAN_POINT ( 'NONE',  ( 0.01476377952755945900, 0.007204724409448820400, -0.05669291338582670100 ) ) ;
#4850 = ORIENTED_EDGE ( 'NONE', *, *, #6267, .F. ) ;
#4851 = DIRECTION ( 'NONE',  ( -0.0000000000000000000, -1.000000000000000000, -0.0000000000000000000 ) ) ;
#4852 = CARTESIAN_POINT ( 'NONE',  ( 0.05905511811023605300, 0.03149606299212598400, 0.02460629921259942200 ) ) ;
#4853 =( GEOMETRIC_REPRESENTATION_CONTEXT ( 3 ) GLOBAL_UNCERTAINTY_ASSIGNED_CONTEXT ( ( #11925 ) ) GLOBAL_UNIT_ASSIGNED_CONTEXT ( ( #12442, #6549, #739 ) ) REPRESENTATION_CONTEXT ( 'NONE', 'WORKASPACE' ) );
#4854 = VERTEX_POINT ( 'NONE', #10468 ) ;
#4855 = DIRECTION ( 'NONE',  ( -1.000000000000000000, 0.0000000000000000000, -6.326356674140271300E-016 ) ) ;
#4856 = EDGE_CURVE ( 'NONE', #4961, #7309, #689, .T. ) ;
#4857 = DIRECTION ( 'NONE',  ( 1.000000000000000000, 0.0000000000000000000, -0.0000000000000000000 ) ) ;
#4858 = CARTESIAN_POINT ( 'NONE',  ( 0.004921259842520090900, 0.03149606299212598400, 0.05905511811023625400 ) ) ;
#4859 = DIRECTION ( 'NONE',  ( -1.000000000000000000, -0.0000000000000000000, 3.549286997887197300E-015 ) ) ;
#4860 = EDGE_LOOP ( 'NONE', ( #3805, #9494, #1763, #2208 ) ) ;
#4861 = AXIS2_PLACEMENT_3D ( 'NONE', #735, #7517, #1691 ) ;
#4862 = AXIS2_PLACEMENT_3D ( 'NONE', #4749, #11593, #5718 ) ;
#4863 = STYLED_ITEM ( 'NONE', ( #5263 ), #10923 ) ;
#4864 =( LENGTH_UNIT ( ) NAMED_UNIT ( * ) SI_UNIT ( $, .METRE. ) );
#4865 = ORIENTED_EDGE ( 'NONE', *, *, #3780, .F. ) ;
#4866 = FILL_AREA_STYLE_COLOUR ( '', #6961 ) ;
#4867 = DIRECTION ( 'NONE',  ( 0.0000000000000000000, 1.000000000000000000, 0.0000000000000000000 ) ) ;
#4868 = ORIENTED_EDGE ( 'NONE', *, *, #12045, .T. ) ;
#4869 = SURFACE_STYLE_FILL_AREA ( #1192 ) ;
#4870 = VERTEX_POINT ( 'NONE', #2636 ) ;
#4871 = UNCERTAINTY_MEASURE_WITH_UNIT (LENGTH_MEASURE( 1.000000000000000100E-005 ), #10467, 'distance_accuracy_value', 'NONE');
#4872 = LINE ( 'NONE', #6943, #1958 ) ;
#4873 =( LENGTH_UNIT ( ) NAMED_UNIT ( * ) SI_UNIT ( $, .METRE. ) );
#4874 =( GEOMETRIC_REPRESENTATION_CONTEXT ( 3 ) GLOBAL_UNCERTAINTY_ASSIGNED_CONTEXT ( ( #12037 ) ) GLOBAL_UNIT_ASSIGNED_CONTEXT ( ( #434, #7231, #1415 ) ) REPRESENTATION_CONTEXT ( 'NONE', 'WORKASPACE' ) );
#4875 = VERTEX_POINT ( 'NONE', #5584 ) ;
#4876 =( GEOMETRIC_REPRESENTATION_CONTEXT ( 3 ) GLOBAL_UNCERTAINTY_ASSIGNED_CONTEXT ( ( #7840 ) ) GLOBAL_UNIT_ASSIGNED_CONTEXT ( ( #4715, #11561, #5686 ) ) REPRESENTATION_CONTEXT ( 'NONE', 'WORKASPACE' ) );
#4877 = STYLED_ITEM ( 'NONE', ( #8755 ), #12087 ) ;
#4878 = DIRECTION ( 'NONE',  ( 0.0000000000000000000, 1.000000000000000000, 0.0000000000000000000 ) ) ;
#4879 = FILL_AREA_STYLE ('',( #2911 ) ) ;
#4880 = LINE ( 'NONE', #12416, #4593 ) ;
#4881 = VERTEX_POINT ( 'NONE', #6561 ) ;
#4882 = DIRECTION ( 'NONE',  ( 0.0000000000000000000, 1.000000000000000000, 0.0000000000000000000 ) ) ;
#4883 = VECTOR ( 'NONE', #1836, 39.37007874015748100 ) ;
#4884 =( LENGTH_UNIT ( ) NAMED_UNIT ( * ) SI_UNIT ( $, .METRE. ) );
#4885 = ADVANCED_FACE ( 'NONE', ( #8440 ), #4620, .F. ) ;
#4886 = VECTOR ( 'NONE', #11609, 39.37007874015748100 ) ;
#4887 = EDGE_CURVE ( 'NONE', #9521, #1951, #12138, .T. ) ;
#4888 = CARTESIAN_POINT ( 'NONE',  ( 0.02460629921259843400, 0.007204724409448820400, 0.05669291338582680600 ) ) ;
#4889 = ORIENTED_EDGE ( 'NONE', *, *, #1066, .F. ) ;
#4890 = ORIENTED_EDGE ( 'NONE', *, *, #11458, .T. ) ;
#4891 = UNCERTAINTY_MEASURE_WITH_UNIT (LENGTH_MEASURE( 1.000000000000000100E-005 ), #1932, 'distance_accuracy_value', 'NONE');
#4892 = DIRECTION ( 'NONE',  ( 3.425378178174580600E-015, 0.0000000000000000000, 1.000000000000000000 ) ) ;
#4893 = AXIS2_PLACEMENT_3D ( 'NONE', #6120, #283, #7075 ) ;
#4894 = FILL_AREA_STYLE ('',( #8787 ) ) ;
#4895 = COLOUR_RGB ( '',0.2509803921568627400, 0.2509803921568627400, 0.2509803921568627400 ) ;
#4896 =( GEOMETRIC_REPRESENTATION_CONTEXT ( 3 ) GLOBAL_UNCERTAINTY_ASSIGNED_CONTEXT ( ( #12267 ) ) GLOBAL_UNIT_ASSIGNED_CONTEXT ( ( #10592, #4742, #11582 ) ) REPRESENTATION_CONTEXT ( 'NONE', 'WORKASPACE' ) );
#4897 = LINE ( 'NONE', #5239, #12415 ) ;
#4898 =( NAMED_UNIT ( * ) SI_UNIT ( $, .STERADIAN. ) SOLID_ANGLE_UNIT ( ) );
#4899 = FACE_OUTER_BOUND ( 'NONE', #10836, .T. ) ;
#4900 = EDGE_CURVE ( 'NONE', #1284, #12628, #2018, .T. ) ;
#4901 = CARTESIAN_POINT ( 'NONE',  ( 0.0000000000000000000, 0.001181102362204724400, -0.01476377952756007000 ) ) ;
#4902 = SURFACE_STYLE_FILL_AREA ( #5483 ) ;
#4903 = EDGE_CURVE ( 'NONE', #11260, #5229, #9548, .T. ) ;
#4904 = ORIENTED_EDGE ( 'NONE', *, *, #801, .F. ) ;
#4905 =( NAMED_UNIT ( * ) PLANE_ANGLE_UNIT ( ) SI_UNIT ( $, .RADIAN. ) );
#4906 = CARTESIAN_POINT ( 'NONE',  ( 0.05669291338582694400, 0.007204724409448820400, 0.04429133858267697600 ) ) ;
#4907 = ORIENTED_EDGE ( 'NONE', *, *, #8023, .F. ) ;
#4908 =( NAMED_UNIT ( * ) SI_UNIT ( $, .STERADIAN. ) SOLID_ANGLE_UNIT ( ) );
#4909 = EDGE_LOOP ( 'NONE', ( #4831, #1705, #11581, #3171 ) ) ;
#4910 = UNCERTAINTY_MEASURE_WITH_UNIT (LENGTH_MEASURE( 1.000000000000000100E-005 ), #565, 'distance_accuracy_value', 'NONE');
#4911 = ORIENTED_EDGE ( 'NONE', *, *, #10331, .T. ) ;
#4912 = CARTESIAN_POINT ( 'NONE',  ( -0.04291338582677153200, 0.004133858267716536200, -0.04429133858267731600 ) ) ;
#4913 =( LENGTH_UNIT ( ) NAMED_UNIT ( * ) SI_UNIT ( $, .METRE. ) );
#4914 = LINE ( 'NONE', #10035, #2301 ) ;
#4915 = ORIENTED_EDGE ( 'NONE', *, *, #9151, .T. ) ;
#4916 = DIMENSIONAL_EXPONENTS ( 1.000000000000000000, 0.0000000000000000000, 0.0000000000000000000, 0.0000000000000000000, 0.0000000000000000000, 0.0000000000000000000, 0.0000000000000000000 ) ;
#4917 = PRESENTATION_STYLE_ASSIGNMENT (( #6439 ) ) ;
#4918 = CARTESIAN_POINT ( 'NONE',  ( 0.0000000000000000000, 0.004133858267716536200, 0.04429133858267697600 ) ) ;
#4919 = LENGTH_MEASURE_WITH_UNIT ( LENGTH_MEASURE( 0.02539999999999999900 ), #5081 );
#4920 = VECTOR ( 'NONE', #5717, 39.37007874015748100 ) ;
#4921 = PLANE ( 'NONE',  #7955 ) ;
#4922 = COLOUR_RGB ( '',0.2509803921568627400, 0.2509803921568627400, 0.2509803921568627400 ) ;
#4923 =( GEOMETRIC_REPRESENTATION_CONTEXT ( 3 ) GLOBAL_UNCERTAINTY_ASSIGNED_CONTEXT ( ( #9252 ) ) GLOBAL_UNIT_ASSIGNED_CONTEXT ( ( #5563, #12429, #6533 ) ) REPRESENTATION_CONTEXT ( 'NONE', 'WORKASPACE' ) );
#4924 =( LENGTH_UNIT ( ) NAMED_UNIT ( * ) SI_UNIT ( $, .METRE. ) );
#4925 = CARTESIAN_POINT ( 'NONE',  ( 0.05905511811023581000, 0.03149606299212598400, 0.05905511811023642800 ) ) ;
#4926 = UNCERTAINTY_MEASURE_WITH_UNIT (LENGTH_MEASURE( 1.000000000000000100E-005 ), #7061, 'distance_accuracy_value', 'NONE');
#4927 = DIRECTION ( 'NONE',  ( 2.866700612739115500E-014, 0.0000000000000000000, -1.000000000000000000 ) ) ;
#4928 = DIMENSIONAL_EXPONENTS ( 1.000000000000000000, 0.0000000000000000000, 0.0000000000000000000, 0.0000000000000000000, 0.0000000000000000000, 0.0000000000000000000, 0.0000000000000000000 ) ;
#4929 = SURFACE_STYLE_USAGE ( .BOTH. , #10787 ) ;
#4930 = VECTOR ( 'NONE', #4882, 39.37007874015748100 ) ;
#4931 = PLANE ( 'NONE',  #7720 ) ;
#4932 = ORIENTED_EDGE ( 'NONE', *, *, #749, .T. ) ;
#4933 =( GEOMETRIC_REPRESENTATION_CONTEXT ( 3 ) GLOBAL_UNCERTAINTY_ASSIGNED_CONTEXT ( ( #687 ) ) GLOBAL_UNIT_ASSIGNED_CONTEXT ( ( #3204, #10052, #4181 ) ) REPRESENTATION_CONTEXT ( 'NONE', 'WORKASPACE' ) );
#4934 = STYLED_ITEM ( 'NONE', ( #1799 ), #10411 ) ;
#4935 = DIRECTION ( 'NONE',  ( -1.000000000000000000, 0.0000000000000000000, -3.513515725732652500E-015 ) ) ;
#4936 = ORIENTED_EDGE ( 'NONE', *, *, #8194, .F. ) ;
#4937 = VERTEX_POINT ( 'NONE', #11547 ) ;
#4938 = CARTESIAN_POINT ( 'NONE',  ( 0.0000000000000000000, 0.001181102362204724400, -0.03444881889763795600 ) ) ;
#4939 =( GEOMETRIC_REPRESENTATION_CONTEXT ( 3 ) GLOBAL_UNCERTAINTY_ASSIGNED_CONTEXT ( ( #4972 ) ) GLOBAL_UNIT_ASSIGNED_CONTEXT ( ( #5170, #12029, #6159 ) ) REPRESENTATION_CONTEXT ( 'NONE', 'WORKASPACE' ) );
#4940 = EDGE_CURVE ( 'NONE', #8294, #10335, #9219, .T. ) ;
#4941 =( NAMED_UNIT ( * ) PLANE_ANGLE_UNIT ( ) SI_UNIT ( $, .RADIAN. ) );
#4942 = DIMENSIONAL_EXPONENTS ( 1.000000000000000000, 0.0000000000000000000, 0.0000000000000000000, 0.0000000000000000000, 0.0000000000000000000, 0.0000000000000000000, 0.0000000000000000000 ) ;
#4943 = CARTESIAN_POINT ( 'NONE',  ( 0.05669291338582677800, 0.007204724409448820400, -0.004921259842519867100 ) ) ;
#4944 =( NAMED_UNIT ( * ) SI_UNIT ( $, .STERADIAN. ) SOLID_ANGLE_UNIT ( ) );
#4945 = DIRECTION ( 'NONE',  ( 1.000000000000000000, 0.0000000000000000000, -0.0000000000000000000 ) ) ;
#4946 = EDGE_LOOP ( 'NONE', ( #5094, #9222 ) ) ;
#4947 = ADVANCED_FACE ( 'NONE', ( #4308 ), #1788, .F. ) ;
#4948 =( GEOMETRIC_REPRESENTATION_CONTEXT ( 3 ) GLOBAL_UNCERTAINTY_ASSIGNED_CONTEXT ( ( #9378 ) ) GLOBAL_UNIT_ASSIGNED_CONTEXT ( ( #11404, #5537, #12400 ) ) REPRESENTATION_CONTEXT ( 'NONE', 'WORKASPACE' ) );
#4949 =( GEOMETRIC_REPRESENTATION_CONTEXT ( 3 ) GLOBAL_UNCERTAINTY_ASSIGNED_CONTEXT ( ( #5193 ) ) GLOBAL_UNIT_ASSIGNED_CONTEXT ( ( #8854, #2993, #9857 ) ) REPRESENTATION_CONTEXT ( 'NONE', 'WORKASPACE' ) );
#4950 = DIRECTION ( 'NONE',  ( -1.000000000000000000, -0.0000000000000000000, -2.346283569946222600E-014 ) ) ;
#4951 = MECHANICAL_DESIGN_GEOMETRIC_PRESENTATION_REPRESENTATION (  '', ( #2982 ), #5609 ) ;
#4952 = SURFACE_STYLE_USAGE ( .BOTH. , #10809 ) ;
#4953 = SURFACE_STYLE_FILL_AREA ( #1128 ) ;
#4954 = FACE_OUTER_BOUND ( 'NONE', #6242, .T. ) ;
#4955 =( NAMED_UNIT ( * ) SI_UNIT ( $, .STERADIAN. ) SOLID_ANGLE_UNIT ( ) );
#4957 = EDGE_CURVE ( 'NONE', #12701, #4970, #7952, .T. ) ;
#4956 = LENGTH_MEASURE_WITH_UNIT ( LENGTH_MEASURE( 0.02539999999999999900 ), #1264 );
#4958 = CARTESIAN_POINT ( 'NONE',  ( -0.01091455444047722200, -1.333910153156378500E-018, -0.02272557806252474200 ) ) ;
#4959 = ORIENTED_EDGE ( 'NONE', *, *, #5308, .T. ) ;
#4960 = SURFACE_STYLE_USAGE ( .BOTH. , #10818 ) ;
#4961 = VERTEX_POINT ( 'NONE', #8662 ) ;
#4962 = DIRECTION ( 'NONE',  ( 0.0000000000000000000, 1.000000000000000000, 0.0000000000000000000 ) ) ;
#4963 = DIRECTION ( 'NONE',  ( 0.0000000000000000000, 1.000000000000000000, 0.0000000000000000000 ) ) ;
#4964 = STYLED_ITEM ( 'NONE', ( #6311 ), #4446 ) ;
#4965 = DIRECTION ( 'NONE',  ( 0.0000000000000000000, 1.000000000000000000, 0.0000000000000000000 ) ) ;
#4966 = DIRECTION ( 'NONE',  ( 0.0000000000000000000, 1.000000000000000000, 0.0000000000000000000 ) ) ;
#4967 = ORIENTED_EDGE ( 'NONE', *, *, #984, .F. ) ;
#4968 = ORIENTED_EDGE ( 'NONE', *, *, #821, .F. ) ;
#4969 = CARTESIAN_POINT ( 'NONE',  ( 0.05905511811023610200, 0.001181102362204724200, 0.01476377952755925300 ) ) ;
#4970 = VERTEX_POINT ( 'NONE', #7655 ) ;
#4971 = EDGE_CURVE ( 'NONE', #806, #9014, #2782, .T. ) ;
#4972 = UNCERTAINTY_MEASURE_WITH_UNIT (LENGTH_MEASURE( 1.000000000000000100E-005 ), #5170, 'distance_accuracy_value', 'NONE');
#4973 = VERTEX_POINT ( 'NONE', #4783 ) ;
#4974 = SURFACE_STYLE_FILL_AREA ( #2142 ) ;
#4975 = DIRECTION ( 'NONE',  ( -3.425378178174576300E-015, -0.0000000000000000000, -1.000000000000000000 ) ) ;
#4976 =( GEOMETRIC_REPRESENTATION_CONTEXT ( 3 ) GLOBAL_UNCERTAINTY_ASSIGNED_CONTEXT ( ( #2653 ) ) GLOBAL_UNIT_ASSIGNED_CONTEXT ( ( #6192, #360, #7151 ) ) REPRESENTATION_CONTEXT ( 'NONE', 'WORKASPACE' ) );
#4977 = EDGE_LOOP ( 'NONE', ( #6715, #8395, #1138, #3090 ) ) ;
#4978 = CARTESIAN_POINT ( 'NONE',  ( 0.0000000000000000000, 0.004133858267716536200, -0.05905511811023662200 ) ) ;
#4979 = DIRECTION ( 'NONE',  ( 0.0000000000000000000, 1.000000000000000000, 0.0000000000000000000 ) ) ;
#4980 = CARTESIAN_POINT ( 'NONE',  ( -0.04494350380682998100, 0.02755905511811023600, -0.03789093658332103700 ) ) ;
#4981 = ORIENTED_EDGE ( 'NONE', *, *, #9696, .F. ) ;
#4982 = VECTOR ( 'NONE', #4170, 39.37007874015748100 ) ;
#4983 = VERTEX_POINT ( 'NONE', #10636 ) ;
#4984 = VERTEX_POINT ( 'NONE', #6725 ) ;
#4985 = COLOUR_RGB ( '',0.2509803921568627400, 0.2509803921568627400, 0.2509803921568627400 ) ;
#4986 =( NAMED_UNIT ( * ) SI_UNIT ( $, .STERADIAN. ) SOLID_ANGLE_UNIT ( ) );
#4987 = DIRECTION ( 'NONE',  ( -1.000000000000000000, -0.0000000000000000000, 0.0000000000000000000 ) ) ;
#4988 = VECTOR ( 'NONE', #1949, 39.37007874015748100 ) ;
#4989 = EDGE_CURVE ( 'NONE', #1092, #5258, #7659, .T. ) ;
#4990 = FILL_AREA_STYLE ('',( #7876 ) ) ;
#4991 = SURFACE_SIDE_STYLE ('',( #9701 ) ) ;
#4992 = VERTEX_POINT ( 'NONE', #5753 ) ;
#4993 = SURFACE_SIDE_STYLE ('',( #7369 ) ) ;
#4994 = CARTESIAN_POINT ( 'NONE',  ( 0.05905511811023663600, 0.0000000000000000000, -0.05905511811023583100 ) ) ;
#4995 = FILL_AREA_STYLE ('',( #2044 ) ) ;
#4996 = ORIENTED_EDGE ( 'NONE', *, *, #10235, .F. ) ;
#4997 = CARTESIAN_POINT ( 'NONE',  ( 0.004921259842519684100, -0.01693371115559762200, 0.05669291338582675000 ) ) ;
#4998 =( GEOMETRIC_REPRESENTATION_CONTEXT ( 3 ) GLOBAL_UNCERTAINTY_ASSIGNED_CONTEXT ( ( #7947 ) ) GLOBAL_UNIT_ASSIGNED_CONTEXT ( ( #1783, #8613, #2757 ) ) REPRESENTATION_CONTEXT ( 'NONE', 'WORKASPACE' ) );
#4999 = CARTESIAN_POINT ( 'NONE',  ( 0.04291338582677153200, -0.01693371115559762200, -0.03444881889763795600 ) ) ;
#5000 =( NAMED_UNIT ( * ) PLANE_ANGLE_UNIT ( ) SI_UNIT ( $, .RADIAN. ) );
#5001 = SURFACE_SIDE_STYLE ('',( #3326 ) ) ;
#5002 = ADVANCED_FACE ( 'NONE', ( #2472 ), #1867, .F. ) ;
#5003 = AXIS2_PLACEMENT_3D ( 'NONE', #2097, #8935, #3084 ) ;
#5004 = CARTESIAN_POINT ( 'NONE',  ( -0.04494350380682998100, 0.02755905511811023600, -0.04494350380683059800 ) ) ;
#5005 = EDGE_CURVE ( 'NONE', #4937, #6838, #9044, .T. ) ;
#5006 = ORIENTED_EDGE ( 'NONE', *, *, #1269, .T. ) ;
#5007 = LINE ( 'NONE', #3366, #7281 ) ;
#5008 = CARTESIAN_POINT ( 'NONE',  ( 0.0000000000000000000, 0.0000000000000000000, 0.0000000000000000000 ) ) ;
#5009 = FILL_AREA_STYLE_COLOUR ( '', #5671 ) ;
#5010 = ADVANCED_FACE ( 'NONE', ( #4149 ), #11706, .F. ) ;
#5011 =( GEOMETRIC_REPRESENTATION_CONTEXT ( 3 ) GLOBAL_UNCERTAINTY_ASSIGNED_CONTEXT ( ( #6690 ) ) GLOBAL_UNIT_ASSIGNED_CONTEXT ( ( #8007, #2169, #9008 ) ) REPRESENTATION_CONTEXT ( 'NONE', 'WORKASPACE' ) );
#5012 =( GEOMETRIC_REPRESENTATION_CONTEXT ( 3 ) GLOBAL_UNCERTAINTY_ASSIGNED_CONTEXT ( ( #2362 ) ) GLOBAL_UNIT_ASSIGNED_CONTEXT ( ( #4296, #11153, #5274 ) ) REPRESENTATION_CONTEXT ( 'NONE', 'WORKASPACE' ) );
#5013 =( CONVERSION_BASED_UNIT ( 'INCH', #615 ) LENGTH_UNIT ( ) NAMED_UNIT ( #11460 ) );
#5014 = MECHANICAL_DESIGN_GEOMETRIC_PRESENTATION_REPRESENTATION (  '', ( #3055 ), #5685 ) ;
#5015 = SURFACE_STYLE_USAGE ( .BOTH. , #10888 ) ;
#5016 = LINE ( 'NONE', #10549, #9938 ) ;
#5017 = FILL_AREA_STYLE_COLOUR ( '', #11346 ) ;
#5018 = FILL_AREA_STYLE_COLOUR ( '', #7447 ) ;
#5019 = UNCERTAINTY_MEASURE_WITH_UNIT (LENGTH_MEASURE( 1.000000000000000100E-005 ), #11890, 'distance_accuracy_value', 'NONE');
#5020 = LINE ( 'NONE', #7762, #10245 ) ;
#5021 = PLANE ( 'NONE',  #4705 ) ;
#5022 =( LENGTH_UNIT ( ) NAMED_UNIT ( * ) SI_UNIT ( $, .METRE. ) );
#5023 = FILL_AREA_STYLE_COLOUR ( '', #10142 ) ;
#5024 = CARTESIAN_POINT ( 'NONE',  ( 0.05669291338582668100, 0.007204724409448820400, -0.03444881889763799800 ) ) ;
#5025 = SURFACE_STYLE_FILL_AREA ( #6871 ) ;
#5026 = DIMENSIONAL_EXPONENTS ( 1.000000000000000000, 0.0000000000000000000, 0.0000000000000000000, 0.0000000000000000000, 0.0000000000000000000, 0.0000000000000000000, 0.0000000000000000000 ) ;
#5027 = EDGE_LOOP ( 'NONE', ( #5436, #7450, #4687, #2533 ) ) ;
#5028 = FACE_OUTER_BOUND ( 'NONE', #4701, .T. ) ;
#5029 = FACE_BOUND ( 'NONE', #9246, .T. ) ;
#5030 = STYLED_ITEM ( 'NONE', ( #4576 ), #4051 ) ;
#5031 = ORIENTED_EDGE ( 'NONE', *, *, #10219, .T. ) ;
#5032 = MECHANICAL_DESIGN_GEOMETRIC_PRESENTATION_REPRESENTATION (  '', ( #3075 ), #5700 ) ;
#5033 = CARTESIAN_POINT ( 'NONE',  ( 0.0000000000000000000, 0.007204724409448820400, 0.0000000000000000000 ) ) ;
#5034 = FACE_OUTER_BOUND ( 'NONE', #4009, .T. ) ;
#5035 = EDGE_CURVE ( 'NONE', #9471, #4983, #10438, .T. ) ;
#5036 = DIRECTION ( 'NONE',  ( 1.000000000000000000, 0.0000000000000000000, 0.0000000000000000000 ) ) ;
#5037 = ORIENTED_EDGE ( 'NONE', *, *, #7837, .T. ) ;
#5038 = DIRECTION ( 'NONE',  ( 0.0000000000000000000, -1.000000000000000000, 0.0000000000000000000 ) ) ;
#5039 = LINE ( 'NONE', #9756, #8872 ) ;
#5040 =( NAMED_UNIT ( * ) PLANE_ANGLE_UNIT ( ) SI_UNIT ( $, .RADIAN. ) );
#5041 = DIMENSIONAL_EXPONENTS ( 1.000000000000000000, 0.0000000000000000000, 0.0000000000000000000, 0.0000000000000000000, 0.0000000000000000000, 0.0000000000000000000, 0.0000000000000000000 ) ;
#5042 = SURFACE_STYLE_FILL_AREA ( #1097 ) ;
#5043 = CARTESIAN_POINT ( 'NONE',  ( 0.0000000000000000000, 0.0000000000000000000, -0.04291338582677169800 ) ) ;
#5044 = EDGE_CURVE ( 'NONE', #6925, #5811, #348, .T. ) ;
#5045 =( NAMED_UNIT ( * ) SI_UNIT ( $, .STERADIAN. ) SOLID_ANGLE_UNIT ( ) );
#5046 =( GEOMETRIC_REPRESENTATION_CONTEXT ( 3 ) GLOBAL_UNCERTAINTY_ASSIGNED_CONTEXT ( ( #1 ) ) GLOBAL_UNIT_ASSIGNED_CONTEXT ( ( #5434, #12305, #6418 ) ) REPRESENTATION_CONTEXT ( 'NONE', 'WORKASPACE' ) );
#5047 = DIRECTION ( 'NONE',  ( 0.0000000000000000000, 1.000000000000000000, 0.0000000000000000000 ) ) ;
#5048 = AXIS2_PLACEMENT_3D ( 'NONE', #7946, #2115, #8952 ) ;
#5049 = SURFACE_STYLE_FILL_AREA ( #9438 ) ;
#5050 = SURFACE_STYLE_FILL_AREA ( #3635 ) ;
#5051 = LINE ( 'NONE', #1344, #9971 ) ;
#5052 = LINE ( 'NONE', #8711, #10277 ) ;
#5053 =( LENGTH_UNIT ( ) NAMED_UNIT ( * ) SI_UNIT ( $, .METRE. ) );
#5054 = PLANE ( 'NONE',  #3195 ) ;
#5055 = EDGE_CURVE ( 'NONE', #1041, #579, #5215, .T. ) ;
#5056 = DIMENSIONAL_EXPONENTS ( 1.000000000000000000, 0.0000000000000000000, 0.0000000000000000000, 0.0000000000000000000, 0.0000000000000000000, 0.0000000000000000000, 0.0000000000000000000 ) ;
#5057 = SURFACE_SIDE_STYLE ('',( #3062 ) ) ;
#5058 = DIRECTION ( 'NONE',  ( 1.000000000000000000, -0.0000000000000000000, 5.434102431278317600E-015 ) ) ;
#5059 = DIRECTION ( 'NONE',  ( -7.602506776249411700E-015, 0.0000000000000000000, 1.000000000000000000 ) ) ;
#5060 = EDGE_CURVE ( 'NONE', #8130, #8939, #7799, .T. ) ;
#5061 = LINE ( 'NONE', #471, #12288 ) ;
#5062 = DIRECTION ( 'NONE',  ( 1.000000000000000000, 0.0000000000000000000, -0.0000000000000000000 ) ) ;
#5063 = PRESENTATION_STYLE_ASSIGNMENT (( #11205 ) ) ;
#5064 = COLOUR_RGB ( '',0.9686274509803921600, 0.8784313725490196000, 0.5999999999999999800 ) ;
#5065 = VECTOR ( 'NONE', #7700, 39.37007874015748100 ) ;
#5066 = CARTESIAN_POINT ( 'NONE',  ( 0.04291338582677158000, 0.007204724409448820400, -0.02460629921259857900 ) ) ;
#5067 = SURFACE_STYLE_USAGE ( .BOTH. , #10938 ) ;
#5068 =( NAMED_UNIT ( * ) SI_UNIT ( $, .STERADIAN. ) SOLID_ANGLE_UNIT ( ) );
#5069 = ORIENTED_EDGE ( 'NONE', *, *, #523, .F. ) ;
#5070 =( GEOMETRIC_REPRESENTATION_CONTEXT ( 3 ) GLOBAL_UNCERTAINTY_ASSIGNED_CONTEXT ( ( #5307 ) ) GLOBAL_UNIT_ASSIGNED_CONTEXT ( ( #12666, #6768, #956 ) ) REPRESENTATION_CONTEXT ( 'NONE', 'WORKASPACE' ) );
#5071 = PLANE ( 'NONE',  #6964 ) ;
#5072 = ADVANCED_FACE ( 'NONE', ( #37 ), #7663, .T. ) ;
#5073 = SURFACE_STYLE_FILL_AREA ( #9919 ) ;
#5074 = VECTOR ( 'NONE', #7644, 39.37007874015748100 ) ;
#5075 = MECHANICAL_DESIGN_GEOMETRIC_PRESENTATION_REPRESENTATION (  '', ( #3118 ), #5743 ) ;
#5076 =( NAMED_UNIT ( * ) SI_UNIT ( $, .STERADIAN. ) SOLID_ANGLE_UNIT ( ) );
#5077 = DIRECTION ( 'NONE',  ( -5.434102431278317600E-015, 0.0000000000000000000, 1.000000000000000000 ) ) ;
#5078 = EDGE_CURVE ( 'NONE', #8506, #2406, #5052, .T. ) ;
#5079 = UNCERTAINTY_MEASURE_WITH_UNIT (LENGTH_MEASURE( 1.000000000000000100E-005 ), #909, 'distance_accuracy_value', 'NONE');
#5080 =( NAMED_UNIT ( * ) SI_UNIT ( $, .STERADIAN. ) SOLID_ANGLE_UNIT ( ) );
#5081 =( LENGTH_UNIT ( ) NAMED_UNIT ( * ) SI_UNIT ( $, .METRE. ) );
#5082 = ORIENTED_EDGE ( 'NONE', *, *, #2316, .T. ) ;
#5083 = ORIENTED_EDGE ( 'NONE', *, *, #7001, .T. ) ;
#5084 = VERTEX_POINT ( 'NONE', #888 ) ;
#5085 = SURFACE_STYLE_FILL_AREA ( #6366 ) ;
#5086 = DIRECTION ( 'NONE',  ( 0.0000000000000000000, -1.000000000000000000, 0.0000000000000000000 ) ) ;
#5087 = LINE ( 'NONE', #7878, #7679 ) ;
#5088 = AXIS2_PLACEMENT_3D ( 'NONE', #12222, #6340, #504 ) ;
#5089 = STYLED_ITEM ( 'NONE', ( #1695 ), #8401 ) ;
#5090 = MECHANICAL_DESIGN_GEOMETRIC_PRESENTATION_REPRESENTATION (  '', ( #3135 ), #5759 ) ;
#5091 = DIRECTION ( 'NONE',  ( -1.000000000000000000, -0.0000000000000000000, -5.588988455919166100E-015 ) ) ;
#5092 = PLANE ( 'NONE',  #4893 ) ;
#5093 = DIRECTION ( 'NONE',  ( 0.0000000000000000000, -0.0000000000000000000, 1.000000000000000000 ) ) ;
#5094 = ORIENTED_EDGE ( 'NONE', *, *, #8354, .F. ) ;
#5095 = ORIENTED_EDGE ( 'NONE', *, *, #12592, .T. ) ;
#5096 = ORIENTED_EDGE ( 'NONE', *, *, #12641, .T. ) ;
#5097 = CARTESIAN_POINT ( 'NONE',  ( 0.0000000000000000000, 0.0000000000000000000, 0.0000000000000000000 ) ) ;
#5098 = ORIENTED_EDGE ( 'NONE', *, *, #4184, .T. ) ;
#5099 = VECTOR ( 'NONE', #10632, 39.37007874015748100 ) ;
#5100 = DIRECTION ( 'NONE',  ( 1.000000000000000000, 0.0000000000000000000, -0.0000000000000000000 ) ) ;
#5101 =( NAMED_UNIT ( * ) PLANE_ANGLE_UNIT ( ) SI_UNIT ( $, .RADIAN. ) );
#5102 = MECHANICAL_DESIGN_GEOMETRIC_PRESENTATION_REPRESENTATION (  '', ( #3151 ), #5773 ) ;
#5103 = MECHANICAL_DESIGN_GEOMETRIC_PRESENTATION_REPRESENTATION (  '', ( #3152 ), #5776 ) ;
#5104 =( GEOMETRIC_REPRESENTATION_CONTEXT ( 3 ) GLOBAL_UNCERTAINTY_ASSIGNED_CONTEXT ( ( #10231 ) ) GLOBAL_UNIT_ASSIGNED_CONTEXT ( ( #6188, #355, #7149 ) ) REPRESENTATION_CONTEXT ( 'NONE', 'WORKASPACE' ) );
#5105 = CARTESIAN_POINT ( 'NONE',  ( -0.02460629921259803500, 0.0000000000000000000, -0.05669291338582697200 ) ) ;
#5106 = FILL_AREA_STYLE_COLOUR ( '', #4156 ) ;
#5107 = ORIENTED_EDGE ( 'NONE', *, *, #7251, .F. ) ;
#5108 = ORIENTED_EDGE ( 'NONE', *, *, #6180, .F. ) ;
#5109 = COLOUR_RGB ( '',0.9686274509803921600, 0.8784313725490196000, 0.5999999999999999800 ) ;
#5110 = ORIENTED_EDGE ( 'NONE', *, *, #8494, .T. ) ;
#5111 = VERTEX_POINT ( 'NONE', #7712 ) ;
#5112 = LENGTH_MEASURE_WITH_UNIT ( LENGTH_MEASURE( 0.02539999999999999900 ), #6421 );
#5113 = ORIENTED_EDGE ( 'NONE', *, *, #8333, .T. ) ;
#5114 = CARTESIAN_POINT ( 'NONE',  ( -0.05669291338582686800, 0.0000000000000000000, 0.02460629921259822900 ) ) ;
#5115 = EDGE_CURVE ( 'NONE', #5424, #5551, #9973, .T. ) ;
#5116 = ORIENTED_EDGE ( 'NONE', *, *, #1137, .T. ) ;
#5117 = FILL_AREA_STYLE ('',( #4141 ) ) ;
#5118 = DIRECTION ( 'NONE',  ( 3.420584110948183300E-015, 0.0000000000000000000, -1.000000000000000000 ) ) ;
#5119 = DIRECTION ( 'NONE',  ( -6.982962677686265900E-015, 0.0000000000000000000, 1.000000000000000000 ) ) ;
#5120 = CARTESIAN_POINT ( 'NONE',  ( 0.05669291338582663900, 0.007204724409448820400, -0.04429133858267737800 ) ) ;
#5121 = MECHANICAL_DESIGN_GEOMETRIC_PRESENTATION_REPRESENTATION (  '', ( #3169 ), #5795 ) ;
#5122 = VERTEX_POINT ( 'NONE', #5801 ) ;
#5123 =( LENGTH_UNIT ( ) NAMED_UNIT ( * ) SI_UNIT ( $, .METRE. ) );
#5124 = EDGE_LOOP ( 'NONE', ( #6480, #11985, #7959, #8179 ) ) ;
#5125 = VECTOR ( 'NONE', #5605, 39.37007874015748100 ) ;
#5126 = PLANE ( 'NONE',  #11147 ) ;
#5127 =( CONVERSION_BASED_UNIT ( 'INCH', #3820 ) LENGTH_UNIT ( ) NAMED_UNIT ( #5958 ) );
#5128 = LINE ( 'NONE', #903, #10352 ) ;
#5129 = CARTESIAN_POINT ( 'NONE',  ( -0.01091455444047724500, 0.003937007874015748000, -0.02272557806252472100 ) ) ;
#5130 = CARTESIAN_POINT ( 'NONE',  ( 0.02460629921259843000, 0.001181102362204723300, 0.04291338582677166300 ) ) ;
#5131 = ORIENTED_EDGE ( 'NONE', *, *, #1046, .F. ) ;
#5132 = EDGE_CURVE ( 'NONE', #4645, #10598, #2459, .T. ) ;
#5133 = EDGE_CURVE ( 'NONE', #8728, #10627, #4771, .T. ) ;
#5134 = ADVANCED_FACE ( 'NONE', ( #7647 ), #2891, .F. ) ;
#5135 = VECTOR ( 'NONE', #3260, 39.37007874015748100 ) ;
#5136 = SURFACE_STYLE_FILL_AREA ( #12508 ) ;
#5137 = ORIENTED_EDGE ( 'NONE', *, *, #10382, .F. ) ;
#5138 = FACE_OUTER_BOUND ( 'NONE', #7045, .T. ) ;
#5139 = FILL_AREA_STYLE_COLOUR ( '', #12435 ) ;
#5140 = PLANE ( 'NONE',  #7092 ) ;
#5141 =( GEOMETRIC_REPRESENTATION_CONTEXT ( 3 ) GLOBAL_UNCERTAINTY_ASSIGNED_CONTEXT ( ( #10759 ) ) GLOBAL_UNIT_ASSIGNED_CONTEXT ( ( #949, #7737, #1898 ) ) REPRESENTATION_CONTEXT ( 'NONE', 'WORKASPACE' ) );
#5142 = FILL_AREA_STYLE ('',( #1236 ) ) ;
#5143 = CARTESIAN_POINT ( 'NONE',  ( -0.02272557806252454800, 0.003937007874015748800, -0.01091455444047757600 ) ) ;
#5144 =( NAMED_UNIT ( * ) SI_UNIT ( $, .STERADIAN. ) SOLID_ANGLE_UNIT ( ) );
#5145 = CARTESIAN_POINT ( 'NONE',  ( 0.004921259842522242800, 0.004133858267716536200, 0.0000000000000000000 ) ) ;
#5146 = ORIENTED_EDGE ( 'NONE', *, *, #10396, .F. ) ;
#5147 = LENGTH_MEASURE_WITH_UNIT ( LENGTH_MEASURE( 0.02539999999999999900 ), #4713 );
#5148 =( GEOMETRIC_REPRESENTATION_CONTEXT ( 3 ) GLOBAL_UNCERTAINTY_ASSIGNED_CONTEXT ( ( #9816 ) ) GLOBAL_UNIT_ASSIGNED_CONTEXT ( ( #9081, #3236, #10070 ) ) REPRESENTATION_CONTEXT ( 'NONE', 'WORKASPACE' ) );
#5149 = CARTESIAN_POINT ( 'NONE',  ( -0.05669291338582681900, 0.007204724409448820400, 0.004921259842519482900 ) ) ;
#5150 = PRESENTATION_LAYER_ASSIGNMENT (  '', '', ( #3865 ) ) ;
#5151 = VECTOR ( 'NONE', #3475, 39.37007874015748100 ) ;
#5152 = DIMENSIONAL_EXPONENTS ( 1.000000000000000000, 0.0000000000000000000, 0.0000000000000000000, 0.0000000000000000000, 0.0000000000000000000, 0.0000000000000000000, 0.0000000000000000000 ) ;
#5153 = PRODUCT_DEFINITION_CONTEXT ( 'detailed design', #1603, 'design' ) ;
#5154 = ORIENTED_EDGE ( 'NONE', *, *, #2938, .T. ) ;
#5155 = CARTESIAN_POINT ( 'NONE',  ( -0.02272557806252448900, 0.003937007874015748000, -0.02272557806252480100 ) ) ;
#5156 = LENGTH_MEASURE_WITH_UNIT ( LENGTH_MEASURE( 0.02539999999999999900 ), #5573 );
#5157 = DIRECTION ( 'NONE',  ( 0.0000000000000000000, 1.000000000000000000, 0.0000000000000000000 ) ) ;
#5158 = VERTEX_POINT ( 'NONE', #8753 ) ;
#5159 = FACE_OUTER_BOUND ( 'NONE', #9501, .T. ) ;
#5160 = MECHANICAL_DESIGN_GEOMETRIC_PRESENTATION_REPRESENTATION (  '', ( #3207 ), #5831 ) ;
#5161 = FILL_AREA_STYLE_COLOUR ( '', #1679 ) ;
#5162 = CARTESIAN_POINT ( 'NONE',  ( -0.05669291338582568100, 0.001181102362204723300, -0.02460629921260102200 ) ) ;
#5163 = MECHANICAL_DESIGN_GEOMETRIC_PRESENTATION_REPRESENTATION (  '', ( #3875 ), #5833 ) ;
#5164 =( NAMED_UNIT ( * ) PLANE_ANGLE_UNIT ( ) SI_UNIT ( $, .RADIAN. ) );
#5165 = VECTOR ( 'NONE', #7906, 39.37007874015748100 ) ;
#5166 = DIMENSIONAL_EXPONENTS ( 1.000000000000000000, 0.0000000000000000000, 0.0000000000000000000, 0.0000000000000000000, 0.0000000000000000000, 0.0000000000000000000, 0.0000000000000000000 ) ;
#5167 = CARTESIAN_POINT ( 'NONE',  ( -0.04291338582677168400, 0.004133858267716536200, 0.004921259842519518400 ) ) ;
#5168 = FILL_AREA_STYLE_COLOUR ( '', #9244 ) ;
#5169 = MECHANICAL_DESIGN_GEOMETRIC_PRESENTATION_REPRESENTATION (  '', ( #3211 ), #5838 ) ;
#5170 =( CONVERSION_BASED_UNIT ( 'INCH', #12694 ) LENGTH_UNIT ( ) NAMED_UNIT ( #1109 ) );
#5171 =( NAMED_UNIT ( * ) PLANE_ANGLE_UNIT ( ) SI_UNIT ( $, .RADIAN. ) );
#5172 = EDGE_CURVE ( 'NONE', #9820, #3092, #6129, .T. ) ;
#5173 =( NAMED_UNIT ( * ) PLANE_ANGLE_UNIT ( ) SI_UNIT ( $, .RADIAN. ) );
#5174 = LENGTH_MEASURE_WITH_UNIT ( LENGTH_MEASURE( 0.02539999999999999900 ), #4471 );
#5175 = FACE_OUTER_BOUND ( 'NONE', #2845, .T. ) ;
#5176 = COLOUR_RGB ( '',0.3529411764705882000, 0.3529411764705882000, 0.3529411764705882000 ) ;
#5177 = CARTESIAN_POINT ( 'NONE',  ( 0.0000000000000000000, 0.007204724409448820400, 0.0000000000000000000 ) ) ;
#5178 = UNCERTAINTY_MEASURE_WITH_UNIT (LENGTH_MEASURE( 1.000000000000000100E-005 ), #6942, 'distance_accuracy_value', 'NONE');
#5179 = PRESENTATION_STYLE_ASSIGNMENT (( #3829 ) ) ;
#5180 = MECHANICAL_DESIGN_GEOMETRIC_PRESENTATION_REPRESENTATION (  '', ( #3234 ), #5847 ) ;
#5181 = MECHANICAL_DESIGN_GEOMETRIC_PRESENTATION_REPRESENTATION (  '', ( #3235 ), #5850 ) ;
#5182 = PRESENTATION_LAYER_ASSIGNMENT (  '', '', ( #3892 ) ) ;
#5183 = DIRECTION ( 'NONE',  ( -0.0000000000000000000, -1.000000000000000000, -0.0000000000000000000 ) ) ;
#5184 = ORIENTED_EDGE ( 'NONE', *, *, #4787, .T. ) ;
#5185 = DIRECTION ( 'NONE',  ( 6.982962677686265900E-015, 0.0000000000000000000, -1.000000000000000000 ) ) ;
#5186 = DIRECTION ( 'NONE',  ( 1.000000000000000000, 0.0000000000000000000, -0.0000000000000000000 ) ) ;
#5187 = SURFACE_SIDE_STYLE ('',( #2811 ) ) ;
#5188 = LINE ( 'NONE', #10523, #7473 ) ;
#5189 =( NAMED_UNIT ( * ) PLANE_ANGLE_UNIT ( ) SI_UNIT ( $, .RADIAN. ) );
#5190 = PRESENTATION_STYLE_ASSIGNMENT (( #10437 ) ) ;
#5191 = FILL_AREA_STYLE_COLOUR ( '', #4005 ) ;
#5192 = EDGE_CURVE ( 'NONE', #5551, #2242, #967, .T. ) ;
#5193 = UNCERTAINTY_MEASURE_WITH_UNIT (LENGTH_MEASURE( 1.000000000000000100E-005 ), #8854, 'distance_accuracy_value', 'NONE');
#5194 =( CONVERSION_BASED_UNIT ( 'INCH', #4638 ) LENGTH_UNIT ( ) NAMED_UNIT ( #11601 ) );
#5195 = LINE ( 'NONE', #8037, #2290 ) ;
#5196 = SURFACE_SIDE_STYLE ('',( #8726 ) ) ;
#5197 = UNCERTAINTY_MEASURE_WITH_UNIT (LENGTH_MEASURE( 1.000000000000000100E-005 ), #5548, 'distance_accuracy_value', 'NONE');
#5198 = FACE_BOUND ( 'NONE', #11013, .T. ) ;
#5199 = ORIENTED_EDGE ( 'NONE', *, *, #8821, .F. ) ;
#5200 = VERTEX_POINT ( 'NONE', #5883 ) ;
#5201 = LENGTH_MEASURE_WITH_UNIT ( LENGTH_MEASURE( 0.02539999999999999900 ), #8284 );
#5202 = MECHANICAL_DESIGN_GEOMETRIC_PRESENTATION_REPRESENTATION (  '', ( #3247 ), #5866 ) ;
#5203 = EDGE_LOOP ( 'NONE', ( #12068, #7870, #2334, #4794 ) ) ;
#5204 = ADVANCED_FACE ( 'NONE', ( #667 ), #1030, .F. ) ;
#5205 = VERTEX_POINT ( 'NONE', #4943 ) ;
#5206 = SURFACE_STYLE_USAGE ( .BOTH. , #11073 ) ;
#5207 = COLOUR_RGB ( '',0.9686274509803921600, 0.8784313725490196000, 0.5999999999999999800 ) ;
#5208 = SURFACE_STYLE_USAGE ( .BOTH. , #11075 ) ;
#5209 = VERTEX_POINT ( 'NONE', #1073 ) ;
#5210 = CARTESIAN_POINT ( 'NONE',  ( -0.05669291338582663900, 0.001181102362204723500, -0.04429133858267735700 ) ) ;
#5211 = DIRECTION ( 'NONE',  ( -1.000000000000000000, 0.0000000000000000000, -1.180052651401704400E-013 ) ) ;
#5212 = SURFACE_SIDE_STYLE ('',( #2854 ) ) ;
#5213 = EDGE_CURVE ( 'NONE', #4478, #9573, #7174, .T. ) ;
#5214 =( NAMED_UNIT ( * ) PLANE_ANGLE_UNIT ( ) SI_UNIT ( $, .RADIAN. ) );
#5215 = LINE ( 'NONE', #8626, #10131 ) ;
#5216 = CARTESIAN_POINT ( 'NONE',  ( -0.04291338582677161500, 0.004133858267716536200, 0.0000000000000000000 ) ) ;
#5217 = VECTOR ( 'NONE', #9543, 39.37007874015748100 ) ;
#5218 = VECTOR ( 'NONE', #2785, 39.37007874015748100 ) ;
#5219 =( NAMED_UNIT ( * ) SI_UNIT ( $, .STERADIAN. ) SOLID_ANGLE_UNIT ( ) );
#5220 = MECHANICAL_DESIGN_GEOMETRIC_PRESENTATION_REPRESENTATION (  '', ( #3269 ), #5880 ) ;
#5221 = DIRECTION ( 'NONE',  ( 0.0000000000000000000, 1.000000000000000000, 0.0000000000000000000 ) ) ;
#5222 =( GEOMETRIC_REPRESENTATION_CONTEXT ( 3 ) GLOBAL_UNCERTAINTY_ASSIGNED_CONTEXT ( ( #8058 ) ) GLOBAL_UNIT_ASSIGNED_CONTEXT ( ( #11321, #5441, #12315 ) ) REPRESENTATION_CONTEXT ( 'NONE', 'WORKASPACE' ) );
#5223 = LINE ( 'NONE', #5105, #7808 ) ;
#5224 = VECTOR ( 'NONE', #2245, 39.37007874015748100 ) ;
#5225 = SURFACE_STYLE_FILL_AREA ( #24 ) ;
#5226 = FILL_AREA_STYLE_COLOUR ( '', #7013 ) ;
#5227 = EDGE_CURVE ( 'NONE', #7271, #12340, #4618, .T. ) ;
#5228 =( GEOMETRIC_REPRESENTATION_CONTEXT ( 3 ) GLOBAL_UNCERTAINTY_ASSIGNED_CONTEXT ( ( #744 ) ) GLOBAL_UNIT_ASSIGNED_CONTEXT ( ( #598, #7386, #1563 ) ) REPRESENTATION_CONTEXT ( 'NONE', 'WORKASPACE' ) );
#5229 = VERTEX_POINT ( 'NONE', #7866 ) ;
#5230 = DIRECTION ( 'NONE',  ( 0.0000000000000000000, -0.0000000000000000000, 1.000000000000000000 ) ) ;
#5231 = CARTESIAN_POINT ( 'NONE',  ( -0.01476377952755877000, 0.0000000000000000000, -0.04291338582677178100 ) ) ;
#5232 = FILL_AREA_STYLE ('',( #10078 ) ) ;
#5233 = EDGE_CURVE ( 'NONE', #10473, #5516, #9522, .T. ) ;
#5234 = EDGE_LOOP ( 'NONE', ( #4711, #4034, #6736, #5732 ) ) ;
#5235 = ORIENTED_EDGE ( 'NONE', *, *, #3123, .T. ) ;
#5236 = CARTESIAN_POINT ( 'NONE',  ( 0.004921259842519689300, 0.0000000000000000000, 0.04291338582677166300 ) ) ;
#5237 = DIRECTION ( 'NONE',  ( 1.000000000000000000, 0.0000000000000000000, 4.504786283433685400E-015 ) ) ;
#5238 = FILL_AREA_STYLE_COLOUR ( '', #11212 ) ;
#5239 = CARTESIAN_POINT ( 'NONE',  ( -0.05669291338582657000, 0.001181102362204723300, -0.004921259842522323500 ) ) ;
#5240 = UNCERTAINTY_MEASURE_WITH_UNIT (LENGTH_MEASURE( 1.000000000000000100E-005 ), #9221, 'distance_accuracy_value', 'NONE');
#5241 = AXIS2_PLACEMENT_3D ( 'NONE', #6388, #560, #7349 ) ;
#5242 = VERTEX_POINT ( 'NONE', #5959 ) ;
#5243 = FILL_AREA_STYLE ('',( #10141 ) ) ;
#5244 = LINE ( 'NONE', #2372, #2656 ) ;
#5245 = STYLED_ITEM ( 'NONE', ( #10678 ), #1558 ) ;
#5246 = ORIENTED_EDGE ( 'NONE', *, *, #307, .T. ) ;
#5247 = FILL_AREA_STYLE_COLOUR ( '', #11802 ) ;
#5248 = SURFACE_SIDE_STYLE ('',( #11962 ) ) ;
#5249 = VECTOR ( 'NONE', #5981, 39.37007874015748100 ) ;
#5250 = EDGE_CURVE ( 'NONE', #12505, #4168, #6868, .T. ) ;
#5251 = SURFACE_STYLE_USAGE ( .BOTH. , #11124 ) ;
#5252 = COLOUR_RGB ( '',0.2509803921568627400, 0.2509803921568627400, 0.2509803921568627400 ) ;
#5253 =( LENGTH_UNIT ( ) NAMED_UNIT ( * ) SI_UNIT ( $, .METRE. ) );
#5254 = CARTESIAN_POINT ( 'NONE',  ( 0.05905511811023581000, 0.03149606299212598400, 0.0000000000000000000 ) ) ;
#5255 =( CONVERSION_BASED_UNIT ( 'INCH', #135 ) LENGTH_UNIT ( ) NAMED_UNIT ( #8763 ) );
#5256 = MECHANICAL_DESIGN_GEOMETRIC_PRESENTATION_REPRESENTATION (  '', ( #3305 ), #5914 ) ;
#5257 = MECHANICAL_DESIGN_GEOMETRIC_PRESENTATION_REPRESENTATION (  '', ( #3306 ), #5916 ) ;
#5258 = VERTEX_POINT ( 'NONE', #9875 ) ;
#5259 = PRESENTATION_LAYER_ASSIGNMENT (  '', '', ( #3960 ) ) ;
#5260 = ORIENTED_EDGE ( 'NONE', *, *, #3884, .T. ) ;
#5261 = DIRECTION ( 'NONE',  ( -0.0000000000000000000, 0.0000000000000000000, -1.000000000000000000 ) ) ;
#5262 =( NAMED_UNIT ( * ) PLANE_ANGLE_UNIT ( ) SI_UNIT ( $, .RADIAN. ) );
#5263 = PRESENTATION_STYLE_ASSIGNMENT (( #9542 ) ) ;
#5264 = ADVANCED_FACE ( 'NONE', ( #9193 ), #8909, .F. ) ;
#5265 = CARTESIAN_POINT ( 'NONE',  ( 0.05905511811023632400, 0.001181102362204723700, -0.01476377952755923900 ) ) ;
#5266 = ADVANCED_FACE ( 'NONE', ( #8247 ), #3057, .F. ) ;
#5267 = PLANE ( 'NONE',  #397 ) ;
#5268 =( NAMED_UNIT ( * ) PLANE_ANGLE_UNIT ( ) SI_UNIT ( $, .RADIAN. ) );
#5269 = SURFACE_SIDE_STYLE ('',( #9181 ) ) ;
#5270 = UNCERTAINTY_MEASURE_WITH_UNIT (LENGTH_MEASURE( 1.000000000000000100E-005 ), #9469, 'distance_accuracy_value', 'NONE');
#5271 = ORIENTED_EDGE ( 'NONE', *, *, #9987, .F. ) ;
#5272 = ORIENTED_EDGE ( 'NONE', *, *, #4002, .T. ) ;
#5273 = CARTESIAN_POINT ( 'NONE',  ( -0.05905511811023631000, 0.0000000000000000000, 0.01476377952755900800 ) ) ;
#5274 =( NAMED_UNIT ( * ) SI_UNIT ( $, .STERADIAN. ) SOLID_ANGLE_UNIT ( ) );
#5275 = ORIENTED_EDGE ( 'NONE', *, *, #10536, .F. ) ;
#5276 = CARTESIAN_POINT ( 'NONE',  ( -0.01476377952755906200, 0.007204724409448820400, 0.05669291338582680600 ) ) ;
#5277 = STYLED_ITEM ( 'NONE', ( #3678 ), #3926 ) ;
#5278 = PRESENTATION_LAYER_ASSIGNMENT (  '', '', ( #3979 ) ) ;
#5279 =( CONVERSION_BASED_UNIT ( 'INCH', #5691 ) LENGTH_UNIT ( ) NAMED_UNIT ( #6697 ) );
#5280 = EDGE_CURVE ( 'NONE', #5200, #12255, #9672, .T. ) ;
#5281 = DIMENSIONAL_EXPONENTS ( 1.000000000000000000, 0.0000000000000000000, 0.0000000000000000000, 0.0000000000000000000, 0.0000000000000000000, 0.0000000000000000000, 0.0000000000000000000 ) ;
#5282 = SURFACE_SIDE_STYLE ('',( #9811 ) ) ;
#5283 = ORIENTED_EDGE ( 'NONE', *, *, #712, .F. ) ;
#5284 = UNCERTAINTY_MEASURE_WITH_UNIT (LENGTH_MEASURE( 1.000000000000000100E-005 ), #10290, 'distance_accuracy_value', 'NONE');
#5285 = ORIENTED_EDGE ( 'NONE', *, *, #1340, .F. ) ;
#5286 = VECTOR ( 'NONE', #1159, 39.37007874015748100 ) ;
#5287 = ORIENTED_EDGE ( 'NONE', *, *, #5035, .T. ) ;
#5288 = SURFACE_STYLE_FILL_AREA ( #11355 ) ;
#5289 = EDGE_CURVE ( 'NONE', #1019, #721, #4440, .T. ) ;
#5290 = DIRECTION ( 'NONE',  ( 4.406877377904227700E-017, 0.0000000000000000000, -1.000000000000000000 ) ) ;
#5291 = VERTEX_POINT ( 'NONE', #249 ) ;
#5292 = LINE ( 'NONE', #5611, #7577 ) ;
#5293 = DIRECTION ( 'NONE',  ( -0.0000000000000000000, -1.000000000000000000, -0.0000000000000000000 ) ) ;
#5294 = VECTOR ( 'NONE', #4867, 39.37007874015748100 ) ;
#5295 = SURFACE_SIDE_STYLE ('',( #6623 ) ) ;
#5296 = DIRECTION ( 'NONE',  ( -0.0000000000000000000, -1.000000000000000000, -0.0000000000000000000 ) ) ;
#5297 = DIRECTION ( 'NONE',  ( 0.0000000000000000000, 1.000000000000000000, 0.0000000000000000000 ) ) ;
#5298 = MECHANICAL_DESIGN_GEOMETRIC_PRESENTATION_REPRESENTATION (  '', ( #3995 ), #5950 ) ;
#5299 = ORIENTED_EDGE ( 'NONE', *, *, #9485, .T. ) ;
#5300 = STYLED_ITEM ( 'NONE', ( #7021 ), #5134 ) ;
#5301 = DIMENSIONAL_EXPONENTS ( 1.000000000000000000, 0.0000000000000000000, 0.0000000000000000000, 0.0000000000000000000, 0.0000000000000000000, 0.0000000000000000000, 0.0000000000000000000 ) ;
#5302 = CARTESIAN_POINT ( 'NONE',  ( -0.04494350380682998100, 0.03149606299212598400, -0.03789093658332103700 ) ) ;
#5303 = DIRECTION ( 'NONE',  ( -0.0000000000000000000, -1.000000000000000000, -0.0000000000000000000 ) ) ;
#5304 = FACE_BOUND ( 'NONE', #11584, .T. ) ;
#5305 =( CONVERSION_BASED_UNIT ( 'INCH', #2435 ) LENGTH_UNIT ( ) NAMED_UNIT ( #3373 ) );
#5306 = EDGE_CURVE ( 'NONE', #1928, #3108, #6724, .T. ) ;
#5307 = UNCERTAINTY_MEASURE_WITH_UNIT (LENGTH_MEASURE( 1.000000000000000100E-005 ), #12666, 'distance_accuracy_value', 'NONE');
#5308 = EDGE_CURVE ( 'NONE', #2387, #10728, #7007, .T. ) ;
#5309 = DIRECTION ( 'NONE',  ( 4.504786283433685400E-015, 0.0000000000000000000, -1.000000000000000000 ) ) ;
#5310 = DIRECTION ( 'NONE',  ( 0.0000000000000000000, 1.000000000000000000, 0.0000000000000000000 ) ) ;
#5311 = ORIENTED_EDGE ( 'NONE', *, *, #5839, .F. ) ;
#5312 = DIRECTION ( 'NONE',  ( -0.0000000000000000000, 0.0000000000000000000, -1.000000000000000000 ) ) ;
#5313 = FILL_AREA_STYLE ('',( #2373 ) ) ;
#5314 =( CONVERSION_BASED_UNIT ( 'INCH', #3025 ) LENGTH_UNIT ( ) NAMED_UNIT ( #1717 ) );
#5315 = MECHANICAL_DESIGN_GEOMETRIC_PRESENTATION_REPRESENTATION (  '', ( #3368 ), #5976 ) ;
#5316 = SURFACE_STYLE_USAGE ( .BOTH. , #11200 ) ;
#5317 = DIRECTION ( 'NONE',  ( -6.982962677686265900E-015, 0.0000000000000000000, 1.000000000000000000 ) ) ;
#5318 =( LENGTH_UNIT ( ) NAMED_UNIT ( * ) SI_UNIT ( $, .METRE. ) );
#5319 = STYLED_ITEM ( 'NONE', ( #1038 ), #1189 ) ;
#5320 = LENGTH_MEASURE_WITH_UNIT ( LENGTH_MEASURE( 0.02539999999999999900 ), #9414 );
#5321 = VECTOR ( 'NONE', #1342, 39.37007874015748100 ) ;
#5322 = VECTOR ( 'NONE', #1746, 39.37007874015748100 ) ;
#5323 = PRESENTATION_STYLE_ASSIGNMENT (( #10521 ) ) ;
#5324 = PRESENTATION_STYLE_ASSIGNMENT (( #2939 ) ) ;
#5325 = ADVANCED_FACE ( 'NONE', ( #9346 ), #11014, .F. ) ;
#5326 = CARTESIAN_POINT ( 'NONE',  ( 0.0000000000000000000, 0.004133858267716536200, 0.0000000000000000000 ) ) ;
#5327 =( CONVERSION_BASED_UNIT ( 'INCH', #7493 ) LENGTH_UNIT ( ) NAMED_UNIT ( #1576 ) );
#5328 = ADVANCED_FACE ( 'NONE', ( #8080 ), #8036, .F. ) ;
#5329 = CARTESIAN_POINT ( 'NONE',  ( -0.04291338582677168400, 0.007204724409448820400, 0.004921259842519530600 ) ) ;
#5330 = STYLED_ITEM ( 'NONE', ( #10681 ), #2326 ) ;
#5331 = STYLED_ITEM ( 'NONE', ( #8250 ), #8335 ) ;
#5332 = LINE ( 'NONE', #10790, #154 ) ;
#5333 = FILL_AREA_STYLE ('',( #4351 ) ) ;
#5334 =( NAMED_UNIT ( * ) SI_UNIT ( $, .STERADIAN. ) SOLID_ANGLE_UNIT ( ) );
#5335 = PRESENTATION_LAYER_ASSIGNMENT (  '', '', ( #4024 ) ) ;
#5336 = ORIENTED_EDGE ( 'NONE', *, *, #3555, .F. ) ;
#5337 = COLOUR_RGB ( '',0.2509803921568627400, 0.2509803921568627400, 0.2509803921568627400 ) ;
#5338 = LINE ( 'NONE', #5587, #10251 ) ;
#5339 = LENGTH_MEASURE_WITH_UNIT ( LENGTH_MEASURE( 0.02539999999999999900 ), #4392 );
#5341 = FACE_OUTER_BOUND ( 'NONE', #2253, .T. ) ;
#5340 = FACE_OUTER_BOUND ( 'NONE', #11024, .T. ) ;
#5342 =( LENGTH_UNIT ( ) NAMED_UNIT ( * ) SI_UNIT ( $, .METRE. ) );
#5343 = EDGE_CURVE ( 'NONE', #3300, #9341, #6853, .T. ) ;
#5344 = LINE ( 'NONE', #734, #7627 ) ;
#5345 =( NAMED_UNIT ( * ) SI_UNIT ( $, .STERADIAN. ) SOLID_ANGLE_UNIT ( ) );
#5346 = ORIENTED_EDGE ( 'NONE', *, *, #8407, .T. ) ;
#5347 = CARTESIAN_POINT ( 'NONE',  ( 0.05669291338582657000, 0.001181102362204723500, 0.004921259842522312200 ) ) ;
#5348 = FACE_OUTER_BOUND ( 'NONE', #8017, .T. ) ;
#5349 = COLOUR_RGB ( '',0.3529411764705882000, 0.3529411764705882000, 0.3529411764705882000 ) ;
#5350 = SURFACE_STYLE_FILL_AREA ( #2471 ) ;
#5351 = STYLED_ITEM ( 'NONE', ( #3525 ), #3474 ) ;
#5352 = PRESENTATION_LAYER_ASSIGNMENT (  '', '', ( #4040 ) ) ;
#5353 = MECHANICAL_DESIGN_GEOMETRIC_PRESENTATION_REPRESENTATION (  '', ( #3403 ), #6008 ) ;
#5354 = CARTESIAN_POINT ( 'NONE',  ( -0.004921259842519381400, 0.0000000000000000000, -0.04291338582677169800 ) ) ;
#5355 = CARTESIAN_POINT ( 'NONE',  ( -0.05905511811023581000, 0.001181102362204723300, -0.05905511811023662200 ) ) ;
#5356 = DIRECTION ( 'NONE',  ( -1.000000000000000000, 0.0000000000000000000, -4.040128209511325900E-015 ) ) ;
#5357 = UNCERTAINTY_MEASURE_WITH_UNIT (LENGTH_MEASURE( 1.000000000000000100E-005 ), #3735, 'distance_accuracy_value', 'NONE');
#5358 = DIRECTION ( 'NONE',  ( 1.000000000000000000, 0.0000000000000000000, 3.885242184870542000E-015 ) ) ;
#5359 = CARTESIAN_POINT ( 'NONE',  ( 0.04291338582677133000, 0.007204724409448820400, 0.02460629921260099100 ) ) ;
#5360 = COLOUR_RGB ( '',0.9686274509803921600, 0.8784313725490196000, 0.5999999999999999800 ) ;
#5361 =( LENGTH_UNIT ( ) NAMED_UNIT ( * ) SI_UNIT ( $, .METRE. ) );
#5362 = PRESENTATION_STYLE_ASSIGNMENT (( #5208 ) ) ;
#5363 = EDGE_CURVE ( 'NONE', #10007, #3147, #9505, .T. ) ;
#5364 = VECTOR ( 'NONE', #6103, 39.37007874015748100 ) ;
#5365 = DIRECTION ( 'NONE',  ( -0.0000000000000000000, 0.0000000000000000000, 1.000000000000000000 ) ) ;
#5366 =( NAMED_UNIT ( * ) PLANE_ANGLE_UNIT ( ) SI_UNIT ( $, .RADIAN. ) );
#5367 = PRESENTATION_LAYER_ASSIGNMENT (  '', '', ( #4059 ) ) ;
#5368 = DIRECTION ( 'NONE',  ( 0.0000000000000000000, 1.000000000000000000, 0.0000000000000000000 ) ) ;
#5369 = SURFACE_STYLE_FILL_AREA ( #3844 ) ;
#5370 =( NAMED_UNIT ( * ) PLANE_ANGLE_UNIT ( ) SI_UNIT ( $, .RADIAN. ) );
#5371 = COLOUR_RGB ( '',0.3529411764705882000, 0.3529411764705882000, 0.3529411764705882000 ) ;
#5372 = VERTEX_POINT ( 'NONE', #7183 ) ;
#5373 = PLANE ( 'NONE',  #5408 ) ;
#5374 = DIRECTION ( 'NONE',  ( -1.000000000000000000, 0.0000000000000000000, 3.549286997887197300E-015 ) ) ;
#5375 = EDGE_CURVE ( 'NONE', #7674, #1166, #4270, .T. ) ;
#5376 = CARTESIAN_POINT ( 'NONE',  ( 0.01476377952755867700, 0.03149606299212598400, 0.05905511811023632400 ) ) ;
#5377 = VECTOR ( 'NONE', #130, 39.37007874015748100 ) ;
#5378 = CARTESIAN_POINT ( 'NONE',  ( -0.04291338582677175400, 0.0000000000000000000, 0.02460629921259828100 ) ) ;
#5379 = PRESENTATION_STYLE_ASSIGNMENT (( #3112 ) ) ;
#5380 = LINE ( 'NONE', #6668, #10302 ) ;
#5381 = PRESENTATION_STYLE_ASSIGNMENT (( #2978 ) ) ;
#5382 = PLANE ( 'NONE',  #4548 ) ;
#5383 = PRESENTATION_LAYER_ASSIGNMENT (  '', '', ( #4755 ) ) ;
#5384 =( NAMED_UNIT ( * ) SI_UNIT ( $, .STERADIAN. ) SOLID_ANGLE_UNIT ( ) );
#5385 = MECHANICAL_DESIGN_GEOMETRIC_PRESENTATION_REPRESENTATION (  '', ( #3438 ), #6042 ) ;
#5386 = ORIENTED_EDGE ( 'NONE', *, *, #138, .T. ) ;
#5387 = ADVANCED_FACE ( 'NONE', ( #1692 ), #4294, .F. ) ;
#5388 = ORIENTED_EDGE ( 'NONE', *, *, #5874, .T. ) ;
#5389 = LINE ( 'NONE', #7279, #2803 ) ;
#5390 = ADVANCED_FACE ( 'NONE', ( #466 ), #11195, .F. ) ;
#5391 = LENGTH_MEASURE_WITH_UNIT ( LENGTH_MEASURE( 0.02539999999999999900 ), #3160 );
#5392 = SURFACE_STYLE_USAGE ( .BOTH. , #11279 ) ;
#5393 = MECHANICAL_DESIGN_GEOMETRIC_PRESENTATION_REPRESENTATION (  '', ( #3445 ), #6054 ) ;
#5394 = AXIS2_PLACEMENT_3D ( 'NONE', #2397, #9238, #3384 ) ;
#5395 =( NAMED_UNIT ( * ) SI_UNIT ( $, .STERADIAN. ) SOLID_ANGLE_UNIT ( ) );
#5396 = DIRECTION ( 'NONE',  ( 0.0000000000000000000, 1.000000000000000000, 0.0000000000000000000 ) ) ;
#5397 = PLANE ( 'NONE',  #4796 ) ;
#5398 =( NAMED_UNIT ( * ) SI_UNIT ( $, .STERADIAN. ) SOLID_ANGLE_UNIT ( ) );
#5399 = DIRECTION ( 'NONE',  ( -1.000000000000000000, -0.0000000000000000000, -0.0000000000000000000 ) ) ;
#5400 = ORIENTED_EDGE ( 'NONE', *, *, #9601, .F. ) ;
#5401 = VECTOR ( 'NONE', #6471, 39.37007874015748100 ) ;
#5402 = SURFACE_SIDE_STYLE ('',( #3560 ) ) ;
#5403 = ORIENTED_EDGE ( 'NONE', *, *, #5172, .T. ) ;
#5404 = ORIENTED_EDGE ( 'NONE', *, *, #7234, .T. ) ;
#5405 = DIMENSIONAL_EXPONENTS ( 1.000000000000000000, 0.0000000000000000000, 0.0000000000000000000, 0.0000000000000000000, 0.0000000000000000000, 0.0000000000000000000, 0.0000000000000000000 ) ;
#5406 = ORIENTED_EDGE ( 'NONE', *, *, #11288, .T. ) ;
#5407 = STYLED_ITEM ( 'NONE', ( #6363 ), #7941 ) ;
#5408 = AXIS2_PLACEMENT_3D ( 'NONE', #3470, #10313, #4451 ) ;
#5409 =( LENGTH_UNIT ( ) NAMED_UNIT ( * ) SI_UNIT ( $, .METRE. ) );
#5410 = UNCERTAINTY_MEASURE_WITH_UNIT (LENGTH_MEASURE( 1.000000000000000100E-005 ), #3813, 'distance_accuracy_value', 'NONE');
#5411 = PRESENTATION_LAYER_ASSIGNMENT (  '', '', ( #4102 ) ) ;
#5412 =( NAMED_UNIT ( * ) SI_UNIT ( $, .STERADIAN. ) SOLID_ANGLE_UNIT ( ) );
#5413 = CARTESIAN_POINT ( 'NONE',  ( 0.02460629921260098400, 0.0000000000000000000, -0.05669291338582569500 ) ) ;
#5414 = EDGE_CURVE ( 'NONE', #11375, #1167, #1833, .T. ) ;
#5415 = CARTESIAN_POINT ( 'NONE',  ( 0.004921259842519683200, 0.007204724409448820400, 0.04291338582677170500 ) ) ;
#5416 = CARTESIAN_POINT ( 'NONE',  ( -0.04291338582677161500, 0.007204724409448820400, -0.01476377952755921500 ) ) ;
#5417 = VERTEX_POINT ( 'NONE', #4377 ) ;
#5418 = ORIENTED_EDGE ( 'NONE', *, *, #8515, .T. ) ;
#5419 = VECTOR ( 'NONE', #9528, 39.37007874015748100 ) ;
#5420 =( NAMED_UNIT ( * ) SI_UNIT ( $, .STERADIAN. ) SOLID_ANGLE_UNIT ( ) );
#5421 = ORIENTED_EDGE ( 'NONE', *, *, #3704, .F. ) ;
#5422 = VERTEX_POINT ( 'NONE', #6342 ) ;
#5423 = DIMENSIONAL_EXPONENTS ( 1.000000000000000000, 0.0000000000000000000, 0.0000000000000000000, 0.0000000000000000000, 0.0000000000000000000, 0.0000000000000000000, 0.0000000000000000000 ) ;
#5424 = VERTEX_POINT ( 'NONE', #7302 ) ;
#5425 = VECTOR ( 'NONE', #10342, 39.37007874015748100 ) ;
#5426 = PLANE ( 'NONE',  #2952 ) ;
#5427 = PLANE ( 'NONE',  #8739 ) ;
#5428 = PRESENTATION_LAYER_ASSIGNMENT (  '', '', ( #4793 ) ) ;
#5429 = ORIENTED_EDGE ( 'NONE', *, *, #1809, .T. ) ;
#5430 = PRESENTATION_LAYER_ASSIGNMENT (  '', '', ( #4117 ) ) ;
#5431 = AXIS2_PLACEMENT_3D ( 'NONE', #6204, #372, #7163 ) ;
#5432 = SURFACE_STYLE_USAGE ( .BOTH. , #11305 ) ;
#5433 = UNCERTAINTY_MEASURE_WITH_UNIT (LENGTH_MEASURE( 1.000000000000000100E-005 ), #11523, 'distance_accuracy_value', 'NONE');
#5434 =( CONVERSION_BASED_UNIT ( 'INCH', #10110 ) LENGTH_UNIT ( ) NAMED_UNIT ( #9272 ) );
#5435 = SURFACE_SIDE_STYLE ('',( #9153 ) ) ;
#5436 = ORIENTED_EDGE ( 'NONE', *, *, #2336, .T. ) ;
#5437 = EDGE_LOOP ( 'NONE', ( #8156, #3453, #9998, #7469 ) ) ;
#5438 = EDGE_LOOP ( 'NONE', ( #7625, #4436, #7216, #10719 ) ) ;
#5439 =( CONVERSION_BASED_UNIT ( 'INCH', #11493 ) LENGTH_UNIT ( ) NAMED_UNIT ( #4676 ) );
#5440 = SURFACE_SIDE_STYLE ('',( #8197 ) ) ;
#5441 =( NAMED_UNIT ( * ) PLANE_ANGLE_UNIT ( ) SI_UNIT ( $, .RADIAN. ) );
#5442 = EDGE_LOOP ( 'NONE', ( #9190, #10780, #10731, #10712 ) ) ;
#5443 = CARTESIAN_POINT ( 'NONE',  ( 0.004921259842522244600, 0.007204724409448820400, -0.04291338582677168400 ) ) ;
#5444 = DIRECTION ( 'NONE',  ( 5.511545443598771800E-015, -0.0000000000000000000, -1.000000000000000000 ) ) ;
#5445 = PRESENTATION_LAYER_ASSIGNMENT (  '', '', ( #4135 ) ) ;
#5446 = COLOUR_RGB ( '',0.3529411764705882000, 0.3529411764705882000, 0.3529411764705882000 ) ;
#5447 =( NAMED_UNIT ( * ) SI_UNIT ( $, .STERADIAN. ) SOLID_ANGLE_UNIT ( ) );
#5448 = VECTOR ( 'NONE', #6157, 39.37007874015748100 ) ;
#5449 = LINE ( 'NONE', #9562, #10664 ) ;
#5450 = FILL_AREA_STYLE ('',( #10303 ) ) ;
#5451 = ORIENTED_EDGE ( 'NONE', *, *, #11359, .T. ) ;
#5452 = FACE_OUTER_BOUND ( 'NONE', #9423, .T. ) ;
#5453 = SURFACE_SIDE_STYLE ('',( #1835 ) ) ;
#5454 = SURFACE_STYLE_FILL_AREA ( #6508 ) ;
#5455 = ADVANCED_FACE ( 'NONE', ( #4108 ), #8301, .F. ) ;
#5456 = CARTESIAN_POINT ( 'NONE',  ( 0.0000000000000000000, 0.0000000000000000000, 0.04291338582677167000 ) ) ;
#5457 = ORIENTED_EDGE ( 'NONE', *, *, #4989, .F. ) ;
#5458 =( NAMED_UNIT ( * ) PLANE_ANGLE_UNIT ( ) SI_UNIT ( $, .RADIAN. ) );
#5459 = CARTESIAN_POINT ( 'NONE',  ( -0.004921259842519826400, 0.03149606299212598400, -0.05905511811023625400 ) ) ;
#5460 = ADVANCED_FACE ( 'NONE', ( #3198 ), #2496, .F. ) ;
#5461 = ORIENTED_EDGE ( 'NONE', *, *, #7540, .T. ) ;
#5462 = FILL_AREA_STYLE ('',( #6446 ) ) ;
#5463 = COLOUR_RGB ( '',0.3529411764705882000, 0.3529411764705882000, 0.3529411764705882000 ) ;
#5464 = SURFACE_SIDE_STYLE ('',( #11461 ) ) ;
#5465 = STYLED_ITEM ( 'NONE', ( #5179 ), #6669 ) ;
#5466 = LINE ( 'NONE', #7334, #282 ) ;
#5467 = MECHANICAL_DESIGN_GEOMETRIC_PRESENTATION_REPRESENTATION (  '', ( #3515 ), #6121 ) ;
#5468 = UNCERTAINTY_MEASURE_WITH_UNIT (LENGTH_MEASURE( 1.000000000000000100E-005 ), #8943, 'distance_accuracy_value', 'NONE');
#5469 = SURFACE_SIDE_STYLE ('',( #5288 ) ) ;
#5470 =( NAMED_UNIT ( * ) SI_UNIT ( $, .STERADIAN. ) SOLID_ANGLE_UNIT ( ) );
#5471 = EDGE_CURVE ( 'NONE', #4757, #10802, #1964, .T. ) ;
#5472 = ORIENTED_EDGE ( 'NONE', *, *, #6821, .F. ) ;
#5473 = SURFACE_STYLE_FILL_AREA ( #3212 ) ;
#5474 = DIRECTION ( 'NONE',  ( -1.000000000000000000, -0.0000000000000000000, 0.0000000000000000000 ) ) ;
#5475 = EDGE_CURVE ( 'NONE', #9090, #4203, #4592, .T. ) ;
#5476 = LINE ( 'NONE', #4980, #5165 ) ;
#5477 = FILL_AREA_STYLE ('',( #6381 ) ) ;
#5478 = LENGTH_MEASURE_WITH_UNIT ( LENGTH_MEASURE( 0.02539999999999999900 ), #11816 );
#5479 = SURFACE_STYLE_USAGE ( .BOTH. , #10445 ) ;
#5480 =( NAMED_UNIT ( * ) SI_UNIT ( $, .STERADIAN. ) SOLID_ANGLE_UNIT ( ) );
#5481 = CARTESIAN_POINT ( 'NONE',  ( -0.04291338582677168400, 0.001181102362204723300, -0.004921259842522247200 ) ) ;
#5482 = CARTESIAN_POINT ( 'NONE',  ( 0.04291338582677158000, 0.001181102362204723300, -0.02460629921259857900 ) ) ;
#5483 = FILL_AREA_STYLE ('',( #2629 ) ) ;
#5484 = PRESENTATION_STYLE_ASSIGNMENT (( #8014 ) ) ;
#5485 = CARTESIAN_POINT ( 'NONE',  ( 0.05905511811023622700, 0.004133858267716534500, 0.05905511811023661500 ) ) ;
#5486 = LINE ( 'NONE', #5495, #2892 ) ;
#5487 = STYLED_ITEM ( 'NONE', ( #12693 ), #7428 ) ;
#5488 = LENGTH_MEASURE_WITH_UNIT ( LENGTH_MEASURE( 0.02539999999999999900 ), #11381 );
#5489 = DIRECTION ( 'NONE',  ( 0.0000000000000000000, -1.000000000000000000, 0.0000000000000000000 ) ) ;
#5491 = FACE_OUTER_BOUND ( 'NONE', #10944, .T. ) ;
#5490 = LENGTH_MEASURE_WITH_UNIT ( LENGTH_MEASURE( 0.02539999999999999900 ), #8627 );
#5492 = CARTESIAN_POINT ( 'NONE',  ( 0.05669291338582670800, 0.007204724409448820400, -0.02460629921259861400 ) ) ;
#5493 = EDGE_CURVE ( 'NONE', #6800, #4048, #12082, .T. ) ;
#5494 = ORIENTED_EDGE ( 'NONE', *, *, #1430, .T. ) ;
#5495 = CARTESIAN_POINT ( 'NONE',  ( 0.0000000000000000000, 0.0000000000000000000, 0.02460629921259822900 ) ) ;
#5496 = SURFACE_SIDE_STYLE ('',( #5498 ) ) ;
#5497 = PRESENTATION_STYLE_ASSIGNMENT (( #341 ) ) ;
#5498 = SURFACE_STYLE_FILL_AREA ( #11376 ) ;
#5499 =( CONVERSION_BASED_UNIT ( 'INCH', #5488 ) LENGTH_UNIT ( ) NAMED_UNIT ( #7865 ) );
#5501 = FACE_OUTER_BOUND ( 'NONE', #7393, .T. ) ;
#5500 = LINE ( 'NONE', #3561, #10716 ) ;
#5502 = DIRECTION ( 'NONE',  ( 0.0000000000000000000, 0.0000000000000000000, -1.000000000000000000 ) ) ;
#5503 = CARTESIAN_POINT ( 'NONE',  ( 0.0000000000000000000, 0.001181102362204724400, 0.01476377952755886600 ) ) ;
#5504 = ORIENTED_EDGE ( 'NONE', *, *, #269, .F. ) ;
#5505 = SURFACE_STYLE_FILL_AREA ( #8298 ) ;
#5506 = SURFACE_STYLE_FILL_AREA ( #2615 ) ;
#5507 = PRESENTATION_LAYER_ASSIGNMENT (  '', '', ( #4193 ) ) ;
#5508 = PRESENTATION_LAYER_ASSIGNMENT (  '', '', ( #4194 ) ) ;
#5509 = FILL_AREA_STYLE ('',( #4491 ) ) ;
#5510 = CARTESIAN_POINT ( 'NONE',  ( -0.004921259842519381400, -0.01693371115559762200, -0.04291338582677169800 ) ) ;
#5511 = AXIS2_PLACEMENT_3D ( 'NONE', #5540, #12404, #6511 ) ;
#5512 = FILL_AREA_STYLE ('',( #11388 ) ) ;
#5513 = ORIENTED_EDGE ( 'NONE', *, *, #12169, .T. ) ;
#5514 = FACE_BOUND ( 'NONE', #2843, .T. ) ;
#5515 = VERTEX_POINT ( 'NONE', #653 ) ;
#5516 = VERTEX_POINT ( 'NONE', #3537 ) ;
#5517 = ORIENTED_EDGE ( 'NONE', *, *, #9694, .F. ) ;
#5518 = ORIENTED_EDGE ( 'NONE', *, *, #7440, .F. ) ;
#5519 = FACE_OUTER_BOUND ( 'NONE', #3543, .T. ) ;
#5520 = CARTESIAN_POINT ( 'NONE',  ( 0.02460629921260103600, -0.01693371115559762200, -0.05669291338582569500 ) ) ;
#5521 =( CONVERSION_BASED_UNIT ( 'INCH', #3332 ) LENGTH_UNIT ( ) NAMED_UNIT ( #6816 ) );
#5522 = SURFACE_STYLE_FILL_AREA ( #7197 ) ;
#5523 = CARTESIAN_POINT ( 'NONE',  ( 0.04291338582677178100, 0.004133858267716536200, 0.0000000000000000000 ) ) ;
#5524 =( CONVERSION_BASED_UNIT ( 'INCH', #8730 ) LENGTH_UNIT ( ) NAMED_UNIT ( #1452 ) );
#5525 = ORIENTED_EDGE ( 'NONE', *, *, #6674, .T. ) ;
#5526 =( NAMED_UNIT ( * ) PLANE_ANGLE_UNIT ( ) SI_UNIT ( $, .RADIAN. ) );
#5527 = DIMENSIONAL_EXPONENTS ( 1.000000000000000000, 0.0000000000000000000, 0.0000000000000000000, 0.0000000000000000000, 0.0000000000000000000, 0.0000000000000000000, 0.0000000000000000000 ) ;
#5528 = DIRECTION ( 'NONE',  ( 6.982962677686265900E-015, 0.0000000000000000000, -1.000000000000000000 ) ) ;
#5529 = PRESENTATION_STYLE_ASSIGNMENT (( #3497 ) ) ;
#5530 = LENGTH_MEASURE_WITH_UNIT ( LENGTH_MEASURE( 0.02539999999999999900 ), #6392 );
#5531 = DIRECTION ( 'NONE',  ( -0.0000000000000000000, 0.0000000000000000000, 1.000000000000000000 ) ) ;
#5532 = AXIS2_PLACEMENT_3D ( 'NONE', #6055, #214, #7015 ) ;
#5533 = ADVANCED_FACE ( 'NONE', ( #9490 ), #8430, .F. ) ;
#5534 = VECTOR ( 'NONE', #10423, 39.37007874015748100 ) ;
#5535 = VECTOR ( 'NONE', #7640, 39.37007874015748100 ) ;
#5536 =( NAMED_UNIT ( * ) SI_UNIT ( $, .STERADIAN. ) SOLID_ANGLE_UNIT ( ) );
#5537 =( NAMED_UNIT ( * ) PLANE_ANGLE_UNIT ( ) SI_UNIT ( $, .RADIAN. ) );
#5538 = CARTESIAN_POINT ( 'NONE',  ( 0.04291338582677142700, 0.004133858267716536200, 0.02460629921260094900 ) ) ;
#5539 = CARTESIAN_POINT ( 'NONE',  ( 0.0000000000000000000, 0.001181102362204724400, 0.0000000000000000000 ) ) ;
#5540 = CARTESIAN_POINT ( 'NONE',  ( 0.05669291338582677800, 0.007204724409448820400, -0.004921259842519878400 ) ) ;
#5541 = CARTESIAN_POINT ( 'NONE',  ( 0.02460629921260096600, 0.0000000000000000000, -0.04291338582677133000 ) ) ;
#5542 = DIRECTION ( 'NONE',  ( 2.606492091342680900E-014, 0.0000000000000000000, -1.000000000000000000 ) ) ;
#5543 = EDGE_CURVE ( 'NONE', #6852, #5242, #455, .T. ) ;
#5544 =( NAMED_UNIT ( * ) SI_UNIT ( $, .STERADIAN. ) SOLID_ANGLE_UNIT ( ) );
#5545 = VECTOR ( 'NONE', #11879, 39.37007874015748100 ) ;
#5546 = COLOUR_RGB ( '',0.9686274509803921600, 0.8784313725490196000, 0.5999999999999999800 ) ;
#5547 = DIMENSIONAL_EXPONENTS ( 1.000000000000000000, 0.0000000000000000000, 0.0000000000000000000, 0.0000000000000000000, 0.0000000000000000000, 0.0000000000000000000, 0.0000000000000000000 ) ;
#5548 =( CONVERSION_BASED_UNIT ( 'INCH', #10087 ) LENGTH_UNIT ( ) NAMED_UNIT ( #7716 ) );
#5549 = ORIENTED_EDGE ( 'NONE', *, *, #3261, .T. ) ;
#5550 = PRESENTATION_LAYER_ASSIGNMENT (  '', '', ( #4227 ) ) ;
#5551 = VERTEX_POINT ( 'NONE', #10462 ) ;
#5552 = ORIENTED_EDGE ( 'NONE', *, *, #10606, .T. ) ;
#5553 = ORIENTED_EDGE ( 'NONE', *, *, #10080, .T. ) ;
#5554 =( NAMED_UNIT ( * ) PLANE_ANGLE_UNIT ( ) SI_UNIT ( $, .RADIAN. ) );
#5555 = DIRECTION ( 'NONE',  ( -0.0000000000000000000, -1.000000000000000000, 0.0000000000000000000 ) ) ;
#5556 = FACE_OUTER_BOUND ( 'NONE', #4046, .T. ) ;
#5557 = SURFACE_STYLE_FILL_AREA ( #1221 ) ;
#5558 = CARTESIAN_POINT ( 'NONE',  ( -0.05669291338582568100, 0.0000000000000000000, -0.02460629921260102200 ) ) ;
#5559 = DIRECTION ( 'NONE',  ( 0.0000000000000000000, -0.0000000000000000000, 1.000000000000000000 ) ) ;
#5560 = EDGE_CURVE ( 'NONE', #7253, #9288, #8222, .T. ) ;
#5561 = DIMENSIONAL_EXPONENTS ( 1.000000000000000000, 0.0000000000000000000, 0.0000000000000000000, 0.0000000000000000000, 0.0000000000000000000, 0.0000000000000000000, 0.0000000000000000000 ) ;
#5562 = DIMENSIONAL_EXPONENTS ( 1.000000000000000000, 0.0000000000000000000, 0.0000000000000000000, 0.0000000000000000000, 0.0000000000000000000, 0.0000000000000000000, 0.0000000000000000000 ) ;
#5563 =( CONVERSION_BASED_UNIT ( 'INCH', #900 ) LENGTH_UNIT ( ) NAMED_UNIT ( #886 ) );
#5564 = ORIENTED_EDGE ( 'NONE', *, *, #11128, .F. ) ;
#5565 =( LENGTH_UNIT ( ) NAMED_UNIT ( * ) SI_UNIT ( $, .METRE. ) );
#5566 = LINE ( 'NONE', #1408, #2959 ) ;
#5567 = ORIENTED_EDGE ( 'NONE', *, *, #3524, .T. ) ;
#5568 = DIRECTION ( 'NONE',  ( 0.0000000000000000000, -1.000000000000000000, 0.0000000000000000000 ) ) ;
#5569 = LINE ( 'NONE', #1883, #10772 ) ;
#5570 = FILL_AREA_STYLE ('',( #1649 ) ) ;
#5571 = DIRECTION ( 'NONE',  ( 0.0000000000000000000, 1.000000000000000000, -0.0000000000000000000 ) ) ;
#5572 =( NAMED_UNIT ( * ) PLANE_ANGLE_UNIT ( ) SI_UNIT ( $, .RADIAN. ) );
#5573 =( LENGTH_UNIT ( ) NAMED_UNIT ( * ) SI_UNIT ( $, .METRE. ) );
#5574 = LINE ( 'NONE', #3170, #389 ) ;
#5575 = CARTESIAN_POINT ( 'NONE',  ( 0.0000000000000000000, 0.001181102362204724400, -0.04291338582677183700 ) ) ;
#5576 =( CONVERSION_BASED_UNIT ( 'INCH', #12108 ) LENGTH_UNIT ( ) NAMED_UNIT ( #2740 ) );
#5577 = ORIENTED_EDGE ( 'NONE', *, *, #1955, .T. ) ;
#5578 = ORIENTED_EDGE ( 'NONE', *, *, #11168, .T. ) ;
#5579 = CARTESIAN_POINT ( 'NONE',  ( -0.05669291338582684700, 0.007204724409448820400, 0.01476377952755886400 ) ) ;
#5580 = PRESENTATION_STYLE_ASSIGNMENT (( #10458 ) ) ;
#5581 = LINE ( 'NONE', #8480, #10784 ) ;
#5582 = CARTESIAN_POINT ( 'NONE',  ( -0.04291338582677176100, 0.004133858267716536200, 0.0000000000000000000 ) ) ;
#5583 = UNCERTAINTY_MEASURE_WITH_UNIT (LENGTH_MEASURE( 1.000000000000000100E-005 ), #2772, 'distance_accuracy_value', 'NONE');
#5584 = CARTESIAN_POINT ( 'NONE',  ( 0.01476377952755936400, 0.007204724409448820400, -0.04291338582677144100 ) ) ;
#5585 =( CONVERSION_BASED_UNIT ( 'INCH', #12276 ) LENGTH_UNIT ( ) NAMED_UNIT ( #7715 ) );
#5586 = PLANE ( 'NONE',  #9887 ) ;
#5587 = CARTESIAN_POINT ( 'NONE',  ( 0.02460629921259843000, 0.007204724409448820400, 0.04291338582677166300 ) ) ;
#5588 = ORIENTED_EDGE ( 'NONE', *, *, #11713, .F. ) ;
#5589 = AXIS2_PLACEMENT_3D ( 'NONE', #5802, #12675, #6774 ) ;
#5590 = PRESENTATION_STYLE_ASSIGNMENT (( #3521 ) ) ;
#5591 = DIMENSIONAL_EXPONENTS ( 1.000000000000000000, 0.0000000000000000000, 0.0000000000000000000, 0.0000000000000000000, 0.0000000000000000000, 0.0000000000000000000, 0.0000000000000000000 ) ;
#5592 = VERTEX_POINT ( 'NONE', #8474 ) ;
#5593 = COLOUR_RGB ( '',0.9686274509803921600, 0.8784313725490196000, 0.5999999999999999800 ) ;
#5594 =( LENGTH_UNIT ( ) NAMED_UNIT ( * ) SI_UNIT ( $, .METRE. ) );
#5595 = STYLED_ITEM ( 'NONE', ( #1952 ), #2189 ) ;
#5596 =( CONVERSION_BASED_UNIT ( 'INCH', #6265 ) LENGTH_UNIT ( ) NAMED_UNIT ( #4928 ) );
#5597 = DIRECTION ( 'NONE',  ( -0.7071067811865426900, 0.0000000000000000000, -0.7071067811865524600 ) ) ;
#5598 = ADVANCED_FACE ( 'NONE', ( #3034 ), #12446, .F. ) ;
#5599 = EDGE_CURVE ( 'NONE', #10455, #11853, #6698, .T. ) ;
#5600 = UNCERTAINTY_MEASURE_WITH_UNIT (LENGTH_MEASURE( 1.000000000000000100E-005 ), #6907, 'distance_accuracy_value', 'NONE');
#5601 =( NAMED_UNIT ( * ) SI_UNIT ( $, .STERADIAN. ) SOLID_ANGLE_UNIT ( ) );
#5602 =( NAMED_UNIT ( * ) PLANE_ANGLE_UNIT ( ) SI_UNIT ( $, .RADIAN. ) );
#5603 = ORIENTED_EDGE ( 'NONE', *, *, #4476, .F. ) ;
#5604 = LINE ( 'NONE', #2120, #7571 ) ;
#5605 = DIRECTION ( 'NONE',  ( 0.0000000000000000000, -0.0000000000000000000, -1.000000000000000000 ) ) ;
#5606 = ORIENTED_EDGE ( 'NONE', *, *, #3800, .T. ) ;
#5607 = LINE ( 'NONE', #6410, #7871 ) ;
#5608 = ORIENTED_EDGE ( 'NONE', *, *, #8981, .T. ) ;
#5609 =( GEOMETRIC_REPRESENTATION_CONTEXT ( 3 ) GLOBAL_UNCERTAINTY_ASSIGNED_CONTEXT ( ( #771 ) ) GLOBAL_UNIT_ASSIGNED_CONTEXT ( ( #9653, #3788, #10617 ) ) REPRESENTATION_CONTEXT ( 'NONE', 'WORKASPACE' ) );
#5610 = CARTESIAN_POINT ( 'NONE',  ( 0.04291338582677153200, 0.001181102362204723700, -0.03444881889763798400 ) ) ;
#5611 = CARTESIAN_POINT ( 'NONE',  ( 0.004921259842522244600, 0.001181102362204723300, -0.04291338582677168400 ) ) ;
#5612 =( LENGTH_UNIT ( ) NAMED_UNIT ( * ) SI_UNIT ( $, .METRE. ) );
#5613 = ORIENTED_EDGE ( 'NONE', *, *, #5005, .T. ) ;
#5614 =( CONVERSION_BASED_UNIT ( 'INCH', #6636 ) LENGTH_UNIT ( ) NAMED_UNIT ( #3143 ) );
#5615 = COLOUR_RGB ( '',0.3529411764705882000, 0.3529411764705882000, 0.3529411764705882000 ) ;
#5616 = SURFACE_STYLE_USAGE ( .BOTH. , #11492 ) ;
#5617 = FACE_OUTER_BOUND ( 'NONE', #12667, .T. ) ;
#5618 = EDGE_CURVE ( 'NONE', #12340, #6897, #11926, .T. ) ;
#5619 = DIRECTION ( 'NONE',  ( 5.511545443598771800E-015, 0.0000000000000000000, -1.000000000000000000 ) ) ;
#5620 = CARTESIAN_POINT ( 'NONE',  ( 0.04291338582677184400, 0.007204724409448820400, 0.03444881889763765800 ) ) ;
#5621 = COLOUR_RGB ( '',0.9686274509803921600, 0.8784313725490196000, 0.5999999999999999800 ) ;
#5622 = CARTESIAN_POINT ( 'NONE',  ( 0.04291338582677164900, 0.001181102362204723300, -0.004921259842519830700 ) ) ;
#5623 = CARTESIAN_POINT ( 'NONE',  ( -0.01476377952755906200, -0.01693371115559762200, 0.04291338582677167000 ) ) ;
#5624 = FILL_AREA_STYLE_COLOUR ( '', #4922 ) ;
#5625 = AXIS2_PLACEMENT_3D ( 'NONE', #1040, #7831, #2000 ) ;
#5626 = CARTESIAN_POINT ( 'NONE',  ( -0.05669291338582674300, -0.01693371115559762200, -0.01476377952755926100 ) ) ;
#5627 = STYLED_ITEM ( 'NONE', ( #10862 ), #11189 ) ;
#5628 = DIRECTION ( 'NONE',  ( 0.0000000000000000000, 1.000000000000000000, 0.0000000000000000000 ) ) ;
#5629 = PRESENTATION_STYLE_ASSIGNMENT (( #5699 ) ) ;
#5630 = CARTESIAN_POINT ( 'NONE',  ( 0.05669291338582670800, -0.01693371115559762200, -0.02460629921259862800 ) ) ;
#5631 = ORIENTED_EDGE ( 'NONE', *, *, #3776, .T. ) ;
#5632 = SURFACE_STYLE_FILL_AREA ( #7208 ) ;
#5633 = DIRECTION ( 'NONE',  ( 0.0000000000000000000, -0.0000000000000000000, -1.000000000000000000 ) ) ;
#5634 = VECTOR ( 'NONE', #8153, 39.37007874015748100 ) ;
#5635 = PRESENTATION_STYLE_ASSIGNMENT (( #8072 ) ) ;
#5636 = EDGE_CURVE ( 'NONE', #6210, #11352, #4094, .T. ) ;
#5637 = LINE ( 'NONE', #7025, #8216 ) ;
#5638 = ORIENTED_EDGE ( 'NONE', *, *, #12105, .T. ) ;
#5639 = DIRECTION ( 'NONE',  ( -6.982962677686265900E-015, 0.0000000000000000000, 1.000000000000000000 ) ) ;
#5640 = CARTESIAN_POINT ( 'NONE',  ( 0.04291338582677133000, 0.0000000000000000000, 0.02460629921260056400 ) ) ;
#5641 =( NAMED_UNIT ( * ) PLANE_ANGLE_UNIT ( ) SI_UNIT ( $, .RADIAN. ) );
#5642 = VECTOR ( 'NONE', #7154, 39.37007874015748100 ) ;
#5643 = STYLED_ITEM ( 'NONE', ( #2945 ), #5719 ) ;
#5644 = UNCERTAINTY_MEASURE_WITH_UNIT (LENGTH_MEASURE( 1.000000000000000100E-005 ), #2648, 'distance_accuracy_value', 'NONE');
#5645 = VECTOR ( 'NONE', #3626, 39.37007874015748100 ) ;
#5646 = SURFACE_STYLE_FILL_AREA ( #1946 ) ;
#5647 = EDGE_LOOP ( 'NONE', ( #10891, #9799, #2178, #7354 ) ) ;
#5648 = ORIENTED_EDGE ( 'NONE', *, *, #8138, .F. ) ;
#5649 = CARTESIAN_POINT ( 'NONE',  ( 0.02460629921260094500, -0.01693371115559762200, -0.04291338582677133000 ) ) ;
#5650 = EDGE_CURVE ( 'NONE', #11684, #443, #9319, .T. ) ;
#5651 = STYLED_ITEM ( 'NONE', ( #4179 ), #548 ) ;
#5652 = CARTESIAN_POINT ( 'NONE',  ( 0.0000000000000000000, 0.0000000000000000000, 0.03444881889763765800 ) ) ;
#5653 = CARTESIAN_POINT ( 'NONE',  ( 0.05669291338582663900, -0.01693371115559762200, -0.04429133858267737800 ) ) ;
#5654 = LINE ( 'NONE', #9561, #2751 ) ;
#5655 = DIRECTION ( 'NONE',  ( -0.0000000000000000000, -1.000000000000000000, -0.0000000000000000000 ) ) ;
#5656 = ADVANCED_FACE ( 'NONE', ( #11308 ), #5658, .F. ) ;
#5657 = LINE ( 'NONE', #2573, #8237 ) ;
#5658 = PLANE ( 'NONE',  #6294 ) ;
#5659 =( NAMED_UNIT ( * ) PLANE_ANGLE_UNIT ( ) SI_UNIT ( $, .RADIAN. ) );
#5660 = ORIENTED_EDGE ( 'NONE', *, *, #8218, .F. ) ;
#5661 = PLANE ( 'NONE',  #6945 ) ;
#5662 = STYLED_ITEM ( 'NONE', ( #10539 ), #10089 ) ;
#5663 = PLANE ( 'NONE',  #722 ) ;
#5664 = ORIENTED_EDGE ( 'NONE', *, *, #11288, .F. ) ;
#5665 = PLANE ( 'NONE',  #7997 ) ;
#5666 = VECTOR ( 'NONE', #2519, 39.37007874015748100 ) ;
#5667 = PRESENTATION_STYLE_ASSIGNMENT (( #11927 ) ) ;
#5668 = SURFACE_STYLE_FILL_AREA ( #4995 ) ;
#5669 = COLOUR_RGB ( '',0.2509803921568627400, 0.2509803921568627400, 0.2509803921568627400 ) ;
#5671 = COLOUR_RGB ( '',0.3529411764705882000, 0.3529411764705882000, 0.3529411764705882000 ) ;
#5670 = VECTOR ( 'NONE', #2425, 39.37007874015748100 ) ;
#5672 =( CONVERSION_BASED_UNIT ( 'INCH', #660 ) LENGTH_UNIT ( ) NAMED_UNIT ( #2861 ) );
#5673 = STYLED_ITEM ( 'NONE', ( #6670 ), #1698 ) ;
#5674 = SURFACE_STYLE_FILL_AREA ( #6257 ) ;
#5675 = EDGE_CURVE ( 'NONE', #7182, #11260, #7753, .T. ) ;
#5676 = FILL_AREA_STYLE_COLOUR ( '', #12243 ) ;
#5677 = UNCERTAINTY_MEASURE_WITH_UNIT (LENGTH_MEASURE( 1.000000000000000100E-005 ), #6930, 'distance_accuracy_value', 'NONE');
#5678 =( LENGTH_UNIT ( ) NAMED_UNIT ( * ) SI_UNIT ( $, .METRE. ) );
#5679 = LENGTH_MEASURE_WITH_UNIT ( LENGTH_MEASURE( 0.02539999999999999900 ), #10429 );
#5680 = DIRECTION ( 'NONE',  ( -0.0000000000000000000, -1.000000000000000000, -0.0000000000000000000 ) ) ;
#5681 = LINE ( 'NONE', #8105, #10882 ) ;
#5683 = PRESENTATION_STYLE_ASSIGNMENT (( #5750 ) ) ;
#5682 = LINE ( 'NONE', #1209, #10883 ) ;
#5684 =( NAMED_UNIT ( * ) PLANE_ANGLE_UNIT ( ) SI_UNIT ( $, .RADIAN. ) );
#5685 =( GEOMETRIC_REPRESENTATION_CONTEXT ( 3 ) GLOBAL_UNCERTAINTY_ASSIGNED_CONTEXT ( ( #10773 ) ) GLOBAL_UNIT_ASSIGNED_CONTEXT ( ( #9948, #4067, #10921 ) ) REPRESENTATION_CONTEXT ( 'NONE', 'WORKASPACE' ) );
#5686 =( NAMED_UNIT ( * ) SI_UNIT ( $, .STERADIAN. ) SOLID_ANGLE_UNIT ( ) );
#5687 = DIMENSIONAL_EXPONENTS ( 1.000000000000000000, 0.0000000000000000000, 0.0000000000000000000, 0.0000000000000000000, 0.0000000000000000000, 0.0000000000000000000, 0.0000000000000000000 ) ;
#5688 = DIMENSIONAL_EXPONENTS ( 1.000000000000000000, 0.0000000000000000000, 0.0000000000000000000, 0.0000000000000000000, 0.0000000000000000000, 0.0000000000000000000, 0.0000000000000000000 ) ;
#5689 = ORIENTED_EDGE ( 'NONE', *, *, #11642, .T. ) ;
#5690 = EDGE_LOOP ( 'NONE', ( #5031, #1842, #4659, #8085 ) ) ;
#5691 = LENGTH_MEASURE_WITH_UNIT ( LENGTH_MEASURE( 0.02539999999999999900 ), #11160 );
#5692 = CARTESIAN_POINT ( 'NONE',  ( -0.04291338582677179500, -0.01693371115559762200, 0.03444881889763765800 ) ) ;
#5693 = ORIENTED_EDGE ( 'NONE', *, *, #1901, .F. ) ;
#5694 = EDGE_LOOP ( 'NONE', ( #2136, #3005, #867, #3873 ) ) ;
#5695 = LINE ( 'NONE', #9709, #3091 ) ;
#5696 = ORIENTED_EDGE ( 'NONE', *, *, #2423, .F. ) ;
#5697 =( NAMED_UNIT ( * ) PLANE_ANGLE_UNIT ( ) SI_UNIT ( $, .RADIAN. ) );
#5698 = AXIS2_PLACEMENT_3D ( 'NONE', #5129, #11993, #6117 ) ;
#5699 = SURFACE_STYLE_USAGE ( .BOTH. , #11572 ) ;
#5700 =( GEOMETRIC_REPRESENTATION_CONTEXT ( 3 ) GLOBAL_UNCERTAINTY_ASSIGNED_CONTEXT ( ( #374 ) ) GLOBAL_UNIT_ASSIGNED_CONTEXT ( ( #4569, #11414, #5544 ) ) REPRESENTATION_CONTEXT ( 'NONE', 'WORKASPACE' ) );
#5701 = LINE ( 'NONE', #8608, #10904 ) ;
#5702 = LINE ( 'NONE', #46, #10608 ) ;
#5703 = DIRECTION ( 'NONE',  ( -6.982962677686265900E-015, 0.0000000000000000000, 1.000000000000000000 ) ) ;
#5704 =( CONVERSION_BASED_UNIT ( 'INCH', #4438 ) LENGTH_UNIT ( ) NAMED_UNIT ( #5688 ) );
#5705 = DIRECTION ( 'NONE',  ( 1.000000000000000000, -0.0000000000000000000, 4.504786283433685400E-015 ) ) ;
#5706 = UNCERTAINTY_MEASURE_WITH_UNIT (LENGTH_MEASURE( 1.000000000000000100E-005 ), #5747, 'distance_accuracy_value', 'NONE');
#5707 = CARTESIAN_POINT ( 'NONE',  ( 0.0000000000000000000, 0.0000000000000000000, -0.04429133858267732300 ) ) ;
#5709 = VERTEX_POINT ( 'NONE', #1821 ) ;
#5708 = CARTESIAN_POINT ( 'NONE',  ( 0.04291338582677165600, -0.01693371115559762200, 0.004921259842522252400 ) ) ;
#5710 = DIRECTION ( 'NONE',  ( -1.000000000000000000, -0.0000000000000000000, 0.0000000000000000000 ) ) ;
#5711 = ORIENTED_EDGE ( 'NONE', *, *, #1807, .F. ) ;
#5712 =( LENGTH_UNIT ( ) NAMED_UNIT ( * ) SI_UNIT ( $, .METRE. ) );
#5713 = LENGTH_MEASURE_WITH_UNIT ( LENGTH_MEASURE( 0.02539999999999999900 ), #9852 );
#5714 = PRESENTATION_STYLE_ASSIGNMENT (( #8941 ) ) ;
#5715 = PRESENTATION_LAYER_ASSIGNMENT (  '', '', ( #4405 ) ) ;
#5716 = DIMENSIONAL_EXPONENTS ( 1.000000000000000000, 0.0000000000000000000, 0.0000000000000000000, 0.0000000000000000000, 0.0000000000000000000, 0.0000000000000000000, 0.0000000000000000000 ) ;
#5717 = DIRECTION ( 'NONE',  ( -1.000000000000000000, -0.0000000000000000000, 0.0000000000000000000 ) ) ;
#5718 = DIRECTION ( 'NONE',  ( 1.000000000000000000, 0.0000000000000000000, -2.929742899324058200E-015 ) ) ;
#5719 = ADVANCED_FACE ( 'NONE', ( #5159 ), #865, .F. ) ;
#5720 = LINE ( 'NONE', #7160, #5401 ) ;
#5721 = VERTEX_POINT ( 'NONE', #2793 ) ;
#5722 = ORIENTED_EDGE ( 'NONE', *, *, #8534, .T. ) ;
#5723 =( CONVERSION_BASED_UNIT ( 'INCH', #5770 ) LENGTH_UNIT ( ) NAMED_UNIT ( #9810 ) );
#5724 = CARTESIAN_POINT ( 'NONE',  ( 0.01476377952755939300, 0.001181102362204724400, -0.04291338582677151800 ) ) ;
#5725 = EDGE_CURVE ( 'NONE', #12259, #1609, #12140, .T. ) ;
#5726 = FACE_OUTER_BOUND ( 'NONE', #3621, .T. ) ;
#5727 = EDGE_LOOP ( 'NONE', ( #6317, #224, #6462, #1640 ) ) ;
#5728 = EDGE_CURVE ( 'NONE', #1765, #1448, #9551, .T. ) ;
#5729 = DIRECTION ( 'NONE',  ( -0.0000000000000000000, -1.000000000000000000, -0.0000000000000000000 ) ) ;
#5730 = DIRECTION ( 'NONE',  ( -6.766122243189165800E-015, 0.0000000000000000000, 1.000000000000000000 ) ) ;
#5731 = CARTESIAN_POINT ( 'NONE',  ( 0.0000000000000000000, 0.0000000000000000000, 0.05669291338582680600 ) ) ;
#5732 = ORIENTED_EDGE ( 'NONE', *, *, #2336, .F. ) ;
#5733 = CARTESIAN_POINT ( 'NONE',  ( -0.004921259842519285100, 0.004133858267716536200, -0.05669291338582677100 ) ) ;
#5734 = ORIENTED_EDGE ( 'NONE', *, *, #10973, .F. ) ;
#5735 = LINE ( 'NONE', #731, #7708 ) ;
#5736 = ORIENTED_EDGE ( 'NONE', *, *, #2011, .F. ) ;
#5737 = ORIENTED_EDGE ( 'NONE', *, *, #3982, .T. ) ;
#5738 = EDGE_LOOP ( 'NONE', ( #11409, #526, #7169, #7518 ) ) ;
#5739 = LINE ( 'NONE', #562, #737 ) ;
#5740 = SURFACE_STYLE_USAGE ( .BOTH. , #11611 ) ;
#5741 = MANIFOLD_SOLID_BREP ( 'Boss-Extrude3', #9900 ) ;
#5742 = SURFACE_SIDE_STYLE ('',( #12223 ) ) ;
#5743 =( GEOMETRIC_REPRESENTATION_CONTEXT ( 3 ) GLOBAL_UNCERTAINTY_ASSIGNED_CONTEXT ( ( #6022 ) ) GLOBAL_UNIT_ASSIGNED_CONTEXT ( ( #1506, #8319, #2479 ) ) REPRESENTATION_CONTEXT ( 'NONE', 'WORKASPACE' ) );
#5744 =( NAMED_UNIT ( * ) PLANE_ANGLE_UNIT ( ) SI_UNIT ( $, .RADIAN. ) );
#5745 = DIRECTION ( 'NONE',  ( 0.0000000000000000000, 1.000000000000000000, 0.0000000000000000000 ) ) ;
#5746 = EDGE_CURVE ( 'NONE', #3092, #3206, #5695, .T. ) ;
#5747 =( CONVERSION_BASED_UNIT ( 'INCH', #2553 ) LENGTH_UNIT ( ) NAMED_UNIT ( #6716 ) );
#5748 = DIRECTION ( 'NONE',  ( -6.982962677686265900E-015, 0.0000000000000000000, 1.000000000000000000 ) ) ;
#5749 =( NAMED_UNIT ( * ) PLANE_ANGLE_UNIT ( ) SI_UNIT ( $, .RADIAN. ) );
#5750 = SURFACE_STYLE_USAGE ( .BOTH. , #11624 ) ;
#5751 = ORIENTED_EDGE ( 'NONE', *, *, #8819, .F. ) ;
#5752 = PRESENTATION_STYLE_ASSIGNMENT (( #10082 ) ) ;
#5753 = CARTESIAN_POINT ( 'NONE',  ( 0.05905511811023624000, 0.001181102362204724200, -0.004921259842519855800 ) ) ;
#5754 = EDGE_LOOP ( 'NONE', ( #8940, #1625, #11470, #8650, #1802, #3755, #1250, #234, #4253, #2755, #5564, #8758, #8374, #10942, #6198, #5934 ) ) ;
#5755 = EDGE_LOOP ( 'NONE', ( #10914, #1200, #8536, #6182 ) ) ;
#5756 = STYLED_ITEM ( 'NONE', ( #3953 ), #2444 ) ;
#5757 = AXIS2_PLACEMENT_3D ( 'NONE', #715, #7502, #1675 ) ;
#5758 =( CONVERSION_BASED_UNIT ( 'INCH', #3199 ) LENGTH_UNIT ( ) NAMED_UNIT ( #5547 ) );
#5759 =( GEOMETRIC_REPRESENTATION_CONTEXT ( 3 ) GLOBAL_UNCERTAINTY_ASSIGNED_CONTEXT ( ( #8076 ) ) GLOBAL_UNIT_ASSIGNED_CONTEXT ( ( #6310, #467, #7267 ) ) REPRESENTATION_CONTEXT ( 'NONE', 'WORKASPACE' ) );
#5760 = EDGE_LOOP ( 'NONE', ( #3464, #9597, #11252, #10660 ) ) ;
#5761 = UNCERTAINTY_MEASURE_WITH_UNIT (LENGTH_MEASURE( 1.000000000000000100E-005 ), #10077, 'distance_accuracy_value', 'NONE');
#5762 = CARTESIAN_POINT ( 'NONE',  ( 0.0000000000000000000, 0.007204724409448820400, 0.0000000000000000000 ) ) ;
#5763 = DIRECTION ( 'NONE',  ( 4.292739916162992000E-015, -0.0000000000000000000, 1.000000000000000000 ) ) ;
#5764 = FACE_OUTER_BOUND ( 'NONE', #4216, .T. ) ;
#5765 = LINE ( 'NONE', #12028, #5448 ) ;
#5766 = VERTEX_POINT ( 'NONE', #6755 ) ;
#5767 = LINE ( 'NONE', #1824, #3164 ) ;
#5768 = DIRECTION ( 'NONE',  ( 2.086075048549672200E-014, 0.0000000000000000000, -1.000000000000000000 ) ) ;
#5769 =( LENGTH_UNIT ( ) NAMED_UNIT ( * ) SI_UNIT ( $, .METRE. ) );
#5770 = LENGTH_MEASURE_WITH_UNIT ( LENGTH_MEASURE( 0.02539999999999999900 ), #11599 );
#5771 =( LENGTH_UNIT ( ) NAMED_UNIT ( * ) SI_UNIT ( $, .METRE. ) );
#5772 = CARTESIAN_POINT ( 'NONE',  ( -0.04291338582677172600, -0.01693371115559762200, 0.01476377952755892100 ) ) ;
#5773 =( GEOMETRIC_REPRESENTATION_CONTEXT ( 3 ) GLOBAL_UNCERTAINTY_ASSIGNED_CONTEXT ( ( #6142 ) ) GLOBAL_UNIT_ASSIGNED_CONTEXT ( ( #8860, #3002, #9864 ) ) REPRESENTATION_CONTEXT ( 'NONE', 'WORKASPACE' ) );
#5774 = ORIENTED_EDGE ( 'NONE', *, *, #8938, .F. ) ;
#5775 = LINE ( 'NONE', #1804, #8360 ) ;
#5776 =( GEOMETRIC_REPRESENTATION_CONTEXT ( 3 ) GLOBAL_UNCERTAINTY_ASSIGNED_CONTEXT ( ( #1981 ) ) GLOBAL_UNIT_ASSIGNED_CONTEXT ( ( #4454, #11301, #5420 ) ) REPRESENTATION_CONTEXT ( 'NONE', 'WORKASPACE' ) );
#5777 = SURFACE_STYLE_FILL_AREA ( #9778 ) ;
#5778 = EDGE_LOOP ( 'NONE', ( #6185, #4222, #6872, #3700 ) ) ;
#5779 = SURFACE_STYLE_FILL_AREA ( #1615 ) ;
#5780 =( NAMED_UNIT ( * ) SI_UNIT ( $, .STERADIAN. ) SOLID_ANGLE_UNIT ( ) );
#5781 = COLOUR_RGB ( '',0.9686274509803921600, 0.8784313725490196000, 0.5999999999999999800 ) ;
#5782 = SURFACE_STYLE_FILL_AREA ( #2331 ) ;
#5783 = SURFACE_SIDE_STYLE ('',( #6458 ) ) ;
#5784 = EDGE_CURVE ( 'NONE', #10730, #5721, #10596, .T. ) ;
#5785 = ADVANCED_FACE ( 'NONE', ( #511 ), #1570, .F. ) ;
#5786 = EDGE_CURVE ( 'NONE', #7074, #11061, #9373, .T. ) ;
#5787 = CARTESIAN_POINT ( 'NONE',  ( 0.004921259842519707500, -0.01693371115559762200, 0.04291338582677166300 ) ) ;
#5788 = LINE ( 'NONE', #3584, #3184 ) ;
#5789 = VERTEX_POINT ( 'NONE', #8435 ) ;
#5790 = COLOUR_RGB ( '',0.3529411764705882000, 0.3529411764705882000, 0.3529411764705882000 ) ;
#5791 = DIRECTION ( 'NONE',  ( 4.292739916162993600E-015, 0.0000000000000000000, 1.000000000000000000 ) ) ;
#5792 = SURFACE_STYLE_FILL_AREA ( #1220 ) ;
#5793 = PRESENTATION_STYLE_ASSIGNMENT (( #10633 ) ) ;
#5794 = SURFACE_SIDE_STYLE ('',( #12282 ) ) ;
#5795 =( GEOMETRIC_REPRESENTATION_CONTEXT ( 3 ) GLOBAL_UNCERTAINTY_ASSIGNED_CONTEXT ( ( #6359 ) ) GLOBAL_UNIT_ASSIGNED_CONTEXT ( ( #4474, #11327, #5447 ) ) REPRESENTATION_CONTEXT ( 'NONE', 'WORKASPACE' ) );
#5796 = SURFACE_STYLE_FILL_AREA ( #8246 ) ;
#5797 =( CONVERSION_BASED_UNIT ( 'INCH', #2164 ) LENGTH_UNIT ( ) NAMED_UNIT ( #5026 ) );
#5798 =( LENGTH_UNIT ( ) NAMED_UNIT ( * ) SI_UNIT ( $, .METRE. ) );
#5799 = SURFACE_STYLE_FILL_AREA ( #7027 ) ;
#5800 = EDGE_CURVE ( 'NONE', #7168, #3636, #4151, .T. ) ;
#5801 = CARTESIAN_POINT ( 'NONE',  ( 0.05669291338582619500, 0.0000000000000000000, 0.01476377952755886600 ) ) ;
#5802 = CARTESIAN_POINT ( 'NONE',  ( 0.0000000000000000000, 0.001181102362204724400, 0.0000000000000000000 ) ) ;
#5803 = DIRECTION ( 'NONE',  ( -1.000000000000000000, -0.0000000000000000000, -0.0000000000000000000 ) ) ;
#5804 = ORIENTED_EDGE ( 'NONE', *, *, #9564, .F. ) ;
#5805 = DIMENSIONAL_EXPONENTS ( 1.000000000000000000, 0.0000000000000000000, 0.0000000000000000000, 0.0000000000000000000, 0.0000000000000000000, 0.0000000000000000000, 0.0000000000000000000 ) ;
#5806 = DIMENSIONAL_EXPONENTS ( 1.000000000000000000, 0.0000000000000000000, 0.0000000000000000000, 0.0000000000000000000, 0.0000000000000000000, 0.0000000000000000000, 0.0000000000000000000 ) ;
#5807 = UNCERTAINTY_MEASURE_WITH_UNIT (LENGTH_MEASURE( 1.000000000000000100E-005 ), #4557, 'distance_accuracy_value', 'NONE');
#5808 = FILL_AREA_STYLE_COLOUR ( '', #5252 ) ;
#5809 = ORIENTED_EDGE ( 'NONE', *, *, #4729, .F. ) ;
#5810 =( NAMED_UNIT ( * ) SI_UNIT ( $, .STERADIAN. ) SOLID_ANGLE_UNIT ( ) );
#5811 = VERTEX_POINT ( 'NONE', #5541 ) ;
#5812 = VECTOR ( 'NONE', #3404, 39.37007874015748100 ) ;
#5813 = MECHANICAL_DESIGN_GEOMETRIC_PRESENTATION_REPRESENTATION (  '', ( #3865 ), #6473 ) ;
#5814 = PLANE ( 'NONE',  #3874 ) ;
#5815 = DIRECTION ( 'NONE',  ( -6.982962677686265900E-015, 0.0000000000000000000, 1.000000000000000000 ) ) ;
#5816 = LENGTH_MEASURE_WITH_UNIT ( LENGTH_MEASURE( 0.02539999999999999900 ), #8999 );
#5817 = ORIENTED_EDGE ( 'NONE', *, *, #9974, .T. ) ;
#5818 = FACE_BOUND ( 'NONE', #11216, .T. ) ;
#5819 = VERTEX_POINT ( 'NONE', #11412 ) ;
#5820 = ORIENTED_EDGE ( 'NONE', *, *, #6358, .T. ) ;
#5821 = VECTOR ( 'NONE', #11220, 39.37007874015748100 ) ;
#5822 = ORIENTED_EDGE ( 'NONE', *, *, #6075, .F. ) ;
#5823 = ORIENTED_EDGE ( 'NONE', *, *, #9235, .F. ) ;
#5824 = DIMENSIONAL_EXPONENTS ( 1.000000000000000000, 0.0000000000000000000, 0.0000000000000000000, 0.0000000000000000000, 0.0000000000000000000, 0.0000000000000000000, 0.0000000000000000000 ) ;
#5825 = SURFACE_STYLE_FILL_AREA ( #3922 ) ;
#5826 = COLOUR_RGB ( '',0.9686274509803921600, 0.8784313725490196000, 0.5999999999999999800 ) ;
#5827 = LINE ( 'NONE', #3293, #8417 ) ;
#5828 = DIRECTION ( 'NONE',  ( -4.292739916162984100E-015, -0.0000000000000000000, -1.000000000000000000 ) ) ;
#5829 = PRESENTATION_STYLE_ASSIGNMENT (( #5873 ) ) ;
#5830 = DIRECTION ( 'NONE',  ( -1.309156885088692300E-017, 0.0000000000000000000, 1.000000000000000000 ) ) ;
#5831 =( GEOMETRIC_REPRESENTATION_CONTEXT ( 3 ) GLOBAL_UNCERTAINTY_ASSIGNED_CONTEXT ( ( #4778 ) ) GLOBAL_UNIT_ASSIGNED_CONTEXT ( ( #11775, #5894, #63 ) ) REPRESENTATION_CONTEXT ( 'NONE', 'WORKASPACE' ) );
#5832 = UNCERTAINTY_MEASURE_WITH_UNIT (LENGTH_MEASURE( 1.000000000000000100E-005 ), #1486, 'distance_accuracy_value', 'NONE');
#5833 =( GEOMETRIC_REPRESENTATION_CONTEXT ( 3 ) GLOBAL_UNCERTAINTY_ASSIGNED_CONTEXT ( ( #5433 ) ) GLOBAL_UNIT_ASSIGNED_CONTEXT ( ( #11523, #5641, #12511 ) ) REPRESENTATION_CONTEXT ( 'NONE', 'WORKASPACE' ) );
#5834 = PLANE ( 'NONE',  #8554 ) ;
#5835 = CARTESIAN_POINT ( 'NONE',  ( 0.04291338582677168400, 0.007204724409448820400, 0.004921259842522252400 ) ) ;
#5836 = FILL_AREA_STYLE ('',( #2884 ) ) ;
#5837 = VECTOR ( 'NONE', #5317, 39.37007874015748100 ) ;
#5838 =( GEOMETRIC_REPRESENTATION_CONTEXT ( 3 ) GLOBAL_UNCERTAINTY_ASSIGNED_CONTEXT ( ( #11809 ) ) GLOBAL_UNIT_ASSIGNED_CONTEXT ( ( #12462, #6572, #756 ) ) REPRESENTATION_CONTEXT ( 'NONE', 'WORKASPACE' ) );
#5839 = EDGE_CURVE ( 'NONE', #2679, #8734, #6748, .T. ) ;
#5840 = VECTOR ( 'NONE', #11892, 39.37007874015748100 ) ;
#5841 = CARTESIAN_POINT ( 'NONE',  ( -0.04291338582677181600, 0.001181102362204723300, 0.04429133858267702400 ) ) ;
#5842 = DIMENSIONAL_EXPONENTS ( 1.000000000000000000, 0.0000000000000000000, 0.0000000000000000000, 0.0000000000000000000, 0.0000000000000000000, 0.0000000000000000000, 0.0000000000000000000 ) ;
#5843 =( NAMED_UNIT ( * ) PLANE_ANGLE_UNIT ( ) SI_UNIT ( $, .RADIAN. ) );
#5844 = CARTESIAN_POINT ( 'NONE',  ( -0.05669291338582568100, 0.007204724409448820400, -0.02460629921260102200 ) ) ;
#5845 = ADVANCED_FACE ( 'NONE', ( #6447 ), #709, .F. ) ;
#5846 = LENGTH_MEASURE_WITH_UNIT ( LENGTH_MEASURE( 0.02539999999999999900 ), #9049 );
#5847 =( GEOMETRIC_REPRESENTATION_CONTEXT ( 3 ) GLOBAL_UNCERTAINTY_ASSIGNED_CONTEXT ( ( #3493 ) ) GLOBAL_UNIT_ASSIGNED_CONTEXT ( ( #10170, #4295, #11151 ) ) REPRESENTATION_CONTEXT ( 'NONE', 'WORKASPACE' ) );
#5848 = SURFACE_STYLE_FILL_AREA ( #2408 ) ;
#5849 = VECTOR ( 'NONE', #9497, 39.37007874015748100 ) ;
#5850 =( GEOMETRIC_REPRESENTATION_CONTEXT ( 3 ) GLOBAL_UNCERTAINTY_ASSIGNED_CONTEXT ( ( #12031 ) ) GLOBAL_UNIT_ASSIGNED_CONTEXT ( ( #6712, #906, #7683 ) ) REPRESENTATION_CONTEXT ( 'NONE', 'WORKASPACE' ) );
#5851 = DIRECTION ( 'NONE',  ( 0.0000000000000000000, 1.000000000000000000, -0.0000000000000000000 ) ) ;
#5852 = MECHANICAL_DESIGN_GEOMETRIC_PRESENTATION_REPRESENTATION (  '', ( #3892 ), #6500 ) ;
#5853 = CARTESIAN_POINT ( 'NONE',  ( -0.05669291338582691700, 0.0000000000000000000, 0.03444881889763761600 ) ) ;
#5854 = ORIENTED_EDGE ( 'NONE', *, *, #8371, .T. ) ;
#5855 = ORIENTED_EDGE ( 'NONE', *, *, #6781, .F. ) ;
#5856 = ORIENTED_EDGE ( 'NONE', *, *, #3648, .F. ) ;
#5857 = ORIENTED_EDGE ( 'NONE', *, *, #195, .F. ) ;
#5858 =( NAMED_UNIT ( * ) PLANE_ANGLE_UNIT ( ) SI_UNIT ( $, .RADIAN. ) );
#5859 = DIRECTION ( 'NONE',  ( 0.0000000000000000000, -1.000000000000000000, 0.0000000000000000000 ) ) ;
#5860 = EDGE_CURVE ( 'NONE', #2242, #11030, #2933, .T. ) ;
#5861 = COLOUR_RGB ( '',0.3529411764705882000, 0.3529411764705882000, 0.3529411764705882000 ) ;
#5862 = LINE ( 'NONE', #11956, #10763 ) ;
#5863 = SURFACE_STYLE_USAGE ( .BOTH. , #11730 ) ;
#5864 = UNCERTAINTY_MEASURE_WITH_UNIT (LENGTH_MEASURE( 1.000000000000000100E-005 ), #11567, 'distance_accuracy_value', 'NONE');
#5865 = FILL_AREA_STYLE_COLOUR ( '', #3723 ) ;
#5866 =( GEOMETRIC_REPRESENTATION_CONTEXT ( 3 ) GLOBAL_UNCERTAINTY_ASSIGNED_CONTEXT ( ( #3721 ) ) GLOBAL_UNIT_ASSIGNED_CONTEXT ( ( #5723, #12594, #6693 ) ) REPRESENTATION_CONTEXT ( 'NONE', 'WORKASPACE' ) );
#5867 =( NAMED_UNIT ( * ) PLANE_ANGLE_UNIT ( ) SI_UNIT ( $, .RADIAN. ) );
#5868 = STYLED_ITEM ( 'NONE', ( #489 ), #12590 ) ;
#5869 = ORIENTED_EDGE ( 'NONE', *, *, #6438, .F. ) ;
#5870 = DIRECTION ( 'NONE',  ( 1.000000000000000000, 0.0000000000000000000, 4.406877377904227700E-017 ) ) ;
#5871 = LENGTH_MEASURE_WITH_UNIT ( LENGTH_MEASURE( 0.02539999999999999900 ), #8845 );
#5872 = COLOUR_RGB ( '',0.9686274509803921600, 0.8784313725490196000, 0.5999999999999999800 ) ;
#5873 = SURFACE_STYLE_USAGE ( .BOTH. , #11748 ) ;
#5874 = EDGE_CURVE ( 'NONE', #3877, #7854, #10442, .T. ) ;
#5875 = SURFACE_SIDE_STYLE ('',( #2144 ) ) ;
#5876 = SURFACE_STYLE_FILL_AREA ( #6113 ) ;
#5877 = CARTESIAN_POINT ( 'NONE',  ( 0.05669291338582694400, -0.01693371115559762200, 0.04429133858267697600 ) ) ;
#5878 = ORIENTED_EDGE ( 'NONE', *, *, #9075, .F. ) ;
#5879 = ORIENTED_EDGE ( 'NONE', *, *, #931, .F. ) ;
#5880 =( GEOMETRIC_REPRESENTATION_CONTEXT ( 3 ) GLOBAL_UNCERTAINTY_ASSIGNED_CONTEXT ( ( #9493 ) ) GLOBAL_UNIT_ASSIGNED_CONTEXT ( ( #5940, #103, #6906 ) ) REPRESENTATION_CONTEXT ( 'NONE', 'WORKASPACE' ) );
#5881 = ORIENTED_EDGE ( 'NONE', *, *, #8232, .F. ) ;
#5882 = LINE ( 'NONE', #7474, #11094 ) ;
#5883 = CARTESIAN_POINT ( 'NONE',  ( 0.05669291338582671500, 0.004133858267716536200, -0.02460629921259862800 ) ) ;
#5884 = FILL_AREA_STYLE_COLOUR ( '', #7967 ) ;
#5885 = CARTESIAN_POINT ( 'NONE',  ( -0.004921259842522326100, 0.007204724409448820400, 0.05669291338582657000 ) ) ;
#5886 = DIRECTION ( 'NONE',  ( 0.0000000000000000000, -1.000000000000000000, 0.0000000000000000000 ) ) ;
#5887 =( NAMED_UNIT ( * ) PLANE_ANGLE_UNIT ( ) SI_UNIT ( $, .RADIAN. ) );
#5888 = EDGE_CURVE ( 'NONE', #366, #10420, #350, .T. ) ;
#5889 = ORIENTED_EDGE ( 'NONE', *, *, #2443, .F. ) ;
#5890 = EDGE_CURVE ( 'NONE', #792, #3698, #2627, .T. ) ;
#5891 = ORIENTED_EDGE ( 'NONE', *, *, #269, .T. ) ;
#5892 = LINE ( 'NONE', #6219, #10798 ) ;
#5893 = CARTESIAN_POINT ( 'NONE',  ( 0.004921259842519683200, 0.004133858267716536200, 0.05669291338582674300 ) ) ;
#5894 =( NAMED_UNIT ( * ) PLANE_ANGLE_UNIT ( ) SI_UNIT ( $, .RADIAN. ) );
#5895 = DIRECTION ( 'NONE',  ( 0.0000000000000000000, 1.000000000000000000, -0.0000000000000000000 ) ) ;
#5896 = VERTEX_POINT ( 'NONE', #788 ) ;
#5897 = PRESENTATION_LAYER_ASSIGNMENT (  '', '', ( #4611 ) ) ;
#5898 = VECTOR ( 'NONE', #3431, 39.37007874015748900 ) ;
#5899 =( CONVERSION_BASED_UNIT ( 'INCH', #11751 ) LENGTH_UNIT ( ) NAMED_UNIT ( #3920 ) );
#5900 = ADVANCED_FACE ( 'NONE', ( #2317 ), #8577, .F. ) ;
#5901 = VERTEX_POINT ( 'NONE', #12542 ) ;
#5902 = AXIS2_PLACEMENT_3D ( 'NONE', #8741, #2874, #9745 ) ;
#5903 = ORIENTED_EDGE ( 'NONE', *, *, #11396, .F. ) ;
#5904 = FILL_AREA_STYLE_COLOUR ( '', #2426 ) ;
#5905 = LINE ( 'NONE', #5162, #3315 ) ;
#5906 = LENGTH_MEASURE_WITH_UNIT ( LENGTH_MEASURE( 0.02539999999999999900 ), #7750 );
#5907 = EDGE_CURVE ( 'NONE', #5896, #3313, #7801, .T. ) ;
#5908 = DIRECTION ( 'NONE',  ( -0.0000000000000000000, -1.000000000000000000, -0.0000000000000000000 ) ) ;
#5909 = ORIENTED_EDGE ( 'NONE', *, *, #9761, .T. ) ;
#5910 = CARTESIAN_POINT ( 'NONE',  ( 0.04291338582677151100, 0.001181102362204723500, -0.04429133858267735000 ) ) ;
#5911 = PRESENTATION_STYLE_ASSIGNMENT (( #2857 ) ) ;
#5912 = LINE ( 'NONE', #10822, #11131 ) ;
#5913 = VECTOR ( 'NONE', #8450, 39.37007874015748100 ) ;
#5914 =( GEOMETRIC_REPRESENTATION_CONTEXT ( 3 ) GLOBAL_UNCERTAINTY_ASSIGNED_CONTEXT ( ( #862 ) ) GLOBAL_UNIT_ASSIGNED_CONTEXT ( ( #11725, #5858, #15 ) ) REPRESENTATION_CONTEXT ( 'NONE', 'WORKASPACE' ) );
#5915 = SURFACE_STYLE_FILL_AREA ( #12449 ) ;
#5916 =( GEOMETRIC_REPRESENTATION_CONTEXT ( 3 ) GLOBAL_UNCERTAINTY_ASSIGNED_CONTEXT ( ( #9192 ) ) GLOBAL_UNIT_ASSIGNED_CONTEXT ( ( #2119, #8954, #3105 ) ) REPRESENTATION_CONTEXT ( 'NONE', 'WORKASPACE' ) );
#5917 = MECHANICAL_DESIGN_GEOMETRIC_PRESENTATION_REPRESENTATION (  '', ( #3960 ), #6578 ) ;
#5918 = VECTOR ( 'NONE', #11237, 39.37007874015748100 ) ;
#5919 = DIRECTION ( 'NONE',  ( -1.000000000000000000, 0.0000000000000000000, -2.086075048549672200E-014 ) ) ;
#5920 = CARTESIAN_POINT ( 'NONE',  ( -0.05905511811023581000, 0.03149606299212598400, -0.05905511811023662200 ) ) ;
#5921 = SURFACE_SIDE_STYLE ('',( #4100 ) ) ;
#5922 = SURFACE_STYLE_FILL_AREA ( #4728 ) ;
#5923 =( CONVERSION_BASED_UNIT ( 'INCH', #3413 ) LENGTH_UNIT ( ) NAMED_UNIT ( #2984 ) );
#5924 = CARTESIAN_POINT ( 'NONE',  ( 0.01476377952755907100, 0.001181102362204724400, 0.0000000000000000000 ) ) ;
#5925 = ORIENTED_EDGE ( 'NONE', *, *, #3412, .T. ) ;
#5926 = PRESENTATION_STYLE_ASSIGNMENT (( #4335 ) ) ;
#5927 = VECTOR ( 'NONE', #11953, 39.37007874015748100 ) ;
#5928 = LINE ( 'NONE', #10108, #9474 ) ;
#5929 = DIMENSIONAL_EXPONENTS ( 1.000000000000000000, 0.0000000000000000000, 0.0000000000000000000, 0.0000000000000000000, 0.0000000000000000000, 0.0000000000000000000, 0.0000000000000000000 ) ;
#5930 = VECTOR ( 'NONE', #9035, 39.37007874015748100 ) ;
#5931 = SURFACE_STYLE_FILL_AREA ( #2199 ) ;
#5932 = CARTESIAN_POINT ( 'NONE',  ( 0.04291338582677164900, 0.007204724409448820400, -0.004921259842519830700 ) ) ;
#5933 = AXIS2_PLACEMENT_3D ( 'NONE', #7497, #1664, #8487 ) ;
#5934 = ORIENTED_EDGE ( 'NONE', *, *, #4165, .F. ) ;
#5935 = MECHANICAL_DESIGN_GEOMETRIC_PRESENTATION_REPRESENTATION (  '', ( #3979 ), #6596 ) ;
#5936 = DIRECTION ( 'NONE',  ( 1.000000000000000000, 0.0000000000000000000, -3.425378178174569500E-015 ) ) ;
#5937 = CARTESIAN_POINT ( 'NONE',  ( 0.0000000000000000000, 0.004133858267716536200, -0.01476377952755922300 ) ) ;
#5938 = EDGE_CURVE ( 'NONE', #1155, #2173, #8889, .T. ) ;
#5939 = LINE ( 'NONE', #9376, #3353 ) ;
#5940 =( CONVERSION_BASED_UNIT ( 'INCH', #5478 ) LENGTH_UNIT ( ) NAMED_UNIT ( #567 ) );
#5941 = PRESENTATION_STYLE_ASSIGNMENT (( #3086 ) ) ;
#5942 = DIRECTION ( 'NONE',  ( -0.0000000000000000000, 0.0000000000000000000, 1.000000000000000000 ) ) ;
#5943 = LENGTH_MEASURE_WITH_UNIT ( LENGTH_MEASURE( 0.02539999999999999900 ), #10484 );
#5944 = FILL_AREA_STYLE_COLOUR ( '', #5064 ) ;
#5945 = DIMENSIONAL_EXPONENTS ( 1.000000000000000000, 0.0000000000000000000, 0.0000000000000000000, 0.0000000000000000000, 0.0000000000000000000, 0.0000000000000000000, 0.0000000000000000000 ) ;
#5946 = ORIENTED_EDGE ( 'NONE', *, *, #7965, .T. ) ;
#5947 = EDGE_CURVE ( 'NONE', #1951, #12503, #1105, .T. ) ;
#5948 = CARTESIAN_POINT ( 'NONE',  ( 0.04291338582677151100, 0.0000000000000000000, -0.04429133858267735700 ) ) ;
#5949 = FILL_AREA_STYLE ('',( #9867 ) ) ;
#5950 =( GEOMETRIC_REPRESENTATION_CONTEXT ( 3 ) GLOBAL_UNCERTAINTY_ASSIGNED_CONTEXT ( ( #6791 ) ) GLOBAL_UNIT_ASSIGNED_CONTEXT ( ( #4412, #11270, #5384 ) ) REPRESENTATION_CONTEXT ( 'NONE', 'WORKASPACE' ) );
#5951 = DIRECTION ( 'NONE',  ( 1.000000000000000000, -0.0000000000000000000, 1.309156885088692300E-017 ) ) ;
#5952 = SURFACE_STYLE_FILL_AREA ( #10650 ) ;
#5953 = AXIS2_PLACEMENT_3D ( 'NONE', #5762, #12626, #6734 ) ;
#5954 = LENGTH_MEASURE_WITH_UNIT ( LENGTH_MEASURE( 0.02539999999999999900 ), #1720 );
#5955 = VECTOR ( 'NONE', #10180, 39.37007874015748100 ) ;
#5956 = PRESENTATION_STYLE_ASSIGNMENT (( #9176 ) ) ;
#5957 = EDGE_CURVE ( 'NONE', #5111, #1241, #11204, .T. ) ;
#5958 = DIMENSIONAL_EXPONENTS ( 1.000000000000000000, 0.0000000000000000000, 0.0000000000000000000, 0.0000000000000000000, 0.0000000000000000000, 0.0000000000000000000, 0.0000000000000000000 ) ;
#5959 = CARTESIAN_POINT ( 'NONE',  ( -0.04291338582677174000, 0.007204724409448820400, 0.02460629921259828100 ) ) ;
#5960 = COLOUR_RGB ( '',0.2509803921568627400, 0.2509803921568627400, 0.2509803921568627400 ) ;
#5961 = CARTESIAN_POINT ( 'NONE',  ( -0.04291338582677181600, 0.007204724409448820400, 0.04429133858267702400 ) ) ;
#5962 = ORIENTED_EDGE ( 'NONE', *, *, #765, .T. ) ;
#5963 = CARTESIAN_POINT ( 'NONE',  ( 0.04291338582677164900, 0.0000000000000000000, 0.0000000000000000000 ) ) ;
#5964 = EDGE_CURVE ( 'NONE', #4992, #3122, #6289, .T. ) ;
#5965 = VECTOR ( 'NONE', #1548, 39.37007874015748100 ) ;
#5966 = UNCERTAINTY_MEASURE_WITH_UNIT (LENGTH_MEASURE( 1.000000000000000100E-005 ), #8477, 'distance_accuracy_value', 'NONE');
#5967 = VECTOR ( 'NONE', #10816, 39.37007874015748100 ) ;
#5968 = ADVANCED_FACE ( 'NONE', ( #822 ), #10634, .F. ) ;
#5969 = UNCERTAINTY_MEASURE_WITH_UNIT (LENGTH_MEASURE( 1.000000000000000100E-005 ), #12430, 'distance_accuracy_value', 'NONE');
#5970 = VECTOR ( 'NONE', #2062, 39.37007874015748100 ) ;
#5971 = CARTESIAN_POINT ( 'NONE',  ( 0.0000000000000000000, 0.001181102362204724400, 0.0000000000000000000 ) ) ;
#5972 = VECTOR ( 'NONE', #8123, 39.37007874015748100 ) ;
#5973 = SURFACE_STYLE_USAGE ( .BOTH. , #11842 ) ;
#5974 = ORIENTED_EDGE ( 'NONE', *, *, #121, .T. ) ;
#5975 =( LENGTH_UNIT ( ) NAMED_UNIT ( * ) SI_UNIT ( $, .METRE. ) );
#5976 =( GEOMETRIC_REPRESENTATION_CONTEXT ( 3 ) GLOBAL_UNCERTAINTY_ASSIGNED_CONTEXT ( ( #12155 ) ) GLOBAL_UNIT_ASSIGNED_CONTEXT ( ( #8539, #2678, #9553 ) ) REPRESENTATION_CONTEXT ( 'NONE', 'WORKASPACE' ) );
#5977 = COLOUR_RGB ( '',0.3529411764705882000, 0.3529411764705882000, 0.3529411764705882000 ) ;
#5978 =( LENGTH_UNIT ( ) NAMED_UNIT ( * ) SI_UNIT ( $, .METRE. ) );
#5979 = LENGTH_MEASURE_WITH_UNIT ( LENGTH_MEASURE( 0.02539999999999999900 ), #4188 );
#5980 = ADVANCED_FACE ( 'NONE', ( #4774 ), #4823, .T. ) ;
#5981 = DIRECTION ( 'NONE',  ( -6.982962677686265900E-015, 0.0000000000000000000, 1.000000000000000000 ) ) ;
#5982 = SURFACE_STYLE_FILL_AREA ( #4782 ) ;
#5983 = AXIS2_PLACEMENT_3D ( 'NONE', #6064, #231, #7028 ) ;
#5984 = SURFACE_STYLE_USAGE ( .BOTH. , #11851 ) ;
#5985 = CARTESIAN_POINT ( 'NONE',  ( -0.004921259842519285100, 0.0000000000000000000, 0.0000000000000000000 ) ) ;
#5986 = PLANE ( 'NONE',  #5983 ) ;
#5987 = ORIENTED_EDGE ( 'NONE', *, *, #10564, .F. ) ;
#5988 = ORIENTED_EDGE ( 'NONE', *, *, #1065, .F. ) ;
#5989 =( LENGTH_UNIT ( ) NAMED_UNIT ( * ) SI_UNIT ( $, .METRE. ) );
#5990 = ORIENTED_EDGE ( 'NONE', *, *, #10143, .T. ) ;
#5991 = DIRECTION ( 'NONE',  ( 0.0000000000000000000, -0.0000000000000000000, 1.000000000000000000 ) ) ;
#5992 = VERTEX_POINT ( 'NONE', #11665 ) ;
#5993 = AXIS2_PLACEMENT_3D ( 'NONE', #5177, #12038, #6167 ) ;
#5994 = ORIENTED_EDGE ( 'NONE', *, *, #11110, .T. ) ;
#5995 = AXIS2_PLACEMENT_3D ( 'NONE', #5326, #12201, #6319 ) ;
#5996 = MECHANICAL_DESIGN_GEOMETRIC_PRESENTATION_REPRESENTATION (  '', ( #4024 ), #6650 ) ;
#5997 = DIRECTION ( 'NONE',  ( 0.0000000000000000000, -0.0000000000000000000, 1.000000000000000000 ) ) ;
#5998 = EDGE_CURVE ( 'NONE', #659, #5901, #8744, .T. ) ;
#5999 =( NAMED_UNIT ( * ) SI_UNIT ( $, .STERADIAN. ) SOLID_ANGLE_UNIT ( ) );
#6000 =( CONVERSION_BASED_UNIT ( 'INCH', #6276 ) LENGTH_UNIT ( ) NAMED_UNIT ( #6057 ) );
#6001 = PLANE ( 'NONE',  #8718 ) ;
#6002 = PLANE ( 'NONE',  #7861 ) ;
#6003 = ORIENTED_EDGE ( 'NONE', *, *, #5786, .F. ) ;
#6004 = EDGE_LOOP ( 'NONE', ( #9552, #7095, #8573, #8336 ) ) ;
#6005 = AXIS2_PLACEMENT_3D ( 'NONE', #7651, #1822, #8656 ) ;
#6006 = MECHANICAL_DESIGN_GEOMETRIC_PRESENTATION_REPRESENTATION (  '', ( #4040 ), #6665 ) ;
#6007 = DIRECTION ( 'NONE',  ( 1.000000000000000000, 0.0000000000000000000, 6.766122243189165800E-015 ) ) ;
#6008 =( GEOMETRIC_REPRESENTATION_CONTEXT ( 3 ) GLOBAL_UNCERTAINTY_ASSIGNED_CONTEXT ( ( #4332 ) ) GLOBAL_UNIT_ASSIGNED_CONTEXT ( ( #2988, #9853, #3980 ) ) REPRESENTATION_CONTEXT ( 'NONE', 'WORKASPACE' ) );
#6009 =( NAMED_UNIT ( * ) PLANE_ANGLE_UNIT ( ) SI_UNIT ( $, .RADIAN. ) );
#6010 = VECTOR ( 'NONE', #4089, 39.37007874015748100 ) ;
#6011 = DIRECTION ( 'NONE',  ( 0.0000000000000000000, 1.000000000000000000, 0.0000000000000000000 ) ) ;
#6012 = DIRECTION ( 'NONE',  ( -2.866700612739115500E-014, 0.0000000000000000000, 1.000000000000000000 ) ) ;
#6013 = SURFACE_STYLE_FILL_AREA ( #5949 ) ;
#6014 = DIRECTION ( 'NONE',  ( 0.0000000000000000000, -0.0000000000000000000, -1.000000000000000000 ) ) ;
#6015 = EDGE_CURVE ( 'NONE', #11377, #4538, #3552, .T. ) ;
#6016 = DIRECTION ( 'NONE',  ( -1.000000000000000000, -0.0000000000000000000, -0.0000000000000000000 ) ) ;
#6017 = ORIENTED_EDGE ( 'NONE', *, *, #11417, .T. ) ;
#6018 = CARTESIAN_POINT ( 'NONE',  ( -0.04291338582677181600, -0.01693371115559762200, 0.04429133858267703800 ) ) ;
#6019 = ORIENTED_EDGE ( 'NONE', *, *, #1503, .T. ) ;
#6020 = LINE ( 'NONE', #8516, #8634 ) ;
#6021 = ORIENTED_EDGE ( 'NONE', *, *, #10584, .F. ) ;
#6022 = UNCERTAINTY_MEASURE_WITH_UNIT (LENGTH_MEASURE( 1.000000000000000100E-005 ), #1506, 'distance_accuracy_value', 'NONE');
#6023 = CARTESIAN_POINT ( 'NONE',  ( -0.02460629921259803500, 0.007204724409448820400, -0.05669291338582697200 ) ) ;
#6024 = DIRECTION ( 'NONE',  ( -1.000000000000000000, 0.0000000000000000000, -6.982962677686265900E-015 ) ) ;
#6025 = MECHANICAL_DESIGN_GEOMETRIC_PRESENTATION_REPRESENTATION (  '', ( #4059 ), #6681 ) ;
#6026 = PLANE ( 'NONE',  #9637 ) ;
#6027 = CARTESIAN_POINT ( 'NONE',  ( -0.004921259842519285100, -0.01693371115559762200, -0.05669291338582683300 ) ) ;
#6028 = ORIENTED_EDGE ( 'NONE', *, *, #3670, .T. ) ;
#6029 = CARTESIAN_POINT ( 'NONE',  ( 0.05669291338582568100, -0.01693371115559762200, 0.02460629921260104300 ) ) ;
#6030 = ORIENTED_EDGE ( 'NONE', *, *, #1174, .T. ) ;
#6031 = VERTEX_POINT ( 'NONE', #7770 ) ;
#6032 = DIRECTION ( 'NONE',  ( -3.394400973246411800E-015, 0.0000000000000000000, -1.000000000000000000 ) ) ;
#6033 = ORIENTED_EDGE ( 'NONE', *, *, #999, .F. ) ;
#6034 = CARTESIAN_POINT ( 'NONE',  ( 0.05669291338582568100, 0.007204724409448820400, 0.02460629921260102900 ) ) ;
#6035 = EDGE_CURVE ( 'NONE', #10718, #6210, #3233, .T. ) ;
#6036 = ORIENTED_EDGE ( 'NONE', *, *, #3007, .T. ) ;
#6037 = EDGE_LOOP ( 'NONE', ( #988, #12200, #2076, #8124 ) ) ;
#6038 = ADVANCED_FACE ( 'NONE', ( #6130 ), #3912, .F. ) ;
#6039 =( NAMED_UNIT ( * ) PLANE_ANGLE_UNIT ( ) SI_UNIT ( $, .RADIAN. ) );
#6040 = MECHANICAL_DESIGN_GEOMETRIC_PRESENTATION_REPRESENTATION (  '', ( #4755 ), #6694 ) ;
#6041 = CARTESIAN_POINT ( 'NONE',  ( 0.05669291338582674300, 0.004133858267716536200, 0.0000000000000000000 ) ) ;
#6042 =( GEOMETRIC_REPRESENTATION_CONTEXT ( 3 ) GLOBAL_UNCERTAINTY_ASSIGNED_CONTEXT ( ( #4871 ) ) GLOBAL_UNIT_ASSIGNED_CONTEXT ( ( #10467, #4615, #11455 ) ) REPRESENTATION_CONTEXT ( 'NONE', 'WORKASPACE' ) );
#6043 =( LENGTH_UNIT ( ) NAMED_UNIT ( * ) SI_UNIT ( $, .METRE. ) );
#6044 = DIRECTION ( 'NONE',  ( 0.0000000000000000000, 1.000000000000000000, 0.0000000000000000000 ) ) ;
#6045 = CARTESIAN_POINT ( 'NONE',  ( 0.04291338582677183700, 0.0000000000000000000, 0.0000000000000000000 ) ) ;
#6046 = VERTEX_POINT ( 'NONE', #1933 ) ;
#6047 = VECTOR ( 'NONE', #6138, 39.37007874015748100 ) ;
#6048 = ORIENTED_EDGE ( 'NONE', *, *, #2806, .F. ) ;
#6049 = FILL_AREA_STYLE_COLOUR ( '', #7254 ) ;
#6050 = EDGE_LOOP ( 'NONE', ( #10095, #2802, #1242, #7893 ) ) ;
#6051 = DIRECTION ( 'NONE',  ( 4.292739916162990400E-015, 0.0000000000000000000, 1.000000000000000000 ) ) ;
#6052 = VECTOR ( 'NONE', #12165, 39.37007874015748100 ) ;
#6053 =( CONVERSION_BASED_UNIT ( 'INCH', #8437 ) LENGTH_UNIT ( ) NAMED_UNIT ( #5929 ) );
#6054 =( GEOMETRIC_REPRESENTATION_CONTEXT ( 3 ) GLOBAL_UNCERTAINTY_ASSIGNED_CONTEXT ( ( #3921 ) ) GLOBAL_UNIT_ASSIGNED_CONTEXT ( ( #1785, #8615, #2759 ) ) REPRESENTATION_CONTEXT ( 'NONE', 'WORKASPACE' ) );
#6055 = CARTESIAN_POINT ( 'NONE',  ( 0.0000000000000000000, 0.001181102362204724400, 0.0000000000000000000 ) ) ;
#6056 = PRESENTATION_LAYER_ASSIGNMENT (  '', '', ( #4762 ) ) ;
#6057 = DIMENSIONAL_EXPONENTS ( 1.000000000000000000, 0.0000000000000000000, 0.0000000000000000000, 0.0000000000000000000, 0.0000000000000000000, 0.0000000000000000000, 0.0000000000000000000 ) ;
#6058 = ORIENTED_EDGE ( 'NONE', *, *, #9846, .F. ) ;
#6059 = FILL_AREA_STYLE ('',( #9970 ) ) ;
#6060 = CARTESIAN_POINT ( 'NONE',  ( 0.004921259842522244600, -0.01693371115559762200, -0.04291338582677168400 ) ) ;
#6061 = ORIENTED_EDGE ( 'NONE', *, *, #7288, .F. ) ;
#6062 = AXIS2_PLACEMENT_3D ( 'NONE', #3739, #10576, #4723 ) ;
#6063 = DIRECTION ( 'NONE',  ( 1.000000000000000000, 0.0000000000000000000, -1.690654702195511200E-015 ) ) ;
#6064 = CARTESIAN_POINT ( 'NONE',  ( -0.01476377952755877000, -0.01693371115559762200, -0.04291338582677177400 ) ) ;
#6065 = PRESENTATION_LAYER_ASSIGNMENT (  '', '', ( #4779 ) ) ;
#6066 =( NAMED_UNIT ( * ) PLANE_ANGLE_UNIT ( ) SI_UNIT ( $, .RADIAN. ) );
#6067 = DIMENSIONAL_EXPONENTS ( 1.000000000000000000, 0.0000000000000000000, 0.0000000000000000000, 0.0000000000000000000, 0.0000000000000000000, 0.0000000000000000000, 0.0000000000000000000 ) ;
#6068 = EDGE_LOOP ( 'NONE', ( #10679, #3188, #5734, #1024 ) ) ;
#6069 = MECHANICAL_DESIGN_GEOMETRIC_PRESENTATION_REPRESENTATION (  '', ( #4102 ), #6730 ) ;
#6070 = ORIENTED_EDGE ( 'NONE', *, *, #12625, .F. ) ;
#6071 = FILL_AREA_STYLE_COLOUR ( '', #9320 ) ;
#6072 = VECTOR ( 'NONE', #5828, 39.37007874015748100 ) ;
#6073 = VERTEX_POINT ( 'NONE', #3950 ) ;
#6074 = FILL_AREA_STYLE_COLOUR ( '', #10998 ) ;
#6075 = EDGE_CURVE ( 'NONE', #8324, #4371, #7176, .T. ) ;
#6076 = LINE ( 'NONE', #9356, #11298 ) ;
#6077 = FILL_AREA_STYLE_COLOUR ( '', #998 ) ;
#6078 = FILL_AREA_STYLE_COLOUR ( '', #322 ) ;
#6079 = MECHANICAL_DESIGN_GEOMETRIC_PRESENTATION_REPRESENTATION (  '', ( #4793 ), #6741 ) ;
#6080 = MECHANICAL_DESIGN_GEOMETRIC_PRESENTATION_REPRESENTATION (  '', ( #4117 ), #6742 ) ;
#6081 = LINE ( 'NONE', #6505, #10689 ) ;
#6082 = PRESENTATION_LAYER_ASSIGNMENT (  '', '', ( #4798 ) ) ;
#6083 = DIRECTION ( 'NONE',  ( 0.0000000000000000000, -0.0000000000000000000, 1.000000000000000000 ) ) ;
#6084 = COLOUR_RGB ( '',0.9686274509803921600, 0.8784313725490196000, 0.5999999999999999800 ) ;
#6085 = DIMENSIONAL_EXPONENTS ( 1.000000000000000000, 0.0000000000000000000, 0.0000000000000000000, 0.0000000000000000000, 0.0000000000000000000, 0.0000000000000000000, 0.0000000000000000000 ) ;
#6086 = COLOUR_RGB ( '',0.9686274509803921600, 0.8784313725490196000, 0.5999999999999999800 ) ;
#6087 = LINE ( 'NONE', #6645, #8377 ) ;
#6088 = DIRECTION ( 'NONE',  ( 0.0000000000000000000, 1.000000000000000000, 0.0000000000000000000 ) ) ;
#6089 = FILL_AREA_STYLE_COLOUR ( '', #11156 ) ;
#6090 = SURFACE_STYLE_FILL_AREA ( #9671 ) ;
#6091 = SURFACE_STYLE_FILL_AREA ( #3983 ) ;
#6092 = DIRECTION ( 'NONE',  ( 1.000000000000000000, 0.0000000000000000000, 6.982962677686265900E-015 ) ) ;
#6093 = LINE ( 'NONE', #185, #3197 ) ;
#6094 = COLOUR_RGB ( '',0.9686274509803921600, 0.8784313725490196000, 0.5999999999999999800 ) ;
#6095 = VECTOR ( 'NONE', #622, 39.37007874015748100 ) ;
#6096 = DIRECTION ( 'NONE',  ( -0.0000000000000000000, 0.0000000000000000000, 1.000000000000000000 ) ) ;
#6097 = LINE ( 'NONE', #797, #4111 ) ;
#6098 = MECHANICAL_DESIGN_GEOMETRIC_PRESENTATION_REPRESENTATION (  '', ( #4135 ), #6751 ) ;
#6099 = ADVANCED_FACE ( 'NONE', ( #1998 ), #10795, .F. ) ;
#6100 = STYLED_ITEM ( 'NONE', ( #11185 ), #12420 ) ;
#6101 = DIRECTION ( 'NONE',  ( 1.000000000000000000, 0.0000000000000000000, -4.292739916162993600E-015 ) ) ;
#6102 = PRESENTATION_STYLE_ASSIGNMENT (( #10577 ) ) ;
#6103 = DIRECTION ( 'NONE',  ( 1.000000000000000000, 0.0000000000000000000, -0.0000000000000000000 ) ) ;
#6104 = SURFACE_STYLE_USAGE ( .BOTH. , #11980 ) ;
#6105 = VERTEX_POINT ( 'NONE', #6875 ) ;
#6106 = LINE ( 'NONE', #12612, #8724 ) ;
#6107 = CARTESIAN_POINT ( 'NONE',  ( -0.004921259842522249800, 0.0000000000000000000, 0.04291338582677168400 ) ) ;
#6108 = CARTESIAN_POINT ( 'NONE',  ( -0.05905511811023663600, 0.004133858267716534500, 0.05905511811023622700 ) ) ;
#6109 = VECTOR ( 'NONE', #10799, 39.37007874015748100 ) ;
#6110 = LENGTH_MEASURE_WITH_UNIT ( LENGTH_MEASURE( 0.02539999999999999900 ), #290 );
#6111 = COLOUR_RGB ( '',0.9686274509803921600, 0.8784313725490196000, 0.5999999999999999800 ) ;
#6112 =( NAMED_UNIT ( * ) PLANE_ANGLE_UNIT ( ) SI_UNIT ( $, .RADIAN. ) );
#6113 = FILL_AREA_STYLE ('',( #652 ) ) ;
#6114 =( NAMED_UNIT ( * ) SI_UNIT ( $, .STERADIAN. ) SOLID_ANGLE_UNIT ( ) );
#6115 = ORIENTED_EDGE ( 'NONE', *, *, #10136, .F. ) ;
#6116 = ORIENTED_EDGE ( 'NONE', *, *, #1396, .F. ) ;
#6117 = DIRECTION ( 'NONE',  ( -1.000000000000000000, 0.0000000000000000000, -6.982962677686265900E-015 ) ) ;
#6118 = DIRECTION ( 'NONE',  ( -4.515665050714725700E-016, -0.0000000000000000000, -1.000000000000000000 ) ) ;
#6119 = AXIS2_PLACEMENT_3D ( 'NONE', #861, #7642, #1814 ) ;
#6120 = CARTESIAN_POINT ( 'NONE',  ( 0.02460629921259843000, 0.007204724409448820400, 0.04291338582677166300 ) ) ;
#6121 =( GEOMETRIC_REPRESENTATION_CONTEXT ( 3 ) GLOBAL_UNCERTAINTY_ASSIGNED_CONTEXT ( ( #2200 ) ) GLOBAL_UNIT_ASSIGNED_CONTEXT ( ( #424, #7219, #1406 ) ) REPRESENTATION_CONTEXT ( 'NONE', 'WORKASPACE' ) );
#6122 = ORIENTED_EDGE ( 'NONE', *, *, #9901, .F. ) ;
#6123 = ORIENTED_EDGE ( 'NONE', *, *, #12421, .F. ) ;
#6124 = VECTOR ( 'NONE', #7575, 39.37007874015748100 ) ;
#6125 = EDGE_LOOP ( 'NONE', ( #661, #7072, #11159, #9667 ) ) ;
#6126 = LINE ( 'NONE', #7244, #11029 ) ;
#6127 = ORIENTED_EDGE ( 'NONE', *, *, #2691, .T. ) ;
#6128 = DIRECTION ( 'NONE',  ( -0.0000000000000000000, -1.000000000000000000, -0.0000000000000000000 ) ) ;
#6129 = LINE ( 'NONE', #10684, #8416 ) ;
#6130 = FACE_OUTER_BOUND ( 'NONE', #2295, .T. ) ;
#6131 = FILL_AREA_STYLE ('',( #5139 ) ) ;
#6132 = EDGE_CURVE ( 'NONE', #1167, #1994, #3380, .T. ) ;
#6133 = SURFACE_STYLE_USAGE ( .BOTH. , #12006 ) ;
#6134 = DIRECTION ( 'NONE',  ( -0.7071067811865522400, 0.0000000000000000000, 0.7071067811865426900 ) ) ;
#6135 = CARTESIAN_POINT ( 'NONE',  ( 0.0000000000000000000, 0.007204724409448820400, 0.0000000000000000000 ) ) ;
#6136 = EDGE_CURVE ( 'NONE', #6031, #8728, #810, .T. ) ;
#6137 = LINE ( 'NONE', #9314, #5837 ) ;
#6138 = DIRECTION ( 'NONE',  ( 0.0000000000000000000, -0.0000000000000000000, -1.000000000000000000 ) ) ;
#6139 = FACE_OUTER_BOUND ( 'NONE', #7718, .T. ) ;
#6140 = DIRECTION ( 'NONE',  ( 0.0000000000000000000, 1.000000000000000000, 0.0000000000000000000 ) ) ;
#6141 = DIRECTION ( 'NONE',  ( -2.433019743745004600E-014, 0.0000000000000000000, 1.000000000000000000 ) ) ;
#6142 = UNCERTAINTY_MEASURE_WITH_UNIT (LENGTH_MEASURE( 1.000000000000000100E-005 ), #8860, 'distance_accuracy_value', 'NONE');
#6143 = AXIS2_PLACEMENT_3D ( 'NONE', #6968, #1150, #7945 ) ;
#6144 = SURFACE_SIDE_STYLE ('',( #1745 ) ) ;
#6145 = DIRECTION ( 'NONE',  ( 1.000000000000000000, 0.0000000000000000000, -0.0000000000000000000 ) ) ;
#6146 = LENGTH_MEASURE_WITH_UNIT ( LENGTH_MEASURE( 0.02539999999999999900 ), #2069 );
#6147 = STYLED_ITEM ( 'NONE', ( #4570 ), #1439 ) ;
#6148 = DIRECTION ( 'NONE',  ( -6.982962677686265900E-015, 0.0000000000000000000, 1.000000000000000000 ) ) ;
#6149 = VECTOR ( 'NONE', #12363, 39.37007874015748100 ) ;
#6150 = DIRECTION ( 'NONE',  ( -0.0000000000000000000, 0.0000000000000000000, -1.000000000000000000 ) ) ;
#6151 = EDGE_CURVE ( 'NONE', #10728, #7854, #10876, .T. ) ;
#6152 = ORIENTED_EDGE ( 'NONE', *, *, #5998, .T. ) ;
#6153 = FILL_AREA_STYLE ('',( #5161 ) ) ;
#6154 = ORIENTED_EDGE ( 'NONE', *, *, #10803, .F. ) ;
#6155 = EDGE_LOOP ( 'NONE', ( #4343, #6168, #3549, #11709 ) ) ;
#6156 = ORIENTED_EDGE ( 'NONE', *, *, #8255, .T. ) ;
#6157 = DIRECTION ( 'NONE',  ( 1.000000000000000000, 0.0000000000000000000, -0.0000000000000000000 ) ) ;
#6158 = EDGE_LOOP ( 'NONE', ( #3298, #10068, #6959, #12324 ) ) ;
#6159 =( NAMED_UNIT ( * ) SI_UNIT ( $, .STERADIAN. ) SOLID_ANGLE_UNIT ( ) );
#6160 = LINE ( 'NONE', #2130, #997 ) ;
#6161 = MECHANICAL_DESIGN_GEOMETRIC_PRESENTATION_REPRESENTATION (  '', ( #4193 ), #6803 ) ;
#6162 = LINE ( 'NONE', #1187, #8454 ) ;
#6163 = MECHANICAL_DESIGN_GEOMETRIC_PRESENTATION_REPRESENTATION (  '', ( #4194 ), #6804 ) ;
#6164 = PRESENTATION_LAYER_ASSIGNMENT (  '', '', ( #4863 ) ) ;
#6165 = DIRECTION ( 'NONE',  ( -2.259547396147334600E-014, 0.0000000000000000000, 1.000000000000000000 ) ) ;
#6166 = ADVANCED_FACE ( 'NONE', ( #487 ), #6916, .F. ) ;
#6167 = DIRECTION ( 'NONE',  ( 0.0000000000000000000, -0.0000000000000000000, -1.000000000000000000 ) ) ;
#6168 = ORIENTED_EDGE ( 'NONE', *, *, #10863, .F. ) ;
#6169 = EDGE_CURVE ( 'NONE', #8843, #10782, #4443, .T. ) ;
#6170 = SURFACE_STYLE_FILL_AREA ( #12695 ) ;
#6171 = SURFACE_SIDE_STYLE ('',( #2899 ) ) ;
#6172 = DIRECTION ( 'NONE',  ( 0.0000000000000000000, -1.000000000000000000, 0.0000000000000000000 ) ) ;
#6173 =( LENGTH_UNIT ( ) NAMED_UNIT ( * ) SI_UNIT ( $, .METRE. ) );
#6174 = PLANE ( 'NONE',  #3053 ) ;
#6175 = STYLED_ITEM ( 'NONE', ( #8234 ), #3746 ) ;
#6176 = STYLED_ITEM ( 'NONE', ( #1079 ), #9899 ) ;
#6177 = PRESENTATION_LAYER_ASSIGNMENT (  '', '', ( #4877 ) ) ;
#6178 = FILL_AREA_STYLE ('',( #5191 ) ) ;
#6179 =( NAMED_UNIT ( * ) SI_UNIT ( $, .STERADIAN. ) SOLID_ANGLE_UNIT ( ) );
#6180 = EDGE_CURVE ( 'NONE', #10203, #6073, #1849, .T. ) ;
#6181 = EDGE_LOOP ( 'NONE', ( #11658, #10638, #1961, #10562 ) ) ;
#6182 = ORIENTED_EDGE ( 'NONE', *, *, #12498, .T. ) ;
#6183 = COLOUR_RGB ( '',0.3529411764705882000, 0.3529411764705882000, 0.3529411764705882000 ) ;
#6184 = DIMENSIONAL_EXPONENTS ( 1.000000000000000000, 0.0000000000000000000, 0.0000000000000000000, 0.0000000000000000000, 0.0000000000000000000, 0.0000000000000000000, 0.0000000000000000000 ) ;
#6185 = ORIENTED_EDGE ( 'NONE', *, *, #10642, .T. ) ;
#6186 =( LENGTH_UNIT ( ) NAMED_UNIT ( * ) SI_UNIT ( $, .METRE. ) );
#6187 = UNCERTAINTY_MEASURE_WITH_UNIT (LENGTH_MEASURE( 1.000000000000000100E-005 ), #2994, 'distance_accuracy_value', 'NONE');
#6188 =( CONVERSION_BASED_UNIT ( 'INCH', #8771 ) LENGTH_UNIT ( ) NAMED_UNIT ( #10565 ) );
#6189 = EDGE_CURVE ( 'NONE', #1448, #5372, #7009, .T. ) ;
#6190 = EDGE_LOOP ( 'NONE', ( #2192, #3928, #6912, #8275 ) ) ;
#6191 = DIRECTION ( 'NONE',  ( -1.000000000000000000, 0.0000000000000000000, 4.292739916162993600E-015 ) ) ;
#6192 =( CONVERSION_BASED_UNIT ( 'INCH', #2461 ) LENGTH_UNIT ( ) NAMED_UNIT ( #11330 ) );
#6193 = FILL_AREA_STYLE_COLOUR ( '', #8666 ) ;
#6194 = MECHANICAL_DESIGN_GEOMETRIC_PRESENTATION_REPRESENTATION (  '', ( #4227 ), #6831 ) ;
#6195 = CARTESIAN_POINT ( 'NONE',  ( 0.0000000000000000000, 0.0000000000000000000, -0.03444881889763799100 ) ) ;
#6196 = STYLED_ITEM ( 'NONE', ( #3088 ), #5002 ) ;
#6197 = DIMENSIONAL_EXPONENTS ( 1.000000000000000000, 0.0000000000000000000, 0.0000000000000000000, 0.0000000000000000000, 0.0000000000000000000, 0.0000000000000000000, 0.0000000000000000000 ) ;
#6198 = ORIENTED_EDGE ( 'NONE', *, *, #1871, .F. ) ;
#6199 =( LENGTH_UNIT ( ) NAMED_UNIT ( * ) SI_UNIT ( $, .METRE. ) );
#6200 = UNCERTAINTY_MEASURE_WITH_UNIT (LENGTH_MEASURE( 1.000000000000000100E-005 ), #9868, 'distance_accuracy_value', 'NONE');
#6201 = FACE_OUTER_BOUND ( 'NONE', #6125, .T. ) ;
#6202 = DIRECTION ( 'NONE',  ( 1.000000000000000000, -0.0000000000000000000, 2.646153987744243500E-015 ) ) ;
#6203 = DIRECTION ( 'NONE',  ( 6.982962677686265900E-015, 0.0000000000000000000, -1.000000000000000000 ) ) ;
#6204 = CARTESIAN_POINT ( 'NONE',  ( 0.0000000000000000000, 0.001181102362204724400, 0.0000000000000000000 ) ) ;
#6205 = EDGE_CURVE ( 'NONE', #7631, #2957, #9349, .T. ) ;
#6206 = ORIENTED_EDGE ( 'NONE', *, *, #12480, .T. ) ;
#6207 = DIRECTION ( 'NONE',  ( 0.0000000000000000000, 1.000000000000000000, 0.0000000000000000000 ) ) ;
#6208 = FACE_OUTER_BOUND ( 'NONE', #3927, .T. ) ;
#6209 = ORIENTED_EDGE ( 'NONE', *, *, #1975, .T. ) ;
#6210 = VERTEX_POINT ( 'NONE', #7038 ) ;
#6211 = SURFACE_STYLE_FILL_AREA ( #7105 ) ;
#6212 = FILL_AREA_STYLE ('',( #12091 ) ) ;
#6213 = DIRECTION ( 'NONE',  ( 0.0000000000000000000, 1.000000000000000000, 0.0000000000000000000 ) ) ;
#6214 = FILL_AREA_STYLE ('',( #10214 ) ) ;
#6215 = UNCERTAINTY_MEASURE_WITH_UNIT (LENGTH_MEASURE( 1.000000000000000100E-005 ), #3218, 'distance_accuracy_value', 'NONE');
#6216 = EDGE_LOOP ( 'NONE', ( #11886, #5271, #73, #1188 ) ) ;
#6217 = SURFACE_STYLE_USAGE ( .BOTH. , #12094 ) ;
#6218 = DIRECTION ( 'NONE',  ( -1.000000000000000000, 0.0000000000000000000, -6.982962677686265900E-015 ) ) ;
#6219 = CARTESIAN_POINT ( 'NONE',  ( -0.05669291338582691700, 0.0000000000000000000, 0.0000000000000000000 ) ) ;
#6220 = DIRECTION ( 'NONE',  ( 0.0000000000000000000, 1.000000000000000000, 0.0000000000000000000 ) ) ;
#6221 = DIRECTION ( 'NONE',  ( -1.000000000000000000, -0.0000000000000000000, 0.0000000000000000000 ) ) ;
#6222 = STYLED_ITEM ( 'NONE', ( #2847 ), #1055 ) ;
#6223 = COLOUR_RGB ( '',0.9686274509803921600, 0.8784313725490196000, 0.5999999999999999800 ) ;
#6224 = DIRECTION ( 'NONE',  ( 0.0000000000000000000, 1.000000000000000000, 0.0000000000000000000 ) ) ;
#6225 = ADVANCED_FACE ( 'NONE', ( #11952 ), #5092, .F. ) ;
#6226 = UNCERTAINTY_MEASURE_WITH_UNIT (LENGTH_MEASURE( 1.000000000000000100E-005 ), #12584, 'distance_accuracy_value', 'NONE');
#6227 = SURFACE_STYLE_USAGE ( .BOTH. , #12115 ) ;
#6228 = FILL_AREA_STYLE ('',( #5247 ) ) ;
#6229 =( LENGTH_UNIT ( ) NAMED_UNIT ( * ) SI_UNIT ( $, .METRE. ) );
#6230 = ADVANCED_FACE ( 'NONE', ( #5501 ), #11997, .F. ) ;
#6231 =( CONVERSION_BASED_UNIT ( 'INCH', #9862 ) LENGTH_UNIT ( ) NAMED_UNIT ( #1755 ) );
#6232 = PRESENTATION_STYLE_ASSIGNMENT (( #12332 ) ) ;
#6233 = EDGE_LOOP ( 'NONE', ( #1891, #5994, #1329, #7242 ) ) ;
#6234 = SURFACE_STYLE_FILL_AREA ( #2376 ) ;
#6235 = STYLED_ITEM ( 'NONE', ( #9364 ), #8205 ) ;
#6236 =( NAMED_UNIT ( * ) PLANE_ANGLE_UNIT ( ) SI_UNIT ( $, .RADIAN. ) );
#6237 = PRESENTATION_LAYER_ASSIGNMENT (  '', '', ( #4934 ) ) ;
#6238 = FILL_AREA_STYLE ('',( #12124 ) ) ;
#6239 = VECTOR ( 'NONE', #2162, 39.37007874015748100 ) ;
#6240 = DIRECTION ( 'NONE',  ( -0.0000000000000000000, -1.000000000000000000, -0.0000000000000000000 ) ) ;
#6241 = PRESENTATION_LAYER_ASSIGNMENT (  '', '', ( #5595 ) ) ;
#6242 = EDGE_LOOP ( 'NONE', ( #8217, #5421, #1190, #543 ) ) ;
#6243 = CARTESIAN_POINT ( 'NONE',  ( -0.05669291338582684700, 0.001181102362204723300, 0.01476377952755886400 ) ) ;
#6244 = VERTEX_POINT ( 'NONE', #1271 ) ;
#6245 =( NAMED_UNIT ( * ) SI_UNIT ( $, .STERADIAN. ) SOLID_ANGLE_UNIT ( ) );
#6246 = EDGE_CURVE ( 'NONE', #7707, #1903, #6856, .T. ) ;
#6247 = FACE_OUTER_BOUND ( 'NONE', #2391, .T. ) ;
#6248 = CARTESIAN_POINT ( 'NONE',  ( 0.01476377952755907100, 0.004133858267716536200, 0.0000000000000000000 ) ) ;
#6249 = LENGTH_MEASURE_WITH_UNIT ( LENGTH_MEASURE( 0.02539999999999999900 ), #10413 );
#6250 = FACE_OUTER_BOUND ( 'NONE', #8413, .T. ) ;
#6251 = UNCERTAINTY_MEASURE_WITH_UNIT (LENGTH_MEASURE( 1.000000000000000100E-005 ), #1542, 'distance_accuracy_value', 'NONE');
#6252 = SURFACE_STYLE_FILL_AREA ( #1718 ) ;
#6253 = FILL_AREA_STYLE_COLOUR ( '', #6703 ) ;
#6254 = COLOUR_RGB ( '',0.3529411764705882000, 0.3529411764705882000, 0.3529411764705882000 ) ;
#6255 = STYLED_ITEM ( 'NONE', ( #2292 ), #3360 ) ;
#6256 = STYLED_ITEM ( 'NONE', ( #2470 ), #9361 ) ;
#6257 = FILL_AREA_STYLE ('',( #5226 ) ) ;
#6258 =( LENGTH_UNIT ( ) NAMED_UNIT ( * ) SI_UNIT ( $, .METRE. ) );
#6259 = DIRECTION ( 'NONE',  ( -3.387117655531990400E-014, 0.0000000000000000000, 1.000000000000000000 ) ) ;
#6260 = FILL_AREA_STYLE_COLOUR ( '', #10471 ) ;
#6261 = CARTESIAN_POINT ( 'NONE',  ( -0.04291338582677154500, 0.007204724409448820400, -0.03444881889763795600 ) ) ;
#6262 = FACE_OUTER_BOUND ( 'NONE', #2985, .T. ) ;
#6263 = CARTESIAN_POINT ( 'NONE',  ( -0.05669291338582568100, 0.001181102362204723500, -0.02460629921260100800 ) ) ;
#6264 = DIRECTION ( 'NONE',  ( 1.309156885088692300E-017, 0.0000000000000000000, -1.000000000000000000 ) ) ;
#6265 = LENGTH_MEASURE_WITH_UNIT ( LENGTH_MEASURE( 0.02539999999999999900 ), #11472 );
#6266 = LENGTH_MEASURE_WITH_UNIT ( LENGTH_MEASURE( 0.02539999999999999900 ), #4552 );
#6267 = EDGE_CURVE ( 'NONE', #3734, #10053, #4274, .T. ) ;
#6268 =( NAMED_UNIT ( * ) SI_UNIT ( $, .STERADIAN. ) SOLID_ANGLE_UNIT ( ) );
#6269 = COLOUR_RGB ( '',0.9686274509803921600, 0.8784313725490196000, 0.5999999999999999800 ) ;
#6270 =( LENGTH_UNIT ( ) NAMED_UNIT ( * ) SI_UNIT ( $, .METRE. ) );
#6271 = LINE ( 'NONE', #5620, #8870 ) ;
#6272 = ORIENTED_EDGE ( 'NONE', *, *, #5947, .F. ) ;
#6273 = VECTOR ( 'NONE', #11628, 39.37007874015748100 ) ;
#6274 = ORIENTED_EDGE ( 'NONE', *, *, #1140, .F. ) ;
#6275 = PRESENTATION_LAYER_ASSIGNMENT (  '', '', ( #4964 ) ) ;
#6276 = LENGTH_MEASURE_WITH_UNIT ( LENGTH_MEASURE( 0.02539999999999999900 ), #11878 );
#6277 = LENGTH_MEASURE_WITH_UNIT ( LENGTH_MEASURE( 0.02539999999999999900 ), #4396 );
#6278 = PRESENTATION_LAYER_ASSIGNMENT (  '', '', ( #5627 ) ) ;
#6279 = LENGTH_MEASURE_WITH_UNIT ( LENGTH_MEASURE( 0.02539999999999999900 ), #9236 );
#6280 = PLANE ( 'NONE',  #5995 ) ;
#6281 = CARTESIAN_POINT ( 'NONE',  ( 0.05669291338582695800, 0.007204724409448820400, 0.04429133858267697600 ) ) ;
#6282 = LINE ( 'NONE', #12043, #8252 ) ;
#6283 =( LENGTH_UNIT ( ) NAMED_UNIT ( * ) SI_UNIT ( $, .METRE. ) );
#6284 = ORIENTED_EDGE ( 'NONE', *, *, #4105, .T. ) ;
#6285 = CARTESIAN_POINT ( 'NONE',  ( -0.01476377952755906200, 0.0000000000000000000, 0.04291338582677167000 ) ) ;
#6286 = CARTESIAN_POINT ( 'NONE',  ( -0.04291338582677168400, 0.004133858267716536200, 0.0000000000000000000 ) ) ;
#6287 = EDGE_CURVE ( 'NONE', #6589, #9894, #9508, .T. ) ;
#6288 = FACE_OUTER_BOUND ( 'NONE', #8794, .T. ) ;
#6289 = LINE ( 'NONE', #11580, #10884 ) ;
#6290 = PRESENTATION_STYLE_ASSIGNMENT (( #828 ) ) ;
#6291 = DIRECTION ( 'NONE',  ( -1.023927538563894400E-013, 0.0000000000000000000, 1.000000000000000000 ) ) ;
#6292 = STYLED_ITEM ( 'NONE', ( #1859 ), #6983 ) ;
#6293 =( NAMED_UNIT ( * ) SI_UNIT ( $, .STERADIAN. ) SOLID_ANGLE_UNIT ( ) );
#6294 = AXIS2_PLACEMENT_3D ( 'NONE', #4730, #11574, #5703 ) ;
#6295 = ADVANCED_FACE ( 'NONE', ( #9185 ), #11093, .F. ) ;
#6296 = VERTEX_POINT ( 'NONE', #7165 ) ;
#6297 = VECTOR ( 'NONE', #1369, 39.37007874015748100 ) ;
#6298 = LINE ( 'NONE', #391, #4006 ) ;
#6299 = SURFACE_STYLE_FILL_AREA ( #6864 ) ;
#6300 = ADVANCED_FACE ( 'NONE', ( #5341 ), #9336, .T. ) ;
#6301 = CARTESIAN_POINT ( 'NONE',  ( -0.05905511811023581000, 0.001181102362204723300, -0.05905511811023662200 ) ) ;
#6302 = EDGE_CURVE ( 'NONE', #11724, #11186, #4429, .T. ) ;
#6303 = AXIS2_PLACEMENT_3D ( 'NONE', #2283, #9131, #3279 ) ;
#6304 = ORIENTED_EDGE ( 'NONE', *, *, #4887, .T. ) ;
#6305 = SURFACE_STYLE_USAGE ( .BOTH. , #12181 ) ;
#6306 = FILL_AREA_STYLE_COLOUR ( '', #9833 ) ;
#6307 = SURFACE_STYLE_USAGE ( .BOTH. , #12186 ) ;
#6308 = UNCERTAINTY_MEASURE_WITH_UNIT (LENGTH_MEASURE( 1.000000000000000100E-005 ), #9217, 'distance_accuracy_value', 'NONE');
#6309 =( NAMED_UNIT ( * ) SI_UNIT ( $, .STERADIAN. ) SOLID_ANGLE_UNIT ( ) );
#6310 =( CONVERSION_BASED_UNIT ( 'INCH', #99 ) LENGTH_UNIT ( ) NAMED_UNIT ( #2481 ) );
#6311 = PRESENTATION_STYLE_ASSIGNMENT (( #4952 ) ) ;
#6312 =( NAMED_UNIT ( * ) PLANE_ANGLE_UNIT ( ) SI_UNIT ( $, .RADIAN. ) );
#6313 = DIMENSIONAL_EXPONENTS ( 1.000000000000000000, 0.0000000000000000000, 0.0000000000000000000, 0.0000000000000000000, 0.0000000000000000000, 0.0000000000000000000, 0.0000000000000000000 ) ;
#6314 = CARTESIAN_POINT ( 'NONE',  ( -0.05669291338582663900, 0.0000000000000000000, -0.04429133858267735700 ) ) ;
#6315 = STYLED_ITEM ( 'NONE', ( #10667 ), #7809 ) ;
#6316 = AXIS2_PLACEMENT_3D ( 'NONE', #10098, #4226, #11078 ) ;
#6317 = ORIENTED_EDGE ( 'NONE', *, *, #3835, .F. ) ;
#6318 = PRESENTATION_LAYER_ASSIGNMENT (  '', '', ( #5673 ) ) ;
#6319 = DIRECTION ( 'NONE',  ( 0.0000000000000000000, -0.0000000000000000000, -1.000000000000000000 ) ) ;
#6320 =( NAMED_UNIT ( * ) SI_UNIT ( $, .STERADIAN. ) SOLID_ANGLE_UNIT ( ) );
#6321 = LINE ( 'NONE', #6941, #6010 ) ;
#6322 = EDGE_CURVE ( 'NONE', #4961, #12092, #3050, .T. ) ;
#6323 = VECTOR ( 'NONE', #2949, 39.37007874015748100 ) ;
#6324 = VECTOR ( 'NONE', #7856, 39.37007874015748100 ) ;
#6325 = SURFACE_STYLE_USAGE ( .BOTH. , #12206 ) ;
#6326 = CARTESIAN_POINT ( 'NONE',  ( 0.04291338582677168400, -0.01693371115559762200, 0.004921259842522252400 ) ) ;
#6327 = PLANE ( 'NONE',  #3825 ) ;
#6328 = DIMENSIONAL_EXPONENTS ( 1.000000000000000000, 0.0000000000000000000, 0.0000000000000000000, 0.0000000000000000000, 0.0000000000000000000, 0.0000000000000000000, 0.0000000000000000000 ) ;
#6329 = CARTESIAN_POINT ( 'NONE',  ( 0.0000000000000000000, 0.0000000000000000000, 0.0000000000000000000 ) ) ;
#6330 =( NAMED_UNIT ( * ) PLANE_ANGLE_UNIT ( ) SI_UNIT ( $, .RADIAN. ) );
#6331 = STYLED_ITEM ( 'NONE', ( #11832 ), #2958 ) ;
#6332 = STYLED_ITEM ( 'NONE', ( #9776 ), #8947 ) ;
#6333 = ORIENTED_EDGE ( 'NONE', *, *, #1861, .F. ) ;
#6334 = VERTEX_POINT ( 'NONE', #6337 ) ;
#6335 = CARTESIAN_POINT ( 'NONE',  ( 0.01476377952755936400, -0.01693371115559762200, -0.04291338582677155900 ) ) ;
#6336 = VECTOR ( 'NONE', #1884, 39.37007874015748100 ) ;
#6337 = CARTESIAN_POINT ( 'NONE',  ( -0.02460629921260100800, 0.004133858267716536200, 0.05669291338582569500 ) ) ;
#6338 = ORIENTED_EDGE ( 'NONE', *, *, #9582, .T. ) ;
#6339 = COLOUR_RGB ( '',0.3529411764705882000, 0.3529411764705882000, 0.3529411764705882000 ) ;
#6340 = DIRECTION ( 'NONE',  ( 1.000000000000000000, -0.0000000000000000000, 7.602506776249411700E-015 ) ) ;
#6341 = PLANE ( 'NONE',  #4306 ) ;
#6342 = CARTESIAN_POINT ( 'NONE',  ( -0.02460629921260102500, 0.0000000000000000000, 0.05905511811023600500 ) ) ;
#6343 = VERTEX_POINT ( 'NONE', #3396 ) ;
#6344 = VERTEX_POINT ( 'NONE', #12218 ) ;
#6345 = FILL_AREA_STYLE ('',( #9264 ) ) ;
#6346 = ORIENTED_EDGE ( 'NONE', *, *, #9849, .T. ) ;
#6347 = VERTEX_POINT ( 'NONE', #5347 ) ;
#6348 = ORIENTED_EDGE ( 'NONE', *, *, #9517, .T. ) ;
#6349 = PLANE ( 'NONE',  #5241 ) ;
#6350 = SURFACE_SIDE_STYLE ('',( #1775 ) ) ;
#6351 = PRESENTATION_LAYER_ASSIGNMENT (  '', '', ( #5030 ) ) ;
#6352 =( NAMED_UNIT ( * ) PLANE_ANGLE_UNIT ( ) SI_UNIT ( $, .RADIAN. ) );
#6353 = PLANE ( 'NONE',  #3745 ) ;
#6354 = ADVANCED_FACE ( 'NONE', ( #11941 ), #501, .T. ) ;
#6355 = ORIENTED_EDGE ( 'NONE', *, *, #694, .T. ) ;
#6356 = CARTESIAN_POINT ( 'NONE',  ( -0.04291338582677133000, 0.007204724409448820400, -0.02460629921260098400 ) ) ;
#6357 = ORIENTED_EDGE ( 'NONE', *, *, #2419, .T. ) ;
#6358 = EDGE_CURVE ( 'NONE', #2466, #552, #8067, .T. ) ;
#6359 = UNCERTAINTY_MEASURE_WITH_UNIT (LENGTH_MEASURE( 1.000000000000000100E-005 ), #4474, 'distance_accuracy_value', 'NONE');
#6360 = ORIENTED_EDGE ( 'NONE', *, *, #2016, .F. ) ;
#6361 = COLOUR_RGB ( '',0.2509803921568627400, 0.2509803921568627400, 0.2509803921568627400 ) ;
#6362 = DIRECTION ( 'NONE',  ( 0.0000000000000000000, 1.000000000000000000, 0.0000000000000000000 ) ) ;
#6363 = PRESENTATION_STYLE_ASSIGNMENT (( #7641 ) ) ;
#6364 = LINE ( 'NONE', #11172, #6052 ) ;
#6365 = ADVANCED_FACE ( 'NONE', ( #5491 ), #3480, .F. ) ;
#6366 = FILL_AREA_STYLE ('',( #7323 ) ) ;
#6367 = SURFACE_SIDE_STYLE ('',( #10071 ) ) ;
#6368 = SURFACE_SIDE_STYLE ('',( #12354 ) ) ;
#6369 = STYLED_ITEM ( 'NONE', ( #9186 ), #6489 ) ;
#6370 = VERTEX_POINT ( 'NONE', #9342 ) ;
#6371 = FILL_AREA_STYLE_COLOUR ( '', #9520 ) ;
#6372 = MECHANICAL_DESIGN_GEOMETRIC_PRESENTATION_REPRESENTATION (  '', ( #4405 ), #6994 ) ;
#6373 = DIRECTION ( 'NONE',  ( -0.0000000000000000000, -1.000000000000000000, -0.0000000000000000000 ) ) ;
#6374 = FILL_AREA_STYLE ('',( #6576 ) ) ;
#6375 = ORIENTED_EDGE ( 'NONE', *, *, #11921, .F. ) ;
#6376 = CARTESIAN_POINT ( 'NONE',  ( 0.004921259842519684100, 0.0000000000000000000, 0.05669291338582667400 ) ) ;
#6377 = VECTOR ( 'NONE', #11485, 39.37007874015748100 ) ;
#6378 = CARTESIAN_POINT ( 'NONE',  ( 0.0000000000000000000, 0.001181102362204724400, 0.0000000000000000000 ) ) ;
#6379 = EDGE_CURVE ( 'NONE', #9707, #1165, #7014, .T. ) ;
#6380 = EDGE_CURVE ( 'NONE', #4081, #806, #1853, .T. ) ;
#6381 = FILL_AREA_STYLE_COLOUR ( '', #12013 ) ;
#6382 = ORIENTED_EDGE ( 'NONE', *, *, #3412, .F. ) ;
#6383 = ORIENTED_EDGE ( 'NONE', *, *, #12559, .F. ) ;
#6384 = DIRECTION ( 'NONE',  ( 0.0000000000000000000, 1.000000000000000000, 0.0000000000000000000 ) ) ;
#6385 =( CONVERSION_BASED_UNIT ( 'INCH', #11452 ) LENGTH_UNIT ( ) NAMED_UNIT ( #5591 ) );
#6386 = CARTESIAN_POINT ( 'NONE',  ( 0.0000000000000000000, 0.0000000000000000000, 0.0000000000000000000 ) ) ;
#6387 = LENGTH_MEASURE_WITH_UNIT ( LENGTH_MEASURE( 0.02539999999999999900 ), #4292 );
#6388 = CARTESIAN_POINT ( 'NONE',  ( 0.0000000000000000000, 0.007204724409448820400, 0.0000000000000000000 ) ) ;
#6389 = STYLED_ITEM ( 'NONE', ( #3676 ), #7361 ) ;
#6390 = CARTESIAN_POINT ( 'NONE',  ( -0.04291338582677159400, 0.0000000000000000000, -0.01476377952755923500 ) ) ;
#6391 = DIRECTION ( 'NONE',  ( 1.000000000000000000, -0.0000000000000000000, 6.982962677686265900E-015 ) ) ;
#6392 =( LENGTH_UNIT ( ) NAMED_UNIT ( * ) SI_UNIT ( $, .METRE. ) );
#6393 = EDGE_CURVE ( 'NONE', #4341, #11888, #4448, .T. ) ;
#6394 = VECTOR ( 'NONE', #7239, 39.37007874015748100 ) ;
#6395 = CARTESIAN_POINT ( 'NONE',  ( 0.02460629921260023800, 0.001181102362204724400, 0.0000000000000000000 ) ) ;
#6396 = PRESENTATION_STYLE_ASSIGNMENT (( #1780 ) ) ;
#6397 = LINE ( 'NONE', #7862, #3819 ) ;
#6398 =( NAMED_UNIT ( * ) PLANE_ANGLE_UNIT ( ) SI_UNIT ( $, .RADIAN. ) );
#6399 = LINE ( 'NONE', #10781, #8705 ) ;
#6400 = CARTESIAN_POINT ( 'NONE',  ( -0.01476377952755906200, 0.007204724409448820400, 0.04291338582677167000 ) ) ;
#6401 = SURFACE_SIDE_STYLE ('',( #10571 ) ) ;
#6402 = DIRECTION ( 'NONE',  ( 0.0000000000000000000, 1.000000000000000000, 0.0000000000000000000 ) ) ;
#6403 = PRESENTATION_LAYER_ASSIGNMENT (  '', '', ( #5756 ) ) ;
#6404 = PRESENTATION_LAYER_ASSIGNMENT (  '', '', ( #5089 ) ) ;
#6405 = STYLED_ITEM ( 'NONE', ( #11874 ), #10788 ) ;
#6406 = CARTESIAN_POINT ( 'NONE',  ( -0.04291338582677181600, 0.007204724409448820400, 0.04429133858267702400 ) ) ;
#6407 = SURFACE_STYLE_FILL_AREA ( #3810 ) ;
#6408 = LINE ( 'NONE', #9369, #11323 ) ;
#6409 = VECTOR ( 'NONE', #4668, 39.37007874015748100 ) ;
#6410 = CARTESIAN_POINT ( 'NONE',  ( -0.04291338582677181600, 0.004133858267716536200, 0.0000000000000000000 ) ) ;
#6411 = SURFACE_SIDE_STYLE ('',( #7743 ) ) ;
#6412 = VECTOR ( 'NONE', #1769, 39.37007874015748100 ) ;
#6413 = DIRECTION ( 'NONE',  ( 0.0000000000000000000, 1.000000000000000000, 0.0000000000000000000 ) ) ;
#6414 = ORIENTED_EDGE ( 'NONE', *, *, #4677, .T. ) ;
#6415 =( CONVERSION_BASED_UNIT ( 'INCH', #7639 ) LENGTH_UNIT ( ) NAMED_UNIT ( #6313 ) );
#6416 = UNCERTAINTY_MEASURE_WITH_UNIT (LENGTH_MEASURE( 1.000000000000000100E-005 ), #365, 'distance_accuracy_value', 'NONE');
#6417 = COLOUR_RGB ( '',0.9686274509803921600, 0.8784313725490196000, 0.5999999999999999800 ) ;
#6418 =( NAMED_UNIT ( * ) SI_UNIT ( $, .STERADIAN. ) SOLID_ANGLE_UNIT ( ) );
#6419 = COLOUR_RGB ( '',0.3529411764705882000, 0.3529411764705882000, 0.3529411764705882000 ) ;
#6420 = ADVANCED_FACE ( 'NONE', ( #6731 ), #9428, .F. ) ;
#6421 =( LENGTH_UNIT ( ) NAMED_UNIT ( * ) SI_UNIT ( $, .METRE. ) );
#6422 = VECTOR ( 'NONE', #3246, 39.37007874015748100 ) ;
#6423 = PRESENTATION_STYLE_ASSIGNMENT (( #9030 ) ) ;
#6424 = ORIENTED_EDGE ( 'NONE', *, *, #12134, .F. ) ;
#6425 = VERTEX_POINT ( 'NONE', #7419 ) ;
#6426 = STYLED_ITEM ( 'NONE', ( #8135 ), #11896 ) ;
#6427 = ADVANCED_FACE ( 'NONE', ( #8087 ), #3482, .F. ) ;
#6428 =( NAMED_UNIT ( * ) SI_UNIT ( $, .STERADIAN. ) SOLID_ANGLE_UNIT ( ) );
#6429 =( LENGTH_UNIT ( ) NAMED_UNIT ( * ) SI_UNIT ( $, .METRE. ) );
#6430 = SURFACE_STYLE_FILL_AREA ( #207 ) ;
#6431 = SURFACE_SIDE_STYLE ('',( #2410 ) ) ;
#6432 = FILL_AREA_STYLE_COLOUR ( '', #922 ) ;
#6433 = VERTEX_POINT ( 'NONE', #7383 ) ;
#6434 = FILL_AREA_STYLE_COLOUR ( '', #10340 ) ;
#6435 = LINE ( 'NONE', #4662, #1249 ) ;
#6436 = VERTEX_POINT ( 'NONE', #3526 ) ;
#6437 = LENGTH_MEASURE_WITH_UNIT ( LENGTH_MEASURE( 0.02539999999999999900 ), #6229 );
#6438 = EDGE_CURVE ( 'NONE', #3628, #3734, #9512, .T. ) ;
#6439 = SURFACE_STYLE_USAGE ( .BOTH. , #12322 ) ;
#6440 = DIMENSIONAL_EXPONENTS ( 1.000000000000000000, 0.0000000000000000000, 0.0000000000000000000, 0.0000000000000000000, 0.0000000000000000000, 0.0000000000000000000, 0.0000000000000000000 ) ;
#6441 =( LENGTH_UNIT ( ) NAMED_UNIT ( * ) SI_UNIT ( $, .METRE. ) );
#6442 = CARTESIAN_POINT ( 'NONE',  ( 0.0000000000000000000, 0.001181102362204724400, -0.05669291338582690300 ) ) ;
#6443 = LINE ( 'NONE', #10220, #1263 ) ;
#6444 = COLOUR_RGB ( '',0.3529411764705882000, 0.3529411764705882000, 0.3529411764705882000 ) ;
#6445 = COLOUR_RGB ( '',0.9686274509803921600, 0.8784313725490196000, 0.5999999999999999800 ) ;
#6446 = FILL_AREA_STYLE_COLOUR ( '', #760 ) ;
#6447 = FACE_OUTER_BOUND ( 'NONE', #2329, .T. ) ;
#6448 = LENGTH_MEASURE_WITH_UNIT ( LENGTH_MEASURE( 0.02539999999999999900 ), #5975 );
#6449 =( LENGTH_UNIT ( ) NAMED_UNIT ( * ) SI_UNIT ( $, .METRE. ) );
#6450 = DIRECTION ( 'NONE',  ( -0.0000000000000000000, -1.000000000000000000, -0.0000000000000000000 ) ) ;
#6451 = CARTESIAN_POINT ( 'NONE',  ( 0.0000000000000000000, 0.004133858267716536200, -0.03444881889763796300 ) ) ;
#6452 = EDGE_CURVE ( 'NONE', #10291, #2088, #6859, .T. ) ;
#6453 = DIMENSIONAL_EXPONENTS ( 1.000000000000000000, 0.0000000000000000000, 0.0000000000000000000, 0.0000000000000000000, 0.0000000000000000000, 0.0000000000000000000, 0.0000000000000000000 ) ;
#6454 =( LENGTH_UNIT ( ) NAMED_UNIT ( * ) SI_UNIT ( $, .METRE. ) );
#6455 = FACE_OUTER_BOUND ( 'NONE', #8723, .T. ) ;
#6456 = CARTESIAN_POINT ( 'NONE',  ( 0.0000000000000000000, 0.0000000000000000000, -0.03444881889763801200 ) ) ;
#6457 = VECTOR ( 'NONE', #4130, 39.37007874015748100 ) ;
#6458 = SURFACE_STYLE_FILL_AREA ( #11659 ) ;
#6459 = CARTESIAN_POINT ( 'NONE',  ( 0.05669291338582670800, 0.007204724409448820400, -0.02460629921259862800 ) ) ;
#6460 = CARTESIAN_POINT ( 'NONE',  ( -0.02272557806252456900, 0.003937007874015748000, -0.01091455444047755700 ) ) ;
#6461 = STYLED_ITEM ( 'NONE', ( #5829 ), #6038 ) ;
#6462 = ORIENTED_EDGE ( 'NONE', *, *, #6901, .T. ) ;
#6463 = PLANE ( 'NONE',  #10964 ) ;
#6464 = VERTEX_POINT ( 'NONE', #643 ) ;
#6465 = ORIENTED_EDGE ( 'NONE', *, *, #2693, .T. ) ;
#6466 = SURFACE_STYLE_USAGE ( .BOTH. , #12347 ) ;
#6467 = EDGE_LOOP ( 'NONE', ( #9277, #2431, #11282, #7257 ) ) ;
#6468 = EDGE_LOOP ( 'NONE', ( #4537, #3594, #5069, #412 ) ) ;
#6469 =( CONVERSION_BASED_UNIT ( 'INCH', #4091 ) LENGTH_UNIT ( ) NAMED_UNIT ( #7745 ) );
#6470 = DIRECTION ( 'NONE',  ( 0.0000000000000000000, 0.0000000000000000000, 1.000000000000000000 ) ) ;
#6471 = DIRECTION ( 'NONE',  ( 1.000000000000000000, 0.0000000000000000000, -0.0000000000000000000 ) ) ;
#6472 = STYLED_ITEM ( 'NONE', ( #6979 ), #329 ) ;
#6473 =( GEOMETRIC_REPRESENTATION_CONTEXT ( 3 ) GLOBAL_UNCERTAINTY_ASSIGNED_CONTEXT ( ( #3375 ) ) GLOBAL_UNIT_ASSIGNED_CONTEXT ( ( #1756, #8591, #8285 ) ) REPRESENTATION_CONTEXT ( 'NONE', 'WORKASPACE' ) );
#6474 = DIRECTION ( 'NONE',  ( -1.000000000000000000, -0.0000000000000000000, 3.549286997887197300E-015 ) ) ;
#6475 = CARTESIAN_POINT ( 'NONE',  ( 0.01476377952755906200, 0.007204724409448820400, 0.05669291338582680600 ) ) ;
#6476 = DIRECTION ( 'NONE',  ( -7.602506776249411700E-015, 0.0000000000000000000, 1.000000000000000000 ) ) ;
#6477 = FILL_AREA_STYLE_COLOUR ( '', #1616 ) ;
#6478 = DIRECTION ( 'NONE',  ( 1.000000000000000000, -0.0000000000000000000, 1.309156885088692300E-017 ) ) ;
#6479 = FILL_AREA_STYLE_COLOUR ( '', #2003 ) ;
#6480 = ORIENTED_EDGE ( 'NONE', *, *, #7310, .F. ) ;
#6481 = DIRECTION ( 'NONE',  ( -1.000000000000000000, 0.0000000000000000000, -6.838402388021533300E-015 ) ) ;
#6482 = FACE_OUTER_BOUND ( 'NONE', #11126, .T. ) ;
#6483 = DIRECTION ( 'NONE',  ( 0.0000000000000000000, 1.000000000000000000, 0.0000000000000000000 ) ) ;
#6484 =( LENGTH_UNIT ( ) NAMED_UNIT ( * ) SI_UNIT ( $, .METRE. ) );
#6485 = DIMENSIONAL_EXPONENTS ( 1.000000000000000000, 0.0000000000000000000, 0.0000000000000000000, 0.0000000000000000000, 0.0000000000000000000, 0.0000000000000000000, 0.0000000000000000000 ) ;
#6486 =( NAMED_UNIT ( * ) SI_UNIT ( $, .STERADIAN. ) SOLID_ANGLE_UNIT ( ) );
#6487 = DIRECTION ( 'NONE',  ( -0.0000000000000000000, -1.000000000000000000, -0.0000000000000000000 ) ) ;
#6488 = SURFACE_SIDE_STYLE ('',( #1847 ) ) ;
#6489 = ADVANCED_FACE ( 'NONE', ( #12103 ), #6463, .F. ) ;
#6490 = DIRECTION ( 'NONE',  ( -1.000000000000000000, 0.0000000000000000000, -1.075969242843166600E-013 ) ) ;
#6491 = SURFACE_STYLE_USAGE ( .BOTH. , #12380 ) ;
#6492 = DIRECTION ( 'NONE',  ( 6.982962677686265900E-015, 0.0000000000000000000, -1.000000000000000000 ) ) ;
#6493 = ORIENTED_EDGE ( 'NONE', *, *, #9746, .F. ) ;
#6494 = EDGE_LOOP ( 'NONE', ( #5146, #2023, #572, #5817 ) ) ;
#6495 = LINE ( 'NONE', #8602, #11711 ) ;
#6496 = SURFACE_STYLE_USAGE ( .BOTH. , #12382 ) ;
#6497 = EDGE_LOOP ( 'NONE', ( #10367, #340, #12426, #11405 ) ) ;
#6498 =( NAMED_UNIT ( * ) SI_UNIT ( $, .STERADIAN. ) SOLID_ANGLE_UNIT ( ) );
#6499 = ORIENTED_EDGE ( 'NONE', *, *, #1871, .T. ) ;
#6500 =( GEOMETRIC_REPRESENTATION_CONTEXT ( 3 ) GLOBAL_UNCERTAINTY_ASSIGNED_CONTEXT ( ( #7533 ) ) GLOBAL_UNIT_ASSIGNED_CONTEXT ( ( #4498, #11358, #5470 ) ) REPRESENTATION_CONTEXT ( 'NONE', 'WORKASPACE' ) );
#6501 =( NAMED_UNIT ( * ) SI_UNIT ( $, .STERADIAN. ) SOLID_ANGLE_UNIT ( ) );
#6502 = DIRECTION ( 'NONE',  ( -0.0000000000000000000, 0.0000000000000000000, -1.000000000000000000 ) ) ;
#6503 = ORIENTED_EDGE ( 'NONE', *, *, #5675, .F. ) ;
#6504 = LINE ( 'NONE', #1089, #8807 ) ;
#6505 = CARTESIAN_POINT ( 'NONE',  ( 0.0000000000000000000, 0.001181102362204724400, 0.04291338582677166300 ) ) ;
#6506 = EDGE_CURVE ( 'NONE', #11061, #8031, #5657, .T. ) ;
#6507 = CARTESIAN_POINT ( 'NONE',  ( 0.01476377952755936400, 0.007204724409448820400, -0.04291338582677155900 ) ) ;
#6508 = FILL_AREA_STYLE ('',( #11408 ) ) ;
#6509 = ORIENTED_EDGE ( 'NONE', *, *, #6619, .T. ) ;
#6510 = DIRECTION ( 'NONE',  ( 0.0000000000000000000, -0.0000000000000000000, 1.000000000000000000 ) ) ;
#6511 = DIRECTION ( 'NONE',  ( -1.000000000000000000, 0.0000000000000000000, 3.471843985566803400E-015 ) ) ;
#6512 = UNCERTAINTY_MEASURE_WITH_UNIT (LENGTH_MEASURE( 1.000000000000000100E-005 ), #3381, 'distance_accuracy_value', 'NONE');
#6513 = COLOUR_RGB ( '',0.3529411764705882000, 0.3529411764705882000, 0.3529411764705882000 ) ;
#6514 = CARTESIAN_POINT ( 'NONE',  ( 0.04291338582677133000, 0.0000000000000000000, 0.02460629921260094900 ) ) ;
#6515 = LINE ( 'NONE', #9206, #9118 ) ;
#6516 = AXIS2_PLACEMENT_3D ( 'NONE', #10069, #4204, #11053 ) ;
#6517 = EDGE_LOOP ( 'NONE', ( #11018, #10497, #4751, #11640 ) ) ;
#6518 = FACE_OUTER_BOUND ( 'NONE', #10902, .T. ) ;
#6519 = PLANE ( 'NONE',  #11615 ) ;
#6520 = CLOSED_SHELL ( 'NONE', ( #8610, #3226, #92, #4773, #3085, #3098 ) ) ;
#6521 = VECTOR ( 'NONE', #10670, 39.37007874015748100 ) ;
#6522 = LINE ( 'NONE', #9016, #11743 ) ;
#6523 = LINE ( 'NONE', #11719, #114 ) ;
#6524 =( NAMED_UNIT ( * ) SI_UNIT ( $, .STERADIAN. ) SOLID_ANGLE_UNIT ( ) );
#6525 = VECTOR ( 'NONE', #3673, 39.37007874015748100 ) ;
#6526 = DIRECTION ( 'NONE',  ( -0.0000000000000000000, -1.000000000000000000, -0.0000000000000000000 ) ) ;
#6527 = EDGE_CURVE ( 'NONE', #10598, #8778, #473, .T. ) ;
#6528 = UNCERTAINTY_MEASURE_WITH_UNIT (LENGTH_MEASURE( 1.000000000000000100E-005 ), #8189, 'distance_accuracy_value', 'NONE');
#6529 = DIRECTION ( 'NONE',  ( 1.000000000000000000, -0.0000000000000000000, 4.195014234152112900E-015 ) ) ;
#6530 = PRESENTATION_STYLE_ASSIGNMENT (( #4542 ) ) ;
#6531 = FILL_AREA_STYLE_COLOUR ( '', #6419 ) ;
#6532 = STYLED_ITEM ( 'NONE', ( #9167 ), #5533 ) ;
#6533 =( NAMED_UNIT ( * ) SI_UNIT ( $, .STERADIAN. ) SOLID_ANGLE_UNIT ( ) );
#6534 =( NAMED_UNIT ( * ) PLANE_ANGLE_UNIT ( ) SI_UNIT ( $, .RADIAN. ) );
#6535 = DIRECTION ( 'NONE',  ( -1.000000000000000000, -0.0000000000000000000, -0.0000000000000000000 ) ) ;
#6536 = FACE_OUTER_BOUND ( 'NONE', #10432, .T. ) ;
#6537 = EDGE_CURVE ( 'NONE', #1740, #8734, #3051, .T. ) ;
#6538 = VERTEX_POINT ( 'NONE', #11438 ) ;
#6539 = STYLED_ITEM ( 'NONE', ( #7839 ), #481 ) ;
#6540 = SURFACE_STYLE_USAGE ( .BOTH. , #12437 ) ;
#6541 = VECTOR ( 'NONE', #9955, 39.37007874015748100 ) ;
#6542 = LENGTH_MEASURE_WITH_UNIT ( LENGTH_MEASURE( 0.02539999999999999900 ), #4192 );
#6543 = EDGE_CURVE ( 'NONE', #5422, #10347, #5344, .T. ) ;
#6544 = VECTOR ( 'NONE', #11930, 39.37007874015748100 ) ;
#6545 = VERTEX_POINT ( 'NONE', #1690 ) ;
#6546 = COLOUR_RGB ( '',0.9686274509803921600, 0.8784313725490196000, 0.5999999999999999800 ) ;
#6547 = ORIENTED_EDGE ( 'NONE', *, *, #6958, .T. ) ;
#6548 = ORIENTED_EDGE ( 'NONE', *, *, #6543, .F. ) ;
#6549 =( NAMED_UNIT ( * ) PLANE_ANGLE_UNIT ( ) SI_UNIT ( $, .RADIAN. ) );
#6550 = ADVANCED_FACE ( 'NONE', ( #5034 ), #2660, .F. ) ;
#6551 =( NAMED_UNIT ( * ) SI_UNIT ( $, .STERADIAN. ) SOLID_ANGLE_UNIT ( ) );
#6552 = CARTESIAN_POINT ( 'NONE',  ( 0.01476377952755948000, 0.001181102362204724400, 0.0000000000000000000 ) ) ;
#6553 = PRESENTATION_STYLE_ASSIGNMENT (( #7104 ) ) ;
#6554 = SURFACE_SIDE_STYLE ('',( #5915 ) ) ;
#6555 = LINE ( 'NONE', #9759, #11479 ) ;
#6556 = MECHANICAL_DESIGN_GEOMETRIC_PRESENTATION_REPRESENTATION (  '', ( #4611 ), #7193 ) ;
#6557 = DIRECTION ( 'NONE',  ( 0.0000000000000000000, -0.0000000000000000000, -1.000000000000000000 ) ) ;
#6558 = FACE_OUTER_BOUND ( 'NONE', #9718, .T. ) ;
#6559 = LINE ( 'NONE', #9502, #3965 ) ;
#6560 = DIRECTION ( 'NONE',  ( 0.0000000000000000000, 1.000000000000000000, 0.0000000000000000000 ) ) ;
#6561 = CARTESIAN_POINT ( 'NONE',  ( 0.04291338582677166300, 0.001181102362204724200, 0.004921259842521829100 ) ) ;
#6562 =( NAMED_UNIT ( * ) SI_UNIT ( $, .STERADIAN. ) SOLID_ANGLE_UNIT ( ) );
#6563 = PRESENTATION_LAYER_ASSIGNMENT (  '', '', ( #5245 ) ) ;
#6564 = EDGE_CURVE ( 'NONE', #6031, #9884, #9011, .T. ) ;
#6565 = DIMENSIONAL_EXPONENTS ( 1.000000000000000000, 0.0000000000000000000, 0.0000000000000000000, 0.0000000000000000000, 0.0000000000000000000, 0.0000000000000000000, 0.0000000000000000000 ) ;
#6566 = ORIENTED_EDGE ( 'NONE', *, *, #3182, .F. ) ;
#6567 = DIRECTION ( 'NONE',  ( -7.602506776249411700E-015, -0.0000000000000000000, 1.000000000000000000 ) ) ;
#6568 = PRESENTATION_STYLE_ASSIGNMENT (( #1930 ) ) ;
#6569 = PLANE ( 'NONE',  #7917 ) ;
#6570 = PRESENTATION_STYLE_ASSIGNMENT (( #12142 ) ) ;
#6571 = VECTOR ( 'NONE', #1754, 39.37007874015748100 ) ;
#6572 =( NAMED_UNIT ( * ) PLANE_ANGLE_UNIT ( ) SI_UNIT ( $, .RADIAN. ) );
#6573 = DIRECTION ( 'NONE',  ( -1.000000000000000000, 0.0000000000000000000, -6.982962677686265900E-015 ) ) ;
#6574 = COLOUR_RGB ( '',0.9686274509803921600, 0.8784313725490196000, 0.5999999999999999800 ) ;
#6575 =( NAMED_UNIT ( * ) SI_UNIT ( $, .STERADIAN. ) SOLID_ANGLE_UNIT ( ) );
#6576 = FILL_AREA_STYLE_COLOUR ( '', #1641 ) ;
#6577 = CARTESIAN_POINT ( 'NONE',  ( -0.04494350380682998100, 0.02755905511811023600, -0.04494350380683059800 ) ) ;
#6578 =( GEOMETRIC_REPRESENTATION_CONTEXT ( 3 ) GLOBAL_UNCERTAINTY_ASSIGNED_CONTEXT ( ( #4891 ) ) GLOBAL_UNIT_ASSIGNED_CONTEXT ( ( #1932, #8786, #2926 ) ) REPRESENTATION_CONTEXT ( 'NONE', 'WORKASPACE' ) );
#6579 = DIMENSIONAL_EXPONENTS ( 1.000000000000000000, 0.0000000000000000000, 0.0000000000000000000, 0.0000000000000000000, 0.0000000000000000000, 0.0000000000000000000, 0.0000000000000000000 ) ;
#6580 = UNCERTAINTY_MEASURE_WITH_UNIT (LENGTH_MEASURE( 1.000000000000000100E-005 ), #343, 'distance_accuracy_value', 'NONE');
#6581 = ORIENTED_EDGE ( 'NONE', *, *, #8106, .F. ) ;
#6582 = VECTOR ( 'NONE', #10593, 39.37007874015748100 ) ;
#6583 = ORIENTED_EDGE ( 'NONE', *, *, #12063, .T. ) ;
#6584 = DIMENSIONAL_EXPONENTS ( 1.000000000000000000, 0.0000000000000000000, 0.0000000000000000000, 0.0000000000000000000, 0.0000000000000000000, 0.0000000000000000000, 0.0000000000000000000 ) ;
#6585 = LENGTH_MEASURE_WITH_UNIT ( LENGTH_MEASURE( 0.02539999999999999900 ), #4924 );
#6586 = PLANE ( 'NONE',  #10815 ) ;
#6587 = LENGTH_MEASURE_WITH_UNIT ( LENGTH_MEASURE( 0.02539999999999999900 ), #3006 );
#6588 = CARTESIAN_POINT ( 'NONE',  ( 0.02460629921259843400, 0.007204724409448820400, 0.05669291338582680600 ) ) ;
#6589 = VERTEX_POINT ( 'NONE', #9580 ) ;
#6590 = CARTESIAN_POINT ( 'NONE',  ( 0.04291338582677180200, 0.007204724409448820400, 0.04429133858267701700 ) ) ;
#6591 =( NAMED_UNIT ( * ) PLANE_ANGLE_UNIT ( ) SI_UNIT ( $, .RADIAN. ) );
#6592 =( NAMED_UNIT ( * ) SI_UNIT ( $, .STERADIAN. ) SOLID_ANGLE_UNIT ( ) );
#6593 = VECTOR ( 'NONE', #11984, 39.37007874015748100 ) ;
#6594 = PRESENTATION_LAYER_ASSIGNMENT (  '', '', ( #5277 ) ) ;
#6595 =( CONVERSION_BASED_UNIT ( 'INCH', #9145 ) LENGTH_UNIT ( ) NAMED_UNIT ( #10723 ) );
#6596 =( GEOMETRIC_REPRESENTATION_CONTEXT ( 3 ) GLOBAL_UNCERTAINTY_ASSIGNED_CONTEXT ( ( #7147 ) ) GLOBAL_UNIT_ASSIGNED_CONTEXT ( ( #12195, #6312, #474 ) ) REPRESENTATION_CONTEXT ( 'NONE', 'WORKASPACE' ) );
#6597 = SURFACE_STYLE_FILL_AREA ( #12541 ) ;
#6598 = DIRECTION ( 'NONE',  ( 0.0000000000000000000, 1.000000000000000000, -0.0000000000000000000 ) ) ;
#6599 = EDGE_CURVE ( 'NONE', #3532, #4434, #3834, .T. ) ;
#6600 = DIRECTION ( 'NONE',  ( 0.0000000000000000000, 1.000000000000000000, 0.0000000000000000000 ) ) ;
#6601 = PLANE ( 'NONE',  #3891 ) ;
#6602 = CARTESIAN_POINT ( 'NONE',  ( 0.01476377952755945900, 0.004133858267716536200, -0.05669291338582645200 ) ) ;
#6603 = DIRECTION ( 'NONE',  ( 1.000000000000000000, -0.0000000000000000000, 3.513515725732651700E-015 ) ) ;
#6604 = DIRECTION ( 'NONE',  ( -1.309156885088692300E-017, 0.0000000000000000000, 1.000000000000000000 ) ) ;
#6605 = DIRECTION ( 'NONE',  ( 1.075969242843166800E-013, 0.0000000000000000000, -1.000000000000000000 ) ) ;
#6606 = LINE ( 'NONE', #7091, #11526 ) ;
#6607 = LINE ( 'NONE', #11111, #3722 ) ;
#6608 = EDGE_CURVE ( 'NONE', #11596, #557, #4115, .T. ) ;
#6609 = CARTESIAN_POINT ( 'NONE',  ( 0.05669291338582677800, 0.007204724409448820400, -0.004921259842519878400 ) ) ;
#6610 = VECTOR ( 'NONE', #832, 39.37007874015748100 ) ;
#6611 = DIRECTION ( 'NONE',  ( 3.425378178174576300E-015, 0.0000000000000000000, 1.000000000000000000 ) ) ;
#6612 = ORIENTED_EDGE ( 'NONE', *, *, #11808, .T. ) ;
#6613 = UNCERTAINTY_MEASURE_WITH_UNIT (LENGTH_MEASURE( 1.000000000000000100E-005 ), #9769, 'distance_accuracy_value', 'NONE');
#6614 = PRESENTATION_LAYER_ASSIGNMENT (  '', '', ( #5300 ) ) ;
#6615 = DIMENSIONAL_EXPONENTS ( 1.000000000000000000, 0.0000000000000000000, 0.0000000000000000000, 0.0000000000000000000, 0.0000000000000000000, 0.0000000000000000000, 0.0000000000000000000 ) ;
#6616 = SURFACE_SIDE_STYLE ('',( #5136 ) ) ;
#6617 = ADVANCED_FACE ( 'NONE', ( #11328 ), #8605, .F. ) ;
#6618 = FACE_OUTER_BOUND ( 'NONE', #10177, .T. ) ;
#6619 = EDGE_CURVE ( 'NONE', #11717, #12010, #10091, .T. ) ;
#6620 = EDGE_CURVE ( 'NONE', #4538, #792, #3, .T. ) ;
#6621 = EDGE_LOOP ( 'NONE', ( #11714, #8129, #8412, #6664 ) ) ;
#6622 = CARTESIAN_POINT ( 'NONE',  ( 0.004921259842522304400, 0.001181102362204723500, -0.05669291338582658400 ) ) ;
#6623 = SURFACE_STYLE_FILL_AREA ( #11169 ) ;
#6624 = DIRECTION ( 'NONE',  ( -1.000000000000000000, 0.0000000000000000000, -2.346283569946222600E-014 ) ) ;
#6625 = VECTOR ( 'NONE', #2901, 39.37007874015748100 ) ;
#6626 = SURFACE_SIDE_STYLE ('',( #2701 ) ) ;
#6627 = DIRECTION ( 'NONE',  ( -1.000000000000000000, -0.0000000000000000000, 0.0000000000000000000 ) ) ;
#6628 = DIRECTION ( 'NONE',  ( 3.425378178174571100E-015, 0.0000000000000000000, 1.000000000000000000 ) ) ;
#6629 = PRESENTATION_STYLE_ASSIGNMENT (( #9108 ) ) ;
#6630 = PRESENTATION_LAYER_ASSIGNMENT (  '', '', ( #5319 ) ) ;
#6631 = ORIENTED_EDGE ( 'NONE', *, *, #7200, .T. ) ;
#6632 = ORIENTED_EDGE ( 'NONE', *, *, #3182, .T. ) ;
#6633 = ORIENTED_EDGE ( 'NONE', *, *, #3648, .T. ) ;
#6634 = SURFACE_STYLE_FILL_AREA ( #7758 ) ;
#6635 = DIRECTION ( 'NONE',  ( 0.0000000000000000000, 1.000000000000000000, 0.0000000000000000000 ) ) ;
#6636 = LENGTH_MEASURE_WITH_UNIT ( LENGTH_MEASURE( 0.02539999999999999900 ), #11490 );
#6637 = VERTEX_POINT ( 'NONE', #5733 ) ;
#6638 = SURFACE_SIDE_STYLE ('',( #4390 ) ) ;
#6639 = SURFACE_STYLE_FILL_AREA ( #6641 ) ;
#6640 = UNCERTAINTY_MEASURE_WITH_UNIT (LENGTH_MEASURE( 1.000000000000000100E-005 ), #5314, 'distance_accuracy_value', 'NONE');
#6641 = FILL_AREA_STYLE ('',( #2716 ) ) ;
#6642 = SURFACE_SIDE_STYLE ('',( #6597 ) ) ;
#6643 = CARTESIAN_POINT ( 'NONE',  ( -0.01476377952755866500, 0.007204724409448820400, -0.05669291338582690300 ) ) ;
#6644 =( NAMED_UNIT ( * ) SI_UNIT ( $, .STERADIAN. ) SOLID_ANGLE_UNIT ( ) );
#6645 = CARTESIAN_POINT ( 'NONE',  ( 0.04291338582677178100, 0.001181102362204724400, 0.0000000000000000000 ) ) ;
#6646 = PRESENTATION_LAYER_ASSIGNMENT (  '', '', ( #5330 ) ) ;
#6647 = PRESENTATION_LAYER_ASSIGNMENT (  '', '', ( #5331 ) ) ;
#6648 =( NAMED_UNIT ( * ) PLANE_ANGLE_UNIT ( ) SI_UNIT ( $, .RADIAN. ) );
#6649 = VERTEX_POINT ( 'NONE', #8648 ) ;
#6650 =( GEOMETRIC_REPRESENTATION_CONTEXT ( 3 ) GLOBAL_UNCERTAINTY_ASSIGNED_CONTEXT ( ( #2216 ) ) GLOBAL_UNIT_ASSIGNED_CONTEXT ( ( #10978, #5101, #11970 ) ) REPRESENTATION_CONTEXT ( 'NONE', 'WORKASPACE' ) );
#6651 = ORIENTED_EDGE ( 'NONE', *, *, #3281, .F. ) ;
#6652 = PRESENTATION_STYLE_ASSIGNMENT (( #8465 ) ) ;
#6653 = ORIENTED_EDGE ( 'NONE', *, *, #3336, .F. ) ;
#6654 = EDGE_LOOP ( 'NONE', ( #6360, #5606, #831, #1856 ) ) ;
#6655 = DIRECTION ( 'NONE',  ( -1.000000000000000000, 0.0000000000000000000, -2.259547396147334600E-014 ) ) ;
#6656 = EDGE_CURVE ( 'NONE', #12112, #2610, #2276, .T. ) ;
#6657 = CARTESIAN_POINT ( 'NONE',  ( 0.02460629921260102200, 0.007204724409448820400, -0.05669291338582568100 ) ) ;
#6658 = ORIENTED_EDGE ( 'NONE', *, *, #2675, .F. ) ;
#6659 = ORIENTED_EDGE ( 'NONE', *, *, #11905, .T. ) ;
#6660 = ORIENTED_EDGE ( 'NONE', *, *, #984, .T. ) ;
#6661 = DIRECTION ( 'NONE',  ( -2.646153987744247400E-015, 0.0000000000000000000, 1.000000000000000000 ) ) ;
#6662 = LINE ( 'NONE', #5520, #11887 ) ;
#6663 = PRESENTATION_LAYER_ASSIGNMENT (  '', '', ( #5351 ) ) ;
#6664 = ORIENTED_EDGE ( 'NONE', *, *, #11458, .F. ) ;
#6665 =( GEOMETRIC_REPRESENTATION_CONTEXT ( 3 ) GLOBAL_UNCERTAINTY_ASSIGNED_CONTEXT ( ( #8812 ) ) GLOBAL_UNIT_ASSIGNED_CONTEXT ( ( #11038, #5164, #12025 ) ) REPRESENTATION_CONTEXT ( 'NONE', 'WORKASPACE' ) );
#6666 = FILL_AREA_STYLE ('',( #12477 ) ) ;
#6667 = ORIENTED_EDGE ( 'NONE', *, *, #4842, .T. ) ;
#6668 = CARTESIAN_POINT ( 'NONE',  ( -0.01476377952755877000, 0.007204724409448820400, -0.04291338582677177400 ) ) ;
#6669 = MANIFOLD_SOLID_BREP ( 'Boss-Extrude2[4]', #4456 ) ;
#6670 = PRESENTATION_STYLE_ASSIGNMENT (( #11001 ) ) ;
#6671 =( CONVERSION_BASED_UNIT ( 'INCH', #2721 ) LENGTH_UNIT ( ) NAMED_UNIT ( #5842 ) );
#6672 = ADVANCED_FACE ( 'NONE', ( #8859 ), #1854, .F. ) ;
#6673 = VECTOR ( 'NONE', #5555, 39.37007874015748100 ) ;
#6674 = EDGE_CURVE ( 'NONE', #2179, #7574, #5020, .T. ) ;
#6675 = VERTEX_POINT ( 'NONE', #6785 ) ;
#6676 = CARTESIAN_POINT ( 'NONE',  ( -0.05669291338582568100, 0.004133858267716536200, 0.0000000000000000000 ) ) ;
#6677 =( NAMED_UNIT ( * ) SI_UNIT ( $, .STERADIAN. ) SOLID_ANGLE_UNIT ( ) );
#6678 = VECTOR ( 'NONE', #10451, 39.37007874015748100 ) ;
#6679 = CARTESIAN_POINT ( 'NONE',  ( -0.05669291338582666700, 0.001181102362204723500, -0.03444881889763801200 ) ) ;
#6680 = CARTESIAN_POINT ( 'NONE',  ( 0.04291338582677158000, 0.001181102362204724400, 0.0000000000000000000 ) ) ;
#6681 =( GEOMETRIC_REPRESENTATION_CONTEXT ( 3 ) GLOBAL_UNCERTAINTY_ASSIGNED_CONTEXT ( ( #506 ) ) GLOBAL_UNIT_ASSIGNED_CONTEXT ( ( #10044, #4171, #11021 ) ) REPRESENTATION_CONTEXT ( 'NONE', 'WORKASPACE' ) );
#6682 = DIRECTION ( 'NONE',  ( 1.000000000000000000, -0.0000000000000000000, 6.982962677686265900E-015 ) ) ;
#6683 =( NAMED_UNIT ( * ) PLANE_ANGLE_UNIT ( ) SI_UNIT ( $, .RADIAN. ) );
#6684 = ORIENTED_EDGE ( 'NONE', *, *, #8144, .F. ) ;
#6685 = LENGTH_MEASURE_WITH_UNIT ( LENGTH_MEASURE( 0.02539999999999999900 ), #6717 );
#6686 = VECTOR ( 'NONE', #6128, 39.37007874015748100 ) ;
#6687 = FILL_AREA_STYLE_COLOUR ( '', #6094 ) ;
#6688 = FACE_OUTER_BOUND ( 'NONE', #10189, .T. ) ;
#6689 = EDGE_CURVE ( 'NONE', #9476, #7674, #152, .T. ) ;
#6690 = UNCERTAINTY_MEASURE_WITH_UNIT (LENGTH_MEASURE( 1.000000000000000100E-005 ), #8007, 'distance_accuracy_value', 'NONE');
#6691 = CARTESIAN_POINT ( 'NONE',  ( -0.004921259842519381400, 0.007204724409448820400, -0.04291338582677169800 ) ) ;
#6692 = PLANE ( 'NONE',  #1667 ) ;
#6693 =( NAMED_UNIT ( * ) SI_UNIT ( $, .STERADIAN. ) SOLID_ANGLE_UNIT ( ) );
#6694 =( GEOMETRIC_REPRESENTATION_CONTEXT ( 3 ) GLOBAL_UNCERTAINTY_ASSIGNED_CONTEXT ( ( #6251 ) ) GLOBAL_UNIT_ASSIGNED_CONTEXT ( ( #1542, #8362, #2512 ) ) REPRESENTATION_CONTEXT ( 'NONE', 'WORKASPACE' ) );
#6695 = DIRECTION ( 'NONE',  ( -1.000000000000000000, -0.0000000000000000000, 0.0000000000000000000 ) ) ;
#6696 = LINE ( 'NONE', #6285, #6394 ) ;
#6697 = DIMENSIONAL_EXPONENTS ( 1.000000000000000000, 0.0000000000000000000, 0.0000000000000000000, 0.0000000000000000000, 0.0000000000000000000, 0.0000000000000000000, 0.0000000000000000000 ) ;
#6698 = LINE ( 'NONE', #7562, #5322 ) ;
#6699 = FACE_OUTER_BOUND ( 'NONE', #3879, .T. ) ;
#6700 = PRESENTATION_STYLE_ASSIGNMENT (( #4148 ) ) ;
#6701 = DIMENSIONAL_EXPONENTS ( 1.000000000000000000, 0.0000000000000000000, 0.0000000000000000000, 0.0000000000000000000, 0.0000000000000000000, 0.0000000000000000000, 0.0000000000000000000 ) ;
#6702 = PRESENTATION_STYLE_ASSIGNMENT (( #91 ) ) ;
#6703 = COLOUR_RGB ( '',0.3529411764705882000, 0.3529411764705882000, 0.3529411764705882000 ) ;
#6704 = DIRECTION ( 'NONE',  ( 1.000000000000000000, 0.0000000000000000000, 0.0000000000000000000 ) ) ;
#6705 = CARTESIAN_POINT ( 'NONE',  ( 0.04291338582677155900, 0.007204724409448820400, 0.01476377952755891400 ) ) ;
#6706 = MECHANICAL_DESIGN_GEOMETRIC_PRESENTATION_REPRESENTATION (  '', ( #4762 ), #7344 ) ;
#6707 = CARTESIAN_POINT ( 'NONE',  ( 0.04291338582677160800, 0.0000000000000000000, -0.02460629921259857900 ) ) ;
#6708 = CARTESIAN_POINT ( 'NONE',  ( 0.02460629921260102200, 0.007204724409448820400, -0.05669291338582569500 ) ) ;
#6709 = LENGTH_MEASURE_WITH_UNIT ( LENGTH_MEASURE( 0.02539999999999999900 ), #7927 );
#6710 = SURFACE_STYLE_FILL_AREA ( #2450 ) ;
#6711 = VECTOR ( 'NONE', #6483, 39.37007874015748100 ) ;
#6712 =( CONVERSION_BASED_UNIT ( 'INCH', #9705 ) LENGTH_UNIT ( ) NAMED_UNIT ( #3128 ) );
#6714 = COLOUR_RGB ( '',0.9686274509803921600, 0.8784313725490196000, 0.5999999999999999800 ) ;
#6713 = LINE ( 'NONE', #7536, #6409 ) ;
#6715 = ORIENTED_EDGE ( 'NONE', *, *, #9918, .F. ) ;
#6716 = DIMENSIONAL_EXPONENTS ( 1.000000000000000000, 0.0000000000000000000, 0.0000000000000000000, 0.0000000000000000000, 0.0000000000000000000, 0.0000000000000000000, 0.0000000000000000000 ) ;
#6717 =( LENGTH_UNIT ( ) NAMED_UNIT ( * ) SI_UNIT ( $, .METRE. ) );
#6718 = ORIENTED_EDGE ( 'NONE', *, *, #6169, .T. ) ;
#6719 =( NAMED_UNIT ( * ) SI_UNIT ( $, .STERADIAN. ) SOLID_ANGLE_UNIT ( ) );
#6720 = PRESENTATION_LAYER_ASSIGNMENT (  '', '', ( #5407 ) ) ;
#6721 = MECHANICAL_DESIGN_GEOMETRIC_PRESENTATION_REPRESENTATION (  '', ( #4779 ), #7358 ) ;
#6722 =( CONVERSION_BASED_UNIT ( 'INCH', #2776 ) LENGTH_UNIT ( ) NAMED_UNIT ( #4258 ) );
#6723 = VECTOR ( 'NONE', #5559, 39.37007874015748100 ) ;
#6724 = LINE ( 'NONE', #11967, #4124 ) ;
#6725 = CARTESIAN_POINT ( 'NONE',  ( 0.05669291338582674300, 0.004133858267716536200, -0.01476377952755925300 ) ) ;
#6726 = COLOUR_RGB ( '',0.2509803921568627400, 0.2509803921568627400, 0.2509803921568627400 ) ;
#6728 = VECTOR ( 'NONE', #2147, 39.37007874015748100 ) ;
#6727 = SURFACE_STYLE_FILL_AREA ( #8315 ) ;
#6729 = CARTESIAN_POINT ( 'NONE',  ( 0.05905511811023660800, 0.0000000000000000000, -0.05905511811023583100 ) ) ;
#6730 =( GEOMETRIC_REPRESENTATION_CONTEXT ( 3 ) GLOBAL_UNCERTAINTY_ASSIGNED_CONTEXT ( ( #1878 ) ) GLOBAL_UNIT_ASSIGNED_CONTEXT ( ( #9275, #3420, #10267 ) ) REPRESENTATION_CONTEXT ( 'NONE', 'WORKASPACE' ) );
#6731 = FACE_OUTER_BOUND ( 'NONE', #12660, .T. ) ;
#6732 =( NAMED_UNIT ( * ) SI_UNIT ( $, .STERADIAN. ) SOLID_ANGLE_UNIT ( ) );
#6733 = DIMENSIONAL_EXPONENTS ( 1.000000000000000000, 0.0000000000000000000, 0.0000000000000000000, 0.0000000000000000000, 0.0000000000000000000, 0.0000000000000000000, 0.0000000000000000000 ) ;
#6734 = DIRECTION ( 'NONE',  ( 0.0000000000000000000, -0.0000000000000000000, -1.000000000000000000 ) ) ;
#6735 = EDGE_LOOP ( 'NONE', ( #12338, #2856, #5525, #4907 ) ) ;
#6736 = ORIENTED_EDGE ( 'NONE', *, *, #7138, .F. ) ;
#6737 = FILL_AREA_STYLE_COLOUR ( '', #6849 ) ;
#6738 = ADVANCED_FACE ( 'NONE', ( #7296 ), #8775, .F. ) ;
#6740 = LENGTH_MEASURE_WITH_UNIT ( LENGTH_MEASURE( 0.02539999999999999900 ), #6759 );
#6739 = SURFACE_STYLE_FILL_AREA ( #8104 ) ;
#6741 =( GEOMETRIC_REPRESENTATION_CONTEXT ( 3 ) GLOBAL_UNCERTAINTY_ASSIGNED_CONTEXT ( ( #10318 ) ) GLOBAL_UNIT_ASSIGNED_CONTEXT ( ( #8953, #3104, #9961 ) ) REPRESENTATION_CONTEXT ( 'NONE', 'WORKASPACE' ) );
#6742 =( GEOMETRIC_REPRESENTATION_CONTEXT ( 3 ) GLOBAL_UNCERTAINTY_ASSIGNED_CONTEXT ( ( #5966 ) ) GLOBAL_UNIT_ASSIGNED_CONTEXT ( ( #8477, #2630, #9487 ) ) REPRESENTATION_CONTEXT ( 'NONE', 'WORKASPACE' ) );
#6743 = CARTESIAN_POINT ( 'NONE',  ( 0.004921259842522320000, 0.007204724409448820400, -0.05669291338582657000 ) ) ;
#6744 = MECHANICAL_DESIGN_GEOMETRIC_PRESENTATION_REPRESENTATION (  '', ( #4798 ), #7377 ) ;
#6745 =( NAMED_UNIT ( * ) PLANE_ANGLE_UNIT ( ) SI_UNIT ( $, .RADIAN. ) );
#6746 = UNCERTAINTY_MEASURE_WITH_UNIT (LENGTH_MEASURE( 1.000000000000000100E-005 ), #7085, 'distance_accuracy_value', 'NONE');
#6747 = DIRECTION ( 'NONE',  ( -2.646153987744245000E-015, 0.0000000000000000000, 1.000000000000000000 ) ) ;
#6748 = LINE ( 'NONE', #3592, #4469 ) ;
#6749 = SURFACE_SIDE_STYLE ('',( #10042 ) ) ;
#6750 =( LENGTH_UNIT ( ) NAMED_UNIT ( * ) SI_UNIT ( $, .METRE. ) );
#6751 =( GEOMETRIC_REPRESENTATION_CONTEXT ( 3 ) GLOBAL_UNCERTAINTY_ASSIGNED_CONTEXT ( ( #10525 ) ) GLOBAL_UNIT_ASSIGNED_CONTEXT ( ( #1553, #8370, #2525 ) ) REPRESENTATION_CONTEXT ( 'NONE', 'WORKASPACE' ) );
#6752 = AXIS2_PLACEMENT_3D ( 'NONE', #1829, #8665, #2804 ) ;
#6753 = VECTOR ( 'NONE', #7958, 39.37007874015748100 ) ;
#6754 = FACE_OUTER_BOUND ( 'NONE', #8902, .T. ) ;
#6755 = CARTESIAN_POINT ( 'NONE',  ( 0.01476377952755907100, 0.0000000000000000000, 0.04291338582677166300 ) ) ;
#6756 = FILL_AREA_STYLE ('',( #12653 ) ) ;
#6757 = UNCERTAINTY_MEASURE_WITH_UNIT (LENGTH_MEASURE( 1.000000000000000100E-005 ), #4008, 'distance_accuracy_value', 'NONE');
#6758 = ORIENTED_EDGE ( 'NONE', *, *, #1619, .F. ) ;
#6759 =( LENGTH_UNIT ( ) NAMED_UNIT ( * ) SI_UNIT ( $, .METRE. ) );
#6760 = ORIENTED_EDGE ( 'NONE', *, *, #1950, .T. ) ;
#6761 = VERTEX_POINT ( 'NONE', #4925 ) ;
#6762 =( NAMED_UNIT ( * ) SI_UNIT ( $, .STERADIAN. ) SOLID_ANGLE_UNIT ( ) );
#6763 = EDGE_CURVE ( 'NONE', #4118, #4517, #6399, .T. ) ;
#6764 = ORIENTED_EDGE ( 'NONE', *, *, #7367, .T. ) ;
#6765 = CARTESIAN_POINT ( 'NONE',  ( -0.05669291338582667400, 0.007204724409448820400, -0.03444881889763801200 ) ) ;
#6766 = SURFACE_STYLE_FILL_AREA ( #4218 ) ;
#6767 = LENGTH_MEASURE_WITH_UNIT ( LENGTH_MEASURE( 0.02539999999999999900 ), #3093 );
#6768 =( NAMED_UNIT ( * ) PLANE_ANGLE_UNIT ( ) SI_UNIT ( $, .RADIAN. ) );
#6769 = PRESENTATION_LAYER_ASSIGNMENT (  '', '', ( #5465 ) ) ;
#6770 = DIRECTION ( 'NONE',  ( -6.982962677686265900E-015, 0.0000000000000000000, 1.000000000000000000 ) ) ;
#6771 = DIRECTION ( 'NONE',  ( 0.0000000000000000000, 1.000000000000000000, 0.0000000000000000000 ) ) ;
#6772 = ORIENTED_EDGE ( 'NONE', *, *, #1065, .T. ) ;
#6773 = FACE_OUTER_BOUND ( 'NONE', #4545, .T. ) ;
#6774 = DIRECTION ( 'NONE',  ( 0.0000000000000000000, -0.0000000000000000000, 1.000000000000000000 ) ) ;
#6775 = ORIENTED_EDGE ( 'NONE', *, *, #3524, .F. ) ;
#6776 = SURFACE_SIDE_STYLE ('',( #11435 ) ) ;
#6777 = LINE ( 'NONE', #1010, #1297 ) ;
#6778 = EDGE_CURVE ( 'NONE', #12333, #8358, #11316, .T. ) ;
#6779 = COLOUR_RGB ( '',0.9686274509803921600, 0.8784313725490196000, 0.5999999999999999800 ) ;
#6780 = MECHANICAL_DESIGN_GEOMETRIC_PRESENTATION_REPRESENTATION (  '', ( #6472 ), #7421 ) ;
#6781 = EDGE_CURVE ( 'NONE', #7564, #4512, #1219, .T. ) ;
#6782 = CARTESIAN_POINT ( 'NONE',  ( 0.01476377952755905300, 0.0000000000000000000, 0.05669291338582680600 ) ) ;
#6783 = FILL_AREA_STYLE ('',( #12682 ) ) ;
#6784 = ORIENTED_EDGE ( 'NONE', *, *, #10837, .F. ) ;
#6785 = CARTESIAN_POINT ( 'NONE',  ( -0.04291338582677173300, 0.001181102362204723500, 0.01476377952755892000 ) ) ;
#6786 = ORIENTED_EDGE ( 'NONE', *, *, #3392, .F. ) ;
#6787 = ORIENTED_EDGE ( 'NONE', *, *, #11154, .T. ) ;
#6788 = ORIENTED_EDGE ( 'NONE', *, *, #7853, .T. ) ;
#6789 = PRESENTATION_STYLE_ASSIGNMENT (( #2584 ) ) ;
#6790 = PRESENTATION_LAYER_ASSIGNMENT (  '', '', ( #5487 ) ) ;
#6791 = UNCERTAINTY_MEASURE_WITH_UNIT (LENGTH_MEASURE( 1.000000000000000100E-005 ), #4412, 'distance_accuracy_value', 'NONE');
#6792 = CARTESIAN_POINT ( 'NONE',  ( -0.04291338582677172600, 0.007204724409448820400, 0.01476377952755892000 ) ) ;
#6793 = PLANE ( 'NONE',  #1096 ) ;
#6794 = ADVANCED_FACE ( 'NONE', ( #11002 ), #2012, .F. ) ;
#6795 = AXIS2_PLACEMENT_3D ( 'NONE', #1697, #8519, #2662 ) ;
#6796 = ORIENTED_EDGE ( 'NONE', *, *, #8783, .T. ) ;
#6797 = EDGE_CURVE ( 'NONE', #6347, #7094, #2264, .T. ) ;
#6798 = SURFACE_SIDE_STYLE ('',( #6170 ) ) ;
#6799 = DIRECTION ( 'NONE',  ( -0.0000000000000000000, -1.000000000000000000, 0.0000000000000000000 ) ) ;
#6800 = VERTEX_POINT ( 'NONE', #10865 ) ;
#6801 = SURFACE_STYLE_USAGE ( .BOTH. , #12698 ) ;
#6802 = DIRECTION ( 'NONE',  ( 1.000000000000000000, 0.0000000000000000000, -0.0000000000000000000 ) ) ;
#6803 =( GEOMETRIC_REPRESENTATION_CONTEXT ( 3 ) GLOBAL_UNCERTAINTY_ASSIGNED_CONTEXT ( ( #7619 ) ) GLOBAL_UNIT_ASSIGNED_CONTEXT ( ( #5614, #12481, #6592 ) ) REPRESENTATION_CONTEXT ( 'NONE', 'WORKASPACE' ) );
#6804 =( GEOMETRIC_REPRESENTATION_CONTEXT ( 3 ) GLOBAL_UNCERTAINTY_ASSIGNED_CONTEXT ( ( #3311 ) ) GLOBAL_UNIT_ASSIGNED_CONTEXT ( ( #10685, #4836, #11676 ) ) REPRESENTATION_CONTEXT ( 'NONE', 'WORKASPACE' ) );
#6805 = FILL_AREA_STYLE ('',( #1028 ) ) ;
#6806 = MECHANICAL_DESIGN_GEOMETRIC_PRESENTATION_REPRESENTATION (  '', ( #4863 ), #7456 ) ;
#6807 = ORIENTED_EDGE ( 'NONE', *, *, #6881, .F. ) ;
#6808 = CARTESIAN_POINT ( 'NONE',  ( 0.0000000000000000000, 0.001181102362204724400, 0.0000000000000000000 ) ) ;
#6809 = PLANE ( 'NONE',  #41 ) ;
#6810 = FACE_OUTER_BOUND ( 'NONE', #6050, .T. ) ;
#6811 = ORIENTED_EDGE ( 'NONE', *, *, #8255, .F. ) ;
#6812 = ORIENTED_EDGE ( 'NONE', *, *, #11863, .F. ) ;
#6813 = LINE ( 'NONE', #11663, #6521 ) ;
#6814 = VECTOR ( 'NONE', #12401, 39.37007874015748100 ) ;
#6815 = DIMENSIONAL_EXPONENTS ( 1.000000000000000000, 0.0000000000000000000, 0.0000000000000000000, 0.0000000000000000000, 0.0000000000000000000, 0.0000000000000000000, 0.0000000000000000000 ) ;
#6816 = DIMENSIONAL_EXPONENTS ( 1.000000000000000000, 0.0000000000000000000, 0.0000000000000000000, 0.0000000000000000000, 0.0000000000000000000, 0.0000000000000000000, 0.0000000000000000000 ) ;
#6817 = AXIS2_PLACEMENT_3D ( 'NONE', #2380, #9231, #3374 ) ;
#6818 = AXIS2_PLACEMENT_3D ( 'NONE', #6657, #848, #7632 ) ;
#6819 = MECHANICAL_DESIGN_GEOMETRIC_PRESENTATION_REPRESENTATION (  '', ( #4877 ), #7478 ) ;
#6820 = CARTESIAN_POINT ( 'NONE',  ( 0.0000000000000000000, 0.0000000000000000000, 0.02460629921260023800 ) ) ;
#6821 = EDGE_CURVE ( 'NONE', #1336, #2466, #12397, .T. ) ;
#6822 = LINE ( 'NONE', #3310, #11932 ) ;
#6823 =( CONVERSION_BASED_UNIT ( 'INCH', #4418 ) LENGTH_UNIT ( ) NAMED_UNIT ( #5405 ) );
#6824 = VECTOR ( 'NONE', #9258, 39.37007874015748100 ) ;
#6825 = SURFACE_SIDE_STYLE ('',( #5225 ) ) ;
#6826 = DIMENSIONAL_EXPONENTS ( 1.000000000000000000, 0.0000000000000000000, 0.0000000000000000000, 0.0000000000000000000, 0.0000000000000000000, 0.0000000000000000000, 0.0000000000000000000 ) ;
#6827 = EDGE_CURVE ( 'NONE', #12396, #1284, #4872, .T. ) ;
#6828 = EDGE_CURVE ( 'NONE', #11378, #8927, #9790, .T. ) ;
#6829 = ORIENTED_EDGE ( 'NONE', *, *, #2271, .T. ) ;
#6830 = CARTESIAN_POINT ( 'NONE',  ( 0.01476377952755906200, 0.001181102362204723300, 0.05669291338582680600 ) ) ;
#6831 =( GEOMETRIC_REPRESENTATION_CONTEXT ( 3 ) GLOBAL_UNCERTAINTY_ASSIGNED_CONTEXT ( ( #961 ) ) GLOBAL_UNIT_ASSIGNED_CONTEXT ( ( #11047, #5173, #12034 ) ) REPRESENTATION_CONTEXT ( 'NONE', 'WORKASPACE' ) );
#6832 =( CONVERSION_BASED_UNIT ( 'INCH', #7791 ) LENGTH_UNIT ( ) NAMED_UNIT ( #7191 ) );
#6833 = AXIS2_PLACEMENT_3D ( 'NONE', #12583, #6682, #876 ) ;
#6834 = ORIENTED_EDGE ( 'NONE', *, *, #9933, .F. ) ;
#6835 = VECTOR ( 'NONE', #4416, 39.37007874015748100 ) ;
#6836 = FACE_OUTER_BOUND ( 'NONE', #4283, .T. ) ;
#6837 =( LENGTH_UNIT ( ) NAMED_UNIT ( * ) SI_UNIT ( $, .METRE. ) );
#6838 = VERTEX_POINT ( 'NONE', #9932 ) ;
#6839 = ORIENTED_EDGE ( 'NONE', *, *, #2011, .T. ) ;
#6840 = DIRECTION ( 'NONE',  ( -1.000000000000000000, 0.0000000000000000000, 2.929742899324058200E-015 ) ) ;
#6841 = SURFACE_STYLE_FILL_AREA ( #6153 ) ;
#6842 = EDGE_CURVE ( 'NONE', #9014, #11534, #4251, .T. ) ;
#6843 = DIMENSIONAL_EXPONENTS ( 1.000000000000000000, 0.0000000000000000000, 0.0000000000000000000, 0.0000000000000000000, 0.0000000000000000000, 0.0000000000000000000, 0.0000000000000000000 ) ;
#6844 = VECTOR ( 'NONE', #2540, 39.37007874015748100 ) ;
#6845 = PRESENTATION_STYLE_ASSIGNMENT (( #11469 ) ) ;
#6846 = DIRECTION ( 'NONE',  ( 1.000000000000000000, -0.0000000000000000000, 1.309156885088692300E-017 ) ) ;
#6847 = EDGE_LOOP ( 'NONE', ( #6338, #3854, #2825, #6839 ) ) ;
#6848 = DIRECTION ( 'NONE',  ( -5.588988455919166100E-015, 0.0000000000000000000, 1.000000000000000000 ) ) ;
#6849 = COLOUR_RGB ( '',0.9686274509803921600, 0.8784313725490196000, 0.5999999999999999800 ) ;
#6850 = ADVANCED_FACE ( 'NONE', ( #6836 ), #1131, .F. ) ;
#6851 = LENGTH_MEASURE_WITH_UNIT ( LENGTH_MEASURE( 0.02539999999999999900 ), #10659 );
#6852 = VERTEX_POINT ( 'NONE', #10907 ) ;
#6853 = LINE ( 'NONE', #11101, #12096 ) ;
#6854 = LINE ( 'NONE', #12413, #12097 ) ;
#6855 = PLANE ( 'NONE',  #11833 ) ;
#6856 = LINE ( 'NONE', #2232, #1696 ) ;
#6857 = FILL_AREA_STYLE_COLOUR ( '', #11394 ) ;
#6858 = COLOUR_RGB ( '',0.7921568627450980000, 0.8196078431372548800, 0.9333333333333333500 ) ;
#6859 = LINE ( 'NONE', #12345, #4279 ) ;
#6860 = AXIS2_PLACEMENT_3D ( 'NONE', #7510, #1683, #8504 ) ;
#6861 = CARTESIAN_POINT ( 'NONE',  ( -0.05905511811023653900, 0.03149606299212598400, 0.04429133858267704500 ) ) ;
#6862 = ORIENTED_EDGE ( 'NONE', *, *, #6828, .T. ) ;
#6863 = ORIENTED_EDGE ( 'NONE', *, *, #9832, .T. ) ;
#6864 = FILL_AREA_STYLE ('',( #5865 ) ) ;
#6865 = PLANE ( 'NONE',  #4084 ) ;
#6866 = PRESENTATION_STYLE_ASSIGNMENT (( #3473 ) ) ;
#6867 = ORIENTED_EDGE ( 'NONE', *, *, #7423, .T. ) ;
#6868 = LINE ( 'NONE', #11837, #11800 ) ;
#6869 = LINE ( 'NONE', #7322, #8249 ) ;
#6870 =( NAMED_UNIT ( * ) SI_UNIT ( $, .STERADIAN. ) SOLID_ANGLE_UNIT ( ) );
#6871 = FILL_AREA_STYLE ('',( #5904 ) ) ;
#6872 = ORIENTED_EDGE ( 'NONE', *, *, #2936, .T. ) ;
#6873 = AXIS2_PLACEMENT_3D ( 'NONE', #5155, #12021, #6148 ) ;
#6874 = MECHANICAL_DESIGN_GEOMETRIC_PRESENTATION_REPRESENTATION (  '', ( #4934 ), #7535 ) ;
#6875 = CARTESIAN_POINT ( 'NONE',  ( 0.05669291338582695800, 0.0000000000000000000, 0.04429133858267700300 ) ) ;
#6876 = SURFACE_STYLE_FILL_AREA ( #7436 ) ;
#6877 = VECTOR ( 'NONE', #187, 39.37007874015748100 ) ;
#6878 = CARTESIAN_POINT ( 'NONE',  ( 0.05669291338582693700, 0.007204724409448820400, 0.04429133858267697600 ) ) ;
#6879 = MECHANICAL_DESIGN_GEOMETRIC_PRESENTATION_REPRESENTATION (  '', ( #5595 ), #7537 ) ;
#6880 = SURFACE_STYLE_FILL_AREA ( #5117 ) ;
#6881 = EDGE_CURVE ( 'NONE', #6925, #12405, #5637, .T. ) ;
#6882 = SURFACE_STYLE_FILL_AREA ( #2137 ) ;
#6883 = DIRECTION ( 'NONE',  ( -4.040128209511325900E-015, 0.0000000000000000000, 1.000000000000000000 ) ) ;
#6884 = CARTESIAN_POINT ( 'NONE',  ( 0.04291338582677178100, 0.007204724409448820400, 0.03444881889763766500 ) ) ;
#6885 = DIRECTION ( 'NONE',  ( 6.982962677686265900E-015, 0.0000000000000000000, -1.000000000000000000 ) ) ;
#6886 =( LENGTH_UNIT ( ) NAMED_UNIT ( * ) SI_UNIT ( $, .METRE. ) );
#6887 = UNCERTAINTY_MEASURE_WITH_UNIT (LENGTH_MEASURE( 1.000000000000000100E-005 ), #4164, 'distance_accuracy_value', 'NONE');
#6888 = UNCERTAINTY_MEASURE_WITH_UNIT (LENGTH_MEASURE( 1.000000000000000100E-005 ), #3175, 'distance_accuracy_value', 'NONE');
#6889 = AXIS2_PLACEMENT_3D ( 'NONE', #704, #7481, #1655 ) ;
#6890 = VECTOR ( 'NONE', #7572, 39.37007874015748100 ) ;
#6891 = AXIS2_PLACEMENT_3D ( 'NONE', #10820, #4963, #11820 ) ;
#6892 = DIRECTION ( 'NONE',  ( -1.000000000000000000, -0.0000000000000000000, 0.0000000000000000000 ) ) ;
#6893 = STYLED_ITEM ( 'NONE', ( #85 ), #11589 ) ;
#6894 =( NAMED_UNIT ( * ) SI_UNIT ( $, .STERADIAN. ) SOLID_ANGLE_UNIT ( ) );
#6895 = PRESENTATION_STYLE_ASSIGNMENT (( #1525 ) ) ;
#6896 = CARTESIAN_POINT ( 'NONE',  ( -0.05669291338582663900, 0.001181102362204723300, -0.04429133858267737800 ) ) ;
#6897 = VERTEX_POINT ( 'NONE', #11946 ) ;
#6898 = VERTEX_POINT ( 'NONE', #1210 ) ;
#6899 = DIRECTION ( 'NONE',  ( 3.425378178171707600E-015, 0.0000000000000000000, 1.000000000000000000 ) ) ;
#6900 = LINE ( 'NONE', #12158, #12149 ) ;
#6901 = EDGE_CURVE ( 'NONE', #721, #426, #2006, .T. ) ;
#6902 = UNCERTAINTY_MEASURE_WITH_UNIT (LENGTH_MEASURE( 1.000000000000000100E-005 ), #7283, 'distance_accuracy_value', 'NONE');
#6903 = PRESENTATION_STYLE_ASSIGNMENT (( #3754 ) ) ;
#6904 = LINE ( 'NONE', #1945, #10905 ) ;
#6905 = PRESENTATION_STYLE_ASSIGNMENT (( #3268 ) ) ;
#6906 =( NAMED_UNIT ( * ) SI_UNIT ( $, .STERADIAN. ) SOLID_ANGLE_UNIT ( ) );
#6907 =( CONVERSION_BASED_UNIT ( 'INCH', #10552 ) LENGTH_UNIT ( ) NAMED_UNIT ( #11081 ) );
#6908 = CARTESIAN_POINT ( 'NONE',  ( -0.04291338582677151100, 0.0000000000000000000, -0.04429133858267753100 ) ) ;
#6909 = MECHANICAL_DESIGN_GEOMETRIC_PRESENTATION_REPRESENTATION (  '', ( #4964 ), #7569 ) ;
#6910 = CARTESIAN_POINT ( 'NONE',  ( 0.04291338582677155900, 0.007204724409448820400, -0.04429133858267732300 ) ) ;
#6911 = MECHANICAL_DESIGN_GEOMETRIC_PRESENTATION_REPRESENTATION (  '', ( #5627 ), #7573 ) ;
#6912 = ORIENTED_EDGE ( 'NONE', *, *, #6599, .F. ) ;
#6913 = ADVANCED_FACE ( 'NONE', ( #3028 ), #10994, .F. ) ;
#6914 = LENGTH_MEASURE_WITH_UNIT ( LENGTH_MEASURE( 0.02539999999999999900 ), #1977 );
#6915 = FILL_AREA_STYLE_COLOUR ( '', #9722 ) ;
#6916 = PLANE ( 'NONE',  #313 ) ;
#6917 = EDGE_CURVE ( 'NONE', #6210, #8130, #8262, .T. ) ;
#6918 = FACE_OUTER_BOUND ( 'NONE', #8408, .T. ) ;
#6919 = ORIENTED_EDGE ( 'NONE', *, *, #11048, .T. ) ;
#6920 = CARTESIAN_POINT ( 'NONE',  ( 0.0000000000000000000, 0.0000000000000000000, -0.02460629921259857900 ) ) ;
#6921 = ORIENTED_EDGE ( 'NONE', *, *, #742, .F. ) ;
#6922 = EDGE_LOOP ( 'NONE', ( #6583, #5577, #8099, #5494 ) ) ;
#6923 = AXIS2_PLACEMENT_3D ( 'NONE', #8145, #2300, #9146 ) ;
#6924 = PRESENTATION_LAYER_ASSIGNMENT (  '', '', ( #5643 ) ) ;
#6925 = VERTEX_POINT ( 'NONE', #309 ) ;
#6926 = FILL_AREA_STYLE ('',( #124 ) ) ;
#6927 = DIRECTION ( 'NONE',  ( 0.0000000000000000000, -0.0000000000000000000, 1.000000000000000000 ) ) ;
#6928 = FILL_AREA_STYLE_COLOUR ( '', #9988 ) ;
#6929 = EDGE_CURVE ( 'NONE', #6296, #10328, #3074, .T. ) ;
#6930 =( CONVERSION_BASED_UNIT ( 'INCH', #8611 ) LENGTH_UNIT ( ) NAMED_UNIT ( #850 ) );
#6931 = PRESENTATION_LAYER_ASSIGNMENT (  '', '', ( #5651 ) ) ;
#6932 =( NAMED_UNIT ( * ) PLANE_ANGLE_UNIT ( ) SI_UNIT ( $, .RADIAN. ) );
#6933 = EDGE_LOOP ( 'NONE', ( #6493, #9660, #6414, #9233 ) ) ;
#6934 = ORIENTED_EDGE ( 'NONE', *, *, #690, .F. ) ;
#6935 = COLOUR_RGB ( '',0.2509803921568627400, 0.2509803921568627400, 0.2509803921568627400 ) ;
#6936 = DIMENSIONAL_EXPONENTS ( 1.000000000000000000, 0.0000000000000000000, 0.0000000000000000000, 0.0000000000000000000, 0.0000000000000000000, 0.0000000000000000000, 0.0000000000000000000 ) ;
#6937 = EDGE_LOOP ( 'NONE', ( #6033, #9297, #8635, #3546 ) ) ;
#6938 = ORIENTED_EDGE ( 'NONE', *, *, #1575, .F. ) ;
#6939 = VECTOR ( 'NONE', #10253, 39.37007874015748100 ) ;
#6940 =( NAMED_UNIT ( * ) PLANE_ANGLE_UNIT ( ) SI_UNIT ( $, .RADIAN. ) );
#6941 = CARTESIAN_POINT ( 'NONE',  ( -0.05669291338582667400, 0.007204724409448820400, -0.03444881889763801200 ) ) ;
#6942 =( CONVERSION_BASED_UNIT ( 'INCH', #2626 ) LENGTH_UNIT ( ) NAMED_UNIT ( #10708 ) );
#6943 = CARTESIAN_POINT ( 'NONE',  ( -0.01476377952755865400, 0.0000000000000000000, 0.0000000000000000000 ) ) ;
#6944 = UNCERTAINTY_MEASURE_WITH_UNIT (LENGTH_MEASURE( 1.000000000000000100E-005 ), #2696, 'distance_accuracy_value', 'NONE');
#6945 = AXIS2_PLACEMENT_3D ( 'NONE', #3756, #10587, #4734 ) ;
#6946 = SURFACE_SIDE_STYLE ('',( #9950 ) ) ;
#6947 = FILL_AREA_STYLE_COLOUR ( '', #11108 ) ;
#6948 = PRESENTATION_LAYER_ASSIGNMENT (  '', '', ( #5662 ) ) ;
#6949 = PLANE ( 'NONE',  #811 ) ;
#6950 = DIMENSIONAL_EXPONENTS ( 1.000000000000000000, 0.0000000000000000000, 0.0000000000000000000, 0.0000000000000000000, 0.0000000000000000000, 0.0000000000000000000, 0.0000000000000000000 ) ;
#6951 = ORIENTED_EDGE ( 'NONE', *, *, #10789, .F. ) ;
#6952 =( NAMED_UNIT ( * ) PLANE_ANGLE_UNIT ( ) SI_UNIT ( $, .RADIAN. ) );
#6953 = ORIENTED_EDGE ( 'NONE', *, *, #8334, .F. ) ;
#6954 = ORIENTED_EDGE ( 'NONE', *, *, #6778, .T. ) ;
#6955 = MECHANICAL_DESIGN_GEOMETRIC_PRESENTATION_REPRESENTATION (  '', ( #5673 ), #7613 ) ;
#6956 = ORIENTED_EDGE ( 'NONE', *, *, #195, .T. ) ;
#6957 = LENGTH_MEASURE_WITH_UNIT ( LENGTH_MEASURE( 0.02539999999999999900 ), #7597 );
#6958 = EDGE_CURVE ( 'NONE', #6244, #4961, #5681, .T. ) ;
#6959 = ORIENTED_EDGE ( 'NONE', *, *, #7943, .T. ) ;
#6960 = FILL_AREA_STYLE ('',( #5009 ) ) ;
#6961 = COLOUR_RGB ( '',0.2509803921568627400, 0.2509803921568627400, 0.2509803921568627400 ) ;
#6962 = LINE ( 'NONE', #5043, #12212 ) ;
#6963 = LINE ( 'NONE', #1628, #5913 ) ;
#6964 = AXIS2_PLACEMENT_3D ( 'NONE', #10006, #4134, #10988 ) ;
#6965 = ORIENTED_EDGE ( 'NONE', *, *, #4856, .F. ) ;
#6966 = VECTOR ( 'NONE', #9590, 39.37007874015748100 ) ;
#6967 = AXIS2_PLACEMENT_3D ( 'NONE', #6261, #427, #7221 ) ;
#6968 = CARTESIAN_POINT ( 'NONE',  ( 0.004921259842522320000, -0.01693371115559762200, -0.05669291338582657000 ) ) ;
#6969 = STYLED_ITEM ( 'NONE', ( #2954 ), #11241 ) ;
#6970 = FACE_OUTER_BOUND ( 'NONE', #12262, .T. ) ;
#6971 = DIMENSIONAL_EXPONENTS ( 1.000000000000000000, 0.0000000000000000000, 0.0000000000000000000, 0.0000000000000000000, 0.0000000000000000000, 0.0000000000000000000, 0.0000000000000000000 ) ;
#6972 =( NAMED_UNIT ( * ) SI_UNIT ( $, .STERADIAN. ) SOLID_ANGLE_UNIT ( ) );
#6973 = FILL_AREA_STYLE ('',( #11838 ) ) ;
#6974 = SURFACE_SIDE_STYLE ('',( #2574 ) ) ;
#6975 = ADVANCED_FACE ( 'NONE', ( #3391 ), #3253, .F. ) ;
#6976 = PLANE ( 'NONE',  #5532 ) ;
#6977 = VECTOR ( 'NONE', #8026, 39.37007874015748100 ) ;
#6978 = LINE ( 'NONE', #11177, #2104 ) ;
#6979 = PRESENTATION_STYLE_ASSIGNMENT (( #10167 ) ) ;
#6980 = PRESENTATION_STYLE_ASSIGNMENT (( #9132 ) ) ;
#6981 = CARTESIAN_POINT ( 'NONE',  ( -0.04291338582677179500, 0.001181102362204723300, 0.03444881889763765800 ) ) ;
#6982 = MECHANICAL_DESIGN_GEOMETRIC_PRESENTATION_REPRESENTATION (  '', ( #5030 ), #7646 ) ;
#6983 = ADVANCED_FACE ( 'NONE', ( #4458 ), #9098, .F. ) ;
#6984 = STYLED_ITEM ( 'NONE', ( #1104 ), #12291 ) ;
#6985 = PLANE ( 'NONE',  #2964 ) ;
#6986 = PRESENTATION_STYLE_ASSIGNMENT (( #5479 ) ) ;
#6987 = SURFACE_SIDE_STYLE ('',( #4582 ) ) ;
#6988 = LINE ( 'NONE', #7031, #12241 ) ;
#6989 = CARTESIAN_POINT ( 'NONE',  ( -0.05669291338582681900, 0.007204724409448820400, 0.004921259842519482900 ) ) ;
#6990 = DIRECTION ( 'NONE',  ( 1.000000000000000000, 0.0000000000000000000, 2.606492091342680900E-014 ) ) ;
#6991 = DIRECTION ( 'NONE',  ( 6.982962677686265900E-015, 0.0000000000000000000, -1.000000000000000000 ) ) ;
#6992 = CARTESIAN_POINT ( 'NONE',  ( -0.01476377952755922300, 0.03149606299212598400, 0.05905511811023612300 ) ) ;
#6993 = AXIS2_PLACEMENT_3D ( 'NONE', #1556, #8376, #2530 ) ;
#6994 =( GEOMETRIC_REPRESENTATION_CONTEXT ( 3 ) GLOBAL_UNCERTAINTY_ASSIGNED_CONTEXT ( ( #9021 ) ) GLOBAL_UNIT_ASSIGNED_CONTEXT ( ( #206, #7002, #1193 ) ) REPRESENTATION_CONTEXT ( 'NONE', 'WORKASPACE' ) );
#6995 = VECTOR ( 'NONE', #12284, 39.37007874015748100 ) ;
#6996 = LENGTH_MEASURE_WITH_UNIT ( LENGTH_MEASURE( 0.02539999999999999900 ), #5409 );
#6997 = ORIENTED_EDGE ( 'NONE', *, *, #7006, .T. ) ;
#6998 = ORIENTED_EDGE ( 'NONE', *, *, #6393, .F. ) ;
#6999 = ORIENTED_EDGE ( 'NONE', *, *, #946, .F. ) ;
#7000 = FILL_AREA_STYLE_COLOUR ( '', #12394 ) ;
#7001 = EDGE_CURVE ( 'NONE', #3440, #12520, #5827, .T. ) ;
#7002 =( NAMED_UNIT ( * ) PLANE_ANGLE_UNIT ( ) SI_UNIT ( $, .RADIAN. ) );
#7003 = UNCERTAINTY_MEASURE_WITH_UNIT (LENGTH_MEASURE( 1.000000000000000100E-005 ), #8773, 'distance_accuracy_value', 'NONE');
#7004 = FACE_OUTER_BOUND ( 'NONE', #5754, .T. ) ;
#7005 = CARTESIAN_POINT ( 'NONE',  ( -0.01476377952755877000, 0.001181102362204723500, -0.04291338582677178100 ) ) ;
#7006 = EDGE_CURVE ( 'NONE', #2179, #7152, #3231, .T. ) ;
#7007 = LINE ( 'NONE', #9036, #1846 ) ;
#7008 = LINE ( 'NONE', #11342, #11951 ) ;
#7009 = LINE ( 'NONE', #8988, #6728 ) ;
#7010 = DIRECTION ( 'NONE',  ( 0.0000000000000000000, 1.000000000000000000, 0.0000000000000000000 ) ) ;
#7011 =( NAMED_UNIT ( * ) SI_UNIT ( $, .STERADIAN. ) SOLID_ANGLE_UNIT ( ) );
#7012 = CARTESIAN_POINT ( 'NONE',  ( 0.04291338582677133000, -0.01693371115559762200, 0.02460629921260094900 ) ) ;
#7013 = COLOUR_RGB ( '',0.2509803921568627400, 0.2509803921568627400, 0.2509803921568627400 ) ;
#7014 = LINE ( 'NONE', #3523, #11955 ) ;
#7015 = DIRECTION ( 'NONE',  ( 0.0000000000000000000, -0.0000000000000000000, 1.000000000000000000 ) ) ;
#7016 = AXIS2_PLACEMENT_3D ( 'NONE', #1902, #8750, #2888 ) ;
#7017 = LINE ( 'NONE', #554, #4455 ) ;
#7018 = ORIENTED_EDGE ( 'NONE', *, *, #12699, .T. ) ;
#7019 = ORIENTED_EDGE ( 'NONE', *, *, #390, .T. ) ;
#7020 = SURFACE_STYLE_USAGE ( .BOTH. , #216 ) ;
#7021 = PRESENTATION_STYLE_ASSIGNMENT (( #10725 ) ) ;
#7022 = FILL_AREA_STYLE_COLOUR ( '', #10918 ) ;
#7023 = STYLED_ITEM ( 'NONE', ( #781 ), #1375 ) ;
#7024 = DIRECTION ( 'NONE',  ( -1.000000000000000000, 0.0000000000000000000, -1.778792249757036600E-015 ) ) ;
#7025 = CARTESIAN_POINT ( 'NONE',  ( -0.05905511811023581000, 0.0000000000000000000, -0.05905511811023662200 ) ) ;
#7026 = EDGE_CURVE ( 'NONE', #12529, #11061, #670, .T. ) ;
#7027 = FILL_AREA_STYLE ('',( #4097 ) ) ;
#7028 = DIRECTION ( 'NONE',  ( -1.000000000000000000, 0.0000000000000000000, -6.115600939697863200E-015 ) ) ;
#7029 = PRESENTATION_STYLE_ASSIGNMENT (( #11242 ) ) ;
#7030 = LENGTH_MEASURE_WITH_UNIT ( LENGTH_MEASURE( 0.02539999999999999900 ), #5318 );
#7031 = CARTESIAN_POINT ( 'NONE',  ( 0.05669291338582674300, 0.007204724409448820400, -0.01476377952755926100 ) ) ;
#7032 = CARTESIAN_POINT ( 'NONE',  ( 0.05669291338582693700, 0.0000000000000000000, 0.03444881889763761600 ) ) ;
#7033 = MECHANICAL_DESIGN_GEOMETRIC_PRESENTATION_REPRESENTATION (  '', ( #5756 ), #7702 ) ;
#7034 = LINE ( 'NONE', #1202, #4470 ) ;
#7035 = MECHANICAL_DESIGN_GEOMETRIC_PRESENTATION_REPRESENTATION (  '', ( #5089 ), #7703 ) ;
#7036 = PRESENTATION_LAYER_ASSIGNMENT (  '', '', ( #6405 ) ) ;
#7037 = CARTESIAN_POINT ( 'NONE',  ( -0.004921259842522332200, 0.0000000000000000000, 0.05905511811023619200 ) ) ;
#7038 = CARTESIAN_POINT ( 'NONE',  ( 0.004921259842520247900, 0.001181102362204724200, 0.05905511811023624000 ) ) ;
#7039 = ADVANCED_FACE ( 'NONE', ( #5519 ), #9237, .F. ) ;
#7040 = CARTESIAN_POINT ( 'NONE',  ( -0.04291338582677181600, 0.001181102362204724400, 0.0000000000000000000 ) ) ;
#7041 = MANIFOLD_SOLID_BREP ( 'Split1[1]', #2925 ) ;
#7042 = ORIENTED_EDGE ( 'NONE', *, *, #7883, .T. ) ;
#7043 = VECTOR ( 'NONE', #5261, 39.37007874015748100 ) ;
#7044 = CARTESIAN_POINT ( 'NONE',  ( -0.05669291338582568100, -0.01693371115559762200, -0.02460629921260103600 ) ) ;
#7045 = EDGE_LOOP ( 'NONE', ( #11828, #7872, #6951, #10032 ) ) ;
#7046 = EDGE_LOOP ( 'NONE', ( #5199, #11683, #4263, #8820 ) ) ;
#7047 = ORIENTED_EDGE ( 'NONE', *, *, #6620, .F. ) ;
#7048 = EDGE_LOOP ( 'NONE', ( #7492, #8352, #4195, #2047 ) ) ;
#7049 = CARTESIAN_POINT ( 'NONE',  ( -0.02460629921259813200, 0.007204724409448820400, -0.04291338582677183700 ) ) ;
#7050 = STYLED_ITEM ( 'NONE', ( #7635 ), #3563 ) ;
#7051 = STYLED_ITEM ( 'NONE', ( #10264 ), #9729 ) ;
#7052 = AXIS2_PLACEMENT_3D ( 'NONE', #8142, #2297, #9143 ) ;
#7053 = CARTESIAN_POINT ( 'NONE',  ( 0.04291338582677167000, 0.004133858267716536200, 0.004921259842522252400 ) ) ;
#7054 = LINE ( 'NONE', #1254, #4489 ) ;
#7055 = DIMENSIONAL_EXPONENTS ( 1.000000000000000000, 0.0000000000000000000, 0.0000000000000000000, 0.0000000000000000000, 0.0000000000000000000, 0.0000000000000000000, 0.0000000000000000000 ) ;
#7056 = UNCERTAINTY_MEASURE_WITH_UNIT (LENGTH_MEASURE( 1.000000000000000100E-005 ), #5576, 'distance_accuracy_value', 'NONE');
#7057 = DIRECTION ( 'NONE',  ( 0.0000000000000000000, 1.000000000000000000, -0.0000000000000000000 ) ) ;
#7058 = EDGE_LOOP ( 'NONE', ( #2897, #5711, #8685, #3340 ) ) ;
#7059 = EDGE_CURVE ( 'NONE', #9521, #6649, #6869, .T. ) ;
#7060 = FILL_AREA_STYLE_COLOUR ( '', #4139 ) ;
#7061 =( CONVERSION_BASED_UNIT ( 'INCH', #1411 ) LENGTH_UNIT ( ) NAMED_UNIT ( #3501 ) );
#7062 = ORIENTED_EDGE ( 'NONE', *, *, #9136, .F. ) ;
#7063 = LINE ( 'NONE', #8639, #12005 ) ;
#7064 = CARTESIAN_POINT ( 'NONE',  ( 0.05669291338582657000, -0.01693371115559762200, 0.004921259842522329600 ) ) ;
#7065 = CARTESIAN_POINT ( 'NONE',  ( -0.04291338582677158000, 0.001181102362204723500, -0.01476377952755922300 ) ) ;
#7066 = CARTESIAN_POINT ( 'NONE',  ( -0.01476377952755906200, 0.0000000000000000000, 0.04291338582677155900 ) ) ;
#7067 = STYLED_ITEM ( 'NONE', ( #9532 ), #4837 ) ;
#7068 = DIMENSIONAL_EXPONENTS ( 1.000000000000000000, 0.0000000000000000000, 0.0000000000000000000, 0.0000000000000000000, 0.0000000000000000000, 0.0000000000000000000, 0.0000000000000000000 ) ;
#7069 = SURFACE_STYLE_USAGE ( .BOTH. , #275 ) ;
#7070 = CARTESIAN_POINT ( 'NONE',  ( 0.01476377952755906200, 0.007204724409448820400, 0.05669291338582680600 ) ) ;
#7071 = CARTESIAN_POINT ( 'NONE',  ( 0.04291338582677158000, 0.001181102362204723500, -0.02460629921259860000 ) ) ;
#7072 = ORIENTED_EDGE ( 'NONE', *, *, #2440, .T. ) ;
#7073 = EDGE_LOOP ( 'NONE', ( #710, #7345, #104, #8649 ) ) ;
#7074 = VERTEX_POINT ( 'NONE', #9329 ) ;
#7075 = DIRECTION ( 'NONE',  ( -1.000000000000000000, 0.0000000000000000000, 8.232929642093732000E-016 ) ) ;
#7076 = EDGE_CURVE ( 'NONE', #10782, #9119, #3064, .T. ) ;
#7077 = ORIENTED_EDGE ( 'NONE', *, *, #4661, .T. ) ;
#7078 = FACE_OUTER_BOUND ( 'NONE', #3125, .T. ) ;
#7079 = ORIENTED_EDGE ( 'NONE', *, *, #4435, .F. ) ;
#7080 = PLANE ( 'NONE',  #5993 ) ;
#7081 = ORIENTED_EDGE ( 'NONE', *, *, #4001, .F. ) ;
#7082 = SURFACE_STYLE_USAGE ( .BOTH. , #288 ) ;
#7083 = FILL_AREA_STYLE ('',( #12004 ) ) ;
#7084 = AXIS2_PLACEMENT_3D ( 'NONE', #2882, #9751, #3878 ) ;
#7085 =( CONVERSION_BASED_UNIT ( 'INCH', #6110 ) LENGTH_UNIT ( ) NAMED_UNIT ( #9004 ) );
#7086 = DIRECTION ( 'NONE',  ( 0.0000000000000000000, -0.0000000000000000000, -1.000000000000000000 ) ) ;
#7087 = ORIENTED_EDGE ( 'NONE', *, *, #4278, .T. ) ;
#7088 = PRESENTATION_STYLE_ASSIGNMENT (( #2335 ) ) ;
#7089 = PLANE ( 'NONE',  #12586 ) ;
#7090 = PRESENTATION_STYLE_ASSIGNMENT (( #936 ) ) ;
#7091 = CARTESIAN_POINT ( 'NONE',  ( 0.0000000000000000000, 0.004133858267716536200, 0.02460629921260094900 ) ) ;
#7092 = AXIS2_PLACEMENT_3D ( 'NONE', #11054, #5185, #2279 ) ;
#7093 = STYLED_ITEM ( 'NONE', ( #10366 ), #890 ) ;
#7094 = VERTEX_POINT ( 'NONE', #3467 ) ;
#7095 = ORIENTED_EDGE ( 'NONE', *, *, #11863, .T. ) ;
#7096 =( LENGTH_UNIT ( ) NAMED_UNIT ( * ) SI_UNIT ( $, .METRE. ) );
#7097 = ADVANCED_FACE ( 'NONE', ( #1713 ), #11297, .T. ) ;
#7098 = CARTESIAN_POINT ( 'NONE',  ( -0.01476377952755906200, 0.0000000000000000000, 0.05669291338582680600 ) ) ;
#7099 = ORIENTED_EDGE ( 'NONE', *, *, #842, .F. ) ;
#7100 = VERTEX_POINT ( 'NONE', #5413 ) ;
#7101 = FILL_AREA_STYLE_COLOUR ( '', #9363 ) ;
#7102 = LENGTH_MEASURE_WITH_UNIT ( LENGTH_MEASURE( 0.02539999999999999900 ), #5769 );
#7103 = STYLED_ITEM ( 'NONE', ( #8578 ), #8139 ) ;
#7104 = SURFACE_STYLE_USAGE ( .BOTH. , #311 ) ;
#7105 = FILL_AREA_STYLE ('',( #312 ) ) ;
#7106 = STYLED_ITEM ( 'NONE', ( #8040 ), #10298 ) ;
#7107 = DIRECTION ( 'NONE',  ( 2.929742899324058200E-015, -0.0000000000000000000, 1.000000000000000000 ) ) ;
#7108 = CARTESIAN_POINT ( 'NONE',  ( 0.02460629921259843400, 0.0000000000000000000, 0.05669291338582680600 ) ) ;
#7109 = UNCERTAINTY_MEASURE_WITH_UNIT (LENGTH_MEASURE( 1.000000000000000100E-005 ), #10380, 'distance_accuracy_value', 'NONE');
#7110 = DIRECTION ( 'NONE',  ( 0.0000000000000000000, 1.000000000000000000, 0.0000000000000000000 ) ) ;
#7111 = STYLED_ITEM ( 'NONE', ( #5941 ), #2065 ) ;
#7112 = CARTESIAN_POINT ( 'NONE',  ( -0.04291338582677142700, 0.001181102362204723500, -0.02460629921260094500 ) ) ;
#7113 = PRESENTATION_STYLE_ASSIGNMENT (( #1840 ) ) ;
#7114 = PRESENTATION_STYLE_ASSIGNMENT (( #4929 ) ) ;
#7115 = CARTESIAN_POINT ( 'NONE',  ( 0.0000000000000000000, 0.007204724409448820400, 0.0000000000000000000 ) ) ;
#7116 = EDGE_CURVE ( 'NONE', #4992, #10385, #7008, .T. ) ;
#7117 = COLOUR_RGB ( '',0.3529411764705882000, 0.3529411764705882000, 0.3529411764705882000 ) ;
#7118 = FILL_AREA_STYLE_COLOUR ( '', #10906 ) ;
#7119 = LINE ( 'NONE', #6301, #12055 ) ;
#7120 = DIRECTION ( 'NONE',  ( 1.000000000000000000, -0.0000000000000000000, 6.326356674140263400E-016 ) ) ;
#7121 = STYLED_ITEM ( 'NONE', ( #2002 ), #3290 ) ;
#7122 = STYLED_ITEM ( 'NONE', ( #9055 ), #9257 ) ;
#7123 = FACE_OUTER_BOUND ( 'NONE', #11439, .T. ) ;
#7124 = DIRECTION ( 'NONE',  ( -0.0000000000000000000, 0.0000000000000000000, 1.000000000000000000 ) ) ;
#7125 = ORIENTED_EDGE ( 'NONE', *, *, #10395, .T. ) ;
#7126 =( LENGTH_UNIT ( ) NAMED_UNIT ( * ) SI_UNIT ( $, .METRE. ) );
#7127 = UNCERTAINTY_MEASURE_WITH_UNIT (LENGTH_MEASURE( 1.000000000000000100E-005 ), #2841, 'distance_accuracy_value', 'NONE');
#7128 = FACE_OUTER_BOUND ( 'NONE', #10486, .T. ) ;
#7129 =( NAMED_UNIT ( * ) PLANE_ANGLE_UNIT ( ) SI_UNIT ( $, .RADIAN. ) );
#7130 = PLANE ( 'NONE',  #6967 ) ;
#7131 = FACE_OUTER_BOUND ( 'NONE', #6158, .T. ) ;
#7132 = ORIENTED_EDGE ( 'NONE', *, *, #4238, .T. ) ;
#7133 = VECTOR ( 'NONE', #9300, 39.37007874015748100 ) ;
#7134 = DIRECTION ( 'NONE',  ( -1.000000000000000000, 0.0000000000000000000, -5.434102431278317600E-015 ) ) ;
#7135 = VECTOR ( 'NONE', #11854, 39.37007874015748100 ) ;
#7136 = ORIENTED_EDGE ( 'NONE', *, *, #5250, .F. ) ;
#7137 = SURFACE_STYLE_USAGE ( .BOTH. , #349 ) ;
#7138 = EDGE_CURVE ( 'NONE', #2846, #3628, #4441, .T. ) ;
#7139 = CARTESIAN_POINT ( 'NONE',  ( 0.05669291338582568100, 0.007204724409448820400, 0.02460629921260102900 ) ) ;
#7140 =( NAMED_UNIT ( * ) PLANE_ANGLE_UNIT ( ) SI_UNIT ( $, .RADIAN. ) );
#7141 = VECTOR ( 'NONE', #9354, 39.37007874015748100 ) ;
#7142 = LENGTH_MEASURE_WITH_UNIT ( LENGTH_MEASURE( 0.02539999999999999900 ), #5798 );
#7143 = LINE ( 'NONE', #714, #12084 ) ;
#7144 = ORIENTED_EDGE ( 'NONE', *, *, #1808, .T. ) ;
#7145 = VECTOR ( 'NONE', #12588, 39.37007874015748100 ) ;
#7146 = STYLED_ITEM ( 'NONE', ( #10055 ), #4375 ) ;
#7147 = UNCERTAINTY_MEASURE_WITH_UNIT (LENGTH_MEASURE( 1.000000000000000100E-005 ), #12195, 'distance_accuracy_value', 'NONE');
#7148 = PRESENTATION_LAYER_ASSIGNMENT (  '', '', ( #5868 ) ) ;
#7149 =( NAMED_UNIT ( * ) SI_UNIT ( $, .STERADIAN. ) SOLID_ANGLE_UNIT ( ) );
#7150 = DIRECTION ( 'NONE',  ( 0.0000000000000000000, -0.0000000000000000000, 1.000000000000000000 ) ) ;
#7151 =( NAMED_UNIT ( * ) SI_UNIT ( $, .STERADIAN. ) SOLID_ANGLE_UNIT ( ) );
#7152 = VERTEX_POINT ( 'NONE', #8400 ) ;
#7153 = EDGE_LOOP ( 'NONE', ( #2400, #10324, #3254, #3139 ) ) ;
#7154 = DIRECTION ( 'NONE',  ( 0.0000000000000000000, -0.0000000000000000000, 1.000000000000000000 ) ) ;
#7155 = CARTESIAN_POINT ( 'NONE',  ( -0.02272557806252448900, 0.003937007874015748000, -0.02272557806252480100 ) ) ;
#7156 = DIRECTION ( 'NONE',  ( -1.000000000000000000, -0.0000000000000000000, 0.0000000000000000000 ) ) ;
#7157 = EDGE_CURVE ( 'NONE', #640, #11375, #4125, .T. ) ;
#7158 = COLOUR_RGB ( '',0.9686274509803921600, 0.8784313725490196000, 0.5999999999999999800 ) ;
#7159 =( NAMED_UNIT ( * ) PLANE_ANGLE_UNIT ( ) SI_UNIT ( $, .RADIAN. ) );
#7160 = CARTESIAN_POINT ( 'NONE',  ( 0.0000000000000000000, 0.0000000000000000000, 0.04291338582677168400 ) ) ;
#7161 = CARTESIAN_POINT ( 'NONE',  ( 0.02460629921259843400, 0.007204724409448820400, 0.05669291338582680600 ) ) ;
#7162 = CARTESIAN_POINT ( 'NONE',  ( 0.02460629921259843000, 0.007204724409448820400, 0.05669291338582680600 ) ) ;
#7163 = DIRECTION ( 'NONE',  ( 0.0000000000000000000, -0.0000000000000000000, 1.000000000000000000 ) ) ;
#7164 = STYLED_ITEM ( 'NONE', ( #12071 ), #6850 ) ;
#7165 = CARTESIAN_POINT ( 'NONE',  ( -0.02460629921260094900, 0.001181102362204723500, 0.04291338582677143400 ) ) ;
#7166 = AXIS2_PLACEMENT_3D ( 'NONE', #601, #7387, #1565 ) ;
#7167 = UNCERTAINTY_MEASURE_WITH_UNIT (LENGTH_MEASURE( 1.000000000000000100E-005 ), #2138, 'distance_accuracy_value', 'NONE');
#7168 = VERTEX_POINT ( 'NONE', #3562 ) ;
#7169 = ORIENTED_EDGE ( 'NONE', *, *, #10461, .T. ) ;
#7170 = VECTOR ( 'NONE', #7326, 39.37007874015748100 ) ;
#7171 = ORIENTED_EDGE ( 'NONE', *, *, #840, .T. ) ;
#7172 = ADVANCED_FACE ( 'NONE', ( #11646 ), #4533, .F. ) ;
#7173 = DIRECTION ( 'NONE',  ( 2.646153987744243500E-015, -0.0000000000000000000, -1.000000000000000000 ) ) ;
#7174 = LINE ( 'NONE', #6884, #12113 ) ;
#7175 = LINE ( 'NONE', #11692, #9823 ) ;
#7176 = LINE ( 'NONE', #11785, #12117 ) ;
#7177 = ADVANCED_FACE ( 'NONE', ( #10714 ), #2595, .T. ) ;
#7178 = PRESENTATION_STYLE_ASSIGNMENT (( #7082 ) ) ;
#7179 = SURFACE_STYLE_USAGE ( .BOTH. , #381 ) ;
#7180 = EDGE_CURVE ( 'NONE', #579, #1450, #6854, .T. ) ;
#7181 = AXIS2_PLACEMENT_3D ( 'NONE', #2537, #9396, #3536 ) ;
#7182 = VERTEX_POINT ( 'NONE', #11419 ) ;
#7183 = CARTESIAN_POINT ( 'NONE',  ( 0.01476377952755938600, 0.001181102362204723500, -0.04291338582677153200 ) ) ;
#7184 = CARTESIAN_POINT ( 'NONE',  ( 0.04291338582677162200, -0.01693371115559762200, -0.01476377952755922300 ) ) ;
#7185 =( CONVERSION_BASED_UNIT ( 'INCH', #8779 ) LENGTH_UNIT ( ) NAMED_UNIT ( #6615 ) );
#7186 = CARTESIAN_POINT ( 'NONE',  ( 0.004921259842519684100, 0.001181102362204723500, 0.05669291338582675000 ) ) ;
#7187 = EDGE_CURVE ( 'NONE', #3176, #6852, #9506, .T. ) ;
#7188 = VECTOR ( 'NONE', #5312, 39.37007874015748100 ) ;
#7189 = FILL_AREA_STYLE_COLOUR ( '', #1917 ) ;
#7190 = CARTESIAN_POINT ( 'NONE',  ( -0.05905511811023663600, 0.03149606299212598400, 0.05905511811023582400 ) ) ;
#7191 = DIMENSIONAL_EXPONENTS ( 1.000000000000000000, 0.0000000000000000000, 0.0000000000000000000, 0.0000000000000000000, 0.0000000000000000000, 0.0000000000000000000, 0.0000000000000000000 ) ;
#7192 = CARTESIAN_POINT ( 'NONE',  ( -0.04291338582677153200, 0.007204724409448820400, -0.03444881889763795600 ) ) ;
#7193 =( GEOMETRIC_REPRESENTATION_CONTEXT ( 3 ) GLOBAL_UNCERTAINTY_ASSIGNED_CONTEXT ( ( #2094 ) ) GLOBAL_UNIT_ASSIGNED_CONTEXT ( ( #3541, #10378, #4518 ) ) REPRESENTATION_CONTEXT ( 'NONE', 'WORKASPACE' ) );
#7194 = LENGTH_MEASURE_WITH_UNIT ( LENGTH_MEASURE( 0.02539999999999999900 ), #3194 );
#7195 =( CONVERSION_BASED_UNIT ( 'INCH', #62 ) LENGTH_UNIT ( ) NAMED_UNIT ( #5687 ) );
#7196 = MECHANICAL_DESIGN_GEOMETRIC_PRESENTATION_REPRESENTATION (  '', ( #5245 ), #7851 ) ;
#7197 = FILL_AREA_STYLE ('',( #11118 ) ) ;
#7198 = COLOUR_RGB ( '',0.2509803921568627400, 0.2509803921568627400, 0.2509803921568627400 ) ;
#7199 =( NAMED_UNIT ( * ) PLANE_ANGLE_UNIT ( ) SI_UNIT ( $, .RADIAN. ) );
#7200 = EDGE_CURVE ( 'NONE', #9093, #6347, #4271, .T. ) ;
#7201 =( NAMED_UNIT ( * ) SI_UNIT ( $, .STERADIAN. ) SOLID_ANGLE_UNIT ( ) );
#7202 = ORIENTED_EDGE ( 'NONE', *, *, #2252, .F. ) ;
#7203 = SURFACE_STYLE_USAGE ( .BOTH. , #404 ) ;
#7204 = ORIENTED_EDGE ( 'NONE', *, *, #2675, .T. ) ;
#7205 = DIMENSIONAL_EXPONENTS ( 1.000000000000000000, 0.0000000000000000000, 0.0000000000000000000, 0.0000000000000000000, 0.0000000000000000000, 0.0000000000000000000, 0.0000000000000000000 ) ;
#7206 = CARTESIAN_POINT ( 'NONE',  ( -0.05905511811023625400, 0.0000000000000000000, 0.004921259842519520200 ) ) ;
#7207 = VERTEX_POINT ( 'NONE', #10476 ) ;
#7208 = FILL_AREA_STYLE ('',( #8191 ) ) ;
#7209 = CARTESIAN_POINT ( 'NONE',  ( 0.04291338582677158000, -0.01693371115559762200, -0.02460629921259857900 ) ) ;
#7210 = VECTOR ( 'NONE', #6096, 39.37007874015748100 ) ;
#7211 = STYLED_ITEM ( 'NONE', ( #3738 ), #2774 ) ;
#7212 = STYLED_ITEM ( 'NONE', ( #10834 ), #8858 ) ;
#7213 = FILL_AREA_STYLE_COLOUR ( '', #1876 ) ;
#7214 = DIRECTION ( 'NONE',  ( -1.000000000000000000, 0.0000000000000000000, -2.866700612739115500E-014 ) ) ;
#7215 = FILL_AREA_STYLE ('',( #6253 ) ) ;
#7216 = ORIENTED_EDGE ( 'NONE', *, *, #3899, .T. ) ;
#7217 = SURFACE_STYLE_USAGE ( .BOTH. , #421 ) ;
#7218 = FILL_AREA_STYLE ('',( #12093 ) ) ;
#7219 =( NAMED_UNIT ( * ) PLANE_ANGLE_UNIT ( ) SI_UNIT ( $, .RADIAN. ) );
#7220 = DIRECTION ( 'NONE',  ( 0.0000000000000000000, 1.000000000000000000, 0.0000000000000000000 ) ) ;
#7221 = DIRECTION ( 'NONE',  ( 2.646153987744243500E-015, 0.0000000000000000000, -1.000000000000000000 ) ) ;
#7222 = UNCERTAINTY_MEASURE_WITH_UNIT (LENGTH_MEASURE( 1.000000000000000100E-005 ), #5127, 'distance_accuracy_value', 'NONE');
#7223 = DIRECTION ( 'NONE',  ( -0.0000000000000000000, 0.0000000000000000000, 1.000000000000000000 ) ) ;
#7224 = FILL_AREA_STYLE_COLOUR ( '', #5593 ) ;
#7225 = MECHANICAL_DESIGN_GEOMETRIC_PRESENTATION_REPRESENTATION (  '', ( #5277 ), #7879 ) ;
#7226 = CARTESIAN_POINT ( 'NONE',  ( -0.05669291338582688200, 0.007204724409448820400, 0.02460629921259822900 ) ) ;
#7227 = EDGE_CURVE ( 'NONE', #4881, #8000, #3975, .T. ) ;
#7228 = ORIENTED_EDGE ( 'NONE', *, *, #564, .F. ) ;
#7229 = VERTEX_POINT ( 'NONE', #8489 ) ;
#7230 = LENGTH_MEASURE_WITH_UNIT ( LENGTH_MEASURE( 0.02539999999999999900 ), #9699 );
#7231 =( NAMED_UNIT ( * ) PLANE_ANGLE_UNIT ( ) SI_UNIT ( $, .RADIAN. ) );
#7232 = LENGTH_MEASURE_WITH_UNIT ( LENGTH_MEASURE( 0.02539999999999999900 ), #3677 );
#7233 = ADVANCED_FACE ( 'NONE', ( #9182 ), #6569, .T. ) ;
#7234 = EDGE_CURVE ( 'NONE', #2831, #5229, #2749, .T. ) ;
#7235 = EDGE_CURVE ( 'NONE', #2070, #3706, #5338, .T. ) ;
#7236 = FILL_AREA_STYLE_COLOUR ( '', #9524 ) ;
#7237 = ADVANCED_FACE ( 'NONE', ( #5028 ), #8585, .F. ) ;
#7238 =( NAMED_UNIT ( * ) PLANE_ANGLE_UNIT ( ) SI_UNIT ( $, .RADIAN. ) );
#7239 = DIRECTION ( 'NONE',  ( -1.309156885088692300E-017, 0.0000000000000000000, 1.000000000000000000 ) ) ;
#7240 = CARTESIAN_POINT ( 'NONE',  ( -0.01476377952755873900, 0.0000000000000000000, -0.04291338582677177400 ) ) ;
#7241 = ORIENTED_EDGE ( 'NONE', *, *, #12050, .T. ) ;
#7242 = ORIENTED_EDGE ( 'NONE', *, *, #3670, .F. ) ;
#7243 = STYLED_ITEM ( 'NONE', ( #10398 ), #6365 ) ;
#7244 = CARTESIAN_POINT ( 'NONE',  ( -0.004921259842522249800, 0.004133858267716536200, 0.0000000000000000000 ) ) ;
#7245 = EDGE_LOOP ( 'NONE', ( #3718, #4265, #12310, #3041 ) ) ;
#7246 = MECHANICAL_DESIGN_GEOMETRIC_PRESENTATION_REPRESENTATION (  '', ( #5300 ), #7897 ) ;
#7247 = ORIENTED_EDGE ( 'NONE', *, *, #749, .F. ) ;
#7248 = FILL_AREA_STYLE ('',( #1391 ) ) ;
#7249 = CARTESIAN_POINT ( 'NONE',  ( 0.0000000000000000000, 0.004133858267716536200, 0.03444881889763761600 ) ) ;
#7250 = CARTESIAN_POINT ( 'NONE',  ( -0.04494350380682998100, 0.05144373542619636000, -0.04494350380683059800 ) ) ;
#7251 = EDGE_CURVE ( 'NONE', #1449, #3669, #1523, .T. ) ;
#7252 = EDGE_CURVE ( 'NONE', #6425, #5084, #11632, .T. ) ;
#7253 = VERTEX_POINT ( 'NONE', #4744 ) ;
#7254 = COLOUR_RGB ( '',0.2509803921568627400, 0.2509803921568627400, 0.2509803921568627400 ) ;
#7255 = LINE ( 'NONE', #5376, #12198 ) ;
#7256 = ORIENTED_EDGE ( 'NONE', *, *, #11520, .F. ) ;
#7257 = ORIENTED_EDGE ( 'NONE', *, *, #9295, .F. ) ;
#7258 = ORIENTED_EDGE ( 'NONE', *, *, #9692, .T. ) ;
#7259 = SURFACE_STYLE_FILL_AREA ( #1343 ) ;
#7260 = DIRECTION ( 'NONE',  ( -1.000000000000000000, -0.0000000000000000000, 0.0000000000000000000 ) ) ;
#7261 = CARTESIAN_POINT ( 'NONE',  ( -0.05905511811023581000, 0.001181102362204723300, -0.05905511811023662200 ) ) ;
#7262 =( CONVERSION_BASED_UNIT ( 'INCH', #2432 ) LENGTH_UNIT ( ) NAMED_UNIT ( #7055 ) );
#7263 = SURFACE_SIDE_STYLE ('',( #2308 ) ) ;
#7264 = ORIENTED_EDGE ( 'NONE', *, *, #7883, .F. ) ;
#7265 =( CONVERSION_BASED_UNIT ( 'INCH', #1658 ) LENGTH_UNIT ( ) NAMED_UNIT ( #6950 ) );
#7266 = STYLED_ITEM ( 'NONE', ( #7916 ), #7237 ) ;
#7267 =( NAMED_UNIT ( * ) SI_UNIT ( $, .STERADIAN. ) SOLID_ANGLE_UNIT ( ) );
#7268 = FACE_OUTER_BOUND ( 'NONE', #11210, .T. ) ;
#7269 = FILL_AREA_STYLE_COLOUR ( '', #9697 ) ;
#7270 = MECHANICAL_DESIGN_GEOMETRIC_PRESENTATION_REPRESENTATION (  '', ( #5319 ), #7923 ) ;
#7271 = VERTEX_POINT ( 'NONE', #10600 ) ;
#7272 = LINE ( 'NONE', #5622, #9913 ) ;
#7273 = FILL_AREA_STYLE_COLOUR ( '', #10858 ) ;
#7274 = LINE ( 'NONE', #556, #12539 ) ;
#7275 = FILL_AREA_STYLE ('',( #1470 ) ) ;
#7276 = UNCERTAINTY_MEASURE_WITH_UNIT (LENGTH_MEASURE( 1.000000000000000100E-005 ), #5923, 'distance_accuracy_value', 'NONE');
#7277 = CARTESIAN_POINT ( 'NONE',  ( 0.04291338582677180900, 0.001181102362204723500, 0.04429133858267701700 ) ) ;
#7278 = CARTESIAN_POINT ( 'NONE',  ( -0.04291338582677176100, 0.007204724409448820400, 0.02460629921259828100 ) ) ;
#7279 = CARTESIAN_POINT ( 'NONE',  ( 0.0000000000000000000, 0.001181102362204724400, -0.02460629921260094500 ) ) ;
#7280 = MECHANICAL_DESIGN_GEOMETRIC_PRESENTATION_REPRESENTATION (  '', ( #5330 ), #7935 ) ;
#7281 = VECTOR ( 'NONE', #5358, 39.37007874015748100 ) ;
#7282 = MECHANICAL_DESIGN_GEOMETRIC_PRESENTATION_REPRESENTATION (  '', ( #5331 ), #7936 ) ;
#7283 =( CONVERSION_BASED_UNIT ( 'INCH', #612 ) LENGTH_UNIT ( ) NAMED_UNIT ( #12126 ) );
#7284 = DIRECTION ( 'NONE',  ( -3.425378178171707600E-015, 0.0000000000000000000, -1.000000000000000000 ) ) ;
#7285 = SURFACE_SIDE_STYLE ('',( #8414 ) ) ;
#7286 = VECTOR ( 'NONE', #3239, 39.37007874015748100 ) ;
#7287 = DIRECTION ( 'NONE',  ( 0.0000000000000000000, -0.0000000000000000000, 1.000000000000000000 ) ) ;
#7288 = EDGE_CURVE ( 'NONE', #12628, #12340, #9005, .T. ) ;
#7289 = FACE_OUTER_BOUND ( 'NONE', #5727, .T. ) ;
#7290 = DIRECTION ( 'NONE',  ( 6.982962677686265900E-015, 0.0000000000000000000, -1.000000000000000000 ) ) ;
#7291 = FILL_AREA_STYLE_COLOUR ( '', #6714 ) ;
#7292 = VECTOR ( 'NONE', #3130, 39.37007874015748100 ) ;
#7293 = SURFACE_STYLE_FILL_AREA ( #8621 ) ;
#7294 = ADVANCED_FACE ( 'NONE', ( #1226 ), #881, .F. ) ;
#7295 = DIRECTION ( 'NONE',  ( -0.0000000000000000000, -1.000000000000000000, 0.0000000000000000000 ) ) ;
#7296 = FACE_OUTER_BOUND ( 'NONE', #5234, .T. ) ;
#7297 = MECHANICAL_DESIGN_GEOMETRIC_PRESENTATION_REPRESENTATION (  '', ( #5351 ), #7951 ) ;
#7298 = STYLED_ITEM ( 'NONE', ( #7529 ), #11759 ) ;
#7299 = ADVANCED_FACE ( 'NONE', ( #5175 ), #2807, .F. ) ;
#7300 = FILL_AREA_STYLE_COLOUR ( '', #323 ) ;
#7301 = FILL_AREA_STYLE ('',( #3489 ) ) ;
#7302 = CARTESIAN_POINT ( 'NONE',  ( -0.05905511811023612300, 0.0000000000000000000, -0.01476377952755930000 ) ) ;
#7303 = FILL_AREA_STYLE ('',( #11196 ) ) ;
#7304 = SURFACE_STYLE_USAGE ( .BOTH. , #514 ) ;
#7305 = VECTOR ( 'NONE', #11857, 39.37007874015748100 ) ;
#7306 = ORIENTED_EDGE ( 'NONE', *, *, #11538, .F. ) ;
#7307 = COLOUR_RGB ( '',0.9686274509803921600, 0.8784313725490196000, 0.5999999999999999800 ) ;
#7308 =( LENGTH_UNIT ( ) NAMED_UNIT ( * ) SI_UNIT ( $, .METRE. ) );
#7309 = VERTEX_POINT ( 'NONE', #2849 ) ;
#7310 = EDGE_CURVE ( 'NONE', #3796, #7914, #6555, .T. ) ;
#7311 = FILL_AREA_STYLE_COLOUR ( '', #11042 ) ;
#7312 = LINE ( 'NONE', #4333, #7188 ) ;
#7313 = DIMENSIONAL_EXPONENTS ( 1.000000000000000000, 0.0000000000000000000, 0.0000000000000000000, 0.0000000000000000000, 0.0000000000000000000, 0.0000000000000000000, 0.0000000000000000000 ) ;
#7314 = ORIENTED_EDGE ( 'NONE', *, *, #9794, .F. ) ;
#7315 = CARTESIAN_POINT ( 'NONE',  ( 0.0000000000000000000, 0.001181102362204724400, 0.0000000000000000000 ) ) ;
#7316 = COLOUR_RGB ( '',0.9686274509803921600, 0.8784313725490196000, 0.5999999999999999800 ) ;
#7317 = PRESENTATION_STYLE_ASSIGNMENT (( #36 ) ) ;
#7318 = LENGTH_MEASURE_WITH_UNIT ( LENGTH_MEASURE( 0.02539999999999999900 ), #685 );
#7319 = CARTESIAN_POINT ( 'NONE',  ( -0.05905511811023581000, 0.0000000000000000000, -0.05905511811023662200 ) ) ;
#7320 = LENGTH_MEASURE_WITH_UNIT ( LENGTH_MEASURE( 0.02539999999999999900 ), #10310 );
#7321 = PLANE ( 'NONE',  #9946 ) ;
#7322 = CARTESIAN_POINT ( 'NONE',  ( 0.05669291338582668100, -0.01693371115559762200, -0.03444881889763799800 ) ) ;
#7323 = FILL_AREA_STYLE_COLOUR ( '', #212 ) ;
#7324 =( LENGTH_UNIT ( ) NAMED_UNIT ( * ) SI_UNIT ( $, .METRE. ) );
#7325 =( LENGTH_UNIT ( ) NAMED_UNIT ( * ) SI_UNIT ( $, .METRE. ) );
#7326 = DIRECTION ( 'NONE',  ( 1.000000000000000000, -0.0000000000000000000, 6.982962677686265900E-015 ) ) ;
#7327 = EDGE_CURVE ( 'NONE', #1400, #426, #3962, .T. ) ;
#7328 = DIMENSIONAL_EXPONENTS ( 1.000000000000000000, 0.0000000000000000000, 0.0000000000000000000, 0.0000000000000000000, 0.0000000000000000000, 0.0000000000000000000, 0.0000000000000000000 ) ;
#7329 = LINE ( 'NONE', #11364, #12273 ) ;
#7330 = PLANE ( 'NONE',  #8707 ) ;
#7331 = PRESENTATION_STYLE_ASSIGNMENT (( #7203 ) ) ;
#7332 = VECTOR ( 'NONE', #4835, 39.37007874015748100 ) ;
#7333 = SURFACE_STYLE_USAGE ( .BOTH. , #535 ) ;
#7334 = CARTESIAN_POINT ( 'NONE',  ( 0.05669291338582657000, 0.007204724409448820400, 0.004921259842522330400 ) ) ;
#7335 = FILL_AREA_STYLE_COLOUR ( '', #7198 ) ;
#7336 = DIRECTION ( 'NONE',  ( 0.0000000000000000000, -0.0000000000000000000, 1.000000000000000000 ) ) ;
#7337 = STYLED_ITEM ( 'NONE', ( #12445 ), #5900 ) ;
#7338 = UNCERTAINTY_MEASURE_WITH_UNIT (LENGTH_MEASURE( 1.000000000000000100E-005 ), #6671, 'distance_accuracy_value', 'NONE');
#7339 = FILL_AREA_STYLE_COLOUR ( '', #6546 ) ;
#7340 = SURFACE_STYLE_FILL_AREA ( #10256 ) ;
#7341 = DIRECTION ( 'NONE',  ( -0.0000000000000000000, -1.000000000000000000, -0.0000000000000000000 ) ) ;
#7342 =( NAMED_UNIT ( * ) SI_UNIT ( $, .STERADIAN. ) SOLID_ANGLE_UNIT ( ) );
#7343 = STYLED_ITEM ( 'NONE', ( #5793 ), #163 ) ;
#7344 =( GEOMETRIC_REPRESENTATION_CONTEXT ( 3 ) GLOBAL_UNCERTAINTY_ASSIGNED_CONTEXT ( ( #10201 ) ) GLOBAL_UNIT_ASSIGNED_CONTEXT ( ( #3469, #10312, #4449 ) ) REPRESENTATION_CONTEXT ( 'NONE', 'WORKASPACE' ) );
#7345 = ORIENTED_EDGE ( 'NONE', *, *, #9849, .F. ) ;
#7346 = DIRECTION ( 'NONE',  ( 0.0000000000000000000, -0.0000000000000000000, 1.000000000000000000 ) ) ;
#7347 = CARTESIAN_POINT ( 'NONE',  ( -0.05905511811023589400, 0.0000000000000000000, -0.04429133858267768300 ) ) ;
#7348 = DIRECTION ( 'NONE',  ( 1.000000000000000000, 0.0000000000000000000, -0.0000000000000000000 ) ) ;
#7349 = DIRECTION ( 'NONE',  ( 0.0000000000000000000, -0.0000000000000000000, -1.000000000000000000 ) ) ;
#7350 = DIRECTION ( 'NONE',  ( -1.000000000000000000, -0.0000000000000000000, -0.0000000000000000000 ) ) ;
#7351 = FILL_AREA_STYLE_COLOUR ( '', #8424 ) ;
#7352 = PRESENTATION_STYLE_ASSIGNMENT (( #10897 ) ) ;
#7353 =( NAMED_UNIT ( * ) PLANE_ANGLE_UNIT ( ) SI_UNIT ( $, .RADIAN. ) );
#7354 = ORIENTED_EDGE ( 'NONE', *, *, #1401, .T. ) ;
#7355 = VECTOR ( 'NONE', #2318, 39.37007874015748100 ) ;
#7356 = CARTESIAN_POINT ( 'NONE',  ( -0.01476377952755906200, 0.0000000000000000000, 0.05669291338582617400 ) ) ;
#7357 = MECHANICAL_DESIGN_GEOMETRIC_PRESENTATION_REPRESENTATION (  '', ( #5407 ), #8013 ) ;
#7358 =( GEOMETRIC_REPRESENTATION_CONTEXT ( 3 ) GLOBAL_UNCERTAINTY_ASSIGNED_CONTEXT ( ( #12285 ) ) GLOBAL_UNIT_ASSIGNED_CONTEXT ( ( #629, #7409, #1589 ) ) REPRESENTATION_CONTEXT ( 'NONE', 'WORKASPACE' ) );
#7359 = ORIENTED_EDGE ( 'NONE', *, *, #4435, .T. ) ;
#7360 = ORIENTED_EDGE ( 'NONE', *, *, #1620, .T. ) ;
#7361 = ADVANCED_FACE ( 'NONE', ( #6250 ), #11708, .F. ) ;
#7362 = ORIENTED_EDGE ( 'NONE', *, *, #10624, .T. ) ;
#7363 = DIRECTION ( 'NONE',  ( -1.000000000000000000, 0.0000000000000000000, -3.387117655531989800E-014 ) ) ;
#7364 =( LENGTH_UNIT ( ) NAMED_UNIT ( * ) SI_UNIT ( $, .METRE. ) );
#7365 = ADVANCED_FACE ( 'NONE', ( #2737 ), #1984, .F. ) ;
#7366 = LINE ( 'NONE', #8101, #4172 ) ;
#7367 = EDGE_CURVE ( 'NONE', #9884, #11684, #11621, .T. ) ;
#7368 = CARTESIAN_POINT ( 'NONE',  ( -0.05669291338582674300, 0.007204724409448820400, -0.01476377952755926100 ) ) ;
#7369 = SURFACE_STYLE_FILL_AREA ( #3029 ) ;
#7370 = CARTESIAN_POINT ( 'NONE',  ( -0.04494350380682998100, 0.03149606299212598400, -0.03789093658332103700 ) ) ;
#7371 = DIRECTION ( 'NONE',  ( 6.982962677686265900E-015, -0.0000000000000000000, -1.000000000000000000 ) ) ;
#7372 = DIRECTION ( 'NONE',  ( 2.646153987744247400E-015, 0.0000000000000000000, -1.000000000000000000 ) ) ;
#7373 = DIRECTION ( 'NONE',  ( 0.0000000000000000000, -0.0000000000000000000, -1.000000000000000000 ) ) ;
#7374 = EDGE_LOOP ( 'NONE', ( #3044, #6829, #9416, #2063 ) ) ;
#7375 =( LENGTH_UNIT ( ) NAMED_UNIT ( * ) SI_UNIT ( $, .METRE. ) );
#7376 = EDGE_LOOP ( 'NONE', ( #5517, #2375, #7844, #11089 ) ) ;
#7377 =( GEOMETRIC_REPRESENTATION_CONTEXT ( 3 ) GLOBAL_UNCERTAINTY_ASSIGNED_CONTEXT ( ( #1689 ) ) GLOBAL_UNIT_ASSIGNED_CONTEXT ( ( #10198, #4323, #11180 ) ) REPRESENTATION_CONTEXT ( 'NONE', 'WORKASPACE' ) );
#7378 = ORIENTED_EDGE ( 'NONE', *, *, #5560, .F. ) ;
#7379 = DIRECTION ( 'NONE',  ( 0.0000000000000000000, 1.000000000000000000, 0.0000000000000000000 ) ) ;
#7380 = LENGTH_MEASURE_WITH_UNIT ( LENGTH_MEASURE( 0.02539999999999999900 ), #2907 );
#7381 =( NAMED_UNIT ( * ) SI_UNIT ( $, .STERADIAN. ) SOLID_ANGLE_UNIT ( ) );
#7382 = SURFACE_STYLE_FILL_AREA ( #915 ) ;
#7383 = CARTESIAN_POINT ( 'NONE',  ( 0.04291338582677155200, 0.007204724409448820400, -0.03444881889763798400 ) ) ;
#7384 =( NAMED_UNIT ( * ) PLANE_ANGLE_UNIT ( ) SI_UNIT ( $, .RADIAN. ) );
#7385 = APPLICATION_PROTOCOL_DEFINITION ( 'draft international standard', 'automotive_design', 1998, #8383 ) ;
#7386 =( NAMED_UNIT ( * ) PLANE_ANGLE_UNIT ( ) SI_UNIT ( $, .RADIAN. ) );
#7387 = DIRECTION ( 'NONE',  ( -2.929742899324058200E-015, 0.0000000000000000000, -1.000000000000000000 ) ) ;
#7388 = ORIENTED_EDGE ( 'NONE', *, *, #3468, .F. ) ;
#7389 = ORIENTED_EDGE ( 'NONE', *, *, #6827, .T. ) ;
#7390 =( LENGTH_UNIT ( ) NAMED_UNIT ( * ) SI_UNIT ( $, .METRE. ) );
#7391 = ORIENTED_EDGE ( 'NONE', *, *, #10331, .F. ) ;
#7392 = ORIENTED_EDGE ( 'NONE', *, *, #8079, .F. ) ;
#7393 = EDGE_LOOP ( 'NONE', ( #5987, #11783, #1882, #11211 ) ) ;
#7394 = CARTESIAN_POINT ( 'NONE',  ( -0.05669291338582684700, 0.0000000000000000000, 0.01476377952755887600 ) ) ;
#7395 = LENGTH_MEASURE_WITH_UNIT ( LENGTH_MEASURE( 0.02539999999999999900 ), #2546 );
#7396 = FILL_AREA_STYLE ('',( #6434 ) ) ;
#7397 = DIRECTION ( 'NONE',  ( 1.128010947122436600E-013, 0.0000000000000000000, -1.000000000000000000 ) ) ;
#7398 = PRESENTATION_LAYER_ASSIGNMENT (  '', '', ( #6100 ) ) ;
#7399 =( CONVERSION_BASED_UNIT ( 'INCH', #9533 ) LENGTH_UNIT ( ) NAMED_UNIT ( #4801 ) );
#7400 = EDGE_LOOP ( 'NONE', ( #5472, #2827, #10797, #1252 ) ) ;
#7401 =( NAMED_UNIT ( * ) PLANE_ANGLE_UNIT ( ) SI_UNIT ( $, .RADIAN. ) );
#7402 = VERTEX_POINT ( 'NONE', #2030 ) ;
#7403 = ORIENTED_EDGE ( 'NONE', *, *, #5192, .T. ) ;
#7404 = EDGE_CURVE ( 'NONE', #11090, #6800, #6397, .T. ) ;
#7405 = DIRECTION ( 'NONE',  ( -1.000000000000000000, 0.0000000000000000000, 4.292739916162984100E-015 ) ) ;
#7406 = VECTOR ( 'NONE', #3828, 39.37007874015748100 ) ;
#7407 = COLOUR_RGB ( '',0.9686274509803921600, 0.8784313725490196000, 0.5999999999999999800 ) ;
#7408 = CARTESIAN_POINT ( 'NONE',  ( -0.04291338582677176100, 0.004133858267716536200, 0.02460629921259826700 ) ) ;
#7409 =( NAMED_UNIT ( * ) PLANE_ANGLE_UNIT ( ) SI_UNIT ( $, .RADIAN. ) );
#7410 = PLANE ( 'NONE',  #11660 ) ;
#7411 = MECHANICAL_DESIGN_GEOMETRIC_PRESENTATION_REPRESENTATION (  '', ( #5465 ), #8062 ) ;
#7412 = ORIENTED_EDGE ( 'NONE', *, *, #1154, .F. ) ;
#7413 = DIRECTION ( 'NONE',  ( 1.000000000000000000, 0.0000000000000000000, 0.0000000000000000000 ) ) ;
#7414 = STYLED_ITEM ( 'NONE', ( #10555 ), #5390 ) ;
#7415 =( NAMED_UNIT ( * ) PLANE_ANGLE_UNIT ( ) SI_UNIT ( $, .RADIAN. ) );
#7416 = FILL_AREA_STYLE_COLOUR ( '', #6223 ) ;
#7417 = EDGE_LOOP ( 'NONE', ( #9391, #11738, #3581, #8681 ) ) ;
#7418 = DIRECTION ( 'NONE',  ( -3.425378178174574300E-015, 0.0000000000000000000, -1.000000000000000000 ) ) ;
#7419 = CARTESIAN_POINT ( 'NONE',  ( -0.05905511811023646300, 0.001181102362204723500, 0.03444881889763771300 ) ) ;
#7420 = EDGE_CURVE ( 'NONE', #1450, #3443, #1517, .T. ) ;
#7421 =( GEOMETRIC_REPRESENTATION_CONTEXT ( 3 ) GLOBAL_UNCERTAINTY_ASSIGNED_CONTEXT ( ( #7509 ) ) GLOBAL_UNIT_ASSIGNED_CONTEXT ( ( #11143, #5268, #12139 ) ) REPRESENTATION_CONTEXT ( 'NONE', 'WORKASPACE' ) );
#7422 = DIRECTION ( 'NONE',  ( 1.000000000000000000, 0.0000000000000000000, 0.0000000000000000000 ) ) ;
#7423 = EDGE_CURVE ( 'NONE', #7991, #1310, #1213, .T. ) ;
#7424 = ADVANCED_FACE ( 'NONE', ( #6699 ), #8906, .F. ) ;
#7425 =( CONVERSION_BASED_UNIT ( 'INCH', #9094 ) LENGTH_UNIT ( ) NAMED_UNIT ( #205 ) );
#7426 = ORIENTED_EDGE ( 'NONE', *, *, #9761, .F. ) ;
#7427 =( NAMED_UNIT ( * ) SI_UNIT ( $, .STERADIAN. ) SOLID_ANGLE_UNIT ( ) );
#7428 = ADVANCED_FACE ( 'NONE', ( #2572 ), #3101, .F. ) ;
#7429 = PRODUCT_CONTEXT ( 'NONE', #8383, 'mechanical' ) ;
#7430 = DIRECTION ( 'NONE',  ( 0.0000000000000000000, -0.0000000000000000000, 1.000000000000000000 ) ) ;
#7431 = FILL_AREA_STYLE_COLOUR ( '', #5960 ) ;
#7432 = DIRECTION ( 'NONE',  ( -0.0000000000000000000, -1.000000000000000000, -0.0000000000000000000 ) ) ;
#7433 = MECHANICAL_DESIGN_GEOMETRIC_PRESENTATION_REPRESENTATION (  '', ( #5487 ), #8092 ) ;
#7434 = PLANE ( 'NONE',  #5511 ) ;
#7435 = CARTESIAN_POINT ( 'NONE',  ( -0.05669291338582694400, 0.007204724409448820400, 0.04429133858267697600 ) ) ;
#7436 = FILL_AREA_STYLE ('',( #6479 ) ) ;
#7437 = FILL_AREA_STYLE_COLOUR ( '', #8589 ) ;
#7438 = PRESENTATION_LAYER_ASSIGNMENT (  '', '', ( #6147 ) ) ;
#7439 = ORIENTED_EDGE ( 'NONE', *, *, #4184, .F. ) ;
#7440 = EDGE_CURVE ( 'NONE', #8871, #649, #1359, .T. ) ;
#7441 = DIMENSIONAL_EXPONENTS ( 1.000000000000000000, 0.0000000000000000000, 0.0000000000000000000, 0.0000000000000000000, 0.0000000000000000000, 0.0000000000000000000, 0.0000000000000000000 ) ;
#7442 = COLOUR_RGB ( '',0.2509803921568627400, 0.2509803921568627400, 0.2509803921568627400 ) ;
#7443 = PLANE ( 'NONE',  #5933 ) ;
#7444 = VERTEX_POINT ( 'NONE', #8950 ) ;
#7445 = COLOUR_RGB ( '',1.000000000000000000, 1.000000000000000000, 1.000000000000000000 ) ;
#7446 =( NAMED_UNIT ( * ) PLANE_ANGLE_UNIT ( ) SI_UNIT ( $, .RADIAN. ) );
#7447 = COLOUR_RGB ( '',0.9686274509803921600, 0.8784313725490196000, 0.5999999999999999800 ) ;
#7448 = ORIENTED_EDGE ( 'NONE', *, *, #11957, .T. ) ;
#7449 = VECTOR ( 'NONE', #9855, 39.37007874015748100 ) ;
#7450 = ORIENTED_EDGE ( 'NONE', *, *, #11944, .T. ) ;
#7451 = FILL_AREA_STYLE_COLOUR ( '', #7773 ) ;
#7452 =( LENGTH_UNIT ( ) NAMED_UNIT ( * ) SI_UNIT ( $, .METRE. ) );
#7453 = CARTESIAN_POINT ( 'NONE',  ( 0.05669291338582568100, 0.004133858267716536200, 0.0000000000000000000 ) ) ;
#7454 = UNCERTAINTY_MEASURE_WITH_UNIT (LENGTH_MEASURE( 1.000000000000000100E-005 ), #1968, 'distance_accuracy_value', 'NONE');
#7455 =( CONVERSION_BASED_UNIT ( 'INCH', #2272 ) LENGTH_UNIT ( ) NAMED_UNIT ( #10191 ) );
#7456 =( GEOMETRIC_REPRESENTATION_CONTEXT ( 3 ) GLOBAL_UNCERTAINTY_ASSIGNED_CONTEXT ( ( #11722 ) ) GLOBAL_UNIT_ASSIGNED_CONTEXT ( ( #10506, #4655, #11503 ) ) REPRESENTATION_CONTEXT ( 'NONE', 'WORKASPACE' ) );
#7457 =( CONVERSION_BASED_UNIT ( 'INCH', #7318 ) LENGTH_UNIT ( ) NAMED_UNIT ( #317 ) );
#7458 = UNCERTAINTY_MEASURE_WITH_UNIT (LENGTH_MEASURE( 1.000000000000000100E-005 ), #613, 'distance_accuracy_value', 'NONE');
#7459 = DIMENSIONAL_EXPONENTS ( 1.000000000000000000, 0.0000000000000000000, 0.0000000000000000000, 0.0000000000000000000, 0.0000000000000000000, 0.0000000000000000000, 0.0000000000000000000 ) ;
#7460 = LINE ( 'NONE', #9456, #9797 ) ;
#7461 = DIMENSIONAL_EXPONENTS ( 1.000000000000000000, 0.0000000000000000000, 0.0000000000000000000, 0.0000000000000000000, 0.0000000000000000000, 0.0000000000000000000, 0.0000000000000000000 ) ;
#7462 = ORIENTED_EDGE ( 'NONE', *, *, #121, .F. ) ;
#7463 = LINE ( 'NONE', #6691, #7145 ) ;
#7464 = FILL_AREA_STYLE_COLOUR ( '', #6361 ) ;
#7465 = CARTESIAN_POINT ( 'NONE',  ( 0.01476377952755907100, -0.01693371115559762200, 0.04291338582677167000 ) ) ;
#7466 = SURFACE_STYLE_FILL_AREA ( #2826 ) ;
#7467 = FILL_AREA_STYLE ('',( #12389 ) ) ;
#7468 = ORIENTED_EDGE ( 'NONE', *, *, #3595, .T. ) ;
#7469 = ORIENTED_EDGE ( 'NONE', *, *, #7116, .T. ) ;
#7470 = CARTESIAN_POINT ( 'NONE',  ( 0.0000000000000000000, 0.001181102362204724400, 0.0000000000000000000 ) ) ;
#7471 = PRESENTATION_STYLE_ASSIGNMENT (( #7735 ) ) ;
#7472 = DIRECTION ( 'NONE',  ( -3.885242184870542000E-015, 0.0000000000000000000, 1.000000000000000000 ) ) ;
#7473 = VECTOR ( 'NONE', #7589, 39.37007874015748100 ) ;
#7474 = CARTESIAN_POINT ( 'NONE',  ( -0.05905511811023581000, 0.001181102362204723300, -0.05905511811023662200 ) ) ;
#7475 = LINE ( 'NONE', #12107, #10103 ) ;
#7476 = PRESENTATION_LAYER_ASSIGNMENT (  '', '', ( #6175 ) ) ;
#7477 = PRESENTATION_LAYER_ASSIGNMENT (  '', '', ( #6176 ) ) ;
#7478 =( GEOMETRIC_REPRESENTATION_CONTEXT ( 3 ) GLOBAL_UNCERTAINTY_ASSIGNED_CONTEXT ( ( #1145 ) ) GLOBAL_UNIT_ASSIGNED_CONTEXT ( ( #3196, #10045, #4173 ) ) REPRESENTATION_CONTEXT ( 'NONE', 'WORKASPACE' ) );
#7479 = DIRECTION ( 'NONE',  ( 1.000000000000000000, 0.0000000000000000000, 2.346283569946222600E-014 ) ) ;
#7480 = EDGE_CURVE ( 'NONE', #1609, #3796, #11464, .T. ) ;
#7481 = DIRECTION ( 'NONE',  ( -1.000000000000000000, 0.0000000000000000000, 4.292739916162990400E-015 ) ) ;
#7482 = PRESENTATION_STYLE_ASSIGNMENT (( #9084 ) ) ;
#7483 = SURFACE_STYLE_USAGE ( .BOTH. , #705 ) ;
#7484 = CARTESIAN_POINT ( 'NONE',  ( 0.004921259842522244600, 0.0000000000000000000, 0.0000000000000000000 ) ) ;
#7485 = COLOUR_RGB ( '',0.2509803921568627400, 0.2509803921568627400, 0.2509803921568627400 ) ;
#7486 = VERTEX_POINT ( 'NONE', #6263 ) ;
#7487 = CARTESIAN_POINT ( 'NONE',  ( -0.04291338582677154500, 0.001181102362204724400, 0.0000000000000000000 ) ) ;
#7488 = COLOUR_RGB ( '',0.3529411764705882000, 0.3529411764705882000, 0.3529411764705882000 ) ;
#7489 = ORIENTED_EDGE ( 'NONE', *, *, #9746, .T. ) ;
#7490 = FILL_AREA_STYLE_COLOUR ( '', #9048 ) ;
#7491 = ORIENTED_EDGE ( 'NONE', *, *, #11876, .F. ) ;
#7492 = ORIENTED_EDGE ( 'NONE', *, *, #10545, .T. ) ;
#7493 = LENGTH_MEASURE_WITH_UNIT ( LENGTH_MEASURE( 0.02539999999999999900 ), #11214 );
#7494 = EDGE_CURVE ( 'NONE', #7402, #9714, #8839, .T. ) ;
#7495 = DIRECTION ( 'NONE',  ( -3.575470135588969500E-015, 0.0000000000000000000, 1.000000000000000000 ) ) ;
#7496 = SURFACE_STYLE_FILL_AREA ( #6131 ) ;
#7497 = CARTESIAN_POINT ( 'NONE',  ( 0.0000000000000000000, 0.007204724409448820400, 0.0000000000000000000 ) ) ;
#7498 = VERTEX_POINT ( 'NONE', #3322 ) ;
#7499 = PRESENTATION_LAYER_ASSIGNMENT (  '', '', ( #6196 ) ) ;
#7500 = PLANE ( 'NONE',  #7775 ) ;
#7501 = FACE_OUTER_BOUND ( 'NONE', #2191, .T. ) ;
#7502 = DIRECTION ( 'NONE',  ( 1.000000000000000000, 0.0000000000000000000, -4.292739916162984100E-015 ) ) ;
#7503 = SURFACE_STYLE_FILL_AREA ( #1834 ) ;
#7504 = SURFACE_SIDE_STYLE ('',( #9296 ) ) ;
#7505 = ADVANCED_FACE ( 'NONE', ( #3664 ), #8214, .F. ) ;
#7506 = VECTOR ( 'NONE', #12495, 39.37007874015748100 ) ;
#7507 = DIRECTION ( 'NONE',  ( 0.0000000000000000000, 1.000000000000000000, 0.0000000000000000000 ) ) ;
#7508 = EDGE_CURVE ( 'NONE', #5122, #6538, #12547, .T. ) ;
#7509 = UNCERTAINTY_MEASURE_WITH_UNIT (LENGTH_MEASURE( 1.000000000000000100E-005 ), #11143, 'distance_accuracy_value', 'NONE');
#7510 = CARTESIAN_POINT ( 'NONE',  ( 0.05669291338582568100, 0.007204724409448820400, 0.02460629921260102900 ) ) ;
#7511 = FACE_OUTER_BOUND ( 'NONE', #2912, .T. ) ;
#7512 = PRESENTATION_STYLE_ASSIGNMENT (( #1017 ) ) ;
#7513 =( CONVERSION_BASED_UNIT ( 'INCH', #11120 ) LENGTH_UNIT ( ) NAMED_UNIT ( #1858 ) );
#7514 = ORIENTED_EDGE ( 'NONE', *, *, #1430, .F. ) ;
#7515 = CARTESIAN_POINT ( 'NONE',  ( -0.05905511811023632400, 0.03149606299212598400, 0.01476377952755926500 ) ) ;
#7516 = ORIENTED_EDGE ( 'NONE', *, *, #11343, .F. ) ;
#7517 = DIRECTION ( 'NONE',  ( 6.838402388021533300E-015, 0.0000000000000000000, -1.000000000000000000 ) ) ;
#7518 = ORIENTED_EDGE ( 'NONE', *, *, #2066, .T. ) ;
#7519 = LENGTH_MEASURE_WITH_UNIT ( LENGTH_MEASURE( 0.02539999999999999900 ), #3712 );
#7520 = PRESENTATION_LAYER_ASSIGNMENT (  '', '', ( #6222 ) ) ;
#7521 = SURFACE_STYLE_USAGE ( .BOTH. , #741 ) ;
#7522 = CARTESIAN_POINT ( 'NONE',  ( 0.0000000000000000000, 0.004133858267716536200, 0.0000000000000000000 ) ) ;
#7523 = DIRECTION ( 'NONE',  ( 1.000000000000000000, 0.0000000000000000000, 0.0000000000000000000 ) ) ;
#7524 =( LENGTH_UNIT ( ) NAMED_UNIT ( * ) SI_UNIT ( $, .METRE. ) );
#7525 = FILL_AREA_STYLE_COLOUR ( '', #88 ) ;
#7526 = FILL_AREA_STYLE ('',( #12453 ) ) ;
#7527 = ORIENTED_EDGE ( 'NONE', *, *, #6322, .F. ) ;
#7528 = CARTESIAN_POINT ( 'NONE',  ( 0.05905511811023663600, 0.03149606299212598400, -0.05905511811023583100 ) ) ;
#7529 = PRESENTATION_STYLE_ASSIGNMENT (( #2086 ) ) ;
#7530 = FILL_AREA_STYLE_COLOUR ( '', #1374 ) ;
#7531 = FACE_OUTER_BOUND ( 'NONE', #566, .T. ) ;
#7532 = PRESENTATION_LAYER_ASSIGNMENT (  '', '', ( #6235 ) ) ;
#7533 = UNCERTAINTY_MEASURE_WITH_UNIT (LENGTH_MEASURE( 1.000000000000000100E-005 ), #4498, 'distance_accuracy_value', 'NONE');
#7534 = SURFACE_STYLE_USAGE ( .BOTH. , #752 ) ;
#7535 =( GEOMETRIC_REPRESENTATION_CONTEXT ( 3 ) GLOBAL_UNCERTAINTY_ASSIGNED_CONTEXT ( ( #9037 ) ) GLOBAL_UNIT_ASSIGNED_CONTEXT ( ( #2943, #9805, #3930 ) ) REPRESENTATION_CONTEXT ( 'NONE', 'WORKASPACE' ) );
#7536 = CARTESIAN_POINT ( 'NONE',  ( 0.05669291338582677800, 0.007204724409448820400, -0.004921259842519878400 ) ) ;
#7537 =( GEOMETRIC_REPRESENTATION_CONTEXT ( 3 ) GLOBAL_UNCERTAINTY_ASSIGNED_CONTEXT ( ( #2706 ) ) GLOBAL_UNIT_ASSIGNED_CONTEXT ( ( #11085, #5214, #12074 ) ) REPRESENTATION_CONTEXT ( 'NONE', 'WORKASPACE' ) );
#7538 = CARTESIAN_POINT ( 'NONE',  ( 0.05669291338582692400, 0.007204724409448820400, 0.03444881889763761600 ) ) ;
#7539 = CARTESIAN_POINT ( 'NONE',  ( -0.05905511811023581000, 0.004133858267716533600, -0.05905511811023662200 ) ) ;
#7540 = EDGE_CURVE ( 'NONE', #12333, #5901, #5007, .T. ) ;
#7541 = CARTESIAN_POINT ( 'NONE',  ( -0.004921259842519356200, 0.004133858267716536200, -0.04291338582677169800 ) ) ;
#7542 = VERTEX_POINT ( 'NONE', #3410 ) ;
#7543 = VERTEX_POINT ( 'NONE', #12234 ) ;
#7544 = COLOUR_RGB ( '',0.9686274509803921600, 0.8784313725490196000, 0.5999999999999999800 ) ;
#7545 = DIRECTION ( 'NONE',  ( -3.549286997887197300E-015, 0.0000000000000000000, -1.000000000000000000 ) ) ;
#7546 = UNCERTAINTY_MEASURE_WITH_UNIT (LENGTH_MEASURE( 1.000000000000000100E-005 ), #8206, 'distance_accuracy_value', 'NONE');
#7547 = SURFACE_SIDE_STYLE ('',( #7719 ) ) ;
#7548 = PRESENTATION_LAYER_ASSIGNMENT (  '', '', ( #6255 ) ) ;
#7549 = PRESENTATION_LAYER_ASSIGNMENT (  '', '', ( #6256 ) ) ;
#7550 = AXIS2_PLACEMENT_3D ( 'NONE', #11606, #5730, #12601 ) ;
#7551 = PLANE ( 'NONE',  #3659 ) ;
#7552 = DIRECTION ( 'NONE',  ( -0.0000000000000000000, -1.000000000000000000, -0.0000000000000000000 ) ) ;
#7553 = VERTEX_POINT ( 'NONE', #515 ) ;
#7554 = CLOSED_SHELL ( 'NONE', ( #2250, #5460, #8397, #10161, #9200, #7299 ) ) ;
#7555 = EDGE_LOOP ( 'NONE', ( #10192, #3225, #9741, #267 ) ) ;
#7556 = CARTESIAN_POINT ( 'NONE',  ( 0.05905511811023663600, 0.03149606299212598400, -0.05905511811023583100 ) ) ;
#7557 = ORIENTED_EDGE ( 'NONE', *, *, #4534, .T. ) ;
#7558 = PRESENTATION_STYLE_ASSIGNMENT (( #3127 ) ) ;
#7559 =( NAMED_UNIT ( * ) SI_UNIT ( $, .STERADIAN. ) SOLID_ANGLE_UNIT ( ) );
#7560 = ADVANCED_FACE ( 'NONE', ( #4724 ), #6349, .T. ) ;
#7561 = EDGE_CURVE ( 'NONE', #3669, #366, #6076, .T. ) ;
#7562 = CARTESIAN_POINT ( 'NONE',  ( -0.05905511811023605300, 0.03149606299212598400, -0.02460629921259944300 ) ) ;
#7563 = PLANE ( 'NONE',  #12674 ) ;
#7564 = VERTEX_POINT ( 'NONE', #8346 ) ;
#7565 = CARTESIAN_POINT ( 'NONE',  ( -0.05669291338582693700, 0.004133858267716536200, 0.04429133858267697600 ) ) ;
#7566 = UNCERTAINTY_MEASURE_WITH_UNIT (LENGTH_MEASURE( 1.000000000000000100E-005 ), #5758, 'distance_accuracy_value', 'NONE');
#7567 = CARTESIAN_POINT ( 'NONE',  ( 0.004921259842522240200, 0.001181102362204724200, -0.04291338582677168400 ) ) ;
#7568 = DIRECTION ( 'NONE',  ( -0.0000000000000000000, 0.0000000000000000000, -1.000000000000000000 ) ) ;
#7569 =( GEOMETRIC_REPRESENTATION_CONTEXT ( 3 ) GLOBAL_UNCERTAINTY_ASSIGNED_CONTEXT ( ( #7276 ) ) GLOBAL_UNIT_ASSIGNED_CONTEXT ( ( #5923, #94, #6894 ) ) REPRESENTATION_CONTEXT ( 'NONE', 'WORKASPACE' ) );
#7570 = ORIENTED_EDGE ( 'NONE', *, *, #11128, .T. ) ;
#7571 = VECTOR ( 'NONE', #10936, 39.37007874015748100 ) ;
#7572 = DIRECTION ( 'NONE',  ( -1.000000000000000000, -0.0000000000000000000, 0.0000000000000000000 ) ) ;
#7573 =( GEOMETRIC_REPRESENTATION_CONTEXT ( 3 ) GLOBAL_UNCERTAINTY_ASSIGNED_CONTEXT ( ( #789 ) ) GLOBAL_UNIT_ASSIGNED_CONTEXT ( ( #4505, #11362, #5480 ) ) REPRESENTATION_CONTEXT ( 'NONE', 'WORKASPACE' ) );
#7574 = VERTEX_POINT ( 'NONE', #2498 ) ;
#7575 = DIRECTION ( 'NONE',  ( 0.0000000000000000000, 1.000000000000000000, 0.0000000000000000000 ) ) ;
#7576 = ORIENTED_EDGE ( 'NONE', *, *, #5786, .T. ) ;
#7577 = VECTOR ( 'NONE', #1739, 39.37007874015748100 ) ;
#7578 = LINE ( 'NONE', #3893, #4988 ) ;
#7579 = DIMENSIONAL_EXPONENTS ( 1.000000000000000000, 0.0000000000000000000, 0.0000000000000000000, 0.0000000000000000000, 0.0000000000000000000, 0.0000000000000000000, 0.0000000000000000000 ) ;
#7580 = CARTESIAN_POINT ( 'NONE',  ( -0.05669291338582674300, 0.007204724409448820400, -0.01476377952755926100 ) ) ;
#7581 = ORIENTED_EDGE ( 'NONE', *, *, #4413, .F. ) ;
#7582 = EDGE_CURVE ( 'NONE', #8003, #2592, #3491, .T. ) ;
#7583 = CARTESIAN_POINT ( 'NONE',  ( -0.04291338582677167000, 0.001181102362204723500, -0.004921259842522247200 ) ) ;
#7584 = FILL_AREA_STYLE ('',( #2647 ) ) ;
#7585 =( LENGTH_UNIT ( ) NAMED_UNIT ( * ) SI_UNIT ( $, .METRE. ) );
#7586 = DIRECTION ( 'NONE',  ( 0.0000000000000000000, 1.000000000000000000, 0.0000000000000000000 ) ) ;
#7587 = PRESENTATION_LAYER_ASSIGNMENT (  '', '', ( #6292 ) ) ;
#7588 = FACE_OUTER_BOUND ( 'NONE', #10321, .T. ) ;
#7589 = DIRECTION ( 'NONE',  ( -0.0000000000000000000, -1.000000000000000000, -0.0000000000000000000 ) ) ;
#7590 = MECHANICAL_DESIGN_GEOMETRIC_PRESENTATION_REPRESENTATION (  '', ( #5643 ), #8242 ) ;
#7591 = DIMENSIONAL_EXPONENTS ( 1.000000000000000000, 0.0000000000000000000, 0.0000000000000000000, 0.0000000000000000000, 0.0000000000000000000, 0.0000000000000000000, 0.0000000000000000000 ) ;
#7592 = DIMENSIONAL_EXPONENTS ( 1.000000000000000000, 0.0000000000000000000, 0.0000000000000000000, 0.0000000000000000000, 0.0000000000000000000, 0.0000000000000000000, 0.0000000000000000000 ) ;
#7593 = CARTESIAN_POINT ( 'NONE',  ( 0.02460629921259843400, 0.004133858267716536200, 0.05669291338582680600 ) ) ;
#7594 = EDGE_CURVE ( 'NONE', #1478, #366, #1204, .T. ) ;
#7595 = ORIENTED_EDGE ( 'NONE', *, *, #2271, .F. ) ;
#7596 = MECHANICAL_DESIGN_GEOMETRIC_PRESENTATION_REPRESENTATION (  '', ( #5651 ), #8256 ) ;
#7597 =( LENGTH_UNIT ( ) NAMED_UNIT ( * ) SI_UNIT ( $, .METRE. ) );
#7598 = CARTESIAN_POINT ( 'NONE',  ( 0.04291338582677158000, 0.0000000000000000000, 0.0000000000000000000 ) ) ;
#7599 = MANIFOLD_SOLID_BREP ( 'Boss-Extrude2[1]', #10230 ) ;
#7600 = SURFACE_SIDE_STYLE ('',( #11620 ) ) ;
#7601 = DIRECTION ( 'NONE',  ( 4.040128209511325900E-015, 0.0000000000000000000, -1.000000000000000000 ) ) ;
#7602 =( LENGTH_UNIT ( ) NAMED_UNIT ( * ) SI_UNIT ( $, .METRE. ) );
#7603 = COLOUR_RGB ( '',0.9686274509803921600, 0.8784313725490196000, 0.5999999999999999800 ) ;
#7604 = PRESENTATION_LAYER_ASSIGNMENT (  '', '', ( #6315 ) ) ;
#7605 = MECHANICAL_DESIGN_GEOMETRIC_PRESENTATION_REPRESENTATION (  '', ( #5662 ), #8268 ) ;
#7606 = SURFACE_STYLE_USAGE ( .BOTH. , #827 ) ;
#7607 = LINE ( 'NONE', #2722, #2421 ) ;
#7608 =( LENGTH_UNIT ( ) NAMED_UNIT ( * ) SI_UNIT ( $, .METRE. ) );
#7609 = DIRECTION ( 'NONE',  ( 7.602506776249411700E-015, 0.0000000000000000000, -1.000000000000000000 ) ) ;
#7610 = FILL_AREA_STYLE_COLOUR ( '', #4007 ) ;
#7611 = COLOUR_RGB ( '',0.9686274509803921600, 0.8784313725490196000, 0.5999999999999999800 ) ;
#7612 = CARTESIAN_POINT ( 'NONE',  ( 0.02460629921259843400, 0.007204724409448820400, 0.05669291338582680600 ) ) ;
#7613 =( GEOMETRIC_REPRESENTATION_CONTEXT ( 3 ) GLOBAL_UNCERTAINTY_ASSIGNED_CONTEXT ( ( #8695 ) ) GLOBAL_UNIT_ASSIGNED_CONTEXT ( ( #11989, #6112, #274 ) ) REPRESENTATION_CONTEXT ( 'NONE', 'WORKASPACE' ) );
#7614 = EDGE_CURVE ( 'NONE', #4870, #3206, #12379, .T. ) ;
#7615 = PLANE ( 'NONE',  #1125 ) ;
#7616 = PRESENTATION_STYLE_ASSIGNMENT (( #7852 ) ) ;
#7617 = DIMENSIONAL_EXPONENTS ( 1.000000000000000000, 0.0000000000000000000, 0.0000000000000000000, 0.0000000000000000000, 0.0000000000000000000, 0.0000000000000000000, 0.0000000000000000000 ) ;
#7618 = ORIENTED_EDGE ( 'NONE', *, *, #2269, .F. ) ;
#7619 = UNCERTAINTY_MEASURE_WITH_UNIT (LENGTH_MEASURE( 1.000000000000000100E-005 ), #5614, 'distance_accuracy_value', 'NONE');
#7620 = DIRECTION ( 'NONE',  ( -0.0000000000000000000, 0.0000000000000000000, -1.000000000000000000 ) ) ;
#7621 = COLOUR_RGB ( '',0.9686274509803921600, 0.8784313725490196000, 0.5999999999999999800 ) ;
#7622 = SURFACE_STYLE_FILL_AREA ( #10307 ) ;
#7623 = SURFACE_SIDE_STYLE ('',( #1229 ) ) ;
#7624 = PRESENTATION_STYLE_ASSIGNMENT (( #9606 ) ) ;
#7625 = ORIENTED_EDGE ( 'NONE', *, *, #5227, .F. ) ;
#7626 = ADVANCED_FACE ( 'NONE', ( #10985 ), #657, .F. ) ;
#7627 = VECTOR ( 'NONE', #8513, 39.37007874015748100 ) ;
#7628 = PRESENTATION_LAYER_ASSIGNMENT (  '', '', ( #6331 ) ) ;
#7629 = PRESENTATION_LAYER_ASSIGNMENT (  '', '', ( #6332 ) ) ;
#7630 = AXIS2_PLACEMENT_3D ( 'NONE', #11916, #6032, #197 ) ;
#7631 = VERTEX_POINT ( 'NONE', #7394 ) ;
#7632 = DIRECTION ( 'NONE',  ( 5.434102431278317600E-015, 0.0000000000000000000, -1.000000000000000000 ) ) ;
#7633 = LINE ( 'NONE', #12700, #4760 ) ;
#7634 = LENGTH_MEASURE_WITH_UNIT ( LENGTH_MEASURE( 0.02539999999999999900 ), #7364 );
#7635 = PRESENTATION_STYLE_ASSIGNMENT (( #2052 ) ) ;
#7636 = CARTESIAN_POINT ( 'NONE',  ( 0.05669291338582568100, 0.001181102362204724400, 0.0000000000000000000 ) ) ;
#7637 = LENGTH_MEASURE_WITH_UNIT ( LENGTH_MEASURE( 0.02539999999999999900 ), #2106 );
#7638 = FILL_AREA_STYLE ('',( #855 ) ) ;
#7639 = LENGTH_MEASURE_WITH_UNIT ( LENGTH_MEASURE( 0.02539999999999999900 ), #12303 );
#7640 = DIRECTION ( 'NONE',  ( -1.000000000000000000, -0.0000000000000000000, -0.0000000000000000000 ) ) ;
#7641 = SURFACE_STYLE_USAGE ( .BOTH. , #859 ) ;
#7642 = DIRECTION ( 'NONE',  ( -3.549286997887197300E-015, 0.0000000000000000000, -1.000000000000000000 ) ) ;
#7643 = FACE_OUTER_BOUND ( 'NONE', #11184, .T. ) ;
#7644 = DIRECTION ( 'NONE',  ( -0.0000000000000000000, -1.000000000000000000, 0.0000000000000000000 ) ) ;
#7645 = VECTOR ( 'NONE', #3256, 39.37007874015748100 ) ;
#7646 =( GEOMETRIC_REPRESENTATION_CONTEXT ( 3 ) GLOBAL_UNCERTAINTY_ASSIGNED_CONTEXT ( ( #4660 ) ) GLOBAL_UNIT_ASSIGNED_CONTEXT ( ( #11046, #5171, #12030 ) ) REPRESENTATION_CONTEXT ( 'NONE', 'WORKASPACE' ) );
#7647 = FACE_OUTER_BOUND ( 'NONE', #5755, .T. ) ;
#7648 =( NAMED_UNIT ( * ) SI_UNIT ( $, .STERADIAN. ) SOLID_ANGLE_UNIT ( ) );
#7649 = AXIS2_PLACEMENT_3D ( 'NONE', #711, #7495, #1663 ) ;
#7650 = DIRECTION ( 'NONE',  ( -0.0000000000000000000, 0.0000000000000000000, 1.000000000000000000 ) ) ;
#7651 = CARTESIAN_POINT ( 'NONE',  ( -0.04291338582677176100, -0.01693371115559762200, 0.02460629921259828100 ) ) ;
#7652 = ORIENTED_EDGE ( 'NONE', *, *, #9174, .T. ) ;
#7653 = DIRECTION ( 'NONE',  ( 1.000000000000000000, 0.0000000000000000000, -0.0000000000000000000 ) ) ;
#7654 = FILL_AREA_STYLE_COLOUR ( '', #8264 ) ;
#7655 = CARTESIAN_POINT ( 'NONE',  ( -0.004921259842522307900, 0.001181102362204723500, 0.05669291338582661100 ) ) ;
#7656 = LINE ( 'NONE', #7190, #6297 ) ;
#7657 = VECTOR ( 'NONE', #5365, 39.37007874015748100 ) ;
#7658 = LINE ( 'NONE', #1093, #190 ) ;
#7659 = LINE ( 'NONE', #12620, #5065 ) ;
#7660 = ORIENTED_EDGE ( 'NONE', *, *, #1809, .F. ) ;
#7661 = CARTESIAN_POINT ( 'NONE',  ( -0.02460629921259813200, 0.007204724409448820400, -0.04291338582677183700 ) ) ;
#7662 = PRESENTATION_LAYER_ASSIGNMENT (  '', '', ( #6369 ) ) ;
#7663 = PLANE ( 'NONE',  #5953 ) ;
#7664 = CARTESIAN_POINT ( 'NONE',  ( -0.04291338582677133000, 0.0000000000000000000, 0.0000000000000000000 ) ) ;
#7665 = VECTOR ( 'NONE', #4987, 39.37007874015748100 ) ;
#7666 = COLOUR_RGB ( '',0.3529411764705882000, 0.3529411764705882000, 0.3529411764705882000 ) ;
#7667 = FACE_OUTER_BOUND ( 'NONE', #8674, .T. ) ;
#7668 = SURFACE_SIDE_STYLE ('',( #4554 ) ) ;
#7669 = CARTESIAN_POINT ( 'NONE',  ( 0.0000000000000000000, 0.001181102362204724400, 0.0000000000000000000 ) ) ;
#7670 = CARTESIAN_POINT ( 'NONE',  ( 0.0000000000000000000, 0.004133858267716536200, 0.04291338582677166300 ) ) ;
#7671 = EDGE_CURVE ( 'NONE', #10308, #6545, #11134, .T. ) ;
#7672 = EDGE_CURVE ( 'NONE', #10402, #8651, #8522, .T. ) ;
#7673 = EDGE_LOOP ( 'NONE', ( #5648, #6863, #3406, #3284 ) ) ;
#7674 = VERTEX_POINT ( 'NONE', #5485 ) ;
#7675 = ORIENTED_EDGE ( 'NONE', *, *, #4599, .F. ) ;
#7676 = UNCERTAINTY_MEASURE_WITH_UNIT (LENGTH_MEASURE( 1.000000000000000100E-005 ), #7772, 'distance_accuracy_value', 'NONE');
#7677 = FILL_AREA_STYLE_COLOUR ( '', #6779 ) ;
#7678 = CARTESIAN_POINT ( 'NONE',  ( 0.0000000000000000000, 0.0000000000000000000, -0.03444881889763795600 ) ) ;
#7679 = VECTOR ( 'NONE', #1081, 39.37007874015748100 ) ;
#7680 = DIRECTION ( 'NONE',  ( 5.588988455919166100E-015, 0.0000000000000000000, -1.000000000000000000 ) ) ;
#7681 = DIRECTION ( 'NONE',  ( -0.0000000000000000000, -1.000000000000000000, -0.0000000000000000000 ) ) ;
#7682 = PRESENTATION_LAYER_ASSIGNMENT (  '', '', ( #6389 ) ) ;
#7683 =( NAMED_UNIT ( * ) SI_UNIT ( $, .STERADIAN. ) SOLID_ANGLE_UNIT ( ) );
#7684 =( NAMED_UNIT ( * ) PLANE_ANGLE_UNIT ( ) SI_UNIT ( $, .RADIAN. ) );
#7685 = ORIENTED_EDGE ( 'NONE', *, *, #11555, .F. ) ;
#7686 = ADVANCED_FACE ( 'NONE', ( #761 ), #4610, .F. ) ;
#7687 = PRESENTATION_STYLE_ASSIGNMENT (( #12049 ) ) ;
#7688 = AXIS2_PLACEMENT_3D ( 'NONE', #10314, #4452, #11300 ) ;
#7689 = DIRECTION ( 'NONE',  ( -2.346283569946222600E-014, 0.0000000000000000000, 1.000000000000000000 ) ) ;
#7690 = ORIENTED_EDGE ( 'NONE', *, *, #12063, .F. ) ;
#7691 = ORIENTED_EDGE ( 'NONE', *, *, #1823, .F. ) ;
#7692 = EDGE_CURVE ( 'NONE', #7094, #8309, #7272, .T. ) ;
#7693 = LENGTH_MEASURE_WITH_UNIT ( LENGTH_MEASURE( 0.02539999999999999900 ), #9616 );
#7694 = VERTEX_POINT ( 'NONE', #12490 ) ;
#7695 = CARTESIAN_POINT ( 'NONE',  ( -0.004921259842522326100, -0.01693371115559762200, 0.05669291338582657000 ) ) ;
#7696 = LINE ( 'NONE', #873, #229 ) ;
#7697 = UNCERTAINTY_MEASURE_WITH_UNIT (LENGTH_MEASURE( 1.000000000000000100E-005 ), #4634, 'distance_accuracy_value', 'NONE');
#7698 = SURFACE_SIDE_STYLE ('',( #7382 ) ) ;
#7699 =( NAMED_UNIT ( * ) SI_UNIT ( $, .STERADIAN. ) SOLID_ANGLE_UNIT ( ) );
#7700 = DIRECTION ( 'NONE',  ( -0.0000000000000000000, 0.0000000000000000000, -1.000000000000000000 ) ) ;
#7701 = FILL_AREA_STYLE_COLOUR ( '', #3699 ) ;
#7702 =( GEOMETRIC_REPRESENTATION_CONTEXT ( 3 ) GLOBAL_UNCERTAINTY_ASSIGNED_CONTEXT ( ( #1773 ) ) GLOBAL_UNIT_ASSIGNED_CONTEXT ( ( #593, #7384, #1559 ) ) REPRESENTATION_CONTEXT ( 'NONE', 'WORKASPACE' ) );
#7703 =( GEOMETRIC_REPRESENTATION_CONTEXT ( 3 ) GLOBAL_UNCERTAINTY_ASSIGNED_CONTEXT ( ( #10138 ) ) GLOBAL_UNIT_ASSIGNED_CONTEXT ( ( #5596, #12465, #6575 ) ) REPRESENTATION_CONTEXT ( 'NONE', 'WORKASPACE' ) );
#7704 = CARTESIAN_POINT ( 'NONE',  ( -0.05669291338582691700, -0.01693371115559762200, 0.03444881889763760200 ) ) ;
#7705 = EDGE_LOOP ( 'NONE', ( #647, #5660, #5869, #12603 ) ) ;
#7706 = MECHANICAL_DESIGN_GEOMETRIC_PRESENTATION_REPRESENTATION (  '', ( #6405 ), #8365 ) ;
#7707 = VERTEX_POINT ( 'NONE', #6602 ) ;
#7708 = VECTOR ( 'NONE', #6535, 39.37007874015748100 ) ;
#7709 = ORIENTED_EDGE ( 'NONE', *, *, #4787, .F. ) ;
#7710 = ORIENTED_EDGE ( 'NONE', *, *, #9498, .T. ) ;
#7711 = ORIENTED_EDGE ( 'NONE', *, *, #7962, .F. ) ;
#7712 = CARTESIAN_POINT ( 'NONE',  ( -0.04291338582677179500, 0.007204724409448820400, 0.03444881889763763000 ) ) ;
#7713 = ORIENTED_EDGE ( 'NONE', *, *, #2922, .T. ) ;
#7714 = PLANE ( 'NONE',  #5589 ) ;
#7715 = DIMENSIONAL_EXPONENTS ( 1.000000000000000000, 0.0000000000000000000, 0.0000000000000000000, 0.0000000000000000000, 0.0000000000000000000, 0.0000000000000000000, 0.0000000000000000000 ) ;
#7716 = DIMENSIONAL_EXPONENTS ( 1.000000000000000000, 0.0000000000000000000, 0.0000000000000000000, 0.0000000000000000000, 0.0000000000000000000, 0.0000000000000000000, 0.0000000000000000000 ) ;
#7717 = ORIENTED_EDGE ( 'NONE', *, *, #6619, .F. ) ;
#7718 = EDGE_LOOP ( 'NONE', ( #8447, #1759, #3319, #1152 ) ) ;
#7719 = SURFACE_STYLE_FILL_AREA ( #767 ) ;
#7720 = AXIS2_PLACEMENT_3D ( 'NONE', #10823, #4966, #11825 ) ;
#7721 = LINE ( 'NONE', #12602, #2224 ) ;
#7722 = AXIS2_PLACEMENT_3D ( 'NONE', #6406, #580, #7372 ) ;
#7723 = PRESENTATION_LAYER_ASSIGNMENT (  '', '', ( #6426 ) ) ;
#7724 = FILL_AREA_STYLE_COLOUR ( '', #9249 ) ;
#7725 =( LENGTH_UNIT ( ) NAMED_UNIT ( * ) SI_UNIT ( $, .METRE. ) );
#7726 = SURFACE_SIDE_STYLE ('',( #3682 ) ) ;
#7727 = VERTEX_POINT ( 'NONE', #7565 ) ;
#7728 =( NAMED_UNIT ( * ) PLANE_ANGLE_UNIT ( ) SI_UNIT ( $, .RADIAN. ) );
#7729 = DIMENSIONAL_EXPONENTS ( 1.000000000000000000, 0.0000000000000000000, 0.0000000000000000000, 0.0000000000000000000, 0.0000000000000000000, 0.0000000000000000000, 0.0000000000000000000 ) ;
#7730 = LINE ( 'NONE', #9068, #5135 ) ;
#7731 = SURFACE_STYLE_FILL_AREA ( #6374 ) ;
#7732 = EDGE_CURVE ( 'NONE', #4340, #3575, #4712, .T. ) ;
#7733 = ORIENTED_EDGE ( 'NONE', *, *, #7310, .T. ) ;
#7734 = SURFACE_SIDE_STYLE ('',( #1737 ) ) ;
#7735 = SURFACE_STYLE_USAGE ( .BOTH. , #945 ) ;
#7736 = VECTOR ( 'NONE', #5803, 39.37007874015748100 ) ;
#7737 =( NAMED_UNIT ( * ) PLANE_ANGLE_UNIT ( ) SI_UNIT ( $, .RADIAN. ) );
#7738 = AXIS2_PLACEMENT_3D ( 'NONE', #609, #7397, #1571 ) ;
#7739 = CARTESIAN_POINT ( 'NONE',  ( -0.04291338582677168400, -0.01693371115559762200, 0.004921259842519530600 ) ) ;
#7740 = DIRECTION ( 'NONE',  ( 1.000000000000000000, 0.0000000000000000000, 3.575470135588969500E-015 ) ) ;
#7741 = EDGE_LOOP ( 'NONE', ( #2960, #8965, #4182, #7202 ) ) ;
#7742 = LENGTH_MEASURE_WITH_UNIT ( LENGTH_MEASURE( 0.02539999999999999900 ), #4884 );
#7743 = SURFACE_STYLE_FILL_AREA ( #12299 ) ;
#7744 = EDGE_CURVE ( 'NONE', #4645, #4132, #9630, .T. ) ;
#7745 = DIMENSIONAL_EXPONENTS ( 1.000000000000000000, 0.0000000000000000000, 0.0000000000000000000, 0.0000000000000000000, 0.0000000000000000000, 0.0000000000000000000, 0.0000000000000000000 ) ;
#7746 = CARTESIAN_POINT ( 'NONE',  ( -0.01091455444047724500, 0.0000000000000000000, -0.02272557806252472100 ) ) ;
#7747 = ADVANCED_FACE ( 'NONE', ( #12216 ), #5661, .F. ) ;
#7748 = ORIENTED_EDGE ( 'NONE', *, *, #8654, .F. ) ;
#7749 = DIRECTION ( 'NONE',  ( -5.511545443598771800E-015, -0.0000000000000000000, 1.000000000000000000 ) ) ;
#7750 =( LENGTH_UNIT ( ) NAMED_UNIT ( * ) SI_UNIT ( $, .METRE. ) );
#7751 = PRESENTATION_LAYER_ASSIGNMENT (  '', '', ( #6461 ) ) ;
#7752 = ORIENTED_EDGE ( 'NONE', *, *, #2559, .T. ) ;
#7753 = LINE ( 'NONE', #6676, #10386 ) ;
#7754 = LENGTH_MEASURE_WITH_UNIT ( LENGTH_MEASURE( 0.02539999999999999900 ), #9026 );
#7755 = FACE_OUTER_BOUND ( 'NONE', #6497, .T. ) ;
#7756 = LENGTH_MEASURE_WITH_UNIT ( LENGTH_MEASURE( 0.02539999999999999900 ), #3397 );
#7757 = PLANE ( 'NONE',  #7860 ) ;
#7758 = FILL_AREA_STYLE ('',( #935 ) ) ;
#7759 = PRESENTATION_LAYER_ASSIGNMENT (  '', '', ( #6472 ) ) ;
#7760 = PRESENTATION_LAYER_ASSIGNMENT (  '', '', ( #7093 ) ) ;
#7761 = SURFACE_STYLE_USAGE ( .BOTH. , #979 ) ;
#7762 = CARTESIAN_POINT ( 'NONE',  ( -0.04291338582677175400, -0.01693371115559762200, 0.02460629921259829500 ) ) ;
#7763 = SURFACE_STYLE_FILL_AREA ( #5509 ) ;
#7764 = CARTESIAN_POINT ( 'NONE',  ( -0.01476377952755877000, 0.007204724409448820400, -0.04291338582677177400 ) ) ;
#7765 = SURFACE_SIDE_STYLE ('',( #1381 ) ) ;
#7766 = ORIENTED_EDGE ( 'NONE', *, *, #12559, .T. ) ;
#7767 = AXIS2_PLACEMENT_3D ( 'NONE', #1047, #7841, #2010 ) ;
#7768 = AXIS2_PLACEMENT_3D ( 'NONE', #802, #7586, #1760 ) ;
#7769 =( LENGTH_UNIT ( ) NAMED_UNIT ( * ) SI_UNIT ( $, .METRE. ) );
#7770 = CARTESIAN_POINT ( 'NONE',  ( -0.004921259842522325200, 0.007204724409448820400, 0.05669291338582669500 ) ) ;
#7771 = LINE ( 'NONE', #3695, #2596 ) ;
#7772 =( CONVERSION_BASED_UNIT ( 'INCH', #975 ) LENGTH_UNIT ( ) NAMED_UNIT ( #178 ) );
#7773 = COLOUR_RGB ( '',0.9686274509803921600, 0.8784313725490196000, 0.5999999999999999800 ) ;
#7774 = DIRECTION ( 'NONE',  ( 0.0000000000000000000, 1.000000000000000000, 0.0000000000000000000 ) ) ;
#7775 = AXIS2_PLACEMENT_3D ( 'NONE', #1722, #8544, #2685 ) ;
#7776 = EDGE_CURVE ( 'NONE', #12092, #11987, #8353, .T. ) ;
#7777 = FILL_AREA_STYLE_COLOUR ( '', #8851 ) ;
#7778 = LINE ( 'NONE', #7044, #10115 ) ;
#7779 = VERTEX_POINT ( 'NONE', #6679 ) ;
#7780 = DIRECTION ( 'NONE',  ( 2.929742899324058200E-015, -0.0000000000000000000, 1.000000000000000000 ) ) ;
#7781 = FACE_BOUND ( 'NONE', #7417, .T. ) ;
#7782 = ORIENTED_EDGE ( 'NONE', *, *, #5060, .F. ) ;
#7783 = DIRECTION ( 'NONE',  ( 0.0000000000000000000, -0.0000000000000000000, 1.000000000000000000 ) ) ;
#7784 = ORIENTED_EDGE ( 'NONE', *, *, #9316, .F. ) ;
#7785 = PLANE ( 'NONE',  #3958 ) ;
#7786 = EDGE_LOOP ( 'NONE', ( #7570, #4394, #1283, #9898 ) ) ;
#7787 = ORIENTED_EDGE ( 'NONE', *, *, #10801, .T. ) ;
#7788 = LENGTH_MEASURE_WITH_UNIT ( LENGTH_MEASURE( 0.02539999999999999900 ), #8833 );
#7789 = LENGTH_MEASURE_WITH_UNIT ( LENGTH_MEASURE( 0.02539999999999999900 ), #1920 );
#7791 = LENGTH_MEASURE_WITH_UNIT ( LENGTH_MEASURE( 0.02539999999999999900 ), #35 );
#7790 = VECTOR ( 'NONE', #12118, 39.37007874015748100 ) ;
#7792 = AXIS2_PLACEMENT_3D ( 'NONE', #12143, #6259, #425 ) ;
#7793 = AXIS2_PLACEMENT_3D ( 'NONE', #8691, #2833, #9703 ) ;
#7794 = SURFACE_SIDE_STYLE ('',( #9624 ) ) ;
#7795 = STYLED_ITEM ( 'NONE', ( #6652 ), #11446 ) ;
#7796 = ORIENTED_EDGE ( 'NONE', *, *, #627, .T. ) ;
#7797 = DIRECTION ( 'NONE',  ( -6.766122243189165800E-015, 0.0000000000000000000, 1.000000000000000000 ) ) ;
#7798 = COLOUR_RGB ( '',0.3529411764705882000, 0.3529411764705882000, 0.3529411764705882000 ) ;
#7799 = LINE ( 'NONE', #3771, #4920 ) ;
#7800 = EDGE_CURVE ( 'NONE', #7486, #7207, #5767, .T. ) ;
#7801 = LINE ( 'NONE', #1786, #3710 ) ;
#7802 = FACE_OUTER_BOUND ( 'NONE', #3146, .T. ) ;
#7803 =( NAMED_UNIT ( * ) SI_UNIT ( $, .STERADIAN. ) SOLID_ANGLE_UNIT ( ) );
#7804 =( LENGTH_UNIT ( ) NAMED_UNIT ( * ) SI_UNIT ( $, .METRE. ) );
#7805 = AXIS2_PLACEMENT_3D ( 'NONE', #7669, #1841, #8676 ) ;
#7806 = DIRECTION ( 'NONE',  ( 0.0000000000000000000, 1.000000000000000000, 0.0000000000000000000 ) ) ;
#7807 = MECHANICAL_DESIGN_GEOMETRIC_PRESENTATION_REPRESENTATION (  '', ( #5868 ), #8484 ) ;
#7808 = VECTOR ( 'NONE', #6092, 39.37007874015748100 ) ;
#7809 = ADVANCED_FACE ( 'NONE', ( #5452 ), #8657, .F. ) ;
#7810 = PRESENTATION_STYLE_ASSIGNMENT (( #4214 ) ) ;
#7811 = LINE ( 'NONE', #7764, #10452 ) ;
#7812 = CARTESIAN_POINT ( 'NONE',  ( 0.04291338582677158000, -0.01693371115559762200, -0.02460629921259861700 ) ) ;
#7813 = ORIENTED_EDGE ( 'NONE', *, *, #7672, .T. ) ;
#7814 = SURFACE_STYLE_USAGE ( .BOTH. , #1022 ) ;
#7815 = ORIENTED_EDGE ( 'NONE', *, *, #3528, .F. ) ;
#7816 =( NAMED_UNIT ( * ) SI_UNIT ( $, .STERADIAN. ) SOLID_ANGLE_UNIT ( ) );
#7817 = EDGE_CURVE ( 'NONE', #11249, #11850, #1929, .T. ) ;
#7818 = EDGE_LOOP ( 'NONE', ( #750, #12121, #3487, #5613 ) ) ;
#7819 =( NAMED_UNIT ( * ) PLANE_ANGLE_UNIT ( ) SI_UNIT ( $, .RADIAN. ) );
#7820 = AXIS2_PLACEMENT_3D ( 'NONE', #7885, #2046, #8891 ) ;
#7821 = PRESENTATION_LAYER_ASSIGNMENT (  '', '', ( #6532 ) ) ;
#7822 = SURFACE_SIDE_STYLE ('',( #5825 ) ) ;
#7823 = FILL_AREA_STYLE_COLOUR ( '', #11291 ) ;
#7824 = PLANE ( 'NONE',  #2156 ) ;
#7825 = DIRECTION ( 'NONE',  ( -0.0000000000000000000, -1.000000000000000000, -0.0000000000000000000 ) ) ;
#7826 = UNCERTAINTY_MEASURE_WITH_UNIT (LENGTH_MEASURE( 1.000000000000000100E-005 ), #3644, 'distance_accuracy_value', 'NONE');
#7827 = ORIENTED_EDGE ( 'NONE', *, *, #10072, .T. ) ;
#7828 = PRESENTATION_STYLE_ASSIGNMENT (( #5251 ) ) ;
#7829 = EDGE_LOOP ( 'NONE', ( #3156, #4815, #6304, #1634 ) ) ;
#7830 = CARTESIAN_POINT ( 'NONE',  ( 0.05905511811023663600, 0.0000000000000000000, -0.05905511811023583100 ) ) ;
#7831 = DIRECTION ( 'NONE',  ( 0.0000000000000000000, 1.000000000000000000, 0.0000000000000000000 ) ) ;
#7832 = LINE ( 'NONE', #7881, #10165 ) ;
#7833 = EDGE_CURVE ( 'NONE', #11717, #12505, #9450, .T. ) ;
#7834 = PRESENTATION_STYLE_ASSIGNMENT (( #10743 ) ) ;
#7835 = PRESENTATION_LAYER_ASSIGNMENT (  '', '', ( #6539 ) ) ;
#7836 = DIMENSIONAL_EXPONENTS ( 1.000000000000000000, 0.0000000000000000000, 0.0000000000000000000, 0.0000000000000000000, 0.0000000000000000000, 0.0000000000000000000, 0.0000000000000000000 ) ;
#7837 = EDGE_CURVE ( 'NONE', #6538, #2948, #12042, .T. ) ;
#7838 = SURFACE_SIDE_STYLE ('',( #3894 ) ) ;
#7839 = PRESENTATION_STYLE_ASSIGNMENT (( #7069 ) ) ;
#7840 = UNCERTAINTY_MEASURE_WITH_UNIT (LENGTH_MEASURE( 1.000000000000000100E-005 ), #4715, 'distance_accuracy_value', 'NONE');
#7841 = DIRECTION ( 'NONE',  ( 1.023927538563894100E-013, 0.0000000000000000000, -1.000000000000000000 ) ) ;
#7842 = ORIENTED_EDGE ( 'NONE', *, *, #12556, .F. ) ;
#7843 = CARTESIAN_POINT ( 'NONE',  ( -0.02460629921260102500, 0.001181102362204723300, 0.05669291338582568100 ) ) ;
#7844 = ORIENTED_EDGE ( 'NONE', *, *, #4413, .T. ) ;
#7845 = VECTOR ( 'NONE', #11454, 39.37007874015748100 ) ;
#7846 = STYLED_ITEM ( 'NONE', ( #4558 ), #7626 ) ;
#7847 = SURFACE_STYLE_USAGE ( .BOTH. , #1050 ) ;
#7848 = SURFACE_SIDE_STYLE ('',( #352 ) ) ;
#7849 = DIMENSIONAL_EXPONENTS ( 1.000000000000000000, 0.0000000000000000000, 0.0000000000000000000, 0.0000000000000000000, 0.0000000000000000000, 0.0000000000000000000, 0.0000000000000000000 ) ;
#7850 = CARTESIAN_POINT ( 'NONE',  ( -0.05669291338582691700, 0.007204724409448820400, 0.03444881889763760200 ) ) ;
#7851 =( GEOMETRIC_REPRESENTATION_CONTEXT ( 3 ) GLOBAL_UNCERTAINTY_ASSIGNED_CONTEXT ( ( #2820 ) ) GLOBAL_UNIT_ASSIGNED_CONTEXT ( ( #11737, #5867, #27 ) ) REPRESENTATION_CONTEXT ( 'NONE', 'WORKASPACE' ) );
#7852 = SURFACE_STYLE_USAGE ( .BOTH. , #1056 ) ;
#7853 = EDGE_CURVE ( 'NONE', #3698, #11275, #6813, .T. ) ;
#7854 = VERTEX_POINT ( 'NONE', #9472 ) ;
#7855 = EDGE_LOOP ( 'NONE', ( #11571, #6867, #1016, #11740 ) ) ;
#7856 = DIRECTION ( 'NONE',  ( -0.0000000000000000000, -1.000000000000000000, -0.0000000000000000000 ) ) ;
#7857 = FILL_AREA_STYLE ('',( #2928 ) ) ;
#7858 = ORIENTED_EDGE ( 'NONE', *, *, #9235, .T. ) ;
#7859 = CARTESIAN_POINT ( 'NONE',  ( 0.0000000000000000000, 0.004133858267716536200, -0.04429133858267737800 ) ) ;
#7860 = AXIS2_PLACEMENT_3D ( 'NONE', #1009, #7797, #1959 ) ;
#7861 = AXIS2_PLACEMENT_3D ( 'NONE', #4078, #10935, #5059 ) ;
#7862 = CARTESIAN_POINT ( 'NONE',  ( 0.05669291338582670800, 0.001181102362204723300, -0.02460629921259862800 ) ) ;
#7863 = STYLED_ITEM ( 'NONE', ( #2348 ), #11123 ) ;
#7864 = CLOSED_SHELL ( 'NONE', ( #5455, #6738, #3624, #5328, #4648, #3746 ) ) ;
#7865 = DIMENSIONAL_EXPONENTS ( 1.000000000000000000, 0.0000000000000000000, 0.0000000000000000000, 0.0000000000000000000, 0.0000000000000000000, 0.0000000000000000000, 0.0000000000000000000 ) ;
#7866 = CARTESIAN_POINT ( 'NONE',  ( -0.05669291338582674300, 0.007204724409448820400, -0.01476377952755924700 ) ) ;
#7867 =( NAMED_UNIT ( * ) PLANE_ANGLE_UNIT ( ) SI_UNIT ( $, .RADIAN. ) );
#7868 = LINE ( 'NONE', #7950, #109 ) ;
#7869 = ADVANCED_FACE ( 'NONE', ( #9123 ), #11437, .F. ) ;
#7870 = ORIENTED_EDGE ( 'NONE', *, *, #4651, .F. ) ;
#7871 = VECTOR ( 'NONE', #7373, 39.37007874015748100 ) ;
#7872 = ORIENTED_EDGE ( 'NONE', *, *, #1223, .T. ) ;
#7873 = LINE ( 'NONE', #6590, #113 ) ;
#7874 = CARTESIAN_POINT ( 'NONE',  ( -0.02460629921259813200, 0.007204724409448820400, -0.04291338582677183700 ) ) ;
#7875 = LINE ( 'NONE', #10691, #5294 ) ;
#7876 = FILL_AREA_STYLE_COLOUR ( '', #1429 ) ;
#7877 = ORIENTED_EDGE ( 'NONE', *, *, #9232, .F. ) ;
#7878 = CARTESIAN_POINT ( 'NONE',  ( -0.05905511811023581000, 0.0000000000000000000, -0.05905511811023662200 ) ) ;
#7879 =( GEOMETRIC_REPRESENTATION_CONTEXT ( 3 ) GLOBAL_UNCERTAINTY_ASSIGNED_CONTEXT ( ( #2937 ) ) GLOBAL_UNIT_ASSIGNED_CONTEXT ( ( #3683, #10517, #4664 ) ) REPRESENTATION_CONTEXT ( 'NONE', 'WORKASPACE' ) );
#7880 = STYLED_ITEM ( 'NONE', ( #8425 ), #12221 ) ;
#7881 = CARTESIAN_POINT ( 'NONE',  ( 0.05669291338582657000, 0.007204724409448820400, 0.004921259842522329600 ) ) ;
#7882 = CARTESIAN_POINT ( 'NONE',  ( 0.004921259842520146400, 0.001181102362204724400, 0.04291338582677168400 ) ) ;
#7883 = EDGE_CURVE ( 'NONE', #11374, #4685, #10514, .T. ) ;
#7884 = LENGTH_MEASURE_WITH_UNIT ( LENGTH_MEASURE( 0.02539999999999999900 ), #7524 );
#7885 = CARTESIAN_POINT ( 'NONE',  ( 0.004921259842519684100, 0.007204724409448820400, 0.04291338582677166300 ) ) ;
#7886 = UNCERTAINTY_MEASURE_WITH_UNIT (LENGTH_MEASURE( 1.000000000000000100E-005 ), #3564, 'distance_accuracy_value', 'NONE');
#7887 =( NAMED_UNIT ( * ) SI_UNIT ( $, .STERADIAN. ) SOLID_ANGLE_UNIT ( ) );
#7888 = DIRECTION ( 'NONE',  ( -0.0000000000000000000, -1.000000000000000000, -0.0000000000000000000 ) ) ;
#7889 = DIRECTION ( 'NONE',  ( -1.000000000000000000, -0.0000000000000000000, -0.0000000000000000000 ) ) ;
#7890 = DIRECTION ( 'NONE',  ( 0.0000000000000000000, -0.0000000000000000000, -1.000000000000000000 ) ) ;
#7891 = EDGE_CURVE ( 'NONE', #1367, #9288, #7873, .T. ) ;
#7892 = SURFACE_SIDE_STYLE ('',( #5042 ) ) ;
#7893 = ORIENTED_EDGE ( 'NONE', *, *, #157, .T. ) ;
#7894 = SURFACE_STYLE_USAGE ( .BOTH. , #1101 ) ;
#7895 = AXIS2_PLACEMENT_3D ( 'NONE', #6378, #541, #7336 ) ;
#7896 = LENGTH_MEASURE_WITH_UNIT ( LENGTH_MEASURE( 0.02539999999999999900 ), #10038 );
#7897 =( GEOMETRIC_REPRESENTATION_CONTEXT ( 3 ) GLOBAL_UNCERTAINTY_ASSIGNED_CONTEXT ( ( #3148 ) ) GLOBAL_UNIT_ASSIGNED_CONTEXT ( ( #11715, #5843, #12704 ) ) REPRESENTATION_CONTEXT ( 'NONE', 'WORKASPACE' ) );
#7898 = DIRECTION ( 'NONE',  ( 1.000000000000000000, 0.0000000000000000000, -0.0000000000000000000 ) ) ;
#7899 = SURFACE_STYLE_FILL_AREA ( #10149 ) ;
#7900 = EDGE_CURVE ( 'NONE', #552, #8003, #5292, .T. ) ;
#7901 = VECTOR ( 'NONE', #11447, 39.37007874015748100 ) ;
#7902 = FILL_AREA_STYLE_COLOUR ( '', #9822 ) ;
#7903 = LENGTH_MEASURE_WITH_UNIT ( LENGTH_MEASURE( 0.02539999999999999900 ), #9944 );
#7904 = COLOUR_RGB ( '',1.000000000000000000, 1.000000000000000000, 1.000000000000000000 ) ;
#7905 = SURFACE_STYLE_USAGE ( .BOTH. , #1112 ) ;
#7906 = DIRECTION ( 'NONE',  ( 0.0000000000000000000, 1.000000000000000000, 0.0000000000000000000 ) ) ;
#7907 = EDGE_CURVE ( 'NONE', #1609, #1707, #10208, .T. ) ;
#7908 = VECTOR ( 'NONE', #11716, 39.37007874015748100 ) ;
#7909 = CARTESIAN_POINT ( 'NONE',  ( 0.04291338582677151100, 0.0000000000000000000, -0.04429133858267732300 ) ) ;
#7910 = ORIENTED_EDGE ( 'NONE', *, *, #1975, .F. ) ;
#7911 =( NAMED_UNIT ( * ) SI_UNIT ( $, .STERADIAN. ) SOLID_ANGLE_UNIT ( ) );
#7912 = UNCERTAINTY_MEASURE_WITH_UNIT (LENGTH_MEASURE( 1.000000000000000100E-005 ), #7195, 'distance_accuracy_value', 'NONE');
#7913 = VECTOR ( 'NONE', #1974, 39.37007874015748100 ) ;
#7914 = VERTEX_POINT ( 'NONE', #3707 ) ;
#7915 = SURFACE_STYLE_FILL_AREA ( #6214 ) ;
#7916 = PRESENTATION_STYLE_ASSIGNMENT (( #11554 ) ) ;
#7917 = AXIS2_PLACEMENT_3D ( 'NONE', #4666, #11510, #5633 ) ;
#7919 = COLOUR_RGB ( '',1.000000000000000000, 1.000000000000000000, 1.000000000000000000 ) ;
#7918 = VECTOR ( 'NONE', #5639, 39.37007874015748100 ) ;
#7920 = SURFACE_SIDE_STYLE ('',( #4953 ) ) ;
#7921 = LENGTH_MEASURE_WITH_UNIT ( LENGTH_MEASURE( 0.02539999999999999900 ), #10372 );
#7922 = VECTOR ( 'NONE', #10456, 39.37007874015748100 ) ;
#7923 =( GEOMETRIC_REPRESENTATION_CONTEXT ( 3 ) GLOBAL_UNCERTAINTY_ASSIGNED_CONTEXT ( ( #168 ) ) GLOBAL_UNIT_ASSIGNED_CONTEXT ( ( #9101, #3255, #10099 ) ) REPRESENTATION_CONTEXT ( 'NONE', 'WORKASPACE' ) );
#7924 =( NAMED_UNIT ( * ) SI_UNIT ( $, .STERADIAN. ) SOLID_ANGLE_UNIT ( ) );
#7925 = DIRECTION ( 'NONE',  ( 0.0000000000000000000, -0.0000000000000000000, 1.000000000000000000 ) ) ;
#7926 = ORIENTED_EDGE ( 'NONE', *, *, #5343, .T. ) ;
#7927 =( LENGTH_UNIT ( ) NAMED_UNIT ( * ) SI_UNIT ( $, .METRE. ) );
#7928 = FILL_AREA_STYLE ('',( #6947 ) ) ;
#7929 = FILL_AREA_STYLE ('',( #147 ) ) ;
#7930 = VECTOR ( 'NONE', #7413, 39.37007874015748100 ) ;
#7931 = VECTOR ( 'NONE', #9890, 39.37007874015748100 ) ;
#7932 = ADVANCED_FACE ( 'NONE', ( #12524 ), #4682, .F. ) ;
#7933 = LINE ( 'NONE', #4395, #10573 ) ;
#7934 = CARTESIAN_POINT ( 'NONE',  ( 0.01476377952755906200, -0.01693371115559762200, 0.05669291338582680600 ) ) ;
#7935 =( GEOMETRIC_REPRESENTATION_CONTEXT ( 3 ) GLOBAL_UNCERTAINTY_ASSIGNED_CONTEXT ( ( #8587 ) ) GLOBAL_UNIT_ASSIGNED_CONTEXT ( ( #10122, #4240, #11095 ) ) REPRESENTATION_CONTEXT ( 'NONE', 'WORKASPACE' ) );
#7936 =( GEOMETRIC_REPRESENTATION_CONTEXT ( 3 ) GLOBAL_UNCERTAINTY_ASSIGNED_CONTEXT ( ( #4241 ) ) GLOBAL_UNIT_ASSIGNED_CONTEXT ( ( #4444, #11295, #5412 ) ) REPRESENTATION_CONTEXT ( 'NONE', 'WORKASPACE' ) );
#7937 = STYLED_ITEM ( 'NONE', ( #5752 ), #10663 ) ;
#7938 = FILL_AREA_STYLE ('',( #6915 ) ) ;
#7939 = SURFACE_STYLE_USAGE ( .BOTH. , #1148 ) ;
#7940 = LINE ( 'NONE', #9103, #2773 ) ;
#7941 = ADVANCED_FACE ( 'NONE', ( #8961 ), #11533, .F. ) ;
#7942 = COLOUR_RGB ( '',0.2509803921568627400, 0.2509803921568627400, 0.2509803921568627400 ) ;
#7943 = EDGE_CURVE ( 'NONE', #2132, #8025, #5128, .T. ) ;
#7944 = SURFACE_STYLE_FILL_AREA ( #1256 ) ;
#7945 = DIRECTION ( 'NONE',  ( -5.511545443598771800E-015, 0.0000000000000000000, 1.000000000000000000 ) ) ;
#7946 = CARTESIAN_POINT ( 'NONE',  ( 0.0000000000000000000, 0.001181102362204724400, 0.0000000000000000000 ) ) ;
#7947 = UNCERTAINTY_MEASURE_WITH_UNIT (LENGTH_MEASURE( 1.000000000000000100E-005 ), #1783, 'distance_accuracy_value', 'NONE');
#7948 = SURFACE_STYLE_USAGE ( .BOTH. , #1156 ) ;
#7949 =( LENGTH_UNIT ( ) NAMED_UNIT ( * ) SI_UNIT ( $, .METRE. ) );
#7950 = CARTESIAN_POINT ( 'NONE',  ( -0.02272557806252456900, 0.0000000000000000000, -0.01091455444047755700 ) ) ;
#7951 =( GEOMETRIC_REPRESENTATION_CONTEXT ( 3 ) GLOBAL_UNCERTAINTY_ASSIGNED_CONTEXT ( ( #285 ) ) GLOBAL_UNIT_ASSIGNED_CONTEXT ( ( #10668, #4818, #11661 ) ) REPRESENTATION_CONTEXT ( 'NONE', 'WORKASPACE' ) );
#7952 = LINE ( 'NONE', #2801, #507 ) ;
#7953 = STYLED_ITEM ( 'NONE', ( #7331 ), #9537 ) ;
#7954 = SURFACE_SIDE_STYLE ('',( #12039 ) ) ;
#7955 = AXIS2_PLACEMENT_3D ( 'NONE', #11812, #5936, #101 ) ;
#7956 = DIRECTION ( 'NONE',  ( 1.000000000000000000, -0.0000000000000000000, 2.646153987744247400E-015 ) ) ;
#7957 = VECTOR ( 'NONE', #608, 39.37007874015748100 ) ;
#7958 = DIRECTION ( 'NONE',  ( -0.0000000000000000000, -1.000000000000000000, 0.0000000000000000000 ) ) ;
#7959 = ORIENTED_EDGE ( 'NONE', *, *, #5725, .F. ) ;
#7960 = DIMENSIONAL_EXPONENTS ( 1.000000000000000000, 0.0000000000000000000, 0.0000000000000000000, 0.0000000000000000000, 0.0000000000000000000, 0.0000000000000000000, 0.0000000000000000000 ) ;
#7961 = DIRECTION ( 'NONE',  ( 2.646153987744247400E-015, -0.0000000000000000000, -1.000000000000000000 ) ) ;
#7962 = EDGE_CURVE ( 'NONE', #11656, #1740, #256, .T. ) ;
#7963 = CARTESIAN_POINT ( 'NONE',  ( -0.01476377952755866500, 0.007204724409448820400, -0.05669291338582690300 ) ) ;
#7964 = LINE ( 'NONE', #9920, #10301 ) ;
#7965 = EDGE_CURVE ( 'NONE', #5242, #4805, #2535, .T. ) ;
#7966 = VECTOR ( 'NONE', #10578, 39.37007874015748900 ) ;
#7967 = COLOUR_RGB ( '',0.2509803921568627400, 0.2509803921568627400, 0.2509803921568627400 ) ;
#7968 = DIRECTION ( 'NONE',  ( -0.0000000000000000000, -1.000000000000000000, -0.0000000000000000000 ) ) ;
#7969 = LENGTH_MEASURE_WITH_UNIT ( LENGTH_MEASURE( 0.02539999999999999900 ), #10114 );
#7970 =( LENGTH_UNIT ( ) NAMED_UNIT ( * ) SI_UNIT ( $, .METRE. ) );
#7971 = CARTESIAN_POINT ( 'NONE',  ( -0.004921259842519285100, 0.007204724409448820400, -0.05669291338582683300 ) ) ;
#7972 = DIRECTION ( 'NONE',  ( 1.000000000000000000, 0.0000000000000000000, 6.982962677686265900E-015 ) ) ;
#7973 = DIRECTION ( 'NONE',  ( 1.000000000000000000, 0.0000000000000000000, 3.498027123268577200E-015 ) ) ;
#7974 = EDGE_LOOP ( 'NONE', ( #3477, #2819, #10422, #9415 ) ) ;
#7975 = STYLED_ITEM ( 'NONE', ( #1115 ), #4648 ) ;
#7976 = DIMENSIONAL_EXPONENTS ( 1.000000000000000000, 0.0000000000000000000, 0.0000000000000000000, 0.0000000000000000000, 0.0000000000000000000, 0.0000000000000000000, 0.0000000000000000000 ) ;
#7977 = FILL_AREA_STYLE_COLOUR ( '', #9292 ) ;
#7978 = ORIENTED_EDGE ( 'NONE', *, *, #5306, .T. ) ;
#7979 = LINE ( 'NONE', #5329, #527 ) ;
#7980 = DIRECTION ( 'NONE',  ( 0.0000000000000000000, -0.0000000000000000000, 1.000000000000000000 ) ) ;
#7981 = EDGE_CURVE ( 'NONE', #5709, #9476, #7721, .T. ) ;
#7982 = MANIFOLD_SOLID_BREP ( 'Split1[2]', #11882 ) ;
#7983 = ORIENTED_EDGE ( 'NONE', *, *, #8393, .F. ) ;
#7984 = COLOUR_RGB ( '',0.3529411764705882000, 0.3529411764705882000, 0.3529411764705882000 ) ;
#7985 = ORIENTED_EDGE ( 'NONE', *, *, #8452, .F. ) ;
#7986 = ORIENTED_EDGE ( 'NONE', *, *, #2352, .F. ) ;
#7987 = STYLED_ITEM ( 'NONE', ( #9347 ), #7172 ) ;
#7988 = SURFACE_SIDE_STYLE ('',( #4869 ) ) ;
#7989 = AXIS2_PLACEMENT_3D ( 'NONE', #12451, #6560, #747 ) ;
#7990 = DIMENSIONAL_EXPONENTS ( 1.000000000000000000, 0.0000000000000000000, 0.0000000000000000000, 0.0000000000000000000, 0.0000000000000000000, 0.0000000000000000000, 0.0000000000000000000 ) ;
#7991 = VERTEX_POINT ( 'NONE', #6707 ) ;
#7992 = SURFACE_SIDE_STYLE ('',( #6430 ) ) ;
#7993 = CARTESIAN_POINT ( 'NONE',  ( 0.004921259842522244600, 0.007204724409448820400, -0.04291338582677166300 ) ) ;
#7994 = CARTESIAN_POINT ( 'NONE',  ( -0.004921259842522249800, 0.004133858267716536200, 0.04291338582677168400 ) ) ;
#7995 = CARTESIAN_POINT ( 'NONE',  ( 0.01476377952755936400, 0.0000000000000000000, -0.04291338582677155900 ) ) ;
#7996 = CARTESIAN_POINT ( 'NONE',  ( 0.02460629921260102200, -0.01693371115559762200, -0.05669291338582568100 ) ) ;
#7997 = AXIS2_PLACEMENT_3D ( 'NONE', #3758, #10589, #4739 ) ;
#7998 = PLANE ( 'NONE',  #9483 ) ;
#7999 = ORIENTED_EDGE ( 'NONE', *, *, #10880, .F. ) ;
#8000 = VERTEX_POINT ( 'NONE', #11651 ) ;
#8001 = LINE ( 'NONE', #3660, #238 ) ;
#8002 = VERTEX_POINT ( 'NONE', #3866 ) ;
#8003 = VERTEX_POINT ( 'NONE', #10701 ) ;
#8004 = UNCERTAINTY_MEASURE_WITH_UNIT (LENGTH_MEASURE( 1.000000000000000100E-005 ), #3145, 'distance_accuracy_value', 'NONE');
#8005 = ORIENTED_EDGE ( 'NONE', *, *, #8140, .T. ) ;
#8006 = LINE ( 'NONE', #3495, #244 ) ;
#8007 =( CONVERSION_BASED_UNIT ( 'INCH', #371 ) LENGTH_UNIT ( ) NAMED_UNIT ( #5562 ) );
#8008 = ADVANCED_FACE ( 'NONE', ( #668 ), #5814, .T. ) ;
#8009 = FILL_AREA_STYLE ('',( #7022 ) ) ;
#8010 = ORIENTED_EDGE ( 'NONE', *, *, #305, .T. ) ;
#8011 = PLANE ( 'NONE',  #10828 ) ;
#8012 = DIRECTION ( 'NONE',  ( 0.0000000000000000000, 1.000000000000000000, 0.0000000000000000000 ) ) ;
#8013 =( GEOMETRIC_REPRESENTATION_CONTEXT ( 3 ) GLOBAL_UNCERTAINTY_ASSIGNED_CONTEXT ( ( #11602 ) ) GLOBAL_UNIT_ASSIGNED_CONTEXT ( ( #8646, #2786, #9655 ) ) REPRESENTATION_CONTEXT ( 'NONE', 'WORKASPACE' ) );
#8014 = SURFACE_STYLE_USAGE ( .BOTH. , #1214 ) ;
#8015 = DIRECTION ( 'NONE',  ( -1.000000000000000000, -0.0000000000000000000, 0.0000000000000000000 ) ) ;
#8016 = DIRECTION ( 'NONE',  ( -1.778792249757036600E-015, 0.0000000000000000000, 1.000000000000000000 ) ) ;
#8017 = EDGE_LOOP ( 'NONE', ( #6, #5388, #3848, #10528 ) ) ;
#8018 = ORIENTED_EDGE ( 'NONE', *, *, #5650, .F. ) ;
#8019 = ORIENTED_EDGE ( 'NONE', *, *, #4940, .T. ) ;
#8020 = STYLED_ITEM ( 'NONE', ( #9952 ), #1926 ) ;
#8021 = CARTESIAN_POINT ( 'NONE',  ( -0.004921259842522307900, 0.0000000000000000000, 0.05669291338582659700 ) ) ;
#8022 = SURFACE_SIDE_STYLE ('',( #5792 ) ) ;
#8023 = EDGE_CURVE ( 'NONE', #4371, #7574, #7175, .T. ) ;
#8024 = SURFACE_SIDE_STYLE ('',( #5557 ) ) ;
#8025 = VERTEX_POINT ( 'NONE', #1012 ) ;
#8026 = DIRECTION ( 'NONE',  ( 0.0000000000000000000, -0.0000000000000000000, 1.000000000000000000 ) ) ;
#8027 = VECTOR ( 'NONE', #6892, 39.37007874015748100 ) ;
#8028 = PRESENTATION_STYLE_ASSIGNMENT (( #12070 ) ) ;
#8029 = LINE ( 'NONE', #1726, #9627 ) ;
#8030 = STYLED_ITEM ( 'NONE', ( #8733 ), #3098 ) ;
#8031 = VERTEX_POINT ( 'NONE', #4848 ) ;
#8032 = COLOUR_RGB ( '',0.9686274509803921600, 0.8784313725490196000, 0.5999999999999999800 ) ;
#8033 = STYLED_ITEM ( 'NONE', ( #8825 ), #9191 ) ;
#8034 = DIRECTION ( 'NONE',  ( 0.0000000000000000000, 1.000000000000000000, -0.0000000000000000000 ) ) ;
#8035 = PRESENTATION_STYLE_ASSIGNMENT (( #7483 ) ) ;
#8036 = PLANE ( 'NONE',  #4155 ) ;
#8037 = CARTESIAN_POINT ( 'NONE',  ( -0.01091455444047724300, 0.0000000000000000000, -0.02272557806252472500 ) ) ;
#8038 = DIRECTION ( 'NONE',  ( 1.000000000000000000, 0.0000000000000000000, 6.115600939697863200E-015 ) ) ;
#8039 = ORIENTED_EDGE ( 'NONE', *, *, #7076, .T. ) ;
#8040 = PRESENTATION_STYLE_ASSIGNMENT (( #10560 ) ) ;
#8041 = FILL_AREA_STYLE ('',( #3154 ) ) ;
#8042 = ORIENTED_EDGE ( 'NONE', *, *, #9711, .T. ) ;
#8043 = SURFACE_SIDE_STYLE ('',( #3871 ) ) ;
#8044 = SURFACE_STYLE_FILL_AREA ( #8120 ) ;
#8045 = VECTOR ( 'NONE', #8330, 39.37007874015748100 ) ;
#8046 = STYLED_ITEM ( 'NONE', ( #6530 ), #4305 ) ;
#8047 = MECHANICAL_DESIGN_GEOMETRIC_PRESENTATION_REPRESENTATION (  '', ( #6100 ), #8742 ) ;
#8048 = SURFACE_SIDE_STYLE ('',( #7944 ) ) ;
#8049 = COLOUR_RGB ( '',0.3529411764705882000, 0.3529411764705882000, 0.3529411764705882000 ) ;
#8050 =( NAMED_UNIT ( * ) SI_UNIT ( $, .STERADIAN. ) SOLID_ANGLE_UNIT ( ) );
#8051 = ORIENTED_EDGE ( 'NONE', *, *, #2252, .T. ) ;
#8052 = COLOUR_RGB ( '',0.9686274509803921600, 0.8784313725490196000, 0.5999999999999999800 ) ;
#8053 = DIRECTION ( 'NONE',  ( 1.000000000000000000, 0.0000000000000000000, -0.0000000000000000000 ) ) ;
#8054 = FILL_AREA_STYLE_COLOUR ( '', #4702 ) ;
#8055 = FILL_AREA_STYLE_COLOUR ( '', #8885 ) ;
#8056 = VECTOR ( 'NONE', #125, 39.37007874015748100 ) ;
#8057 = DIRECTION ( 'NONE',  ( -3.549286997887197300E-015, 0.0000000000000000000, -1.000000000000000000 ) ) ;
#8058 = UNCERTAINTY_MEASURE_WITH_UNIT (LENGTH_MEASURE( 1.000000000000000100E-005 ), #11321, 'distance_accuracy_value', 'NONE');
#8059 =( CONVERSION_BASED_UNIT ( 'INCH', #4956 ) LENGTH_UNIT ( ) NAMED_UNIT ( #8543 ) );
#8060 = DIRECTION ( 'NONE',  ( -6.326356674140271300E-016, 0.0000000000000000000, 1.000000000000000000 ) ) ;
#8061 = SURFACE_SIDE_STYLE ('',( #702 ) ) ;
#8062 =( GEOMETRIC_REPRESENTATION_CONTEXT ( 3 ) GLOBAL_UNCERTAINTY_ASSIGNED_CONTEXT ( ( #3613 ) ) GLOBAL_UNIT_ASSIGNED_CONTEXT ( ( #4810, #11652, #5780 ) ) REPRESENTATION_CONTEXT ( 'NONE', 'WORKASPACE' ) );
#8063 = COLOUR_RGB ( '',0.9686274509803921600, 0.8784313725490196000, 0.5999999999999999800 ) ;
#8064 = AXIS2_PLACEMENT_3D ( 'NONE', #2368, #9223, #3362 ) ;
#8065 = COLOUR_RGB ( '',0.9686274509803921600, 0.8784313725490196000, 0.5999999999999999800 ) ;
#8066 = COLOUR_RGB ( '',0.2509803921568627400, 0.2509803921568627400, 0.2509803921568627400 ) ;
#8067 = LINE ( 'NONE', #8332, #10706 ) ;
#8068 = ADVANCED_FACE ( 'NONE', ( #12114 ), #2953, .F. ) ;
#8069 = SURFACE_SIDE_STYLE ('',( #9308 ) ) ;
#8070 =( CONVERSION_BASED_UNIT ( 'INCH', #4291 ) LENGTH_UNIT ( ) NAMED_UNIT ( #8761 ) );
#8071 = EDGE_LOOP ( 'NONE', ( #10960, #1768, #6028, #10361 ) ) ;
#8072 = SURFACE_STYLE_USAGE ( .BOTH. , #1279 ) ;
#8073 = EDGE_CURVE ( 'NONE', #11186, #1469, #808, .T. ) ;
#8074 = STYLED_ITEM ( 'NONE', ( #605 ), #354 ) ;
#8075 =( NAMED_UNIT ( * ) SI_UNIT ( $, .STERADIAN. ) SOLID_ANGLE_UNIT ( ) );
#8076 = UNCERTAINTY_MEASURE_WITH_UNIT (LENGTH_MEASURE( 1.000000000000000100E-005 ), #6310, 'distance_accuracy_value', 'NONE');
#8077 = FILL_AREA_STYLE ('',( #1282 ) ) ;
#8078 = CARTESIAN_POINT ( 'NONE',  ( -0.01476377952755906200, 0.001181102362204723500, 0.05669291338582645200 ) ) ;
#8079 = EDGE_CURVE ( 'NONE', #1475, #1707, #3379, .T. ) ;
#8080 = FACE_OUTER_BOUND ( 'NONE', #9189, .T. ) ;
#8081 = PRESENTATION_STYLE_ASSIGNMENT (( #12372 ) ) ;
#8082 = CIRCLE ( 'NONE', #531, 0.007052567223509561600 ) ;
#8083 = ORIENTED_EDGE ( 'NONE', *, *, #8783, .F. ) ;
#8084 = DIRECTION ( 'NONE',  ( -1.000000000000000000, -0.0000000000000000000, 0.0000000000000000000 ) ) ;
#8085 = ORIENTED_EDGE ( 'NONE', *, *, #2215, .F. ) ;
#8086 = FACE_OUTER_BOUND ( 'NONE', #2915, .T. ) ;
#8087 = FACE_OUTER_BOUND ( 'NONE', #3764, .T. ) ;
#8088 = CARTESIAN_POINT ( 'NONE',  ( 0.05669291338582663900, 0.007204724409448820400, -0.04429133858267737800 ) ) ;
#8089 = DIMENSIONAL_EXPONENTS ( 1.000000000000000000, 0.0000000000000000000, 0.0000000000000000000, 0.0000000000000000000, 0.0000000000000000000, 0.0000000000000000000, 0.0000000000000000000 ) ;
#8090 = DIRECTION ( 'NONE',  ( -3.513515725732651700E-015, -0.0000000000000000000, 1.000000000000000000 ) ) ;
#8091 = CLOSED_SHELL ( 'NONE', ( #6300, #3563, #9899, #7177 ) ) ;
#8092 =( GEOMETRIC_REPRESENTATION_CONTEXT ( 3 ) GLOBAL_UNCERTAINTY_ASSIGNED_CONTEXT ( ( #8910 ) ) GLOBAL_UNIT_ASSIGNED_CONTEXT ( ( #11922, #6039, #387 ) ) REPRESENTATION_CONTEXT ( 'NONE', 'WORKASPACE' ) );
#8093 = FACE_BOUND ( 'NONE', #4495, .T. ) ;
#8094 = ORIENTED_EDGE ( 'NONE', *, *, #11520, .T. ) ;
#8095 = ORIENTED_EDGE ( 'NONE', *, *, #12208, .F. ) ;
#8096 =( NAMED_UNIT ( * ) PLANE_ANGLE_UNIT ( ) SI_UNIT ( $, .RADIAN. ) );
#8097 = PRESENTATION_STYLE_ASSIGNMENT (( #1465 ) ) ;
#8098 = VERTEX_POINT ( 'NONE', #8847 ) ;
#8099 = ORIENTED_EDGE ( 'NONE', *, *, #8334, .T. ) ;
#8100 = VECTOR ( 'NONE', #440, 39.37007874015748100 ) ;
#8101 = CARTESIAN_POINT ( 'NONE',  ( 0.0000000000000000000, 0.001181102362204724400, -0.02460629921259861000 ) ) ;
#8102 = LINE ( 'NONE', #308, #2923 ) ;
#8103 = MECHANICAL_DESIGN_GEOMETRIC_PRESENTATION_REPRESENTATION (  '', ( #6147 ), #8780 ) ;
#8104 = FILL_AREA_STYLE ('',( #7060 ) ) ;
#8105 = CARTESIAN_POINT ( 'NONE',  ( -0.05905511811023598400, 0.03149606299212598400, -0.03444881889763824100 ) ) ;
#8106 = EDGE_CURVE ( 'NONE', #7694, #4984, #3063, .T. ) ;
#8107 =( CONVERSION_BASED_UNIT ( 'INCH', #3674 ) LENGTH_UNIT ( ) NAMED_UNIT ( #9154 ) );
#8108 = SURFACE_STYLE_USAGE ( .BOTH. , #1300 ) ;
#8109 = DIMENSIONAL_EXPONENTS ( 1.000000000000000000, 0.0000000000000000000, 0.0000000000000000000, 0.0000000000000000000, 0.0000000000000000000, 0.0000000000000000000, 0.0000000000000000000 ) ;
#8110 = SURFACE_STYLE_FILL_AREA ( #12280 ) ;
#8111 = FILL_AREA_STYLE ('',( #5168 ) ) ;
#8112 = CARTESIAN_POINT ( 'NONE',  ( -0.04291338582677175400, 0.0000000000000000000, 0.02460629921259826700 ) ) ;
#8113 = DIRECTION ( 'NONE',  ( 0.0000000000000000000, -0.0000000000000000000, -1.000000000000000000 ) ) ;
#8114 = STYLED_ITEM ( 'NONE', ( #10629 ), #2577 ) ;
#8115 = LINE ( 'NONE', #4045, #5535 ) ;
#8116 = STYLED_ITEM ( 'NONE', ( #5324 ), #8673 ) ;
#8117 = PLANE ( 'NONE',  #5431 ) ;
#8118 = CARTESIAN_POINT ( 'NONE',  ( -0.05669291338582663900, -0.01693371115559762200, -0.04429133858267738500 ) ) ;
#8119 = UNCERTAINTY_MEASURE_WITH_UNIT (LENGTH_MEASURE( 1.000000000000000100E-005 ), #12479, 'distance_accuracy_value', 'NONE');
#8120 = FILL_AREA_STYLE ('',( #287 ) ) ;
#8121 = SURFACE_STYLE_FILL_AREA ( #6973 ) ;
#8122 = SURFACE_STYLE_FILL_AREA ( #7526 ) ;
#8123 = DIRECTION ( 'NONE',  ( 1.000000000000000000, 0.0000000000000000000, -0.0000000000000000000 ) ) ;
#8124 = ORIENTED_EDGE ( 'NONE', *, *, #9254, .F. ) ;
#8125 =( NAMED_UNIT ( * ) PLANE_ANGLE_UNIT ( ) SI_UNIT ( $, .RADIAN. ) );
#8126 = CARTESIAN_POINT ( 'NONE',  ( -0.04494350380682998100, 0.03149606299212598400, -0.05199607103034015900 ) ) ;
#8127 = FILL_AREA_STYLE ('',( #4208 ) ) ;
#8128 = VERTEX_POINT ( 'NONE', #4958 ) ;
#8129 = ORIENTED_EDGE ( 'NONE', *, *, #5132, .T. ) ;
#8130 = VERTEX_POINT ( 'NONE', #7882 ) ;
#8131 = DIRECTION ( 'NONE',  ( 1.000000000000000000, -0.0000000000000000000, -2.929742899324058200E-015 ) ) ;
#8132 = MECHANICAL_DESIGN_GEOMETRIC_PRESENTATION_REPRESENTATION (  '', ( #6175 ), #8808 ) ;
#8133 = MECHANICAL_DESIGN_GEOMETRIC_PRESENTATION_REPRESENTATION (  '', ( #6176 ), #8809 ) ;
#8134 =( CONVERSION_BASED_UNIT ( 'INCH', #10893 ) LENGTH_UNIT ( ) NAMED_UNIT ( #8882 ) );
#8135 = PRESENTATION_STYLE_ASSIGNMENT (( #6227 ) ) ;
#8136 = DIRECTION ( 'NONE',  ( 1.000000000000000000, 0.0000000000000000000, 5.743874480559907400E-015 ) ) ;
#8137 = FACE_OUTER_BOUND ( 'NONE', #853, .T. ) ;
#8138 = EDGE_CURVE ( 'NONE', #12410, #7168, #10873, .T. ) ;
#8139 = ADVANCED_FACE ( 'NONE', ( #10570 ), #3031, .F. ) ;
#8140 = EDGE_CURVE ( 'NONE', #1241, #1013, #9538, .T. ) ;
#8141 = ORIENTED_EDGE ( 'NONE', *, *, #7671, .T. ) ;
#8142 = CARTESIAN_POINT ( 'NONE',  ( 0.0000000000000000000, 0.001181102362204724400, 0.0000000000000000000 ) ) ;
#8144 = EDGE_CURVE ( 'NONE', #8476, #8000, #4631, .T. ) ;
#8143 = LINE ( 'NONE', #11152, #376 ) ;
#8145 = CARTESIAN_POINT ( 'NONE',  ( -0.01476377952755906200, 0.007204724409448820400, 0.05669291338582680600 ) ) ;
#8146 = ADVANCED_FACE ( 'NONE', ( #11813 ), #6985, .F. ) ;
#8147 = FILL_AREA_STYLE_COLOUR ( '', #4019 ) ;
#8148 = LINE ( 'NONE', #934, #383 ) ;
#8149 = AXIS2_PLACEMENT_3D ( 'NONE', #1353, #8157, #2319 ) ;
#8150 = MECHANICAL_DESIGN_GEOMETRIC_PRESENTATION_REPRESENTATION (  '', ( #6196 ), #8830 ) ;
#8151 = DIRECTION ( 'NONE',  ( -0.0000000000000000000, -1.000000000000000000, -0.0000000000000000000 ) ) ;
#8152 = DIRECTION ( 'NONE',  ( -4.515665050714725700E-016, 0.0000000000000000000, -1.000000000000000000 ) ) ;
#8153 = DIRECTION ( 'NONE',  ( 0.0000000000000000000, -0.0000000000000000000, -1.000000000000000000 ) ) ;
#8154 = VECTOR ( 'NONE', #7430, 39.37007874015748100 ) ;
#8155 = EDGE_LOOP ( 'NONE', ( #1015, #6348, #1709, #8478 ) ) ;
#8156 = ORIENTED_EDGE ( 'NONE', *, *, #2366, .F. ) ;
#8157 = DIRECTION ( 'NONE',  ( -0.0000000000000000000, 1.000000000000000000, -0.0000000000000000000 ) ) ;
#8158 = EDGE_CURVE ( 'NONE', #5896, #1765, #5682, .T. ) ;
#8159 = FACE_OUTER_BOUND ( 'NONE', #5203, .T. ) ;
#8160 = LINE ( 'NONE', #10466, #7845 ) ;
#8161 = EDGE_CURVE ( 'NONE', #4803, #5122, #3077, .T. ) ;
#8162 = CARTESIAN_POINT ( 'NONE',  ( 0.04291338582677162200, 0.0000000000000000000, 0.0000000000000000000 ) ) ;
#8163 =( CONVERSION_BASED_UNIT ( 'INCH', #10272 ) LENGTH_UNIT ( ) NAMED_UNIT ( #3895 ) );
#8164 = PLANE ( 'NONE',  #12046 ) ;
#8165 = CARTESIAN_POINT ( 'NONE',  ( -0.05905511811023663600, 0.004133858267716533600, 0.05905511811023582400 ) ) ;
#8166 = ORIENTED_EDGE ( 'NONE', *, *, #3780, .T. ) ;
#8167 = FILL_AREA_STYLE ('',( #1360 ) ) ;
#8168 = COLOUR_RGB ( '',0.2509803921568627400, 0.2509803921568627400, 0.2509803921568627400 ) ;
#8169 =( NAMED_UNIT ( * ) SI_UNIT ( $, .STERADIAN. ) SOLID_ANGLE_UNIT ( ) );
#8170 = CARTESIAN_POINT ( 'NONE',  ( 0.04291338582677158000, 0.0000000000000000000, 0.01476377952755891400 ) ) ;
#8171 = ORIENTED_EDGE ( 'NONE', *, *, #390, .F. ) ;
#8172 = DIRECTION ( 'NONE',  ( 0.0000000000000000000, 1.000000000000000000, 0.0000000000000000000 ) ) ;
#8173 = LINE ( 'NONE', #3411, #6939 ) ;
#8174 = SURFACE_SIDE_STYLE ('',( #12349 ) ) ;
#8175 = LENGTH_MEASURE_WITH_UNIT ( LENGTH_MEASURE( 0.02539999999999999900 ), #3081 );
#8176 = FILL_AREA_STYLE ('',( #2379 ) ) ;
#8177 = MECHANICAL_DESIGN_GEOMETRIC_PRESENTATION_REPRESENTATION (  '', ( #6222 ), #8846 ) ;
#8178 = DIRECTION ( 'NONE',  ( 1.000000000000000000, -0.0000000000000000000, 5.511545443598771800E-015 ) ) ;
#8179 = ORIENTED_EDGE ( 'NONE', *, *, #4492, .F. ) ;
#8180 =( NAMED_UNIT ( * ) SI_UNIT ( $, .STERADIAN. ) SOLID_ANGLE_UNIT ( ) );
#8181 = VERTEX_POINT ( 'NONE', #10992 ) ;
#8182 = SURFACE_STYLE_USAGE ( .BOTH. , #1378 ) ;
#8183 = ORIENTED_EDGE ( 'NONE', *, *, #8073, .T. ) ;
#8184 = CARTESIAN_POINT ( 'NONE',  ( -0.04291338582677176100, 0.007204724409448820400, 0.02460629921259828100 ) ) ;
#8185 = MECHANICAL_DESIGN_GEOMETRIC_PRESENTATION_REPRESENTATION (  '', ( #6235 ), #8861 ) ;
#8186 = DIRECTION ( 'NONE',  ( -8.232929642093732000E-016, 0.0000000000000000000, -1.000000000000000000 ) ) ;
#8187 = SURFACE_STYLE_USAGE ( .BOTH. , #1383 ) ;
#8188 = ORIENTED_EDGE ( 'NONE', *, *, #6797, .T. ) ;
#8189 =( CONVERSION_BASED_UNIT ( 'INCH', #9360 ) LENGTH_UNIT ( ) NAMED_UNIT ( #2218 ) );
#8190 = DIRECTION ( 'NONE',  ( -0.0000000000000000000, 0.0000000000000000000, 1.000000000000000000 ) ) ;
#8191 = FILL_AREA_STYLE_COLOUR ( '', #772 ) ;
#8192 = FACE_OUTER_BOUND ( 'NONE', #12188, .T. ) ;
#8193 = DIRECTION ( 'NONE',  ( 1.000000000000000000, 0.0000000000000000000, -3.549286997887197300E-015 ) ) ;
#8194 = EDGE_CURVE ( 'NONE', #6464, #1092, #8263, .T. ) ;
#8195 = VECTOR ( 'NONE', #1545, 39.37007874015748100 ) ;
#8196 = FILL_AREA_STYLE ('',( #7213 ) ) ;
#8197 = SURFACE_STYLE_FILL_AREA ( #7301 ) ;
#8198 = FILL_AREA_STYLE_COLOUR ( '', #7919 ) ;
#8199 = ADVANCED_FACE ( 'NONE', ( #182 ), #10009, .F. ) ;
#8200 = SURFACE_STYLE_USAGE ( .BOTH. , #1402 ) ;
#8201 = MECHANICAL_DESIGN_GEOMETRIC_PRESENTATION_REPRESENTATION (  '', ( #6255 ), #8875 ) ;
#8202 = MECHANICAL_DESIGN_GEOMETRIC_PRESENTATION_REPRESENTATION (  '', ( #6256 ), #8876 ) ;
#8203 = FACE_OUTER_BOUND ( 'NONE', #1198, .T. ) ;
#8204 = PRESENTATION_LAYER_ASSIGNMENT (  '', '', ( #6893 ) ) ;
#8205 = ADVANCED_FACE ( 'NONE', ( #11963 ), #8011, .F. ) ;
#8206 =( CONVERSION_BASED_UNIT ( 'INCH', #1543 ) LENGTH_UNIT ( ) NAMED_UNIT ( #11721 ) );
#8207 = SURFACE_STYLE_USAGE ( .BOTH. , #1404 ) ;
#8208 = ORIENTED_EDGE ( 'NONE', *, *, #10995, .F. ) ;
#8209 = VECTOR ( 'NONE', #1230, 39.37007874015748100 ) ;
#8210 = FACE_OUTER_BOUND ( 'NONE', #10639, .T. ) ;
#8211 = DIRECTION ( 'NONE',  ( 5.434102431278317600E-015, -0.0000000000000000000, -1.000000000000000000 ) ) ;
#8212 = CARTESIAN_POINT ( 'NONE',  ( -0.04291338582677176100, 0.007204724409448820400, 0.02460629921259828100 ) ) ;
#8213 = FACE_OUTER_BOUND ( 'NONE', #11902, .T. ) ;
#8214 = PLANE ( 'NONE',  #1330 ) ;
#8215 = CARTESIAN_POINT ( 'NONE',  ( -0.05905511811023664300, 0.03149606299212598400, 0.05905511811023582400 ) ) ;
#8216 = VECTOR ( 'NONE', #225, 39.37007874015748100 ) ;
#8217 = ORIENTED_EDGE ( 'NONE', *, *, #11804, .F. ) ;
#8218 = EDGE_CURVE ( 'NONE', #3734, #1794, #672, .T. ) ;
#8219 = DIRECTION ( 'NONE',  ( 1.000000000000000000, 0.0000000000000000000, 3.575470135588969500E-015 ) ) ;
#8220 = COLOUR_RGB ( '',0.9686274509803921600, 0.8784313725490196000, 0.5999999999999999800 ) ;
#8221 = DIMENSIONAL_EXPONENTS ( 1.000000000000000000, 0.0000000000000000000, 0.0000000000000000000, 0.0000000000000000000, 0.0000000000000000000, 0.0000000000000000000, 0.0000000000000000000 ) ;
#8222 = LINE ( 'NONE', #4607, #7901 ) ;
#8223 = LINE ( 'NONE', #7746, #456 ) ;
#8224 = UNCERTAINTY_MEASURE_WITH_UNIT (LENGTH_MEASURE( 1.000000000000000100E-005 ), #1566, 'distance_accuracy_value', 'NONE');
#8225 = EDGE_LOOP ( 'NONE', ( #1790, #10495, #5246, #3790 ) ) ;
#8226 = UNCERTAINTY_MEASURE_WITH_UNIT (LENGTH_MEASURE( 1.000000000000000100E-005 ), #5521, 'distance_accuracy_value', 'NONE');
#8227 = SURFACE_SIDE_STYLE ('',( #1715 ) ) ;
#8228 = ORIENTED_EDGE ( 'NONE', *, *, #2936, .F. ) ;
#8229 = CARTESIAN_POINT ( 'NONE',  ( 0.0000000000000000000, 0.0000000000000000000, 0.03444881889763761600 ) ) ;
#8230 = PLANE ( 'NONE',  #3795 ) ;
#8231 = DIRECTION ( 'NONE',  ( -0.0000000000000000000, 0.0000000000000000000, 1.000000000000000000 ) ) ;
#8232 = EDGE_CURVE ( 'NONE', #4293, #1058, #8102, .T. ) ;
#8233 = DIMENSIONAL_EXPONENTS ( 1.000000000000000000, 0.0000000000000000000, 0.0000000000000000000, 0.0000000000000000000, 0.0000000000000000000, 0.0000000000000000000, 0.0000000000000000000 ) ;
#8234 = PRESENTATION_STYLE_ASSIGNMENT (( #10259 ) ) ;
#8235 = CARTESIAN_POINT ( 'NONE',  ( -0.02272557806252456900, 0.0000000000000000000, -0.01091455444047755700 ) ) ;
#8236 = VECTOR ( 'NONE', #3646, 39.37007874015748100 ) ;
#8237 = VECTOR ( 'NONE', #2620, 39.37007874015748100 ) ;
#8238 = CARTESIAN_POINT ( 'NONE',  ( -0.004921259842522288800, 0.001181102362204723700, 0.05905511811023619200 ) ) ;
#8239 = MECHANICAL_DESIGN_GEOMETRIC_PRESENTATION_REPRESENTATION (  '', ( #6292 ), #8907 ) ;
#8240 = VERTEX_POINT ( 'NONE', #10146 ) ;
#8241 = DIRECTION ( 'NONE',  ( 6.982962677686265900E-015, 0.0000000000000000000, -1.000000000000000000 ) ) ;
#8242 =( GEOMETRIC_REPRESENTATION_CONTEXT ( 3 ) GLOBAL_UNCERTAINTY_ASSIGNED_CONTEXT ( ( #11707 ) ) GLOBAL_UNIT_ASSIGNED_CONTEXT ( ( #11616, #5744, #12611 ) ) REPRESENTATION_CONTEXT ( 'NONE', 'WORKASPACE' ) );
#8243 = LENGTH_MEASURE_WITH_UNIT ( LENGTH_MEASURE( 0.02539999999999999900 ), #3846 );
#8244 = ORIENTED_EDGE ( 'NONE', *, *, #8158, .F. ) ;
#8245 = SURFACE_STYLE_FILL_AREA ( #5512 ) ;
#8246 = FILL_AREA_STYLE ('',( #457 ) ) ;
#8247 = FACE_OUTER_BOUND ( 'NONE', #4860, .T. ) ;
#8248 = VECTOR ( 'NONE', #11814, 39.37007874015748100 ) ;
#8249 = VECTOR ( 'NONE', #528, 39.37007874015748100 ) ;
#8251 = VECTOR ( 'NONE', #4025, 39.37007874015748100 ) ;
#8250 = PRESENTATION_STYLE_ASSIGNMENT (( #3465 ) ) ;
#8252 = VECTOR ( 'NONE', #5183, 39.37007874015748100 ) ;
#8253 = CARTESIAN_POINT ( 'NONE',  ( -0.02460629921259813200, 0.0000000000000000000, -0.04291338582677181600 ) ) ;
#8254 = CARTESIAN_POINT ( 'NONE',  ( -0.05905511811023619200, 0.001181102362204723700, -0.004921259842521879400 ) ) ;
#8255 = EDGE_CURVE ( 'NONE', #2369, #1578, #10428, .T. ) ;
#8256 =( GEOMETRIC_REPRESENTATION_CONTEXT ( 3 ) GLOBAL_UNCERTAINTY_ASSIGNED_CONTEXT ( ( #4304 ) ) GLOBAL_UNIT_ASSIGNED_CONTEXT ( ( #7185, #1361, #8169 ) ) REPRESENTATION_CONTEXT ( 'NONE', 'WORKASPACE' ) );
#8257 =( NAMED_UNIT ( * ) SI_UNIT ( $, .STERADIAN. ) SOLID_ANGLE_UNIT ( ) );
#8258 =( LENGTH_UNIT ( ) NAMED_UNIT ( * ) SI_UNIT ( $, .METRE. ) );
#8259 =( NAMED_UNIT ( * ) SI_UNIT ( $, .STERADIAN. ) SOLID_ANGLE_UNIT ( ) );
#8260 = DIRECTION ( 'NONE',  ( 3.387117655531989800E-014, 0.0000000000000000000, -1.000000000000000000 ) ) ;
#8261 = PLANE ( 'NONE',  #3843 ) ;
#8262 = LINE ( 'NONE', #12022, #818 ) ;
#8264 = COLOUR_RGB ( '',0.2509803921568627400, 0.2509803921568627400, 0.2509803921568627400 ) ;
#8263 = LINE ( 'NONE', #11978, #5364 ) ;
#8265 = CARTESIAN_POINT ( 'NONE',  ( 0.0000000000000000000, 0.001181102362204724400, 0.0000000000000000000 ) ) ;
#8266 = CARTESIAN_POINT ( 'NONE',  ( -0.05669291338582663900, 0.004133858267716536200, 0.0000000000000000000 ) ) ;
#8267 = MECHANICAL_DESIGN_GEOMETRIC_PRESENTATION_REPRESENTATION (  '', ( #6315 ), #8931 ) ;
#8268 =( GEOMETRIC_REPRESENTATION_CONTEXT ( 3 ) GLOBAL_UNCERTAINTY_ASSIGNED_CONTEXT ( ( #9210 ) ) GLOBAL_UNIT_ASSIGNED_CONTEXT ( ( #12123, #6236, #402 ) ) REPRESENTATION_CONTEXT ( 'NONE', 'WORKASPACE' ) );
#8269 = ADVANCED_FACE ( 'NONE', ( #337 ), #399, .F. ) ;
#8270 = ORIENTED_EDGE ( 'NONE', *, *, #12367, .T. ) ;
#8271 = EDGE_LOOP ( 'NONE', ( #883, #8805, #8546, #5736 ) ) ;
#8272 = SURFACE_STYLE_USAGE ( .BOTH. , #1457 ) ;
#8273 = ORIENTED_EDGE ( 'NONE', *, *, #1677, .T. ) ;
#8274 = CARTESIAN_POINT ( 'NONE',  ( 0.04291338582677171900, 0.001181102362204724400, 0.0000000000000000000 ) ) ;
#8275 = ORIENTED_EDGE ( 'NONE', *, *, #8887, .F. ) ;
#8276 = DIRECTION ( 'NONE',  ( 2.646153987744245800E-015, 0.0000000000000000000, -1.000000000000000000 ) ) ;
#8277 = ADVANCED_FACE ( 'NONE', ( #9196 ), #6280, .F. ) ;
#8278 = EDGE_CURVE ( 'NONE', #2837, #919, #486, .T. ) ;
#8279 = DIRECTION ( 'NONE',  ( -1.000000000000000000, -0.0000000000000000000, 0.0000000000000000000 ) ) ;
#8280 = SURFACE_STYLE_FILL_AREA ( #8390 ) ;
#8281 = ORIENTED_EDGE ( 'NONE', *, *, #10273, .F. ) ;
#8282 =( NAMED_UNIT ( * ) SI_UNIT ( $, .STERADIAN. ) SOLID_ANGLE_UNIT ( ) );
#8283 = FILL_AREA_STYLE ('',( #10275 ) ) ;
#8284 =( LENGTH_UNIT ( ) NAMED_UNIT ( * ) SI_UNIT ( $, .METRE. ) );
#8285 =( NAMED_UNIT ( * ) SI_UNIT ( $, .STERADIAN. ) SOLID_ANGLE_UNIT ( ) );
#8286 = CARTESIAN_POINT ( 'NONE',  ( 0.0000000000000000000, 0.007204724409448820400, 0.0000000000000000000 ) ) ;
#8287 = LINE ( 'NONE', #3742, #2792 ) ;
#8288 = SURFACE_STYLE_FILL_AREA ( #1990 ) ;
#8289 = MECHANICAL_DESIGN_GEOMETRIC_PRESENTATION_REPRESENTATION (  '', ( #6331 ), #8948 ) ;
#8290 = MECHANICAL_DESIGN_GEOMETRIC_PRESENTATION_REPRESENTATION (  '', ( #6332 ), #8949 ) ;
#8291 = PRESENTATION_LAYER_ASSIGNMENT (  '', '', ( #6969 ) ) ;
#8292 = DIRECTION ( 'NONE',  ( -1.000000000000000000, -0.0000000000000000000, -0.0000000000000000000 ) ) ;
#8293 = UNCERTAINTY_MEASURE_WITH_UNIT (LENGTH_MEASURE( 1.000000000000000100E-005 ), #4352, 'distance_accuracy_value', 'NONE');
#8294 = VERTEX_POINT ( 'NONE', #1458 ) ;
#8295 = CARTESIAN_POINT ( 'NONE',  ( -0.04291338582677168400, 0.007204724409448820400, -0.004921259842522247200 ) ) ;
#8296 = ORIENTED_EDGE ( 'NONE', *, *, #7891, .T. ) ;
#8297 = FACE_OUTER_BOUND ( 'NONE', #11119, .T. ) ;
#8298 = FILL_AREA_STYLE ('',( #7300 ) ) ;
#8299 = PLANE ( 'NONE',  #3276 ) ;
#8300 = COLOUR_RGB ( '',0.9686274509803921600, 0.8784313725490196000, 0.5999999999999999800 ) ;
#8301 = PLANE ( 'NONE',  #3270 ) ;
#8302 = SURFACE_STYLE_USAGE ( .BOTH. , #1483 ) ;
#8303 =( CONVERSION_BASED_UNIT ( 'INCH', #435 ) LENGTH_UNIT ( ) NAMED_UNIT ( #2096 ) );
#8304 = FILL_AREA_STYLE_COLOUR ( '', #9923 ) ;
#8305 =( NAMED_UNIT ( * ) PLANE_ANGLE_UNIT ( ) SI_UNIT ( $, .RADIAN. ) );
#8306 = DIRECTION ( 'NONE',  ( 1.000000000000000000, -0.0000000000000000000, 5.434102431278317600E-015 ) ) ;
#8307 = PRESENTATION_LAYER_ASSIGNMENT (  '', '', ( #6984 ) ) ;
#8308 = VERTEX_POINT ( 'NONE', #439 ) ;
#8309 = VERTEX_POINT ( 'NONE', #3422 ) ;
#8310 = DIRECTION ( 'NONE',  ( 0.0000000000000000000, -0.0000000000000000000, 1.000000000000000000 ) ) ;
#8311 = VECTOR ( 'NONE', #2698, 39.37007874015748100 ) ;
#8312 = ORIENTED_EDGE ( 'NONE', *, *, #10740, .F. ) ;
#8313 = CARTESIAN_POINT ( 'NONE',  ( 0.01476377952755938600, 0.004133858267716536200, -0.04291338582677155900 ) ) ;
#8314 = ORIENTED_EDGE ( 'NONE', *, *, #3611, .T. ) ;
#8315 = FILL_AREA_STYLE ('',( #10270 ) ) ;
#8316 = DIRECTION ( 'NONE',  ( -1.000000000000000000, -0.0000000000000000000, 0.0000000000000000000 ) ) ;
#8317 = SURFACE_SIDE_STYLE ('',( #5085 ) ) ;
#8318 =( NAMED_UNIT ( * ) PLANE_ANGLE_UNIT ( ) SI_UNIT ( $, .RADIAN. ) );
#8319 =( NAMED_UNIT ( * ) PLANE_ANGLE_UNIT ( ) SI_UNIT ( $, .RADIAN. ) );
#8320 = VERTEX_POINT ( 'NONE', #7277 ) ;
#8321 = EDGE_LOOP ( 'NONE', ( #6772, #838, #6206, #9598 ) ) ;
#8322 = MECHANICAL_DESIGN_GEOMETRIC_PRESENTATION_REPRESENTATION (  '', ( #6369 ), #8987 ) ;
#8323 = PLANE ( 'NONE',  #7722 ) ;
#8324 = VERTEX_POINT ( 'NONE', #9279 ) ;
#8325 = STYLED_ITEM ( 'NONE', ( #9019 ), #5325 ) ;
#8326 = ORIENTED_EDGE ( 'NONE', *, *, #8411, .T. ) ;
#8327 = ORIENTED_EDGE ( 'NONE', *, *, #12325, .F. ) ;
#8328 = LINE ( 'NONE', #2499, #5425 ) ;
#8329 =( CONVERSION_BASED_UNIT ( 'INCH', #3634 ) LENGTH_UNIT ( ) NAMED_UNIT ( #10602 ) );
#8330 = DIRECTION ( 'NONE',  ( -0.0000000000000000000, -1.000000000000000000, 0.0000000000000000000 ) ) ;
#8331 = SURFACE_SIDE_STYLE ('',( #4639 ) ) ;
#8332 = CARTESIAN_POINT ( 'NONE',  ( -0.004921259842519379700, -0.01693371115559762200, -0.04291338582677169800 ) ) ;
#8333 = EDGE_CURVE ( 'NONE', #8843, #3540, #7933, .T. ) ;
#8334 = EDGE_CURVE ( 'NONE', #7543, #11105, #3065, .T. ) ;
#8335 = ADVANCED_FACE ( 'NONE', ( #10268 ), #7321, .F. ) ;
#8336 = ORIENTED_EDGE ( 'NONE', *, *, #72, .F. ) ;
#8337 = COLOUR_RGB ( '',0.2509803921568627400, 0.2509803921568627400, 0.2509803921568627400 ) ;
#8338 = ORIENTED_EDGE ( 'NONE', *, *, #2269, .T. ) ;
#8339 = ORIENTED_EDGE ( 'NONE', *, *, #9271, .F. ) ;
#8340 = ADVANCED_FACE ( 'NONE', ( #1539 ), #1541, .F. ) ;
#8341 = CARTESIAN_POINT ( 'NONE',  ( -0.004921259842522249800, 0.001181102362204723500, 0.04291338582677167000 ) ) ;
#8342 = CARTESIAN_POINT ( 'NONE',  ( -0.05669291338582663900, 0.007204724409448820400, -0.04429133858267737800 ) ) ;
#8343 = CARTESIAN_POINT ( 'NONE',  ( -0.04291338582677172600, 0.0000000000000000000, 0.0000000000000000000 ) ) ;
#8344 = EDGE_LOOP ( 'NONE', ( #11807, #5962, #2356, #26 ) ) ;
#8345 = DIRECTION ( 'NONE',  ( -0.0000000000000000000, -1.000000000000000000, -0.0000000000000000000 ) ) ;
#8346 = CARTESIAN_POINT ( 'NONE',  ( -0.02460629921260098400, 0.001181102362204723700, 0.05905511811023606000 ) ) ;
#8347 = MECHANICAL_DESIGN_GEOMETRIC_PRESENTATION_REPRESENTATION (  '', ( #6389 ), #9006 ) ;
#8348 =( LENGTH_UNIT ( ) NAMED_UNIT ( * ) SI_UNIT ( $, .METRE. ) );
#8349 = LINE ( 'NONE', #9844, #8027 ) ;
#8350 = CARTESIAN_POINT ( 'NONE',  ( -0.05669291338582666000, 0.007204724409448820400, -0.04429133858267737800 ) ) ;
#8351 = PRESENTATION_LAYER_ASSIGNMENT (  '', '', ( #7023 ) ) ;
#8352 = ORIENTED_EDGE ( 'NONE', *, *, #4493, .T. ) ;
#8353 = LINE ( 'NONE', #1747, #10971 ) ;
#8354 = EDGE_CURVE ( 'NONE', #3213, #1810, #8082, .T. ) ;
#8355 = DIMENSIONAL_EXPONENTS ( 1.000000000000000000, 0.0000000000000000000, 0.0000000000000000000, 0.0000000000000000000, 0.0000000000000000000, 0.0000000000000000000, 0.0000000000000000000 ) ;
#8356 = LINE ( 'NONE', #6475, #914 ) ;
#8357 = DIRECTION ( 'NONE',  ( 0.0000000000000000000, 1.000000000000000000, 0.0000000000000000000 ) ) ;
#8358 = VERTEX_POINT ( 'NONE', #8359 ) ;
#8359 = CARTESIAN_POINT ( 'NONE',  ( -0.05905511811023651100, 0.001181102362204724200, 0.04429133858267708700 ) ) ;
#8360 = VECTOR ( 'NONE', #2777, 39.37007874015748100 ) ;
#8361 = VECTOR ( 'NONE', #10709, 39.37007874015748100 ) ;
#8362 =( NAMED_UNIT ( * ) PLANE_ANGLE_UNIT ( ) SI_UNIT ( $, .RADIAN. ) );
#8363 = VECTOR ( 'NONE', #606, 39.37007874015748100 ) ;
#8364 = CARTESIAN_POINT ( 'NONE',  ( 0.04291338582677158000, 0.0000000000000000000, -0.02460629921259860000 ) ) ;
#8365 =( GEOMETRIC_REPRESENTATION_CONTEXT ( 3 ) GLOBAL_UNCERTAINTY_ASSIGNED_CONTEXT ( ( #5832 ) ) GLOBAL_UNIT_ASSIGNED_CONTEXT ( ( #1486, #8305, #2456 ) ) REPRESENTATION_CONTEXT ( 'NONE', 'WORKASPACE' ) );
#8366 = CARTESIAN_POINT ( 'NONE',  ( -0.04291338582677161500, -0.01693371115559762200, -0.01476377952755920200 ) ) ;
#8367 = FACE_OUTER_BOUND ( 'NONE', #289, .T. ) ;
#8368 = PRESENTATION_STYLE_ASSIGNMENT (( #3321 ) ) ;
#8369 = DIMENSIONAL_EXPONENTS ( 1.000000000000000000, 0.0000000000000000000, 0.0000000000000000000, 0.0000000000000000000, 0.0000000000000000000, 0.0000000000000000000, 0.0000000000000000000 ) ;
#8370 =( NAMED_UNIT ( * ) PLANE_ANGLE_UNIT ( ) SI_UNIT ( $, .RADIAN. ) );
#8371 = EDGE_CURVE ( 'NONE', #8320, #1058, #2902, .T. ) ;
#8372 = SURFACE_STYLE_FILL_AREA ( #10460 ) ;
#8373 = CARTESIAN_POINT ( 'NONE',  ( -0.004921259842519381400, 0.007204724409448820400, -0.04291338582677169800 ) ) ;
#8374 = ORIENTED_EDGE ( 'NONE', *, *, #6035, .F. ) ;
#8375 = LENGTH_MEASURE_WITH_UNIT ( LENGTH_MEASURE( 0.02539999999999999900 ), #8612 );
#8376 = DIRECTION ( 'NONE',  ( 2.929742899324058200E-015, -0.0000000000000000000, 1.000000000000000000 ) ) ;
#8377 = VECTOR ( 'NONE', #7980, 39.37007874015748100 ) ;
#8378 = COLOUR_RGB ( '',0.9686274509803921600, 0.8784313725490196000, 0.5999999999999999800 ) ;
#8379 = PRESENTATION_STYLE_ASSIGNMENT (( #4960 ) ) ;
#8380 = PRESENTATION_LAYER_ASSIGNMENT (  '', '', ( #7050 ) ) ;
#8381 = PRESENTATION_LAYER_ASSIGNMENT (  '', '', ( #7051 ) ) ;
#8382 = MECHANICAL_DESIGN_GEOMETRIC_PRESENTATION_REPRESENTATION (  '', ( #6426 ), #9046 ) ;
#8383 = APPLICATION_CONTEXT ( 'automotive_design' ) ;
#8384 = CARTESIAN_POINT ( 'NONE',  ( -0.05669291338582663900, 0.007204724409448820400, -0.04429133858267737800 ) ) ;
#8385 =( NAMED_UNIT ( * ) PLANE_ANGLE_UNIT ( ) SI_UNIT ( $, .RADIAN. ) );
#8386 = VECTOR ( 'NONE', #8976, 39.37007874015748100 ) ;
#8387 = SURFACE_SIDE_STYLE ('',( #3177 ) ) ;
#8388 = PRESENTATION_STYLE_ASSIGNMENT (( #4530 ) ) ;
#8389 = SURFACE_STYLE_USAGE ( .BOTH. , #1569 ) ;
#8390 = FILL_AREA_STYLE ('',( #12320 ) ) ;
#8391 = PRESENTATION_STYLE_ASSIGNMENT (( #1798 ) ) ;
#8392 = CARTESIAN_POINT ( 'NONE',  ( -0.05669291338582688200, 0.007204724409448820400, 0.02460629921259824300 ) ) ;
#8393 = EDGE_CURVE ( 'NONE', #8025, #12701, #5500, .T. ) ;
#8394 =( NAMED_UNIT ( * ) SI_UNIT ( $, .STERADIAN. ) SOLID_ANGLE_UNIT ( ) );
#8395 = ORIENTED_EDGE ( 'NONE', *, *, #10395, .F. ) ;
#8396 = PRESENTATION_LAYER_ASSIGNMENT (  '', '', ( #7067 ) ) ;
#8397 = ADVANCED_FACE ( 'NONE', ( #646 ), #8449, .F. ) ;
#8398 = DIRECTION ( 'NONE',  ( -4.292739916162993600E-015, -0.0000000000000000000, -1.000000000000000000 ) ) ;
#8399 = ORIENTED_EDGE ( 'NONE', *, *, #12475, .F. ) ;
#8400 = CARTESIAN_POINT ( 'NONE',  ( -0.04291338582677173300, 0.0000000000000000000, 0.01476377952755892000 ) ) ;
#8401 = ADVANCED_FACE ( 'NONE', ( #4273 ), #9509, .F. ) ;
#8402 = ORIENTED_EDGE ( 'NONE', *, *, #9250, .T. ) ;
#8403 = LINE ( 'NONE', #460, #953 ) ;
#8404 = SURFACE_SIDE_STYLE ('',( #3009 ) ) ;
#8405 = SURFACE_SIDE_STYLE ('',( #8553 ) ) ;
#8406 = CARTESIAN_POINT ( 'NONE',  ( -0.05669291338582686800, 0.004133858267716536200, 0.02460629921259822900 ) ) ;
#8407 = EDGE_CURVE ( 'NONE', #8003, #10308, #3049, .T. ) ;
#8408 = EDGE_LOOP ( 'NONE', ( #7018, #5608, #7713, #524 ) ) ;
#8409 = UNCERTAINTY_MEASURE_WITH_UNIT (LENGTH_MEASURE( 1.000000000000000100E-005 ), #2924, 'distance_accuracy_value', 'NONE');
#8410 = FACE_BOUND ( 'NONE', #2061, .T. ) ;
#8411 = EDGE_CURVE ( 'NONE', #3877, #10176, #468, .T. ) ;
#8412 = ORIENTED_EDGE ( 'NONE', *, *, #12498, .F. ) ;
#8413 = EDGE_LOOP ( 'NONE', ( #5854, #9392, #4483, #4031 ) ) ;
#8414 = SURFACE_STYLE_FILL_AREA ( #494 ) ;
#8415 = ORIENTED_EDGE ( 'NONE', *, *, #3899, .F. ) ;
#8416 = VECTOR ( 'NONE', #10767, 39.37007874015748100 ) ;
#8417 = VECTOR ( 'NONE', #4309, 39.37007874015748100 ) ;
#8418 = DIRECTION ( 'NONE',  ( -3.513515725732651700E-015, -0.0000000000000000000, 1.000000000000000000 ) ) ;
#8419 = SURFACE_STYLE_FILL_AREA ( #4894 ) ;
#8420 = CARTESIAN_POINT ( 'NONE',  ( -0.05905511811023663600, 0.0000000000000000000, 0.05905511811023582400 ) ) ;
#8421 = MECHANICAL_DESIGN_GEOMETRIC_PRESENTATION_REPRESENTATION (  '', ( #6461 ), #9082 ) ;
#8422 = FILL_AREA_STYLE_COLOUR ( '', #10721 ) ;
#8423 =( NAMED_UNIT ( * ) SI_UNIT ( $, .STERADIAN. ) SOLID_ANGLE_UNIT ( ) );
#8424 = COLOUR_RGB ( '',0.9686274509803921600, 0.8784313725490196000, 0.5999999999999999800 ) ;
#8425 = PRESENTATION_STYLE_ASSIGNMENT (( #12283 ) ) ;
#8426 = CARTESIAN_POINT ( 'NONE',  ( -0.04291338582677181600, -0.01693371115559762200, 0.04429133858267702400 ) ) ;
#8427 = APPLICATION_PROTOCOL_DEFINITION ( 'draft international standard', 'automotive_design', 1998, #1603 ) ;
#8428 = MECHANICAL_DESIGN_GEOMETRIC_PRESENTATION_REPRESENTATION (  '', ( #7093 ), #9089 ) ;
#8429 = VECTOR ( 'NONE', #6012, 39.37007874015748100 ) ;
#8430 = PLANE ( 'NONE',  #11138 ) ;
#8431 = FILL_AREA_STYLE_COLOUR ( '', #1855 ) ;
#8432 = CARTESIAN_POINT ( 'NONE',  ( 0.04291338582677166300, 0.001181102362204723500, 0.004921259842522252400 ) ) ;
#8433 = SURFACE_SIDE_STYLE ('',( #5779 ) ) ;
#8434 = SURFACE_SIDE_STYLE ('',( #4201 ) ) ;
#8435 = CARTESIAN_POINT ( 'NONE',  ( 0.004921259842519683200, 0.007204724409448820400, 0.04291338582677167000 ) ) ;
#8436 = SURFACE_STYLE_USAGE ( .BOTH. , #1618 ) ;
#8437 = LENGTH_MEASURE_WITH_UNIT ( LENGTH_MEASURE( 0.02539999999999999900 ), #11937 );
#8438 = FILL_AREA_STYLE_COLOUR ( '', #2457 ) ;
#8439 = PRESENTATION_STYLE_ASSIGNMENT (( #3395 ) ) ;
#8440 = FACE_OUTER_BOUND ( 'NONE', #4379, .T. ) ;
#8441 = ORIENTED_EDGE ( 'NONE', *, *, #5874, .F. ) ;
#8442 = PRESENTATION_LAYER_ASSIGNMENT (  '', '', ( #7103 ) ) ;
#8443 = PRESENTATION_LAYER_ASSIGNMENT (  '', '', ( #7106 ) ) ;
#8444 = ORIENTED_EDGE ( 'NONE', *, *, #1269, .F. ) ;
#8445 = ORIENTED_EDGE ( 'NONE', *, *, #12325, .T. ) ;
#8446 = DIRECTION ( 'NONE',  ( -3.394400973246411800E-015, 0.0000000000000000000, -1.000000000000000000 ) ) ;
#8447 = ORIENTED_EDGE ( 'NONE', *, *, #4603, .T. ) ;
#8448 = PRESENTATION_LAYER_ASSIGNMENT (  '', '', ( #7111 ) ) ;
#8449 = PLANE ( 'NONE',  #5757 ) ;
#8450 = DIRECTION ( 'NONE',  ( -0.0000000000000000000, 0.0000000000000000000, -1.000000000000000000 ) ) ;
#8451 =( NAMED_UNIT ( * ) PLANE_ANGLE_UNIT ( ) SI_UNIT ( $, .RADIAN. ) );
#8452 = EDGE_CURVE ( 'NONE', #9104, #3770, #5654, .T. ) ;
#8453 = VECTOR ( 'NONE', #11895, 39.37007874015748100 ) ;
#8454 = VECTOR ( 'NONE', #8986, 39.37007874015748100 ) ;
#8455 =( NAMED_UNIT ( * ) SI_UNIT ( $, .STERADIAN. ) SOLID_ANGLE_UNIT ( ) );
#8456 = CARTESIAN_POINT ( 'NONE',  ( -0.02460629921259856200, 0.03149606299212598400, -0.05905511811023639300 ) ) ;
#8457 =( NAMED_UNIT ( * ) SI_UNIT ( $, .STERADIAN. ) SOLID_ANGLE_UNIT ( ) );
#8458 = UNCERTAINTY_MEASURE_WITH_UNIT (LENGTH_MEASURE( 1.000000000000000100E-005 ), #133, 'distance_accuracy_value', 'NONE');
#8459 = CARTESIAN_POINT ( 'NONE',  ( -0.05669291338582691700, 0.004133858267716536200, 0.03444881889763761600 ) ) ;
#8460 = VERTEX_POINT ( 'NONE', #11516 ) ;
#8461 = DIRECTION ( 'NONE',  ( 1.000000000000000000, 0.0000000000000000000, -8.232929642093732000E-016 ) ) ;
#8462 = PRESENTATION_LAYER_ASSIGNMENT (  '', '', ( #7121 ) ) ;
#8463 = PRESENTATION_LAYER_ASSIGNMENT (  '', '', ( #7122 ) ) ;
#8464 = AXIS2_PLACEMENT_3D ( 'NONE', #6459, #639, #7418 ) ;
#8465 = SURFACE_STYLE_USAGE ( .BOTH. , #1645 ) ;
#8466 = DIRECTION ( 'NONE',  ( 0.0000000000000000000, -0.0000000000000000000, 1.000000000000000000 ) ) ;
#8467 = DIRECTION ( 'NONE',  ( -1.000000000000000000, -0.0000000000000000000, 0.0000000000000000000 ) ) ;
#8468 = VECTOR ( 'NONE', #4857, 39.37007874015748100 ) ;
#8469 = DIMENSIONAL_EXPONENTS ( 1.000000000000000000, 0.0000000000000000000, 0.0000000000000000000, 0.0000000000000000000, 0.0000000000000000000, 0.0000000000000000000, 0.0000000000000000000 ) ;
#8470 = UNCERTAINTY_MEASURE_WITH_UNIT (LENGTH_MEASURE( 1.000000000000000100E-005 ), #6832, 'distance_accuracy_value', 'NONE');
#8471 = ADVANCED_FACE ( 'NONE', ( #5340 ), #798, .F. ) ;
#8473 = EDGE_CURVE ( 'NONE', #12505, #879, #1526, .T. ) ;
#8472 = VECTOR ( 'NONE', #12357, 39.37007874015748100 ) ;
#8474 = CARTESIAN_POINT ( 'NONE',  ( -0.01476377952755871800, 0.007204724409448820400, -0.04291338582677177400 ) ) ;
#8475 = EDGE_LOOP ( 'NONE', ( #12171, #10029, #6465, #1550 ) ) ;
#8476 = VERTEX_POINT ( 'NONE', #1723 ) ;
#8477 =( CONVERSION_BASED_UNIT ( 'INCH', #2555 ) LENGTH_UNIT ( ) NAMED_UNIT ( #5041 ) );
#8478 = ORIENTED_EDGE ( 'NONE', *, *, #10715, .T. ) ;
#8479 = VECTOR ( 'NONE', #6502, 39.37007874015748100 ) ;
#8480 = CARTESIAN_POINT ( 'NONE',  ( -0.01476377952755906200, 0.007204724409448820400, 0.05669291338582680600 ) ) ;
#8481 = FILL_AREA_STYLE ('',( #7490 ) ) ;
#8482 = PRESENTATION_LAYER_ASSIGNMENT (  '', '', ( #7146 ) ) ;
#8483 = CARTESIAN_POINT ( 'NONE',  ( 0.02460629921259843400, 0.007204724409448820400, 0.05669291338582680600 ) ) ;
#8484 =( GEOMETRIC_REPRESENTATION_CONTEXT ( 3 ) GLOBAL_UNCERTAINTY_ASSIGNED_CONTEXT ( ( #9859 ) ) GLOBAL_UNIT_ASSIGNED_CONTEXT ( ( #8163, #2327, #9171 ) ) REPRESENTATION_CONTEXT ( 'NONE', 'WORKASPACE' ) );
#8485 = FILL_AREA_STYLE ('',( #2766 ) ) ;
#8486 = DIMENSIONAL_EXPONENTS ( 1.000000000000000000, 0.0000000000000000000, 0.0000000000000000000, 0.0000000000000000000, 0.0000000000000000000, 0.0000000000000000000, 0.0000000000000000000 ) ;
#8487 = DIRECTION ( 'NONE',  ( 0.0000000000000000000, -0.0000000000000000000, -1.000000000000000000 ) ) ;
#8488 = UNCERTAINTY_MEASURE_WITH_UNIT (LENGTH_MEASURE( 1.000000000000000100E-005 ), #3178, 'distance_accuracy_value', 'NONE');
#8489 = CARTESIAN_POINT ( 'NONE',  ( 0.004921259842522320000, 0.007204724409448820400, -0.05669291338582670800 ) ) ;
#8490 = EDGE_LOOP ( 'NONE', ( #11022, #947, #1956, #8010 ) ) ;
#8491 = EDGE_CURVE ( 'NONE', #7542, #5205, #6713, .T. ) ;
#8492 = ORIENTED_EDGE ( 'NONE', *, *, #10536, .T. ) ;
#8493 = VECTOR ( 'NONE', #2377, 39.37007874015748100 ) ;
#8494 = EDGE_CURVE ( 'NONE', #1893, #2831, #11633, .T. ) ;
#8495 = FILL_AREA_STYLE_COLOUR ( '', #9184 ) ;
#8496 =( LENGTH_UNIT ( ) NAMED_UNIT ( * ) SI_UNIT ( $, .METRE. ) );
#8497 = PRESENTATION_LAYER_ASSIGNMENT (  '', '', ( #7164 ) ) ;
#8498 = MECHANICAL_DESIGN_GEOMETRIC_PRESENTATION_REPRESENTATION (  '', ( #6532 ), #9166 ) ;
#8499 = VERTEX_POINT ( 'NONE', #10519 ) ;
#8500 = DIMENSIONAL_EXPONENTS ( 1.000000000000000000, 0.0000000000000000000, 0.0000000000000000000, 0.0000000000000000000, 0.0000000000000000000, 0.0000000000000000000, 0.0000000000000000000 ) ;
#8501 = DIMENSIONAL_EXPONENTS ( 1.000000000000000000, 0.0000000000000000000, 0.0000000000000000000, 0.0000000000000000000, 0.0000000000000000000, 0.0000000000000000000, 0.0000000000000000000 ) ;
#8502 = UNCERTAINTY_MEASURE_WITH_UNIT (LENGTH_MEASURE( 1.000000000000000100E-005 ), #5672, 'distance_accuracy_value', 'NONE');
#8503 = COLOUR_RGB ( '',0.9686274509803921600, 0.8784313725490196000, 0.5999999999999999800 ) ;
#8504 = DIRECTION ( 'NONE',  ( 1.000000000000000000, 0.0000000000000000000, 5.743874480559907400E-015 ) ) ;
#8505 = DIRECTION ( 'NONE',  ( 0.0000000000000000000, 1.000000000000000000, 0.0000000000000000000 ) ) ;
#8506 = VERTEX_POINT ( 'NONE', #12506 ) ;
#8507 = ORIENTED_EDGE ( 'NONE', *, *, #1447, .T. ) ;
#8508 = VECTOR ( 'NONE', #9061, 39.37007874015748100 ) ;
#8509 = DIRECTION ( 'NONE',  ( 1.000000000000000000, 0.0000000000000000000, -0.0000000000000000000 ) ) ;
#8510 = EDGE_CURVE ( 'NONE', #3056, #2817, #11326, .T. ) ;
#8511 = MECHANICAL_DESIGN_GEOMETRIC_PRESENTATION_REPRESENTATION (  '', ( #6539 ), #9175 ) ;
#8512 =( NAMED_UNIT ( * ) SI_UNIT ( $, .STERADIAN. ) SOLID_ANGLE_UNIT ( ) );
#8513 = DIRECTION ( 'NONE',  ( -0.0000000000000000000, 0.0000000000000000000, -1.000000000000000000 ) ) ;
#8514 = VERTEX_POINT ( 'NONE', #7583 ) ;
#8515 = EDGE_CURVE ( 'NONE', #836, #6925, #3833, .T. ) ;
#8516 = CARTESIAN_POINT ( 'NONE',  ( 0.0000000000000000000, 0.0000000000000000000, 0.01476377952755891400 ) ) ;
#8517 = FACE_OUTER_BOUND ( 'NONE', #5442, .T. ) ;
#8518 = LINE ( 'NONE', #6910, #1043 ) ;
#8519 = DIRECTION ( 'NONE',  ( -5.588988455919166100E-015, 0.0000000000000000000, 1.000000000000000000 ) ) ;
#8520 = LINE ( 'NONE', #4490, #3327 ) ;
#8521 =( CONVERSION_BASED_UNIT ( 'INCH', #9935 ) LENGTH_UNIT ( ) NAMED_UNIT ( #300 ) );
#8522 = LINE ( 'NONE', #1660, #3331 ) ;
#8523 = DIRECTION ( 'NONE',  ( 0.0000000000000000000, -0.0000000000000000000, -1.000000000000000000 ) ) ;
#8524 = CARTESIAN_POINT ( 'NONE',  ( 0.0000000000000000000, 0.004133858267716536200, -0.01476377952755926100 ) ) ;
#8525 = LINE ( 'NONE', #10216, #5918 ) ;
#8526 =( NAMED_UNIT ( * ) PLANE_ANGLE_UNIT ( ) SI_UNIT ( $, .RADIAN. ) );
#8527 = PRESENTATION_LAYER_ASSIGNMENT (  '', '', ( #7846 ) ) ;
#8528 = UNCERTAINTY_MEASURE_WITH_UNIT (LENGTH_MEASURE( 1.000000000000000100E-005 ), #11254, 'distance_accuracy_value', 'NONE');
#8529 = FILL_AREA_STYLE ('',( #7525 ) ) ;
#8530 = CARTESIAN_POINT ( 'NONE',  ( -0.04291338582677161500, 0.001181102362204724400, 0.0000000000000000000 ) ) ;
#8531 = SURFACE_STYLE_USAGE ( .BOTH. , #1712 ) ;
#8532 = DIRECTION ( 'NONE',  ( -6.982962677686265900E-015, 0.0000000000000000000, 1.000000000000000000 ) ) ;
#8533 = VECTOR ( 'NONE', #5655, 39.37007874015748100 ) ;
#8534 = EDGE_CURVE ( 'NONE', #2193, #659, #6097, .T. ) ;
#8535 = SURFACE_SIDE_STYLE ('',( #6252 ) ) ;
#8536 = ORIENTED_EDGE ( 'NONE', *, *, #11168, .F. ) ;
#8537 = VECTOR ( 'NONE', #11238, 39.37007874015748100 ) ;
#8538 = LINE ( 'NONE', #6243, #10829 ) ;
#8539 =( CONVERSION_BASED_UNIT ( 'INCH', #5954 ) LENGTH_UNIT ( ) NAMED_UNIT ( #2590 ) );
#8540 = LINE ( 'NONE', #9111, #10831 ) ;
#8541 = LINE ( 'NONE', #3186, #1062 ) ;
#8542 = VECTOR ( 'NONE', #208, 39.37007874015748100 ) ;
#8543 = DIMENSIONAL_EXPONENTS ( 1.000000000000000000, 0.0000000000000000000, 0.0000000000000000000, 0.0000000000000000000, 0.0000000000000000000, 0.0000000000000000000, 0.0000000000000000000 ) ;
#8544 = DIRECTION ( 'NONE',  ( 1.690654702195511200E-015, -0.0000000000000000000, 1.000000000000000000 ) ) ;
#8545 = CARTESIAN_POINT ( 'NONE',  ( 0.04291338582677158000, 0.007204724409448820400, -0.02460629921259857900 ) ) ;
#8546 = ORIENTED_EDGE ( 'NONE', *, *, #11400, .T. ) ;
#8547 = DIRECTION ( 'NONE',  ( -1.000000000000000000, 0.0000000000000000000, 3.549286997887197300E-015 ) ) ;
#8548 = DIRECTION ( 'NONE',  ( -1.000000000000000000, -0.0000000000000000000, -5.511545443598771800E-015 ) ) ;
#8549 = ADVANCED_FACE ( 'NONE', ( #941 ), #12552, .F. ) ;
#8550 = PRESENTATION_LAYER_ASSIGNMENT (  '', '', ( #7211 ) ) ;
#8551 = PRESENTATION_LAYER_ASSIGNMENT (  '', '', ( #7212 ) ) ;
#8552 = PLANE ( 'NONE',  #7768 ) ;
#8553 = SURFACE_STYLE_FILL_AREA ( #1590 ) ;
#8554 = AXIS2_PLACEMENT_3D ( 'NONE', #3911, #10755, #4892 ) ;
#8555 = DIRECTION ( 'NONE',  ( -0.0000000000000000000, -1.000000000000000000, -0.0000000000000000000 ) ) ;
#8556 =( LENGTH_UNIT ( ) NAMED_UNIT ( * ) SI_UNIT ( $, .METRE. ) );
#8557 = DIRECTION ( 'NONE',  ( 1.000000000000000000, 0.0000000000000000000, -0.0000000000000000000 ) ) ;
#8558 = SURFACE_SIDE_STYLE ('',( #2518 ) ) ;
#8559 = LENGTH_MEASURE_WITH_UNIT ( LENGTH_MEASURE( 0.02539999999999999900 ), #8781 );
#8560 = DIRECTION ( 'NONE',  ( -1.000000000000000000, 0.0000000000000000000, 4.292739916162984100E-015 ) ) ;
#8561 = VECTOR ( 'NONE', #6695, 39.37007874015748100 ) ;
#8562 = DIRECTION ( 'NONE',  ( -6.982962677686265900E-015, 0.0000000000000000000, 1.000000000000000000 ) ) ;
#8563 = SURFACE_STYLE_FILL_AREA ( #477 ) ;
#8564 = CARTESIAN_POINT ( 'NONE',  ( -0.05669291338582688200, 0.007204724409448820400, 0.02460629921259822900 ) ) ;
#8565 = AXIS2_PLACEMENT_3D ( 'NONE', #8265, #2418, #9269 ) ;
#8566 = DIRECTION ( 'NONE',  ( 1.000000000000000000, 0.0000000000000000000, -0.0000000000000000000 ) ) ;
#8567 = EDGE_CURVE ( 'NONE', #12145, #4973, #12406, .T. ) ;
#8568 = FILL_AREA_STYLE_COLOUR ( '', #7316 ) ;
#8569 = VECTOR ( 'NONE', #4246, 39.37007874015748100 ) ;
#8570 = FILL_AREA_STYLE ('',( #4653 ) ) ;
#8571 = DIRECTION ( 'NONE',  ( -1.000000000000000000, -0.0000000000000000000, 0.0000000000000000000 ) ) ;
#8572 = VECTOR ( 'NONE', #780, 39.37007874015748100 ) ;
#8573 = ORIENTED_EDGE ( 'NONE', *, *, #9516, .F. ) ;
#8574 = CARTESIAN_POINT ( 'NONE',  ( 0.02460629921259882200, 0.03149606299212598400, 0.05905511811023639300 ) ) ;
#8575 = ORIENTED_EDGE ( 'NONE', *, *, #4729, .T. ) ;
#8576 = DIRECTION ( 'NONE',  ( 6.982962677686265900E-015, -0.0000000000000000000, -1.000000000000000000 ) ) ;
#8577 = PLANE ( 'NONE',  #11966 ) ;
#8578 = PRESENTATION_STYLE_ASSIGNMENT (( #5984 ) ) ;
#8579 = CARTESIAN_POINT ( 'NONE',  ( 0.05669291338582668100, 0.001181102362204724400, 0.0000000000000000000 ) ) ;
#8580 = EDGE_CURVE ( 'NONE', #2657, #4594, #7463, .T. ) ;
#8581 = SURFACE_STYLE_FILL_AREA ( #6960 ) ;
#8582 = PLANE ( 'NONE',  #2835 ) ;
#8583 = LINE ( 'NONE', #2277, #814 ) ;
#8584 = ORIENTED_EDGE ( 'NONE', *, *, #1340, .T. ) ;
#8585 = PLANE ( 'NONE',  #11894 ) ;
#8586 = PRESENTATION_LAYER_ASSIGNMENT (  '', '', ( #7243 ) ) ;
#8587 = UNCERTAINTY_MEASURE_WITH_UNIT (LENGTH_MEASURE( 1.000000000000000100E-005 ), #10122, 'distance_accuracy_value', 'NONE');
#8588 = SURFACE_STYLE_FILL_AREA ( #7303 ) ;
#8589 = COLOUR_RGB ( '',0.2509803921568627400, 0.2509803921568627400, 0.2509803921568627400 ) ;
#8590 = DIRECTION ( 'NONE',  ( -4.292739916162990400E-015, -0.0000000000000000000, -1.000000000000000000 ) ) ;
#8591 =( NAMED_UNIT ( * ) PLANE_ANGLE_UNIT ( ) SI_UNIT ( $, .RADIAN. ) );
#8592 = VECTOR ( 'NONE', #5710, 39.37007874015748100 ) ;
#8593 = CARTESIAN_POINT ( 'NONE',  ( -0.02460629921260095900, 0.0000000000000000000, 0.04291338582677133700 ) ) ;
#8594 = EDGE_CURVE ( 'NONE', #8240, #1367, #9801, .T. ) ;
#8595 = EDGE_CURVE ( 'NONE', #4048, #4049, #4595, .T. ) ;
#8596 = EDGE_CURVE ( 'NONE', #4973, #2242, #12086, .T. ) ;
#8597 = ORIENTED_EDGE ( 'NONE', *, *, #8832, .T. ) ;
#8598 = ORIENTED_EDGE ( 'NONE', *, *, #5280, .F. ) ;
#8599 = SURFACE_STYLE_FILL_AREA ( #3329 ) ;
#8600 = SURFACE_SIDE_STYLE ('',( #10931 ) ) ;
#8601 = ORIENTED_EDGE ( 'NONE', *, *, #9295, .T. ) ;
#8602 = CARTESIAN_POINT ( 'NONE',  ( 0.05669291338582657000, 0.0000000000000000000, 0.0000000000000000000 ) ) ;
#8603 =( NAMED_UNIT ( * ) PLANE_ANGLE_UNIT ( ) SI_UNIT ( $, .RADIAN. ) );
#8604 = EDGE_LOOP ( 'NONE', ( #4868, #7389, #2684, #8415 ) ) ;
#8605 = PLANE ( 'NONE',  #6119 ) ;
#8606 = PRESENTATION_LAYER_ASSIGNMENT (  '', '', ( #7266 ) ) ;
#8607 = DIMENSIONAL_EXPONENTS ( 1.000000000000000000, 0.0000000000000000000, 0.0000000000000000000, 0.0000000000000000000, 0.0000000000000000000, 0.0000000000000000000, 0.0000000000000000000 ) ;
#8608 = CARTESIAN_POINT ( 'NONE',  ( 0.04291338582677168400, 0.001181102362204723300, 0.004921259842522252400 ) ) ;
#8609 = CARTESIAN_POINT ( 'NONE',  ( -0.04291338582677168400, 0.007204724409448820400, 0.004921259842519530600 ) ) ;
#8610 = ADVANCED_FACE ( 'NONE', ( #1682 ), #8672, .T. ) ;
#8611 = LENGTH_MEASURE_WITH_UNIT ( LENGTH_MEASURE( 0.02539999999999999900 ), #131 );
#8612 =( LENGTH_UNIT ( ) NAMED_UNIT ( * ) SI_UNIT ( $, .METRE. ) );
#8613 =( NAMED_UNIT ( * ) PLANE_ANGLE_UNIT ( ) SI_UNIT ( $, .RADIAN. ) );
#8614 =( CONVERSION_BASED_UNIT ( 'INCH', #871 ) LENGTH_UNIT ( ) NAMED_UNIT ( #3516 ) );
#8616 = ORIENTED_EDGE ( 'NONE', *, *, #10564, .T. ) ;
#8615 =( NAMED_UNIT ( * ) PLANE_ANGLE_UNIT ( ) SI_UNIT ( $, .RADIAN. ) );
#8617 = FILL_AREA_STYLE ('',( #7610 ) ) ;
#8618 = VERTEX_POINT ( 'NONE', #1873 ) ;
#8619 = DIRECTION ( 'NONE',  ( -4.515665050714725700E-016, 0.0000000000000000000, -1.000000000000000000 ) ) ;
#8620 = PRESENTATION_STYLE_ASSIGNMENT (( #9010 ) ) ;
#8621 = FILL_AREA_STYLE ('',( #5676 ) ) ;
#8622 = FACE_OUTER_BOUND ( 'NONE', #8344, .T. ) ;
#8623 = VECTOR ( 'NONE', #8863, 39.37007874015748100 ) ;
#8624 = DIRECTION ( 'NONE',  ( 1.000000000000000000, -0.0000000000000000000, 3.907534698324850800E-014 ) ) ;
#8625 = AXIS2_PLACEMENT_3D ( 'NONE', #7049, #1240, #8038 ) ;
#8626 = CARTESIAN_POINT ( 'NONE',  ( -0.04291338582677168400, 0.001181102362204724400, 0.0000000000000000000 ) ) ;
#8627 =( LENGTH_UNIT ( ) NAMED_UNIT ( * ) SI_UNIT ( $, .METRE. ) );
#8628 = EDGE_CURVE ( 'NONE', #4118, #12012, #8223, .T. ) ;
#8629 = CARTESIAN_POINT ( 'NONE',  ( -0.02460629921260094900, 0.0000000000000000000, 0.04291338582677144800 ) ) ;
#8630 = ORIENTED_EDGE ( 'NONE', *, *, #11538, .T. ) ;
#8631 = ORIENTED_EDGE ( 'NONE', *, *, #7692, .T. ) ;
#8632 = DIRECTION ( 'NONE',  ( -1.000000000000000000, 0.0000000000000000000, -3.420584110948183300E-015 ) ) ;
#8633 = CARTESIAN_POINT ( 'NONE',  ( 0.05669291338582684700, 0.0000000000000000000, 0.01476377952755886800 ) ) ;
#8634 = VECTOR ( 'NONE', #8557, 39.37007874015748100 ) ;
#8635 = ORIENTED_EDGE ( 'NONE', *, *, #7594, .F. ) ;
#8636 = DIMENSIONAL_EXPONENTS ( 1.000000000000000000, 0.0000000000000000000, 0.0000000000000000000, 0.0000000000000000000, 0.0000000000000000000, 0.0000000000000000000, 0.0000000000000000000 ) ;
#8637 = DIMENSIONAL_EXPONENTS ( 1.000000000000000000, 0.0000000000000000000, 0.0000000000000000000, 0.0000000000000000000, 0.0000000000000000000, 0.0000000000000000000, 0.0000000000000000000 ) ;
#8638 = UNCERTAINTY_MEASURE_WITH_UNIT (LENGTH_MEASURE( 1.000000000000000100E-005 ), #12235, 'distance_accuracy_value', 'NONE');
#8639 = CARTESIAN_POINT ( 'NONE',  ( -0.02460629921260094900, 0.001181102362204724400, 0.0000000000000000000 ) ) ;
#8640 = STYLED_ITEM ( 'NONE', ( #7471 ), #3483 ) ;
#8641 = EDGE_LOOP ( 'NONE', ( #2294, #1305, #4430, #1233 ) ) ;
#8642 = AXIS2_PLACEMENT_3D ( 'NONE', #314, #7107, #1301 ) ;
#8643 = PRESENTATION_LAYER_ASSIGNMENT (  '', '', ( #7298 ) ) ;
#8644 = SURFACE_STYLE_USAGE ( .BOTH. , #1811 ) ;
#8645 = CARTESIAN_POINT ( 'NONE',  ( -0.05669291338582684700, 0.001181102362204723300, 0.01476377952755886400 ) ) ;
#8646 =( CONVERSION_BASED_UNIT ( 'INCH', #10962 ) LENGTH_UNIT ( ) NAMED_UNIT ( #4813 ) );
#8647 = ORIENTED_EDGE ( 'NONE', *, *, #3281, .T. ) ;
#8648 = CARTESIAN_POINT ( 'NONE',  ( 0.05669291338582668100, 0.0000000000000000000, -0.03444881889763797000 ) ) ;
#8649 = ORIENTED_EDGE ( 'NONE', *, *, #2621, .F. ) ;
#8650 = ORIENTED_EDGE ( 'NONE', *, *, #51, .T. ) ;
#8651 = VERTEX_POINT ( 'NONE', #9763 ) ;
#8652 = ORIENTED_EDGE ( 'NONE', *, *, #5888, .T. ) ;
#8653 = CARTESIAN_POINT ( 'NONE',  ( 0.05669291338582657000, -0.01693371115559762200, 0.004921259842522329600 ) ) ;
#8654 = EDGE_CURVE ( 'NONE', #12112, #3847, #10845, .T. ) ;
#8655 = FILL_AREA_STYLE_COLOUR ( '', #2571 ) ;
#8656 = DIRECTION ( 'NONE',  ( -1.000000000000000000, 0.0000000000000000000, -3.575470135588969500E-015 ) ) ;
#8657 = PLANE ( 'NONE',  #10908 ) ;
#8658 = CARTESIAN_POINT ( 'NONE',  ( 0.04291338582677155200, 0.0000000000000000000, 0.0000000000000000000 ) ) ;
#8659 = AXIS2_PLACEMENT_3D ( 'NONE', #12007, #6140, #298 ) ;
#8660 = ORIENTED_EDGE ( 'NONE', *, *, #6132, .F. ) ;
#8661 = LINE ( 'NONE', #10041, #4982 ) ;
#8662 = CARTESIAN_POINT ( 'NONE',  ( -0.05905511811023597000, 0.001181102362204724200, -0.03444881889763826800 ) ) ;
#8663 = ORIENTED_EDGE ( 'NONE', *, *, #9230, .F. ) ;
#8664 = ORIENTED_EDGE ( 'NONE', *, *, #2035, .F. ) ;
#8665 = DIRECTION ( 'NONE',  ( 1.000000000000000000, -0.0000000000000000000, 5.511545443598771800E-015 ) ) ;
#8666 = COLOUR_RGB ( '',0.9686274509803921600, 0.8784313725490196000, 0.5999999999999999800 ) ;
#8667 = DIRECTION ( 'NONE',  ( 0.0000000000000000000, 1.000000000000000000, 0.0000000000000000000 ) ) ;
#8668 = ORIENTED_EDGE ( 'NONE', *, *, #72, .T. ) ;
#8669 = EDGE_CURVE ( 'NONE', #12277, #10718, #3040, .T. ) ;
#8670 = DIMENSIONAL_EXPONENTS ( 1.000000000000000000, 0.0000000000000000000, 0.0000000000000000000, 0.0000000000000000000, 0.0000000000000000000, 0.0000000000000000000, 0.0000000000000000000 ) ;
#8671 = SURFACE_SIDE_STYLE ('',( #7503 ) ) ;
#8672 = PLANE ( 'NONE',  #8790 ) ;
#8673 = ADVANCED_FACE ( 'NONE', ( #148 ), #6809, .F. ) ;
#8674 = EDGE_LOOP ( 'NONE', ( #6775, #9847, #12339, #3985 ) ) ;
#8675 =( LENGTH_UNIT ( ) NAMED_UNIT ( * ) SI_UNIT ( $, .METRE. ) );
#8676 = DIRECTION ( 'NONE',  ( 0.0000000000000000000, -0.0000000000000000000, 1.000000000000000000 ) ) ;
#8677 = AXIS2_PLACEMENT_3D ( 'NONE', #3509, #10353, #4488 ) ;
#8678 = PRESENTATION_STYLE_ASSIGNMENT (( #4754 ) ) ;
#8679 = DIRECTION ( 'NONE',  ( -1.000000000000000000, -0.0000000000000000000, -0.0000000000000000000 ) ) ;
#8680 = PRESENTATION_LAYER_ASSIGNMENT (  '', '', ( #7337 ) ) ;
#8681 = ORIENTED_EDGE ( 'NONE', *, *, #1396, .T. ) ;
#8682 = SURFACE_SIDE_STYLE ('',( #4501 ) ) ;
#8683 = ORIENTED_EDGE ( 'NONE', *, *, #9112, .F. ) ;
#8684 = LINE ( 'NONE', #4852, #8361 ) ;
#8685 = ORIENTED_EDGE ( 'NONE', *, *, #6929, .F. ) ;
#8686 = SURFACE_SIDE_STYLE ('',( #10178 ) ) ;
#8687 = PRESENTATION_LAYER_ASSIGNMENT (  '', '', ( #7343 ) ) ;
#8688 = STYLED_ITEM ( 'NONE', ( #432 ), #759 ) ;
#8689 = VECTOR ( 'NONE', #5444, 39.37007874015748100 ) ;
#8690 = LENGTH_MEASURE_WITH_UNIT ( LENGTH_MEASURE( 0.02539999999999999900 ), #5342 );
#8691 = CARTESIAN_POINT ( 'NONE',  ( 0.04291338582677162200, -0.01693371115559762200, -0.01476377952755922000 ) ) ;
#8692 = CARTESIAN_POINT ( 'NONE',  ( -0.05669291338582657000, 0.004133858267716536200, 0.0000000000000000000 ) ) ;
#8693 = FILL_AREA_STYLE ('',( #1863 ) ) ;
#8694 = VECTOR ( 'NONE', #3342, 39.37007874015748100 ) ;
#8695 = UNCERTAINTY_MEASURE_WITH_UNIT (LENGTH_MEASURE( 1.000000000000000100E-005 ), #11989, 'distance_accuracy_value', 'NONE');
#8696 = DIRECTION ( 'NONE',  ( 5.588988455919166100E-015, 0.0000000000000000000, -1.000000000000000000 ) ) ;
#8697 = VECTOR ( 'NONE', #7898, 39.37007874015748100 ) ;
#8698 = STYLED_ITEM ( 'NONE', ( #10397 ), #10228 ) ;
#8699 =( LENGTH_UNIT ( ) NAMED_UNIT ( * ) SI_UNIT ( $, .METRE. ) );
#8700 = VECTOR ( 'NONE', #194, 39.37007874015748100 ) ;
#8701 = VECTOR ( 'NONE', #874, 39.37007874015748100 ) ;
#8702 = CARTESIAN_POINT ( 'NONE',  ( 0.04291338582677164900, 0.007204724409448820400, -0.004921259842519830700 ) ) ;
#8703 = LENGTH_MEASURE_WITH_UNIT ( LENGTH_MEASURE( 0.02539999999999999900 ), #6886 );
#8704 = DIRECTION ( 'NONE',  ( 0.0000000000000000000, -0.0000000000000000000, 1.000000000000000000 ) ) ;
#8705 = VECTOR ( 'NONE', #5895, 39.37007874015748100 ) ;
#8706 = FILL_AREA_STYLE ('',( #7701 ) ) ;
#8707 = AXIS2_PLACEMENT_3D ( 'NONE', #11251, #5368, #12244 ) ;
#8708 = EDGE_CURVE ( 'NONE', #11986, #7182, #9323, .T. ) ;
#8709 = DIRECTION ( 'NONE',  ( 1.000000000000000000, 0.0000000000000000000, 4.195014234152112900E-015 ) ) ;
#8710 = VECTOR ( 'NONE', #3036, 39.37007874015748100 ) ;
#8711 = CARTESIAN_POINT ( 'NONE',  ( -0.02460629921259803500, -0.01693371115559762200, -0.05669291338582697200 ) ) ;
#8712 = VECTOR ( 'NONE', #8667, 39.37007874015748100 ) ;
#8713 = LINE ( 'NONE', #6442, #3831 ) ;
#8714 = FILL_AREA_STYLE ('',( #6737 ) ) ;
#8716 = LENGTH_MEASURE_WITH_UNIT ( LENGTH_MEASURE( 0.02539999999999999900 ), #10283 );
#8715 = VECTOR ( 'NONE', #8590, 39.37007874015748100 ) ;
#8717 = COLOUR_RGB ( '',0.3529411764705882000, 0.3529411764705882000, 0.3529411764705882000 ) ;
#8718 = AXIS2_PLACEMENT_3D ( 'NONE', #10934, #5058, #11929 ) ;
#8719 = AXIS2_PLACEMENT_3D ( 'NONE', #10464, #4609, #11451 ) ;
#8720 = SURFACE_SIDE_STYLE ('',( #11130 ) ) ;
#8721 = STYLED_ITEM ( 'NONE', ( #8439 ), #11317 ) ;
#8722 = CARTESIAN_POINT ( 'NONE',  ( 0.05669291338582670800, 0.007204724409448820400, -0.02460629921259862800 ) ) ;
#8723 = EDGE_LOOP ( 'NONE', ( #10630, #8095, #4511, #10255 ) ) ;
#8724 = VECTOR ( 'NONE', #5745, 39.37007874015748100 ) ;
#8725 = LENGTH_MEASURE_WITH_UNIT ( LENGTH_MEASURE( 0.02539999999999999900 ), #7452 );
#8726 = SURFACE_STYLE_FILL_AREA ( #11070 ) ;
#8727 = ORIENTED_EDGE ( 'NONE', *, *, #2419, .F. ) ;
#8728 = VERTEX_POINT ( 'NONE', #9841 ) ;
#8729 = DIRECTION ( 'NONE',  ( -1.000000000000000000, -0.0000000000000000000, 0.0000000000000000000 ) ) ;
#8730 = LENGTH_MEASURE_WITH_UNIT ( LENGTH_MEASURE( 0.02539999999999999900 ), #11395 );
#8731 =( NAMED_UNIT ( * ) PLANE_ANGLE_UNIT ( ) SI_UNIT ( $, .RADIAN. ) );
#8732 =( LENGTH_UNIT ( ) NAMED_UNIT ( * ) SI_UNIT ( $, .METRE. ) );
#8733 = PRESENTATION_STYLE_ASSIGNMENT (( #2161 ) ) ;
#8734 = VERTEX_POINT ( 'NONE', #2979 ) ;
#8735 = ORIENTED_EDGE ( 'NONE', *, *, #9254, .T. ) ;
#8736 = LINE ( 'NONE', #6609, #6124 ) ;
#8737 = VERTEX_POINT ( 'NONE', #1992 ) ;
#8738 = LINE ( 'NONE', #5254, #11353 ) ;
#8739 = AXIS2_PLACEMENT_3D ( 'NONE', #3520, #10365, #4496 ) ;
#8740 = ORIENTED_EDGE ( 'NONE', *, *, #12210, .T. ) ;
#8741 = CARTESIAN_POINT ( 'NONE',  ( -0.02460629921259803500, 0.007204724409448820400, -0.05669291338582697200 ) ) ;
#8742 =( GEOMETRIC_REPRESENTATION_CONTEXT ( 3 ) GLOBAL_UNCERTAINTY_ASSIGNED_CONTEXT ( ( #3968 ) ) GLOBAL_UNIT_ASSIGNED_CONTEXT ( ( #10674, #4825, #11668 ) ) REPRESENTATION_CONTEXT ( 'NONE', 'WORKASPACE' ) );
#8743 = ADVANCED_FACE ( 'NONE', ( #11625 ), #7785, .F. ) ;
#8744 = LINE ( 'NONE', #11704, #11034 ) ;
#8745 =( CONVERSION_BASED_UNIT ( 'INCH', #4602 ) LENGTH_UNIT ( ) NAMED_UNIT ( #8637 ) );
#8746 = DIRECTION ( 'NONE',  ( -1.000000000000000000, -0.0000000000000000000, -2.259547396147334600E-014 ) ) ;
#8747 = DIRECTION ( 'NONE',  ( -1.000000000000000000, 0.0000000000000000000, -3.498027123268577200E-015 ) ) ;
#8748 = EDGE_CURVE ( 'NONE', #1280, #10284, #2883, .T. ) ;
#8749 = VECTOR ( 'NONE', #520, 39.37007874015748100 ) ;
#8750 = DIRECTION ( 'NONE',  ( 0.0000000000000000000, 1.000000000000000000, 0.0000000000000000000 ) ) ;
#8751 = STYLED_ITEM ( 'NONE', ( #1076 ), #6672 ) ;
#8752 = PRESENTATION_LAYER_ASSIGNMENT (  '', '', ( #7414 ) ) ;
#8753 = CARTESIAN_POINT ( 'NONE',  ( 0.01476377952755907100, 0.001181102362204723500, 0.04291338582677166300 ) ) ;
#8754 = CARTESIAN_POINT ( 'NONE',  ( 0.02460629921260102200, 0.007204724409448820400, -0.05669291338582568100 ) ) ;
#8755 = PRESENTATION_STYLE_ASSIGNMENT (( #2202 ) ) ;
#8756 = CARTESIAN_POINT ( 'NONE',  ( 0.04291338582677167000, 0.001181102362204724400, -0.004921259842519836800 ) ) ;
#8757 =( NAMED_UNIT ( * ) PLANE_ANGLE_UNIT ( ) SI_UNIT ( $, .RADIAN. ) );
#8758 = ORIENTED_EDGE ( 'NONE', *, *, #5636, .F. ) ;
#8759 = EDGE_CURVE ( 'NONE', #3399, #10176, #10697, .T. ) ;
#8760 = PRESENTATION_LAYER_ASSIGNMENT (  '', '', ( #8074 ) ) ;
#8761 = DIMENSIONAL_EXPONENTS ( 1.000000000000000000, 0.0000000000000000000, 0.0000000000000000000, 0.0000000000000000000, 0.0000000000000000000, 0.0000000000000000000, 0.0000000000000000000 ) ;
#8762 = ORIENTED_EDGE ( 'NONE', *, *, #5636, .T. ) ;
#8763 = DIMENSIONAL_EXPONENTS ( 1.000000000000000000, 0.0000000000000000000, 0.0000000000000000000, 0.0000000000000000000, 0.0000000000000000000, 0.0000000000000000000, 0.0000000000000000000 ) ;
#8764 = EDGE_CURVE ( 'NONE', #6073, #10207, #5476, .T. ) ;
#8765 = ORIENTED_EDGE ( 'NONE', *, *, #10753, .F. ) ;
#8766 = ORIENTED_EDGE ( 'NONE', *, *, #3102, .F. ) ;
#8767 = ORIENTED_EDGE ( 'NONE', *, *, #7235, .T. ) ;
#8768 = ORIENTED_EDGE ( 'NONE', *, *, #11713, .T. ) ;
#8769 = CARTESIAN_POINT ( 'NONE',  ( -0.05905511811023619200, 0.03149606299212598400, -0.004921259842520688500 ) ) ;
#8770 = SURFACE_STYLE_USAGE ( .BOTH. , #1919 ) ;
#8771 = LENGTH_MEASURE_WITH_UNIT ( LENGTH_MEASURE( 0.02539999999999999900 ), #12058 );
#8772 = VECTOR ( 'NONE', #7961, 39.37007874015748100 ) ;
#8773 =( CONVERSION_BASED_UNIT ( 'INCH', #7789 ) LENGTH_UNIT ( ) NAMED_UNIT ( #7729 ) );
#8774 = VECTOR ( 'NONE', #1146, 39.37007874015748100 ) ;
#8775 = PLANE ( 'NONE',  #3917 ) ;
#8776 = DIMENSIONAL_EXPONENTS ( 1.000000000000000000, 0.0000000000000000000, 0.0000000000000000000, 0.0000000000000000000, 0.0000000000000000000, 0.0000000000000000000, 0.0000000000000000000 ) ;
#8777 = FILL_AREA_STYLE_COLOUR ( '', #1937 ) ;
#8778 = VERTEX_POINT ( 'NONE', #1113 ) ;
#8779 = LENGTH_MEASURE_WITH_UNIT ( LENGTH_MEASURE( 0.02539999999999999900 ), #385 );
#8780 =( GEOMETRIC_REPRESENTATION_CONTEXT ( 3 ) GLOBAL_UNCERTAINTY_ASSIGNED_CONTEXT ( ( #9668 ) ) GLOBAL_UNIT_ASSIGNED_CONTEXT ( ( #6595, #779, #7559 ) ) REPRESENTATION_CONTEXT ( 'NONE', 'WORKASPACE' ) );
#8781 =( LENGTH_UNIT ( ) NAMED_UNIT ( * ) SI_UNIT ( $, .METRE. ) );
#8782 = PRESENTATION_STYLE_ASSIGNMENT (( #2008 ) ) ;
#8783 = EDGE_CURVE ( 'NONE', #11986, #1893, #12697, .T. ) ;
#8784 = LENGTH_MEASURE_WITH_UNIT ( LENGTH_MEASURE( 0.02539999999999999900 ), #9698 );
#8785 = LINE ( 'NONE', #9669, #1008 ) ;
#8786 =( NAMED_UNIT ( * ) PLANE_ANGLE_UNIT ( ) SI_UNIT ( $, .RADIAN. ) );
#8787 = FILL_AREA_STYLE_COLOUR ( '', #10737 ) ;
#8788 =( NAMED_UNIT ( * ) SI_UNIT ( $, .STERADIAN. ) SOLID_ANGLE_UNIT ( ) );
#8789 = AXIS2_PLACEMENT_3D ( 'NONE', #7556, #1742, #8562 ) ;
#8790 = AXIS2_PLACEMENT_3D ( 'NONE', #12670, #6771, #964 ) ;
#8791 = SURFACE_SIDE_STYLE ('',( #1372 ) ) ;
#8792 = VERTEX_POINT ( 'NONE', #4037 ) ;
#8793 = STYLED_ITEM ( 'NONE', ( #3757 ), #10989 ) ;
#8794 = EDGE_LOOP ( 'NONE', ( #10126, #12425, #8444, #465 ) ) ;
#8795 = FACE_OUTER_BOUND ( 'NONE', #12036, .T. ) ;
#8796 = ORIENTED_EDGE ( 'NONE', *, *, #5475, .F. ) ;
#8797 = DIMENSIONAL_EXPONENTS ( 1.000000000000000000, 0.0000000000000000000, 0.0000000000000000000, 0.0000000000000000000, 0.0000000000000000000, 0.0000000000000000000, 0.0000000000000000000 ) ;
#8798 = FILL_AREA_STYLE_COLOUR ( '', #3229 ) ;
#8799 = SURFACE_SIDE_STYLE ('',( #5646 ) ) ;
#8800 = UNCERTAINTY_MEASURE_WITH_UNIT (LENGTH_MEASURE( 1.000000000000000100E-005 ), #9198, 'distance_accuracy_value', 'NONE');
#8801 = ADVANCED_FACE ( 'NONE', ( #7755 ), #6002, .F. ) ;
#8802 = ORIENTED_EDGE ( 'NONE', *, *, #5044, .F. ) ;
#8803 =( LENGTH_UNIT ( ) NAMED_UNIT ( * ) SI_UNIT ( $, .METRE. ) );
#8804 = FILL_AREA_STYLE_COLOUR ( '', #2395 ) ;
#8805 = ORIENTED_EDGE ( 'NONE', *, *, #4658, .T. ) ;
#8806 = CARTESIAN_POINT ( 'NONE',  ( 0.05669291338582667400, 0.007204724409448820400, -0.03444881889763799800 ) ) ;
#8807 = VECTOR ( 'NONE', #105, 39.37007874015748100 ) ;
#8808 =( GEOMETRIC_REPRESENTATION_CONTEXT ( 3 ) GLOBAL_UNCERTAINTY_ASSIGNED_CONTEXT ( ( #9777 ) ) GLOBAL_UNIT_ASSIGNED_CONTEXT ( ( #11248, #5366, #12239 ) ) REPRESENTATION_CONTEXT ( 'NONE', 'WORKASPACE' ) );
#8809 =( GEOMETRIC_REPRESENTATION_CONTEXT ( 3 ) GLOBAL_UNCERTAINTY_ASSIGNED_CONTEXT ( ( #5600 ) ) GLOBAL_UNIT_ASSIGNED_CONTEXT ( ( #6907, #1088, #7887 ) ) REPRESENTATION_CONTEXT ( 'NONE', 'WORKASPACE' ) );
#8810 = STYLED_ITEM ( 'NONE', ( #7810 ), #12090 ) ;
#8811 = CARTESIAN_POINT ( 'NONE',  ( 0.05669291338582684700, 0.007204724409448820400, 0.01476377952755886800 ) ) ;
#8812 = UNCERTAINTY_MEASURE_WITH_UNIT (LENGTH_MEASURE( 1.000000000000000100E-005 ), #11038, 'distance_accuracy_value', 'NONE');
#8813 = FILL_AREA_STYLE_COLOUR ( '', #1996 ) ;
#8814 = EDGE_CURVE ( 'NONE', #9288, #4827, #3951, .T. ) ;
#8815 = CARTESIAN_POINT ( 'NONE',  ( -0.04291338582677151800, -0.01693371115559762200, -0.04429133858267731600 ) ) ;
#8816 = EDGE_LOOP ( 'NONE', ( #7468, #210, #11341, #5311 ) ) ;
#8817 =( NAMED_UNIT ( * ) PLANE_ANGLE_UNIT ( ) SI_UNIT ( $, .RADIAN. ) );
#8818 = LINE ( 'NONE', #3349, #3632 ) ;
#8819 = EDGE_CURVE ( 'NONE', #1013, #7727, #1362, .T. ) ;
#8820 = ORIENTED_EDGE ( 'NONE', *, *, #6656, .F. ) ;
#8821 = EDGE_CURVE ( 'NONE', #11696, #12112, #11467, .T. ) ;
#8822 = ORIENTED_EDGE ( 'NONE', *, *, #9156, .T. ) ;
#8823 = VECTOR ( 'NONE', #8015, 39.37007874015748100 ) ;
#8824 = PRESENTATION_STYLE_ASSIGNMENT (( #969 ) ) ;
#8825 = PRESENTATION_STYLE_ASSIGNMENT (( #9587 ) ) ;
#8826 =( CONVERSION_BASED_UNIT ( 'INCH', #6914 ) LENGTH_UNIT ( ) NAMED_UNIT ( #1593 ) );
#8827 = AXIS2_PLACEMENT_3D ( 'NONE', #326, #7120, #1311 ) ;
#8828 = ORIENTED_EDGE ( 'NONE', *, *, #10382, .T. ) ;
#8829 = CARTESIAN_POINT ( 'NONE',  ( 0.05669291338582684700, 0.007204724409448820400, 0.01476377952755886800 ) ) ;
#8830 =( GEOMETRIC_REPRESENTATION_CONTEXT ( 3 ) GLOBAL_UNCERTAINTY_ASSIGNED_CONTEXT ( ( #9982 ) ) GLOBAL_UNIT_ASSIGNED_CONTEXT ( ( #5797, #12659, #6762 ) ) REPRESENTATION_CONTEXT ( 'NONE', 'WORKASPACE' ) );
#8831 = VECTOR ( 'NONE', #8418, 39.37007874015748100 ) ;
#8832 = EDGE_CURVE ( 'NONE', #10970, #12252, #8840, .T. ) ;
#8833 =( LENGTH_UNIT ( ) NAMED_UNIT ( * ) SI_UNIT ( $, .METRE. ) );
#8834 = EDGE_CURVE ( 'NONE', #11771, #7094, #3666, .T. ) ;
#8835 = SURFACE_SIDE_STYLE ('',( #8288 ) ) ;
#8836 = CARTESIAN_POINT ( 'NONE',  ( -0.01476377952755866500, 0.007204724409448820400, -0.05669291338582693700 ) ) ;
#8837 = CARTESIAN_POINT ( 'NONE',  ( -0.04291338582677140700, 0.004133858267716536200, -0.02460629921260094500 ) ) ;
#8838 = ORIENTED_EDGE ( 'NONE', *, *, #7981, .T. ) ;
#8839 = LINE ( 'NONE', #1409, #1059 ) ;
#8840 = LINE ( 'NONE', #7993, #8542 ) ;
#8841 = LENGTH_MEASURE_WITH_UNIT ( LENGTH_MEASURE( 0.02539999999999999900 ), #7970 );
#8842 = SURFACE_SIDE_STYLE ('',( #11553 ) ) ;
#8843 = VERTEX_POINT ( 'NONE', #1238 ) ;
#8844 = ORIENTED_EDGE ( 'NONE', *, *, #880, .F. ) ;
#8845 =( LENGTH_UNIT ( ) NAMED_UNIT ( * ) SI_UNIT ( $, .METRE. ) );
#8846 =( GEOMETRIC_REPRESENTATION_CONTEXT ( 3 ) GLOBAL_UNCERTAINTY_ASSIGNED_CONTEXT ( ( #6944 ) ) GLOBAL_UNIT_ASSIGNED_CONTEXT ( ( #2696, #9572, #3701 ) ) REPRESENTATION_CONTEXT ( 'NONE', 'WORKASPACE' ) );
#8847 = CARTESIAN_POINT ( 'NONE',  ( -0.01476377952755906200, 0.004133858267716536200, 0.05669291338582652100 ) ) ;
#8848 = LINE ( 'NONE', #5416, #11475 ) ;
#8849 = DIRECTION ( 'NONE',  ( 5.434102431278317600E-015, -0.0000000000000000000, -1.000000000000000000 ) ) ;
#8850 = UNCERTAINTY_MEASURE_WITH_UNIT (LENGTH_MEASURE( 1.000000000000000100E-005 ), #10105, 'distance_accuracy_value', 'NONE');
#8851 = COLOUR_RGB ( '',0.9686274509803921600, 0.8784313725490196000, 0.5999999999999999800 ) ;
#8852 = PRESENTATION_STYLE_ASSIGNMENT (( #3650 ) ) ;
#8853 = FACE_OUTER_BOUND ( 'NONE', #10532, .T. ) ;
#8854 =( CONVERSION_BASED_UNIT ( 'INCH', #834 ) LENGTH_UNIT ( ) NAMED_UNIT ( #1218 ) );
#8855 =( LENGTH_UNIT ( ) NAMED_UNIT ( * ) SI_UNIT ( $, .METRE. ) );
#8856 = LENGTH_MEASURE_WITH_UNIT ( LENGTH_MEASURE( 0.02539999999999999900 ), #3855 );
#8857 = DIRECTION ( 'NONE',  ( -1.000000000000000000, 0.0000000000000000000, -4.195014234152112900E-015 ) ) ;
#8858 = ADVANCED_FACE ( 'NONE', ( #777 ), #9996, .T. ) ;
#8859 = FACE_OUTER_BOUND ( 'NONE', #12681, .T. ) ;
#8860 =( CONVERSION_BASED_UNIT ( 'INCH', #9656 ) LENGTH_UNIT ( ) NAMED_UNIT ( #11603 ) );
#8861 =( GEOMETRIC_REPRESENTATION_CONTEXT ( 3 ) GLOBAL_UNCERTAINTY_ASSIGNED_CONTEXT ( ( #11071 ) ) GLOBAL_UNIT_ASSIGNED_CONTEXT ( ( #10093, #4221, #11074 ) ) REPRESENTATION_CONTEXT ( 'NONE', 'WORKASPACE' ) );
#8862 = STYLED_ITEM ( 'NONE', ( #10661 ), #10482 ) ;
#8863 = DIRECTION ( 'NONE',  ( -6.326356674140263400E-016, -0.0000000000000000000, 1.000000000000000000 ) ) ;
#8864 = SURFACE_STYLE_USAGE ( .BOTH. , #2024 ) ;
#8865 = LINE ( 'NONE', #9650, #1386 ) ;
#8866 = PRESENTATION_STYLE_ASSIGNMENT (( #7534 ) ) ;
#8867 = EDGE_CURVE ( 'NONE', #5291, #10328, #2107, .T. ) ;
#8868 = FILL_AREA_STYLE_COLOUR ( '', #6086 ) ;
#8869 = VECTOR ( 'NONE', #9130, 39.37007874015748100 ) ;
#8870 = VECTOR ( 'NONE', #6600, 39.37007874015748100 ) ;
#8871 = VERTEX_POINT ( 'NONE', #8078 ) ;
#8872 = VECTOR ( 'NONE', #3882, 39.37007874015748100 ) ;
#8873 = CARTESIAN_POINT ( 'NONE',  ( -0.01476377952755906200, -0.01693371115559762200, 0.05669291338582652800 ) ) ;
#8874 = ORIENTED_EDGE ( 'NONE', *, *, #11786, .T. ) ;
#8875 =( GEOMETRIC_REPRESENTATION_CONTEXT ( 3 ) GLOBAL_UNCERTAINTY_ASSIGNED_CONTEXT ( ( #7056 ) ) GLOBAL_UNIT_ASSIGNED_CONTEXT ( ( #5576, #12447, #6551 ) ) REPRESENTATION_CONTEXT ( 'NONE', 'WORKASPACE' ) );
#8876 =( GEOMETRIC_REPRESENTATION_CONTEXT ( 3 ) GLOBAL_UNCERTAINTY_ASSIGNED_CONTEXT ( ( #2932 ) ) GLOBAL_UNIT_ASSIGNED_CONTEXT ( ( #10870, #5000, #11859 ) ) REPRESENTATION_CONTEXT ( 'NONE', 'WORKASPACE' ) );
#8877 = SURFACE_SIDE_STYLE ('',( #908 ) ) ;
#8878 = MECHANICAL_DESIGN_GEOMETRIC_PRESENTATION_REPRESENTATION (  '', ( #6893 ), #9576 ) ;
#8879 = DIRECTION ( 'NONE',  ( 1.000000000000000000, 0.0000000000000000000, 6.115600939697863200E-015 ) ) ;
#8880 = ORIENTED_EDGE ( 'NONE', *, *, #1901, .T. ) ;
#8881 = UNCERTAINTY_MEASURE_WITH_UNIT (LENGTH_MEASURE( 1.000000000000000100E-005 ), #4847, 'distance_accuracy_value', 'NONE');
#8882 = DIMENSIONAL_EXPONENTS ( 1.000000000000000000, 0.0000000000000000000, 0.0000000000000000000, 0.0000000000000000000, 0.0000000000000000000, 0.0000000000000000000, 0.0000000000000000000 ) ;
#8883 = VECTOR ( 'NONE', #6481, 39.37007874015748100 ) ;
#8884 = CARTESIAN_POINT ( 'NONE',  ( 0.04291338582677159400, 0.007204724409448820400, -0.02460629921259857900 ) ) ;
#8885 = COLOUR_RGB ( '',0.2509803921568627400, 0.2509803921568627400, 0.2509803921568627400 ) ;
#8886 = DIRECTION ( 'NONE',  ( 0.0000000000000000000, 1.000000000000000000, 0.0000000000000000000 ) ) ;
#8887 = EDGE_CURVE ( 'NONE', #721, #3532, #4727, .T. ) ;
#8889 = LINE ( 'NONE', #3759, #11521 ) ;
#8888 = LENGTH_MEASURE_WITH_UNIT ( LENGTH_MEASURE( 0.02539999999999999900 ), #9976 );
#8890 = COLOUR_RGB ( '',0.9686274509803921600, 0.8784313725490196000, 0.5999999999999999800 ) ;
#8891 = DIRECTION ( 'NONE',  ( -1.000000000000000000, 0.0000000000000000000, 1.690654702195511200E-015 ) ) ;
#8892 = DIRECTION ( 'NONE',  ( 0.0000000000000000000, 0.0000000000000000000, -1.000000000000000000 ) ) ;
#8893 = CARTESIAN_POINT ( 'NONE',  ( -0.05905511811023663600, 0.0000000000000000000, 0.05905511811023582400 ) ) ;
#8894 = STYLED_ITEM ( 'NONE', ( #7352 ), #4503 ) ;
#8895 = VERTEX_POINT ( 'NONE', #10976 ) ;
#8896 = DIMENSIONAL_EXPONENTS ( 1.000000000000000000, 0.0000000000000000000, 0.0000000000000000000, 0.0000000000000000000, 0.0000000000000000000, 0.0000000000000000000, 0.0000000000000000000 ) ;
#8897 = FACE_OUTER_BOUND ( 'NONE', #4372, .T. ) ;
#8898 = VECTOR ( 'NONE', #4256, 39.37007874015748100 ) ;
#8899 = PRESENTATION_STYLE_ASSIGNMENT (( #7847 ) ) ;
#8900 =( LENGTH_UNIT ( ) NAMED_UNIT ( * ) SI_UNIT ( $, .METRE. ) );
#8901 = LENGTH_MEASURE_WITH_UNIT ( LENGTH_MEASURE( 0.02539999999999999900 ), #8348 );
#8902 = EDGE_LOOP ( 'NONE', ( #1434, #10548, #11765, #4196 ) ) ;
#8903 =( CONVERSION_BASED_UNIT ( 'INCH', #215 ) LENGTH_UNIT ( ) NAMED_UNIT ( #9422 ) );
#8904 = EDGE_CURVE ( 'NONE', #2957, #4371, #4404, .T. ) ;
#8905 = LENGTH_MEASURE_WITH_UNIT ( LENGTH_MEASURE( 0.02539999999999999900 ), #7096 );
#8906 = PLANE ( 'NONE',  #6143 ) ;
#8907 =( GEOMETRIC_REPRESENTATION_CONTEXT ( 3 ) GLOBAL_UNCERTAINTY_ASSIGNED_CONTEXT ( ( #395 ) ) GLOBAL_UNIT_ASSIGNED_CONTEXT ( ( #400, #7199, #1379 ) ) REPRESENTATION_CONTEXT ( 'NONE', 'WORKASPACE' ) );
#8908 = DIMENSIONAL_EXPONENTS ( 1.000000000000000000, 0.0000000000000000000, 0.0000000000000000000, 0.0000000000000000000, 0.0000000000000000000, 0.0000000000000000000, 0.0000000000000000000 ) ;
#8909 = PLANE ( 'NONE',  #5048 ) ;
#8910 = UNCERTAINTY_MEASURE_WITH_UNIT (LENGTH_MEASURE( 1.000000000000000100E-005 ), #11922, 'distance_accuracy_value', 'NONE');
#8911 =( CONVERSION_BASED_UNIT ( 'INCH', #6146 ) LENGTH_UNIT ( ) NAMED_UNIT ( #3654 ) );
#8912 = EDGE_LOOP ( 'NONE', ( #3971, #6764, #833, #7144 ) ) ;
#8913 = ADVANCED_FACE ( 'NONE', ( #12233 ), #6174, .F. ) ;
#8914 = CARTESIAN_POINT ( 'NONE',  ( -0.004921259842522326100, -0.01693371115559762200, 0.05669291338582664600 ) ) ;
#8915 = PLANE ( 'NONE',  #830 ) ;
#8916 = VECTOR ( 'NONE', #8970, 39.37007874015748100 ) ;
#8917 = STYLED_ITEM ( 'NONE', ( #9374 ), #28 ) ;
#8918 = DIRECTION ( 'NONE',  ( 0.0000000000000000000, 0.0000000000000000000, 1.000000000000000000 ) ) ;
#8919 = LINE ( 'NONE', #4918, #1143 ) ;
#8920 = CARTESIAN_POINT ( 'NONE',  ( -0.02272557806252448900, 0.0000000000000000000, -0.02272557806252480100 ) ) ;
#8921 = LINE ( 'NONE', #77, #10920 ) ;
#8922 = CARTESIAN_POINT ( 'NONE',  ( -0.04291338582677168400, 0.007204724409448820400, 0.004921259842519530600 ) ) ;
#8923 = ADVANCED_FACE ( 'NONE', ( #10986 ), #7130, .F. ) ;
#8924 =( LENGTH_UNIT ( ) NAMED_UNIT ( * ) SI_UNIT ( $, .METRE. ) );
#8925 = CARTESIAN_POINT ( 'NONE',  ( -0.02272557806252456900, 0.003937007874015748000, -0.01091455444047755700 ) ) ;
#8926 = ORIENTED_EDGE ( 'NONE', *, *, #1781, .T. ) ;
#8927 = VERTEX_POINT ( 'NONE', #7186 ) ;
#8928 = LINE ( 'NONE', #6705, #6336 ) ;
#8929 = ORIENTED_EDGE ( 'NONE', *, *, #6322, .T. ) ;
#8930 = FACE_OUTER_BOUND ( 'NONE', #418, .T. ) ;
#8931 =( GEOMETRIC_REPRESENTATION_CONTEXT ( 3 ) GLOBAL_UNCERTAINTY_ASSIGNED_CONTEXT ( ( #5706 ) ) GLOBAL_UNIT_ASSIGNED_CONTEXT ( ( #5747, #12613, #6719 ) ) REPRESENTATION_CONTEXT ( 'NONE', 'WORKASPACE' ) );
#8932 =( NAMED_UNIT ( * ) PLANE_ANGLE_UNIT ( ) SI_UNIT ( $, .RADIAN. ) );
#8933 = SURFACE_STYLE_USAGE ( .BOTH. , #2093 ) ;
#8934 = FILL_AREA_STYLE ('',( #8978 ) ) ;
#8935 = DIRECTION ( 'NONE',  ( 0.0000000000000000000, 1.000000000000000000, 0.0000000000000000000 ) ) ;
#8936 = STYLED_ITEM ( 'NONE', ( #8028 ), #1757 ) ;
#8937 = SURFACE_SIDE_STYLE ('',( #784 ) ) ;
#8938 = EDGE_CURVE ( 'NONE', #5242, #754, #12384, .T. ) ;
#8939 = VERTEX_POINT ( 'NONE', #9225 ) ;
#8940 = ORIENTED_EDGE ( 'NONE', *, *, #10977, .F. ) ;
#8941 = SURFACE_STYLE_USAGE ( .BOTH. , #2103 ) ;
#8942 = ORIENTED_EDGE ( 'NONE', *, *, #4903, .T. ) ;
#8943 =( CONVERSION_BASED_UNIT ( 'INCH', #7637 ) LENGTH_UNIT ( ) NAMED_UNIT ( #10179 ) );
#8944 = ORIENTED_EDGE ( 'NONE', *, *, #10022, .T. ) ;
#8945 = ORIENTED_EDGE ( 'NONE', *, *, #842, .T. ) ;
#8946 = LENGTH_MEASURE_WITH_UNIT ( LENGTH_MEASURE( 0.02539999999999999900 ), #7308 );
#8947 = MANIFOLD_SOLID_BREP ( 'Boss-Extrude2[6]', #3262 ) ;
#8948 =( GEOMETRIC_REPRESENTATION_CONTEXT ( 3 ) GLOBAL_UNCERTAINTY_ASSIGNED_CONTEXT ( ( #4423 ) ) GLOBAL_UNIT_ASSIGNED_CONTEXT ( ( #1293, #8096, #2249 ) ) REPRESENTATION_CONTEXT ( 'NONE', 'WORKASPACE' ) );
#8949 =( GEOMETRIC_REPRESENTATION_CONTEXT ( 3 ) GLOBAL_UNCERTAINTY_ASSIGNED_CONTEXT ( ( #107 ) ) GLOBAL_UNIT_ASSIGNED_CONTEXT ( ( #7265, #1444, #8259 ) ) REPRESENTATION_CONTEXT ( 'NONE', 'WORKASPACE' ) );
#8950 = CARTESIAN_POINT ( 'NONE',  ( 0.04291338582677158000, 0.004133858267716536200, -0.02460629921259859300 ) ) ;
#8951 = MECHANICAL_DESIGN_GEOMETRIC_PRESENTATION_REPRESENTATION (  '', ( #6969 ), #9649 ) ;
#8952 = DIRECTION ( 'NONE',  ( 0.0000000000000000000, -0.0000000000000000000, 1.000000000000000000 ) ) ;
#8953 =( CONVERSION_BASED_UNIT ( 'INCH', #10145 ) LENGTH_UNIT ( ) NAMED_UNIT ( #11482 ) );
#8954 =( NAMED_UNIT ( * ) PLANE_ANGLE_UNIT ( ) SI_UNIT ( $, .RADIAN. ) );
#8955 = VERTEX_POINT ( 'NONE', #8170 ) ;
#8956 = ORIENTED_EDGE ( 'NONE', *, *, #5784, .T. ) ;
#8957 = DIRECTION ( 'NONE',  ( 0.0000000000000000000, 1.000000000000000000, 0.0000000000000000000 ) ) ;
#8958 = VERTEX_POINT ( 'NONE', #11197 ) ;
#8959 = VECTOR ( 'NONE', #11390, 39.37007874015748100 ) ;
#8960 = ORIENTED_EDGE ( 'NONE', *, *, #8834, .T. ) ;
#8961 = FACE_OUTER_BOUND ( 'NONE', #3751, .T. ) ;
#8962 =( LENGTH_UNIT ( ) NAMED_UNIT ( * ) SI_UNIT ( $, .METRE. ) );
#8963 = CARTESIAN_POINT ( 'NONE',  ( -0.02460629921260093200, 0.001181102362204724200, 0.04291338582677142700 ) ) ;
#8964 = SURFACE_SIDE_STYLE ('',( #2791 ) ) ;
#8965 = ORIENTED_EDGE ( 'NONE', *, *, #4069, .T. ) ;
#8966 = UNCERTAINTY_MEASURE_WITH_UNIT (LENGTH_MEASURE( 1.000000000000000100E-005 ), #136, 'distance_accuracy_value', 'NONE');
#8967 = CARTESIAN_POINT ( 'NONE',  ( -0.04291338582677168400, -0.01693371115559762200, 0.004921259842519543600 ) ) ;
#8968 = STYLED_ITEM ( 'NONE', ( #774 ), #4113 ) ;
#8969 = MECHANICAL_DESIGN_GEOMETRIC_PRESENTATION_REPRESENTATION (  '', ( #6984 ), #9662 ) ;
#8970 = DIRECTION ( 'NONE',  ( -7.602506776249411700E-015, -0.0000000000000000000, 1.000000000000000000 ) ) ;
#8971 = SURFACE_SIDE_STYLE ('',( #6882 ) ) ;
#8972 = ORIENTED_EDGE ( 'NONE', *, *, #11400, .F. ) ;
#8973 = LENGTH_MEASURE_WITH_UNIT ( LENGTH_MEASURE( 0.02539999999999999900 ), #7602 );
#8974 =( NAMED_UNIT ( * ) PLANE_ANGLE_UNIT ( ) SI_UNIT ( $, .RADIAN. ) );
#8975 = VECTOR ( 'NONE', #8632, 39.37007874015748100 ) ;
#8976 = DIRECTION ( 'NONE',  ( 1.000000000000000000, -0.0000000000000000000, 2.606492091342680900E-014 ) ) ;
#8977 = SURFACE_SIDE_STYLE ('',( #4974 ) ) ;
#8978 = FILL_AREA_STYLE_COLOUR ( '', #7798 ) ;
#8979 = VERTEX_POINT ( 'NONE', #4334 ) ;
#8980 = CARTESIAN_POINT ( 'NONE',  ( -0.04494350380682998100, 0.02755905511811023600, -0.04494350380683059800 ) ) ;
#8981 = EDGE_CURVE ( 'NONE', #9341, #8308, #8525, .T. ) ;
#8982 = EDGE_LOOP ( 'NONE', ( #2203, #2150, #1168, #2139 ) ) ;
#8983 = CARTESIAN_POINT ( 'NONE',  ( 0.01476377952755945900, 0.007204724409448820400, -0.05669291338582670100 ) ) ;
#8984 = LENGTH_MEASURE_WITH_UNIT ( LENGTH_MEASURE( 0.02539999999999999900 ), #4671 );
#8985 = PLANE ( 'NONE',  #5698 ) ;
#8986 = DIRECTION ( 'NONE',  ( 0.0000000000000000000, -0.0000000000000000000, 1.000000000000000000 ) ) ;
#8987 =( GEOMETRIC_REPRESENTATION_CONTEXT ( 3 ) GLOBAL_UNCERTAINTY_ASSIGNED_CONTEXT ( ( #10419 ) ) GLOBAL_UNIT_ASSIGNED_CONTEXT ( ( #11399, #5526, #12393 ) ) REPRESENTATION_CONTEXT ( 'NONE', 'WORKASPACE' ) );
#8988 = CARTESIAN_POINT ( 'NONE',  ( 0.01476377952755936400, -0.01693371115559762200, -0.04291338582677155900 ) ) ;
#8989 = LENGTH_MEASURE_WITH_UNIT ( LENGTH_MEASURE( 0.02539999999999999900 ), #3280 );
#8990 = AXIS2_PLACEMENT_3D ( 'NONE', #2160, #8997, #3144 ) ;
#8991 = ADVANCED_FACE ( 'NONE', ( #3652 ), #4380, .F. ) ;
#8992 =( NAMED_UNIT ( * ) SI_UNIT ( $, .STERADIAN. ) SOLID_ANGLE_UNIT ( ) );
#8993 =( LENGTH_UNIT ( ) NAMED_UNIT ( * ) SI_UNIT ( $, .METRE. ) );
#8994 = LINE ( 'NONE', #1425, #1211 ) ;
#8995 = EDGE_CURVE ( 'NONE', #4827, #9707, #7274, .T. ) ;
#8996 = VECTOR ( 'NONE', #9583, 39.37007874015748100 ) ;
#8997 = DIRECTION ( 'NONE',  ( 1.000000000000000000, -0.0000000000000000000, 4.406877378073675000E-017 ) ) ;
#8998 = VECTOR ( 'NONE', #11835, 39.37007874015748100 ) ;
#8999 =( LENGTH_UNIT ( ) NAMED_UNIT ( * ) SI_UNIT ( $, .METRE. ) );
#9000 = DIRECTION ( 'NONE',  ( 1.000000000000000000, -0.0000000000000000000, 1.023927538563894100E-013 ) ) ;
#9001 = EDGE_CURVE ( 'NONE', #7564, #5422, #9915, .T. ) ;
#9002 = PLANE ( 'NONE',  #8625 ) ;
#9003 = DIRECTION ( 'NONE',  ( -5.434102431278317600E-015, 0.0000000000000000000, 1.000000000000000000 ) ) ;
#9004 = DIMENSIONAL_EXPONENTS ( 1.000000000000000000, 0.0000000000000000000, 0.0000000000000000000, 0.0000000000000000000, 0.0000000000000000000, 0.0000000000000000000, 0.0000000000000000000 ) ;
#9005 = LINE ( 'NONE', #7661, #8712 ) ;
#9006 =( GEOMETRIC_REPRESENTATION_CONTEXT ( 3 ) GLOBAL_UNCERTAINTY_ASSIGNED_CONTEXT ( ( #3037 ) ) GLOBAL_UNIT_ASSIGNED_CONTEXT ( ( #3916, #10765, #4898 ) ) REPRESENTATION_CONTEXT ( 'NONE', 'WORKASPACE' ) );
#9007 = LINE ( 'NONE', #5456, #6095 ) ;
#9008 =( NAMED_UNIT ( * ) SI_UNIT ( $, .STERADIAN. ) SOLID_ANGLE_UNIT ( ) );
#9009 = VECTOR ( 'NONE', #11514, 39.37007874015748100 ) ;
#9010 = SURFACE_STYLE_USAGE ( .BOTH. , #2172 ) ;
#9011 = LINE ( 'NONE', #4684, #1530 ) ;
#9012 = MECHANICAL_DESIGN_GEOMETRIC_PRESENTATION_REPRESENTATION (  '', ( #7023 ), #9706 ) ;
#9013 = EDGE_CURVE ( 'NONE', #6344, #9025, #4716, .T. ) ;
#9014 = VERTEX_POINT ( 'NONE', #12272 ) ;
#9015 =( CONVERSION_BASED_UNIT ( 'INCH', #2581 ) LENGTH_UNIT ( ) NAMED_UNIT ( #1345 ) );
#9016 = CARTESIAN_POINT ( 'NONE',  ( -0.04494350380682998100, 0.02755905511811023600, -0.05199607103034015900 ) ) ;
#9017 = VECTOR ( 'NONE', #3569, 39.37007874015748100 ) ;
#9018 = DIMENSIONAL_EXPONENTS ( 1.000000000000000000, 0.0000000000000000000, 0.0000000000000000000, 0.0000000000000000000, 0.0000000000000000000, 0.0000000000000000000, 0.0000000000000000000 ) ;
#9019 = PRESENTATION_STYLE_ASSIGNMENT (( #6133 ) ) ;
#9020 = LINE ( 'NONE', #7934, #11647 ) ;
#9021 = UNCERTAINTY_MEASURE_WITH_UNIT (LENGTH_MEASURE( 1.000000000000000100E-005 ), #206, 'distance_accuracy_value', 'NONE');
#9022 = CARTESIAN_POINT ( 'NONE',  ( 0.004921259842519683200, 0.007204724409448820400, 0.05669291338582680600 ) ) ;
#9023 = SURFACE_STYLE_FILL_AREA ( #240 ) ;
#9024 = ORIENTED_EDGE ( 'NONE', *, *, #10273, .T. ) ;
#9025 = VERTEX_POINT ( 'NONE', #9355 ) ;
#9026 =( LENGTH_UNIT ( ) NAMED_UNIT ( * ) SI_UNIT ( $, .METRE. ) );
#9027 = STYLED_ITEM ( 'NONE', ( #4516 ), #2447 ) ;
#9028 = STYLED_ITEM ( 'NONE', ( #7624 ), #8471 ) ;
#9029 =( LENGTH_UNIT ( ) NAMED_UNIT ( * ) SI_UNIT ( $, .METRE. ) );
#9030 = SURFACE_STYLE_USAGE ( .BOTH. , #2187 ) ;
#9031 = EDGE_LOOP ( 'NONE', ( #7462, #9874, #7711, #1580 ) ) ;
#9032 = LINE ( 'NONE', #2676, #1551 ) ;
#9033 = ORIENTED_EDGE ( 'NONE', *, *, #7776, .T. ) ;
#9034 = DIRECTION ( 'NONE',  ( -0.0000000000000000000, 0.0000000000000000000, -1.000000000000000000 ) ) ;
#9035 = DIRECTION ( 'NONE',  ( -0.0000000000000000000, 0.0000000000000000000, -1.000000000000000000 ) ) ;
#9036 = CARTESIAN_POINT ( 'NONE',  ( 0.05669291338582674300, 0.001181102362204723300, -0.01476377952755926100 ) ) ;
#9037 = UNCERTAINTY_MEASURE_WITH_UNIT (LENGTH_MEASURE( 1.000000000000000100E-005 ), #2943, 'distance_accuracy_value', 'NONE');
#9038 = DIRECTION ( 'NONE',  ( -1.000000000000000000, -0.0000000000000000000, 0.0000000000000000000 ) ) ;
#9039 = SURFACE_SIDE_STYLE ('',( #5931 ) ) ;
#9040 = DIRECTION ( 'NONE',  ( -1.000000000000000000, -0.0000000000000000000, -0.0000000000000000000 ) ) ;
#9041 = LINE ( 'NONE', #2462, #973 ) ;
#9042 = VECTOR ( 'NONE', #1134, 39.37007874015748100 ) ;
#9043 = MECHANICAL_DESIGN_GEOMETRIC_PRESENTATION_REPRESENTATION (  '', ( #7050 ), #9735 ) ;
#9044 = LINE ( 'NONE', #10713, #1561 ) ;
#9045 = MECHANICAL_DESIGN_GEOMETRIC_PRESENTATION_REPRESENTATION (  '', ( #7051 ), #9736 ) ;
#9046 =( GEOMETRIC_REPRESENTATION_CONTEXT ( 3 ) GLOBAL_UNCERTAINTY_ASSIGNED_CONTEXT ( ( #7912 ) ) GLOBAL_UNIT_ASSIGNED_CONTEXT ( ( #7195, #1376, #8180 ) ) REPRESENTATION_CONTEXT ( 'NONE', 'WORKASPACE' ) );
#9047 = SURFACE_STYLE_USAGE ( .BOTH. , #2201 ) ;
#9048 = COLOUR_RGB ( '',0.9686274509803921600, 0.8784313725490196000, 0.5999999999999999800 ) ;
#9049 =( LENGTH_UNIT ( ) NAMED_UNIT ( * ) SI_UNIT ( $, .METRE. ) );
#9050 = DIRECTION ( 'NONE',  ( 1.000000000000000000, -0.0000000000000000000, -2.774856874683271600E-015 ) ) ;
#9051 = ADVANCED_FACE ( 'NONE', ( #6970 ), #5397, .F. ) ;
#9052 = DIRECTION ( 'NONE',  ( 0.0000000000000000000, 1.000000000000000000, 0.0000000000000000000 ) ) ;
#9053 = LINE ( 'NONE', #10984, #1274 ) ;
#9054 = EDGE_CURVE ( 'NONE', #806, #2070, #8356, .T. ) ;
#9055 = PRESENTATION_STYLE_ASSIGNMENT (( #12650 ) ) ;
#9056 = PRESENTATION_STYLE_ASSIGNMENT (( #7905 ) ) ;
#9057 =( LENGTH_UNIT ( ) NAMED_UNIT ( * ) SI_UNIT ( $, .METRE. ) );
#9058 = LENGTH_MEASURE_WITH_UNIT ( LENGTH_MEASURE( 0.02539999999999999900 ), #3354 );
#9059 = CARTESIAN_POINT ( 'NONE',  ( 0.0000000000000000000, 0.0000000000000000000, 0.0000000000000000000 ) ) ;
#9060 = ORIENTED_EDGE ( 'NONE', *, *, #9201, .T. ) ;
#9061 = DIRECTION ( 'NONE',  ( -0.0000000000000000000, -1.000000000000000000, 0.0000000000000000000 ) ) ;
#9062 = AXIS2_PLACEMENT_3D ( 'NONE', #11830, #5951, #119 ) ;
#9063 = FILL_AREA_STYLE ('',( #8055 ) ) ;
#9064 = ORIENTED_EDGE ( 'NONE', *, *, #840, .F. ) ;
#9065 = MECHANICAL_DESIGN_GEOMETRIC_PRESENTATION_REPRESENTATION (  '', ( #7067 ), #9752 ) ;
#9066 = ORIENTED_EDGE ( 'NONE', *, *, #6380, .T. ) ;
#9067 = ORIENTED_EDGE ( 'NONE', *, *, #7891, .F. ) ;
#9068 = CARTESIAN_POINT ( 'NONE',  ( 0.04291338582677183700, 0.001181102362204723300, 0.04429133858267701700 ) ) ;
#9069 = ORIENTED_EDGE ( 'NONE', *, *, #5860, .T. ) ;
#9070 =( NAMED_UNIT ( * ) SI_UNIT ( $, .STERADIAN. ) SOLID_ANGLE_UNIT ( ) );
#9071 = FILL_AREA_STYLE_COLOUR ( '', #8052 ) ;
#9072 = FILL_AREA_STYLE ('',( #277 ) ) ;
#9073 =( LENGTH_UNIT ( ) NAMED_UNIT ( * ) SI_UNIT ( $, .METRE. ) );
#9074 = FILL_AREA_STYLE ('',( #6078 ) ) ;
#9075 = EDGE_CURVE ( 'NONE', #2657, #2088, #3481, .T. ) ;
#9076 = UNCERTAINTY_MEASURE_WITH_UNIT (LENGTH_MEASURE( 1.000000000000000100E-005 ), #5305, 'distance_accuracy_value', 'NONE');
#9077 =( LENGTH_UNIT ( ) NAMED_UNIT ( * ) SI_UNIT ( $, .METRE. ) );
#9078 = ORIENTED_EDGE ( 'NONE', *, *, #8218, .T. ) ;
#9079 = VECTOR ( 'NONE', #9812, 39.37007874015748100 ) ;
#9080 =( NAMED_UNIT ( * ) SI_UNIT ( $, .STERADIAN. ) SOLID_ANGLE_UNIT ( ) );
#9081 =( CONVERSION_BASED_UNIT ( 'INCH', #2728 ) LENGTH_UNIT ( ) NAMED_UNIT ( #11440 ) );
#9082 =( GEOMETRIC_REPRESENTATION_CONTEXT ( 3 ) GLOBAL_UNCERTAINTY_ASSIGNED_CONTEXT ( ( #8470 ) ) GLOBAL_UNIT_ASSIGNED_CONTEXT ( ( #6832, #1023, #7816 ) ) REPRESENTATION_CONTEXT ( 'NONE', 'WORKASPACE' ) );
#9083 = CARTESIAN_POINT ( 'NONE',  ( 0.0000000000000000000, 0.001181102362204724400, 0.0000000000000000000 ) ) ;
#9084 = SURFACE_STYLE_USAGE ( .BOTH. , #2237 ) ;
#9085 = FILL_AREA_STYLE_COLOUR ( '', #7984 ) ;
#9086 = CARTESIAN_POINT ( 'NONE',  ( -0.02460629921260102500, 0.0000000000000000000, 0.05669291338582568100 ) ) ;
#9087 = FILL_AREA_STYLE ('',( #2240 ) ) ;
#9088 = CARTESIAN_POINT ( 'NONE',  ( 0.01476377952755945900, 0.0000000000000000000, -0.05669291338582670100 ) ) ;
#9089 =( GEOMETRIC_REPRESENTATION_CONTEXT ( 3 ) GLOBAL_UNCERTAINTY_ASSIGNED_CONTEXT ( ( #1110 ) ) GLOBAL_UNIT_ASSIGNED_CONTEXT ( ( #8329, #2482, #9338 ) ) REPRESENTATION_CONTEXT ( 'NONE', 'WORKASPACE' ) );
#9090 = VERTEX_POINT ( 'NONE', #2580 ) ;
#9091 = EDGE_LOOP ( 'NONE', ( #10665, #11508, #8244, #7228 ) ) ;
#9092 = LINE ( 'NONE', #6588, #11407 ) ;
#9093 = VERTEX_POINT ( 'NONE', #8432 ) ;
#9094 = LENGTH_MEASURE_WITH_UNIT ( LENGTH_MEASURE( 0.02539999999999999900 ), #644 );
#9095 = DIRECTION ( 'NONE',  ( -1.000000000000000000, -0.0000000000000000000, 0.0000000000000000000 ) ) ;
#9096 = VERTEX_POINT ( 'NONE', #9439 ) ;
#9097 = SURFACE_STYLE_USAGE ( .BOTH. , #2254 ) ;
#9098 = PLANE ( 'NONE',  #10886 ) ;
#9099 = MECHANICAL_DESIGN_GEOMETRIC_PRESENTATION_REPRESENTATION (  '', ( #7103 ), #9782 ) ;
#9100 =( NAMED_UNIT ( * ) SI_UNIT ( $, .STERADIAN. ) SOLID_ANGLE_UNIT ( ) );
#9101 =( CONVERSION_BASED_UNIT ( 'INCH', #10515 ) LENGTH_UNIT ( ) NAMED_UNIT ( #6733 ) );
#9102 = MECHANICAL_DESIGN_GEOMETRIC_PRESENTATION_REPRESENTATION (  '', ( #7106 ), #9783 ) ;
#9103 = CARTESIAN_POINT ( 'NONE',  ( 0.04291338582677171900, 0.007204724409448820400, 0.01476377952755891400 ) ) ;
#9104 = VERTEX_POINT ( 'NONE', #11365 ) ;
#9105 = LENGTH_MEASURE_WITH_UNIT ( LENGTH_MEASURE( 0.02539999999999999900 ), #9183 );
#9106 = CARTESIAN_POINT ( 'NONE',  ( -0.05669291338582666700, 0.0000000000000000000, -0.03444881889763801200 ) ) ;
#9107 = LINE ( 'NONE', #9525, #3914 ) ;
#9108 = SURFACE_STYLE_USAGE ( .BOTH. , #2265 ) ;
#9109 = MECHANICAL_DESIGN_GEOMETRIC_PRESENTATION_REPRESENTATION (  '', ( #7111 ), #9792 ) ;
#9110 = FILL_AREA_STYLE ('',( #2267 ) ) ;
#9111 = CARTESIAN_POINT ( 'NONE',  ( -0.05905511811023581000, 0.001181102362204723300, -0.05905511811023662200 ) ) ;
#9112 = EDGE_CURVE ( 'NONE', #1092, #11090, #10972, .T. ) ;
#9113 = SURFACE_SIDE_STYLE ('',( #846 ) ) ;
#9114 = EDGE_LOOP ( 'NONE', ( #5082, #539, #3880, #11431 ) ) ;
#9115 = ADVANCED_FACE ( 'NONE', ( #10669 ), #10415, .F. ) ;
#9116 = SURFACE_STYLE_USAGE ( .BOTH. , #2275 ) ;
#9117 = VECTOR ( 'NONE', #6007, 39.37007874015748100 ) ;
#9118 = VECTOR ( 'NONE', #10193, 39.37007874015748100 ) ;
#9119 = VERTEX_POINT ( 'NONE', #5538 ) ;
#9120 = VECTOR ( 'NONE', #11267, 39.37007874015748100 ) ;
#9121 = MECHANICAL_DESIGN_GEOMETRIC_PRESENTATION_REPRESENTATION (  '', ( #7121 ), #9803 ) ;
#9122 = ORIENTED_EDGE ( 'NONE', *, *, #8278, .T. ) ;
#9123 = FACE_OUTER_BOUND ( 'NONE', #2056, .T. ) ;
#9124 = MECHANICAL_DESIGN_GEOMETRIC_PRESENTATION_REPRESENTATION (  '', ( #7122 ), #9804 ) ;
#9125 = LINE ( 'NONE', #2176, #8823 ) ;
#9126 = PRESENTATION_LAYER_ASSIGNMENT (  '', '', ( #7795 ) ) ;
#9127 = COLOUR_RGB ( '',0.9686274509803921600, 0.8784313725490196000, 0.5999999999999999800 ) ;
#9128 = CARTESIAN_POINT ( 'NONE',  ( 0.05669291338582666700, -0.01693371115559762200, -0.04429133858267737800 ) ) ;
#9129 = SURFACE_STYLE_FILL_AREA ( #8570 ) ;
#9130 = DIRECTION ( 'NONE',  ( 0.0000000000000000000, 1.000000000000000000, 0.0000000000000000000 ) ) ;
#9131 = DIRECTION ( 'NONE',  ( 5.511545443598771800E-015, 0.0000000000000000000, -1.000000000000000000 ) ) ;
#9132 = SURFACE_STYLE_USAGE ( .BOTH. , #2284 ) ;
#9133 = CARTESIAN_POINT ( 'NONE',  ( 0.0000000000000000000, 0.001181102362204724400, 0.05669291338582568100 ) ) ;
#9134 = LENGTH_MEASURE_WITH_UNIT ( LENGTH_MEASURE( 0.02539999999999999900 ), #8675 );
#9135 =( NAMED_UNIT ( * ) SI_UNIT ( $, .STERADIAN. ) SOLID_ANGLE_UNIT ( ) );
#9136 = EDGE_CURVE ( 'NONE', #3176, #7402, #1931, .T. ) ;
#9137 = DIRECTION ( 'NONE',  ( -0.0000000000000000000, -1.000000000000000000, -0.0000000000000000000 ) ) ;
#9138 = LINE ( 'NONE', #6456, #11754 ) ;
#9139 = DIMENSIONAL_EXPONENTS ( 1.000000000000000000, 0.0000000000000000000, 0.0000000000000000000, 0.0000000000000000000, 0.0000000000000000000, 0.0000000000000000000, 0.0000000000000000000 ) ;
#9140 = DIRECTION ( 'NONE',  ( 3.575470135588969500E-015, 0.0000000000000000000, -1.000000000000000000 ) ) ;
#9141 = MECHANICAL_DESIGN_GEOMETRIC_PRESENTATION_REPRESENTATION (  '', ( #7146 ), #9819 ) ;
#9142 = STYLED_ITEM ( 'NONE', ( #4447 ), #12608 ) ;
#9143 = DIRECTION ( 'NONE',  ( 0.0000000000000000000, -0.0000000000000000000, 1.000000000000000000 ) ) ;
#9144 = DIRECTION ( 'NONE',  ( 0.0000000000000000000, -0.0000000000000000000, 1.000000000000000000 ) ) ;
#9145 = LENGTH_MEASURE_WITH_UNIT ( LENGTH_MEASURE( 0.02539999999999999900 ), #12482 );
#9146 = DIRECTION ( 'NONE',  ( 1.000000000000000000, 0.0000000000000000000, 1.128010947122436300E-013 ) ) ;
#9147 = PLANE ( 'NONE',  #1481 ) ;
#9148 = ORIENTED_EDGE ( 'NONE', *, *, #5078, .F. ) ;
#9149 = FILL_AREA_STYLE_COLOUR ( '', #2734 ) ;
#9150 = CARTESIAN_POINT ( 'NONE',  ( 0.0000000000000000000, 0.001181102362204724400, 0.04291338582677159400 ) ) ;
#9151 = EDGE_CURVE ( 'NONE', #2918, #9861, #12044, .T. ) ;
#9152 = ORIENTED_EDGE ( 'NONE', *, *, #12461, .F. ) ;
#9153 = SURFACE_STYLE_FILL_AREA ( #11314 ) ;
#9154 = DIMENSIONAL_EXPONENTS ( 1.000000000000000000, 0.0000000000000000000, 0.0000000000000000000, 0.0000000000000000000, 0.0000000000000000000, 0.0000000000000000000, 0.0000000000000000000 ) ;
#9155 = DIRECTION ( 'NONE',  ( -1.000000000000000000, 0.0000000000000000000, -3.907534698324850800E-014 ) ) ;
#9156 = EDGE_CURVE ( 'NONE', #11260, #1770, #4225, .T. ) ;
#9157 = DIRECTION ( 'NONE',  ( -0.0000000000000000000, -1.000000000000000000, -0.0000000000000000000 ) ) ;
#9158 = ORIENTED_EDGE ( 'NONE', *, *, #8161, .T. ) ;
#9159 = DIRECTION ( 'NONE',  ( -6.982962677686265900E-015, 0.0000000000000000000, 1.000000000000000000 ) ) ;
#9160 = ORIENTED_EDGE ( 'NONE', *, *, #10072, .F. ) ;
#9161 = PLANE ( 'NONE',  #907 ) ;
#9162 = CARTESIAN_POINT ( 'NONE',  ( -0.05669291338582657000, 0.007204724409448820400, -0.004921259842522323500 ) ) ;
#9163 = MECHANICAL_DESIGN_GEOMETRIC_PRESENTATION_REPRESENTATION (  '', ( #7164 ), #9837 ) ;
#9164 = FILL_AREA_STYLE ('',( #4236 ) ) ;
#9165 = FACE_OUTER_BOUND ( 'NONE', #6190, .T. ) ;
#9166 =( GEOMETRIC_REPRESENTATION_CONTEXT ( 3 ) GLOBAL_UNCERTAINTY_ASSIGNED_CONTEXT ( ( #5807 ) ) GLOBAL_UNIT_ASSIGNED_CONTEXT ( ( #4557, #11403, #5536 ) ) REPRESENTATION_CONTEXT ( 'NONE', 'WORKASPACE' ) );
#9167 = PRESENTATION_STYLE_ASSIGNMENT (( #3588 ) ) ;
#9168 = VECTOR ( 'NONE', #3886, 39.37007874015748100 ) ;
#9169 = LINE ( 'NONE', #12422, #1681 ) ;
#9170 = LINE ( 'NONE', #11462, #11481 ) ;
#9171 =( NAMED_UNIT ( * ) SI_UNIT ( $, .STERADIAN. ) SOLID_ANGLE_UNIT ( ) );
#9172 = ORIENTED_EDGE ( 'NONE', *, *, #12443, .F. ) ;
#9173 = FILL_AREA_STYLE ('',( #2328 ) ) ;
#9174 = EDGE_CURVE ( 'NONE', #6545, #2592, #1647, .T. ) ;
#9175 =( GEOMETRIC_REPRESENTATION_CONTEXT ( 3 ) GLOBAL_UNCERTAINTY_ASSIGNED_CONTEXT ( ( #11139 ) ) GLOBAL_UNIT_ASSIGNED_CONTEXT ( ( #8059, #2222, #9070 ) ) REPRESENTATION_CONTEXT ( 'NONE', 'WORKASPACE' ) );
#9176 = SURFACE_STYLE_USAGE ( .BOTH. , #2330 ) ;
#9177 = CARTESIAN_POINT ( 'NONE',  ( -0.05669291338582674300, 0.007204724409448820400, -0.01476377952755926100 ) ) ;
#9178 = SURFACE_SIDE_STYLE ('',( #5782 ) ) ;
#9179 = EDGE_CURVE ( 'NONE', #10892, #649, #9453, .T. ) ;
#9181 = SURFACE_STYLE_FILL_AREA ( #11148 ) ;
#9180 = CARTESIAN_POINT ( 'NONE',  ( -0.01476377952755906200, 0.001181102362204724400, 0.0000000000000000000 ) ) ;
#9182 = FACE_OUTER_BOUND ( 'NONE', #5738, .T. ) ;
#9183 =( LENGTH_UNIT ( ) NAMED_UNIT ( * ) SI_UNIT ( $, .METRE. ) );
#9185 = FACE_OUTER_BOUND ( 'NONE', #6468, .T. ) ;
#9184 = COLOUR_RGB ( '',0.3529411764705882000, 0.3529411764705882000, 0.3529411764705882000 ) ;
#9186 = PRESENTATION_STYLE_ASSIGNMENT (( #10405 ) ) ;
#9187 = PLANE ( 'NONE',  #4647 ) ;
#9188 = MECHANICAL_DESIGN_GEOMETRIC_PRESENTATION_REPRESENTATION (  '', ( #7846 ), #9856 ) ;
#9189 = EDGE_LOOP ( 'NONE', ( #4850, #9078, #512, #3309 ) ) ;
#9190 = ORIENTED_EDGE ( 'NONE', *, *, #9151, .F. ) ;
#9191 = ADVANCED_FACE ( 'NONE', ( #3934 ), #7563, .T. ) ;
#9192 = UNCERTAINTY_MEASURE_WITH_UNIT (LENGTH_MEASURE( 1.000000000000000100E-005 ), #2119, 'distance_accuracy_value', 'NONE');
#9193 = FACE_OUTER_BOUND ( 'NONE', #9793, .T. ) ;
#9194 = PRESENTATION_STYLE_ASSIGNMENT (( #10271 ) ) ;
#9195 = CARTESIAN_POINT ( 'NONE',  ( -0.05669291338582681900, 0.007204724409448820400, 0.004921259842519482900 ) ) ;
#9196 = FACE_OUTER_BOUND ( 'NONE', #7555, .T. ) ;
#9197 = STYLED_ITEM ( 'NONE', ( #7114 ), #1562 ) ;
#9198 =( CONVERSION_BASED_UNIT ( 'INCH', #2298 ) LENGTH_UNIT ( ) NAMED_UNIT ( #3906 ) );
#9199 = DIRECTION ( 'NONE',  ( -1.000000000000000000, 0.0000000000000000000, -5.588988455919166100E-015 ) ) ;
#9200 = ADVANCED_FACE ( 'NONE', ( #9565 ), #6601, .F. ) ;
#9201 = EDGE_CURVE ( 'NONE', #8309, #9093, #5701, .T. ) ;
#9202 = DIRECTION ( 'NONE',  ( 2.646153987744245800E-015, 0.0000000000000000000, -1.000000000000000000 ) ) ;
#9203 = ORIENTED_EDGE ( 'NONE', *, *, #11145, .T. ) ;
#9204 =( CONVERSION_BASED_UNIT ( 'INCH', #4374 ) LENGTH_UNIT ( ) NAMED_UNIT ( #1872 ) );
#9205 =( NAMED_UNIT ( * ) SI_UNIT ( $, .STERADIAN. ) SOLID_ANGLE_UNIT ( ) );
#9206 = CARTESIAN_POINT ( 'NONE',  ( -0.02460629921260094900, 0.0000000000000000000, 0.04291338582677133000 ) ) ;
#9207 = FACE_OUTER_BOUND ( 'NONE', #11505, .T. ) ;
#9208 = SURFACE_SIDE_STYLE ('',( #5632 ) ) ;
#9209 = CARTESIAN_POINT ( 'NONE',  ( 0.04291338582677153800, 0.001181102362204724400, -0.04429133858267733600 ) ) ;
#9210 = UNCERTAINTY_MEASURE_WITH_UNIT (LENGTH_MEASURE( 1.000000000000000100E-005 ), #12123, 'distance_accuracy_value', 'NONE');
#9211 = MECHANICAL_DESIGN_GEOMETRIC_PRESENTATION_REPRESENTATION (  '', ( #7211 ), #9869 ) ;
#9212 = LINE ( 'NONE', #1749, #11815 ) ;
#9213 = MECHANICAL_DESIGN_GEOMETRIC_PRESENTATION_REPRESENTATION (  '', ( #7212 ), #9870 ) ;
#9214 = PRESENTATION_LAYER_ASSIGNMENT (  '', '', ( #7863 ) ) ;
#9215 = SURFACE_STYLE_USAGE ( .BOTH. , #2358 ) ;
#9216 = DIRECTION ( 'NONE',  ( 0.0000000000000000000, -1.000000000000000000, 0.0000000000000000000 ) ) ;
#9217 =( CONVERSION_BASED_UNIT ( 'INCH', #3821 ) LENGTH_UNIT ( ) NAMED_UNIT ( #2114 ) );
#9218 = VECTOR ( 'NONE', #4213, 39.37007874015748100 ) ;
#9219 = LINE ( 'NONE', #3631, #6610 ) ;
#9220 =( NAMED_UNIT ( * ) SI_UNIT ( $, .STERADIAN. ) SOLID_ANGLE_UNIT ( ) );
#9221 =( CONVERSION_BASED_UNIT ( 'INCH', #10377 ) LENGTH_UNIT ( ) NAMED_UNIT ( #10478 ) );
#9222 = ORIENTED_EDGE ( 'NONE', *, *, #4002, .F. ) ;
#9223 = DIRECTION ( 'NONE',  ( 5.743874480559907400E-015, 0.0000000000000000000, -1.000000000000000000 ) ) ;
#9224 = CARTESIAN_POINT ( 'NONE',  ( -0.04291338582677168400, 0.001181102362204724200, -0.004921259842521829100 ) ) ;
#9225 = CARTESIAN_POINT ( 'NONE',  ( -0.004921259842522240200, 0.001181102362204724200, 0.04291338582677167000 ) ) ;
#9226 = FILL_AREA_STYLE ('',( #4382 ) ) ;
#9227 = STYLED_ITEM ( 'NONE', ( #12558 ), #3991 ) ;
#9228 = PRESENTATION_LAYER_ASSIGNMENT (  '', '', ( #7880 ) ) ;
#9229 = SURFACE_STYLE_FILL_AREA ( #4990 ) ;
#9230 = EDGE_CURVE ( 'NONE', #10215, #6464, #845, .T. ) ;
#9231 = DIRECTION ( 'NONE',  ( 0.0000000000000000000, 1.000000000000000000, 0.0000000000000000000 ) ) ;
#9232 = EDGE_CURVE ( 'NONE', #8895, #4341, #3099, .T. ) ;
#9233 = ORIENTED_EDGE ( 'NONE', *, *, #11774, .F. ) ;
#9235 = EDGE_CURVE ( 'NONE', #3440, #4688, #8287, .T. ) ;
#9234 = PRESENTATION_STYLE_ASSIGNMENT (( #12162 ) ) ;
#9236 =( LENGTH_UNIT ( ) NAMED_UNIT ( * ) SI_UNIT ( $, .METRE. ) );
#9237 = PLANE ( 'NONE',  #2112 ) ;
#9238 = DIRECTION ( 'NONE',  ( 0.0000000000000000000, 1.000000000000000000, 0.0000000000000000000 ) ) ;
#9239 = SURFACE_SIDE_STYLE ('',( #3787 ) ) ;
#9240 = MECHANICAL_DESIGN_GEOMETRIC_PRESENTATION_REPRESENTATION (  '', ( #7243 ), #9907 ) ;
#9241 = STYLED_ITEM ( 'NONE', ( #10732 ), #5204 ) ;
#9242 = SURFACE_STYLE_USAGE ( .BOTH. , #2402 ) ;
#9243 = FILL_AREA_STYLE_COLOUR ( '', #4087 ) ;
#9244 = COLOUR_RGB ( '',0.3529411764705882000, 0.3529411764705882000, 0.3529411764705882000 ) ;
#9245 = ORIENTED_EDGE ( 'NONE', *, *, #5213, .T. ) ;
#9246 = EDGE_LOOP ( 'NONE', ( #12689, #9622 ) ) ;
#9247 = ORIENTED_EDGE ( 'NONE', *, *, #9485, .F. ) ;
#9248 = SURFACE_SIDE_STYLE ('',( #5848 ) ) ;
#9249 = COLOUR_RGB ( '',0.9686274509803921600, 0.8784313725490196000, 0.5999999999999999800 ) ;
#9250 = EDGE_CURVE ( 'NONE', #5592, #3108, #5380, .T. ) ;
#9251 = ORIENTED_EDGE ( 'NONE', *, *, #12306, .F. ) ;
#9252 = UNCERTAINTY_MEASURE_WITH_UNIT (LENGTH_MEASURE( 1.000000000000000100E-005 ), #5563, 'distance_accuracy_value', 'NONE');
#9253 = LINE ( 'NONE', #1706, #11564 ) ;
#9254 = EDGE_CURVE ( 'NONE', #2526, #12652, #201, .T. ) ;
#9255 = ADVANCED_FACE ( 'NONE', ( #7667 ), #10621, .F. ) ;
#9256 = SURFACE_STYLE_USAGE ( .BOTH. , #2411 ) ;
#9257 = ADVANCED_FACE ( 'NONE', ( #11678 ), #2788, .F. ) ;
#9258 = DIRECTION ( 'NONE',  ( 6.982962677686265900E-015, 0.0000000000000000000, -1.000000000000000000 ) ) ;
#9259 = CARTESIAN_POINT ( 'NONE',  ( -0.05669291338582568100, 0.007204724409448820400, -0.02460629921260102200 ) ) ;
#9260 = ORIENTED_EDGE ( 'NONE', *, *, #2862, .T. ) ;
#9261 = ORIENTED_EDGE ( 'NONE', *, *, #7234, .F. ) ;
#9262 =( NAMED_UNIT ( * ) PLANE_ANGLE_UNIT ( ) SI_UNIT ( $, .RADIAN. ) );
#9263 = FACE_OUTER_BOUND ( 'NONE', #5647, .T. ) ;
#9264 = FILL_AREA_STYLE_COLOUR ( '', #3334 ) ;
#9265 = ORIENTED_EDGE ( 'NONE', *, *, #10881, .T. ) ;
#9266 = EDGE_LOOP ( 'NONE', ( #12359, #11391, #196, #2992 ) ) ;
#9267 = MECHANICAL_DESIGN_GEOMETRIC_PRESENTATION_REPRESENTATION (  '', ( #7266 ), #9927 ) ;
#9268 = DIRECTION ( 'NONE',  ( -0.0000000000000000000, -1.000000000000000000, -0.0000000000000000000 ) ) ;
#9269 = DIRECTION ( 'NONE',  ( 0.0000000000000000000, -0.0000000000000000000, 1.000000000000000000 ) ) ;
#9270 = STYLED_ITEM ( 'NONE', ( #9905 ), #1207 ) ;
#9271 = EDGE_CURVE ( 'NONE', #12520, #1838, #356, .T. ) ;
#9272 = DIMENSIONAL_EXPONENTS ( 1.000000000000000000, 0.0000000000000000000, 0.0000000000000000000, 0.0000000000000000000, 0.0000000000000000000, 0.0000000000000000000, 0.0000000000000000000 ) ;
#9273 = PLANE ( 'NONE',  #10774 ) ;
#9274 = EDGE_LOOP ( 'NONE', ( #8944, #8094, #8960, #11416 ) ) ;
#9275 =( CONVERSION_BASED_UNIT ( 'INCH', #10859 ) LENGTH_UNIT ( ) NAMED_UNIT ( #4942 ) );
#9276 = ORIENTED_EDGE ( 'NONE', *, *, #3725, .F. ) ;
#9277 = ORIENTED_EDGE ( 'NONE', *, *, #7187, .F. ) ;
#9278 = FACE_OUTER_BOUND ( 'NONE', #3662, .T. ) ;
#9279 = CARTESIAN_POINT ( 'NONE',  ( -0.05669291338582684700, 0.001181102362204723500, 0.01476377952755887600 ) ) ;
#9280 = VERTEX_POINT ( 'NONE', #12685 ) ;
#9281 = FILL_AREA_STYLE ('',( #7236 ) ) ;
#9282 = CARTESIAN_POINT ( 'NONE',  ( 0.05669291338582657000, 0.004133858267716536200, 0.004921259842522310500 ) ) ;
#9283 = STYLED_ITEM ( 'NONE', ( #1827 ), #2383 ) ;
#9284 = STYLED_ITEM ( 'NONE', ( #9348 ), #8340 ) ;
#9285 = CARTESIAN_POINT ( 'NONE',  ( 0.04291338582677151100, -0.01693371115559762200, -0.04429133858267732300 ) ) ;
#9286 = CARTESIAN_POINT ( 'NONE',  ( 0.0000000000000000000, 0.004133858267716536200, 0.02460629921259822900 ) ) ;
#9287 = PRESENTATION_LAYER_ASSIGNMENT (  '', '', ( #7937 ) ) ;
#9288 = VERTEX_POINT ( 'NONE', #11694 ) ;
#9289 =( NAMED_UNIT ( * ) PLANE_ANGLE_UNIT ( ) SI_UNIT ( $, .RADIAN. ) );
#9290 = DIMENSIONAL_EXPONENTS ( 1.000000000000000000, 0.0000000000000000000, 0.0000000000000000000, 0.0000000000000000000, 0.0000000000000000000, 0.0000000000000000000, 0.0000000000000000000 ) ;
#9291 = CARTESIAN_POINT ( 'NONE',  ( -0.02272557806252456900, 0.003937007874015748000, -0.01091455444047755700 ) ) ;
#9292 = COLOUR_RGB ( '',0.2509803921568627400, 0.2509803921568627400, 0.2509803921568627400 ) ;
#9293 = CARTESIAN_POINT ( 'NONE',  ( -0.04291338582677168400, 0.0000000000000000000, 0.004921259842519521000 ) ) ;
#9294 = DIRECTION ( 'NONE',  ( 0.0000000000000000000, -0.0000000000000000000, -1.000000000000000000 ) ) ;
#9295 = EDGE_CURVE ( 'NONE', #6852, #9096, #50, .T. ) ;
#9296 = SURFACE_STYLE_FILL_AREA ( #12419 ) ;
#9297 = ORIENTED_EDGE ( 'NONE', *, *, #7561, .T. ) ;
#9298 = CARTESIAN_POINT ( 'NONE',  ( -0.004921259842519381400, 0.0000000000000000000, 0.0000000000000000000 ) ) ;
#9299 = SURFACE_SIDE_STYLE ('',( #11634 ) ) ;
#9300 = DIRECTION ( 'NONE',  ( 0.0000000000000000000, 1.000000000000000000, 0.0000000000000000000 ) ) ;
#9301 = PRESENTATION_LAYER_ASSIGNMENT (  '', '', ( #8640 ) ) ;
#9302 = ORIENTED_EDGE ( 'NONE', *, *, #8748, .F. ) ;
#9303 = PRESENTATION_LAYER_ASSIGNMENT (  '', '', ( #7953 ) ) ;
#9304 = MECHANICAL_DESIGN_GEOMETRIC_PRESENTATION_REPRESENTATION (  '', ( #7298 ), #9966 ) ;
#9305 = SURFACE_STYLE_USAGE ( .BOTH. , #2448 ) ;
#9306 = DIRECTION ( 'NONE',  ( 2.646153987744245000E-015, -0.0000000000000000000, -1.000000000000000000 ) ) ;
#9307 = SURFACE_SIDE_STYLE ('',( #6710 ) ) ;
#9308 = SURFACE_STYLE_FILL_AREA ( #1272 ) ;
#9309 = LINE ( 'NONE', #10278, #10683 ) ;
#9310 =( CONVERSION_BASED_UNIT ( 'INCH', #3070 ) LENGTH_UNIT ( ) NAMED_UNIT ( #12515 ) );
#9311 =( NAMED_UNIT ( * ) SI_UNIT ( $, .STERADIAN. ) SOLID_ANGLE_UNIT ( ) );
#9312 = SURFACE_STYLE_FILL_AREA ( #9173 ) ;
#9313 = SURFACE_SIDE_STYLE ('',( #12228 ) ) ;
#9314 = CARTESIAN_POINT ( 'NONE',  ( 0.05905511811023663600, 0.001181102362204723300, -0.05905511811023583100 ) ) ;
#9315 = EDGE_CURVE ( 'NONE', #6897, #1284, #7811, .T. ) ;
#9316 = EDGE_CURVE ( 'NONE', #1789, #12578, #2639, .T. ) ;
#9317 = VECTOR ( 'NONE', #11171, 39.37007874015748100 ) ;
#9318 = CARTESIAN_POINT ( 'NONE',  ( 0.05669291338582684700, 0.007204724409448820400, 0.01476377952755888100 ) ) ;
#9319 = LINE ( 'NONE', #2710, #3818 ) ;
#9320 = COLOUR_RGB ( '',0.3529411764705882000, 0.3529411764705882000, 0.3529411764705882000 ) ;
#9321 = UNCERTAINTY_MEASURE_WITH_UNIT (LENGTH_MEASURE( 1.000000000000000100E-005 ), #1888, 'distance_accuracy_value', 'NONE');
#9322 = LENGTH_MEASURE_WITH_UNIT ( LENGTH_MEASURE( 0.02539999999999999900 ), #3762 );
#9323 = LINE ( 'NONE', #5844, #11931 ) ;
#9324 = PRESENTATION_LAYER_ASSIGNMENT (  '', '', ( #7975 ) ) ;
#9325 = ADVANCED_FACE ( 'NONE', ( #12455 ), #10749, .F. ) ;
#9326 = FACE_OUTER_BOUND ( 'NONE', #12460, .T. ) ;
#9327 = CARTESIAN_POINT ( 'NONE',  ( -0.02460629921259810700, 0.004133858267716536200, -0.04291338582677183700 ) ) ;
#9328 = SURFACE_SIDE_STYLE ('',( #5350 ) ) ;
#9329 = CARTESIAN_POINT ( 'NONE',  ( 0.04291338582677181600, 0.004133858267716536200, 0.04429133858267701700 ) ) ;
#9330 = ADVANCED_FACE ( 'NONE', ( #11529 ), #2916, .T. ) ;
#9331 =( LENGTH_UNIT ( ) NAMED_UNIT ( * ) SI_UNIT ( $, .METRE. ) );
#9332 = SURFACE_SIDE_STYLE ('',( #1993 ) ) ;
#9333 = EDGE_CURVE ( 'NONE', #3610, #6637, #7658, .T. ) ;
#9334 = PRESENTATION_STYLE_ASSIGNMENT (( #3447 ) ) ;
#9335 = VECTOR ( 'NONE', #3503, 39.37007874015748100 ) ;
#9336 = CYLINDRICAL_SURFACE ( 'NONE', #4667, 0.007052567223509561600 ) ;
#9337 = ORIENTED_EDGE ( 'NONE', *, *, #9054, .T. ) ;
#9338 =( NAMED_UNIT ( * ) SI_UNIT ( $, .STERADIAN. ) SOLID_ANGLE_UNIT ( ) );
#9339 =( LENGTH_UNIT ( ) NAMED_UNIT ( * ) SI_UNIT ( $, .METRE. ) );
#9340 = PRESENTATION_LAYER_ASSIGNMENT (  '', '', ( #7987 ) ) ;
#9341 = VERTEX_POINT ( 'NONE', #6908 ) ;
#9342 = CARTESIAN_POINT ( 'NONE',  ( -0.004921259842519309400, 0.007204724409448820400, -0.05669291338582683300 ) ) ;
#9343 = MECHANICAL_DESIGN_GEOMETRIC_PRESENTATION_REPRESENTATION (  '', ( #7337 ), #9993 ) ;
#9344 = LINE ( 'NONE', #4589, #9017 ) ;
#9345 = PLANE ( 'NONE',  #954 ) ;
#9346 = FACE_OUTER_BOUND ( 'NONE', #5438, .T. ) ;
#9347 = PRESENTATION_STYLE_ASSIGNMENT (( #679 ) ) ;
#9349 = LINE ( 'NONE', #156, #1540 ) ;
#9348 = PRESENTATION_STYLE_ASSIGNMENT (( #10351 ) ) ;
#9350 = SURFACE_STYLE_FILL_AREA ( #3574 ) ;
#9351 = DIRECTION ( 'NONE',  ( -1.000000000000000000, 0.0000000000000000000, -4.504786283433685400E-015 ) ) ;
#9352 = MECHANICAL_DESIGN_GEOMETRIC_PRESENTATION_REPRESENTATION (  '', ( #7343 ), #10003 ) ;
#9353 = AXIS2_PLACEMENT_3D ( 'NONE', #12292, #6402, #576 ) ;
#9354 = DIRECTION ( 'NONE',  ( -0.0000000000000000000, -1.000000000000000000, -0.0000000000000000000 ) ) ;
#9355 = CARTESIAN_POINT ( 'NONE',  ( -0.05669291338582568100, 0.0000000000000000000, -0.02460629921260098400 ) ) ;
#9356 = CARTESIAN_POINT ( 'NONE',  ( -0.04291338582677154500, 0.007204724409448820400, -0.03444881889763795600 ) ) ;
#9357 = ORIENTED_EDGE ( 'NONE', *, *, #6901, .F. ) ;
#9358 = ORIENTED_EDGE ( 'NONE', *, *, #8411, .F. ) ;
#9359 =( NAMED_UNIT ( * ) PLANE_ANGLE_UNIT ( ) SI_UNIT ( $, .RADIAN. ) );
#9360 = LENGTH_MEASURE_WITH_UNIT ( LENGTH_MEASURE( 0.02539999999999999900 ), #1385 );
#9361 = MANIFOLD_SOLID_BREP ( 'Boss-Extrude2[11]', #7864 ) ;
#9362 = SURFACE_SIDE_STYLE ('',( #8110 ) ) ;
#9363 = COLOUR_RGB ( '',0.2509803921568627400, 0.2509803921568627400, 0.2509803921568627400 ) ;
#9364 = PRESENTATION_STYLE_ASSIGNMENT (( #9097 ) ) ;
#9365 = DIRECTION ( 'NONE',  ( -1.690654702195511200E-015, 0.0000000000000000000, -1.000000000000000000 ) ) ;
#9366 = FILL_AREA_STYLE ('',( #4480 ) ) ;
#9367 = STYLED_ITEM ( 'NONE', ( #7090 ), #7982 ) ;
#9368 = AXIS2_PLACEMENT_3D ( 'NONE', #2562, #9413, #3566 ) ;
#9369 = CARTESIAN_POINT ( 'NONE',  ( 0.0000000000000000000, 0.001181102362204724400, 0.01476377952756005200 ) ) ;
#9370 = PRESENTATION_LAYER_ASSIGNMENT (  '', '', ( #8020 ) ) ;
#9371 = EDGE_CURVE ( 'NONE', #5422, #778, #11667, .T. ) ;
#9372 = DIRECTION ( 'NONE',  ( 1.075969242843166600E-013, -0.0000000000000000000, -1.000000000000000000 ) ) ;
#9373 = LINE ( 'NONE', #2585, #1868 ) ;
#9374 = PRESENTATION_STYLE_ASSIGNMENT (( #11843 ) ) ;
#9375 = DIRECTION ( 'NONE',  ( -0.0000000000000000000, -1.000000000000000000, -0.0000000000000000000 ) ) ;
#9376 = CARTESIAN_POINT ( 'NONE',  ( 0.0000000000000000000, 0.0000000000000000000, -0.04291338582677133000 ) ) ;
#9377 = CARTESIAN_POINT ( 'NONE',  ( -0.04291338582677177400, 0.007204724409448820400, 0.02460629921259828100 ) ) ;
#9378 = UNCERTAINTY_MEASURE_WITH_UNIT (LENGTH_MEASURE( 1.000000000000000100E-005 ), #11404, 'distance_accuracy_value', 'NONE');
#9379 = FILL_AREA_STYLE_COLOUR ( '', #10511 ) ;
#9380 = LINE ( 'NONE', #8873, #1875 ) ;
#9381 = PRESENTATION_LAYER_ASSIGNMENT (  '', '', ( #8030 ) ) ;
#9382 = PRESENTATION_LAYER_ASSIGNMENT (  '', '', ( #8033 ) ) ;
#9383 = AXIS2_PLACEMENT_3D ( 'NONE', #12172, #6291, #453 ) ;
#9384 = SURFACE_SIDE_STYLE ('',( #10794 ) ) ;
#9385 = DIRECTION ( 'NONE',  ( 1.000000000000000000, 0.0000000000000000000, 1.778792249757036600E-015 ) ) ;
#9386 = CARTESIAN_POINT ( 'NONE',  ( 0.0000000000000000000, 0.0000000000000000000, -0.04429133858267731600 ) ) ;
#9387 = VERTEX_POINT ( 'NONE', #106 ) ;
#9388 = EDGE_LOOP ( 'NONE', ( #3460, #276, #9850, #3463 ) ) ;
#9389 = ADVANCED_FACE ( 'NONE', ( #2781 ), #6949, .F. ) ;
#9390 = DIRECTION ( 'NONE',  ( 1.000000000000000000, -0.0000000000000000000, 3.513515725732651700E-015 ) ) ;
#9391 = ORIENTED_EDGE ( 'NONE', *, *, #4599, .T. ) ;
#9392 = ORIENTED_EDGE ( 'NONE', *, *, #12556, .T. ) ;
#9393 = ADVANCED_FACE ( 'NONE', ( #3861 ), #9978, .F. ) ;
#9394 = PRESENTATION_STYLE_ASSIGNMENT (( #5206 ) ) ;
#9395 = SURFACE_SIDE_STYLE ('',( #800 ) ) ;
#9396 = DIRECTION ( 'NONE',  ( -2.774856874683271600E-015, 0.0000000000000000000, -1.000000000000000000 ) ) ;
#9397 =( LENGTH_UNIT ( ) NAMED_UNIT ( * ) SI_UNIT ( $, .METRE. ) );
#9398 =( CONVERSION_BASED_UNIT ( 'INCH', #7395 ) LENGTH_UNIT ( ) NAMED_UNIT ( #5423 ) );
#9399 = SURFACE_STYLE_USAGE ( .BOTH. , #2547 ) ;
#9400 = PRESENTATION_LAYER_ASSIGNMENT (  '', '', ( #8046 ) ) ;
#9401 = CARTESIAN_POINT ( 'NONE',  ( 0.04291338582677180900, 0.0000000000000000000, 0.03444881889763766500 ) ) ;
#9402 = EDGE_LOOP ( 'NONE', ( #6382, #12085, #4342, #4834 ) ) ;
#9403 = CARTESIAN_POINT ( 'NONE',  ( -0.04291338582677161500, 0.007204724409448820400, -0.01476377952755921500 ) ) ;
#9404 = ORIENTED_EDGE ( 'NONE', *, *, #2109, .F. ) ;
#9405 = VECTOR ( 'NONE', #8729, 39.37007874015748100 ) ;
#9406 = DIMENSIONAL_EXPONENTS ( 1.000000000000000000, 0.0000000000000000000, 0.0000000000000000000, 0.0000000000000000000, 0.0000000000000000000, 0.0000000000000000000, 0.0000000000000000000 ) ;
#9407 = CARTESIAN_POINT ( 'NONE',  ( 0.004921259842519684100, -0.01693371115559762200, 0.04291338582677166300 ) ) ;
#9408 = LINE ( 'NONE', #9652, #4185 ) ;
#9409 = LENGTH_MEASURE_WITH_UNIT ( LENGTH_MEASURE( 0.02539999999999999900 ), #8699 );
#9410 = FILL_AREA_STYLE ('',( #2557 ) ) ;
#9411 = FILL_AREA_STYLE_COLOUR ( '', #2900 ) ;
#9412 =( LENGTH_UNIT ( ) NAMED_UNIT ( * ) SI_UNIT ( $, .METRE. ) );
#9413 = DIRECTION ( 'NONE',  ( 3.394400973246411800E-015, -0.0000000000000000000, 1.000000000000000000 ) ) ;
#9414 =( LENGTH_UNIT ( ) NAMED_UNIT ( * ) SI_UNIT ( $, .METRE. ) );
#9415 = ORIENTED_EDGE ( 'NONE', *, *, #8023, .T. ) ;
#9416 = ORIENTED_EDGE ( 'NONE', *, *, #8832, .F. ) ;
#9417 = PRESENTATION_LAYER_ASSIGNMENT (  '', '', ( #8751 ) ) ;
#9418 = DIRECTION ( 'NONE',  ( 1.000000000000000000, 0.0000000000000000000, -0.0000000000000000000 ) ) ;
#9419 = ORIENTED_EDGE ( 'NONE', *, *, #3275, .F. ) ;
#9420 = MECHANICAL_DESIGN_GEOMETRIC_PRESENTATION_REPRESENTATION (  '', ( #7414 ), #10066 ) ;
#9421 = EDGE_LOOP ( 'NONE', ( #11062, #6919, #5909, #3752 ) ) ;
#9422 = DIMENSIONAL_EXPONENTS ( 1.000000000000000000, 0.0000000000000000000, 0.0000000000000000000, 0.0000000000000000000, 0.0000000000000000000, 0.0000000000000000000, 0.0000000000000000000 ) ;
#9423 = EDGE_LOOP ( 'NONE', ( #7983, #2021, #1906, #1090 ) ) ;
#9424 = FACE_OUTER_BOUND ( 'NONE', #5437, .T. ) ;
#9425 = DIRECTION ( 'NONE',  ( 0.0000000000000000000, 1.000000000000000000, 0.0000000000000000000 ) ) ;
#9426 = FILL_AREA_STYLE ('',( #2613 ) ) ;
#9427 = EDGE_LOOP ( 'NONE', ( #1179, #7858, #9555, #8339 ) ) ;
#9428 = PLANE ( 'NONE',  #3094 ) ;
#9429 = EDGE_CURVE ( 'NONE', #11684, #4200, #4298, .T. ) ;
#9430 = MECHANICAL_DESIGN_GEOMETRIC_PRESENTATION_REPRESENTATION (  '', ( #8074 ), #10074 ) ;
#9431 = FILL_AREA_STYLE ('',( #8422 ) ) ;
#9432 = EDGE_CURVE ( 'NONE', #226, #6649, #1724, .T. ) ;
#9433 = CARTESIAN_POINT ( 'NONE',  ( 0.0000000000000000000, 0.001181102362204724400, 0.0000000000000000000 ) ) ;
#9434 = ORIENTED_EDGE ( 'NONE', *, *, #11590, .T. ) ;
#9435 = UNCERTAINTY_MEASURE_WITH_UNIT (LENGTH_MEASURE( 1.000000000000000100E-005 ), #2500, 'distance_accuracy_value', 'NONE');
#9436 = DIRECTION ( 'NONE',  ( -1.000000000000000000, 0.0000000000000000000, -3.885242184870542000E-015 ) ) ;
#9437 = SURFACE_SIDE_STYLE ('',( #11777 ) ) ;
#9438 = FILL_AREA_STYLE ('',( #8431 ) ) ;
#9439 = CARTESIAN_POINT ( 'NONE',  ( -0.04291338582677173300, 0.004133858267716536200, 0.01476377952755892000 ) ) ;
#9440 = ORIENTED_EDGE ( 'NONE', *, *, #12050, .F. ) ;
#9441 =( LENGTH_UNIT ( ) NAMED_UNIT ( * ) SI_UNIT ( $, .METRE. ) );
#9442 = STYLED_ITEM ( 'NONE', ( #5926 ), #7505 ) ;
#9443 =( LENGTH_UNIT ( ) NAMED_UNIT ( * ) SI_UNIT ( $, .METRE. ) );
#9444 = DIRECTION ( 'NONE',  ( 1.000000000000000000, 0.0000000000000000000, 0.0000000000000000000 ) ) ;
#9445 = LINE ( 'NONE', #8914, #1924 ) ;
#9446 =( CONVERSION_BASED_UNIT ( 'INCH', #3998 ) LENGTH_UNIT ( ) NAMED_UNIT ( #6936 ) );
#9447 = VERTEX_POINT ( 'NONE', #273 ) ;
#9448 = SURFACE_SIDE_STYLE ('',( #11513 ) ) ;
#9449 = ORIENTED_EDGE ( 'NONE', *, *, #2066, .F. ) ;
#9450 = LINE ( 'NONE', #3838, #4223 ) ;
#9451 = EDGE_CURVE ( 'NONE', #2526, #11072, #1410, .T. ) ;
#9452 = CARTESIAN_POINT ( 'NONE',  ( 0.05905511811023631000, 0.0000000000000000000, -0.01476377952755926100 ) ) ;
#9453 = LINE ( 'NONE', #12488, #1341 ) ;
#9454 = UNCERTAINTY_MEASURE_WITH_UNIT (LENGTH_MEASURE( 1.000000000000000100E-005 ), #8614, 'distance_accuracy_value', 'NONE');
#9455 = CARTESIAN_POINT ( 'NONE',  ( 0.0000000000000000000, 0.03149606299212598400, 0.0000000000000000000 ) ) ;
#9456 = CARTESIAN_POINT ( 'NONE',  ( 0.04291338582677178100, 0.007204724409448820400, 0.03444881889763766500 ) ) ;
#9457 = FILL_AREA_STYLE ('',( #7451 ) ) ;
#9458 = CARTESIAN_POINT ( 'NONE',  ( -0.02272557806252448900, 0.0000000000000000000, -0.02272557806252480100 ) ) ;
#9459 = ADVANCED_FACE ( 'NONE', ( #9207 ), #4143, .F. ) ;
#9460 = PRESENTATION_LAYER_ASSIGNMENT (  '', '', ( #8114 ) ) ;
#9461 = PRESENTATION_LAYER_ASSIGNMENT (  '', '', ( #8116 ) ) ;
#9462 = LINE ( 'NONE', #8162, #4417 ) ;
#9463 = CARTESIAN_POINT ( 'NONE',  ( -0.05669291338582568100, 0.007204724409448820400, -0.02460629921260102200 ) ) ;
#9464 = PLANE ( 'NONE',  #2875 ) ;
#9465 = AXIS2_PLACEMENT_3D ( 'NONE', #12493, #6603, #785 ) ;
#9466 = CARTESIAN_POINT ( 'NONE',  ( 0.05669291338582674300, 0.007204724409448820400, -0.01476377952755926100 ) ) ;
#9467 = LINE ( 'NONE', #510, #1942 ) ;
#9468 = UNCERTAINTY_MEASURE_WITH_UNIT (LENGTH_MEASURE( 1.000000000000000100E-005 ), #5279, 'distance_accuracy_value', 'NONE');
#9469 =( CONVERSION_BASED_UNIT ( 'INCH', #3767 ) LENGTH_UNIT ( ) NAMED_UNIT ( #3653 ) );
#9470 = FILL_AREA_STYLE_COLOUR ( '', #2909 ) ;
#9471 = VERTEX_POINT ( 'NONE', #7066 ) ;
#9472 = CARTESIAN_POINT ( 'NONE',  ( 0.04291338582677161500, 0.0000000000000000000, -0.01476377952755924700 ) ) ;
#9473 = CARTESIAN_POINT ( 'NONE',  ( 0.05905511811023646300, 0.03149606299212598400, -0.03444881889763798400 ) ) ;
#9474 = VECTOR ( 'NONE', #4233, 39.37007874015748100 ) ;
#9475 = FILL_AREA_STYLE ('',( #1651 ) ) ;
#9476 = VERTEX_POINT ( 'NONE', #2259 ) ;
#9477 = LINE ( 'NONE', #8295, #6835 ) ;
#9478 = VECTOR ( 'NONE', #2090, 39.37007874015748100 ) ;
#9479 = ORIENTED_EDGE ( 'NONE', *, *, #11049, .F. ) ;
#9480 = ORIENTED_EDGE ( 'NONE', *, *, #9794, .T. ) ;
#9481 = PRESENTATION_LAYER_ASSIGNMENT (  '', '', ( #10132 ) ) ;
#9482 = FILL_AREA_STYLE_COLOUR ( '', #8049 ) ;
#9483 = AXIS2_PLACEMENT_3D ( 'NONE', #5149, #12008, #6141 ) ;
#9484 = CARTESIAN_POINT ( 'NONE',  ( -0.04291338582677176100, 0.007204724409448820400, 0.02460629921259828100 ) ) ;
#9485 = EDGE_CURVE ( 'NONE', #9104, #3852, #7940, .T. ) ;
#9486 = LENGTH_MEASURE_WITH_UNIT ( LENGTH_MEASURE( 0.02539999999999999900 ), #7325 );
#9487 =( NAMED_UNIT ( * ) SI_UNIT ( $, .STERADIAN. ) SOLID_ANGLE_UNIT ( ) );
#9488 = LINE ( 'NONE', #1259, #1963 ) ;
#9490 = FACE_OUTER_BOUND ( 'NONE', #4643, .T. ) ;
#9489 = DIRECTION ( 'NONE',  ( -1.000000000000000000, -0.0000000000000000000, 0.0000000000000000000 ) ) ;
#9491 = SURFACE_STYLE_FILL_AREA ( #3970 ) ;
#9492 = FACE_OUTER_BOUND ( 'NONE', #6216, .T. ) ;
#9493 = UNCERTAINTY_MEASURE_WITH_UNIT (LENGTH_MEASURE( 1.000000000000000100E-005 ), #5940, 'distance_accuracy_value', 'NONE');
#9494 = ORIENTED_EDGE ( 'NONE', *, *, #7420, .T. ) ;
#9495 = SURFACE_STYLE_USAGE ( .BOTH. , #2634 ) ;
#9496 = VECTOR ( 'NONE', #5763, 39.37007874015748100 ) ;
#9497 = DIRECTION ( 'NONE',  ( 0.0000000000000000000, 1.000000000000000000, -0.0000000000000000000 ) ) ;
#9498 = EDGE_CURVE ( 'NONE', #10335, #7, #180, .T. ) ;
#9499 = EDGE_CURVE ( 'NONE', #8778, #10513, #10276, .T. ) ;
#9500 = DIRECTION ( 'NONE',  ( 1.000000000000000000, -0.0000000000000000000, -3.549286997887197300E-015 ) ) ;
#9501 = EDGE_LOOP ( 'NONE', ( #885, #9743, #5336, #9172 ) ) ;
#9502 = CARTESIAN_POINT ( 'NONE',  ( -0.05905511811023581000, 0.0000000000000000000, -0.05905511811023662200 ) ) ;
#9503 = DIRECTION ( 'NONE',  ( 1.000000000000000000, -0.0000000000000000000, 5.588988455919166100E-015 ) ) ;
#9504 = STYLED_ITEM ( 'NONE', ( #3977 ), #6295 ) ;
#9505 = LINE ( 'NONE', #4205, #11787 ) ;
#9506 = LINE ( 'NONE', #4526, #11788 ) ;
#9507 =( LENGTH_UNIT ( ) NAMED_UNIT ( * ) SI_UNIT ( $, .METRE. ) );
#9508 = CIRCLE ( 'NONE', #8149, 0.007052567223509561600 ) ;
#9509 = PLANE ( 'NONE',  #9723 ) ;
#9510 =( NAMED_UNIT ( * ) PLANE_ANGLE_UNIT ( ) SI_UNIT ( $, .RADIAN. ) );
#9511 = LINE ( 'NONE', #1520, #12102 ) ;
#9512 = LINE ( 'NONE', #9386, #1700 ) ;
#9513 = SURFACE_SIDE_STYLE ('',( #11778 ) ) ;
#9514 = LENGTH_MEASURE_WITH_UNIT ( LENGTH_MEASURE( 0.02539999999999999900 ), #3238 );
#9515 = FILL_AREA_STYLE ('',( #6531 ) ) ;
#9516 = EDGE_CURVE ( 'NONE', #12616, #9090, #5051, .T. ) ;
#9517 = EDGE_CURVE ( 'NONE', #649, #6296, #12589, .T. ) ;
#9518 = ORIENTED_EDGE ( 'NONE', *, *, #11448, .T. ) ;
#9519 = VERTEX_POINT ( 'NONE', #3299 ) ;
#9520 = COLOUR_RGB ( '',0.3529411764705882000, 0.3529411764705882000, 0.3529411764705882000 ) ;
#9521 = VERTEX_POINT ( 'NONE', #11127 ) ;
#9522 = LINE ( 'NONE', #4978, #4285 ) ;
#9523 = SURFACE_STYLE_FILL_AREA ( #9814 ) ;
#9524 = COLOUR_RGB ( '',0.3490196078431372400, 0.3490196078431372400, 0.3490196078431372400 ) ;
#9525 = CARTESIAN_POINT ( 'NONE',  ( -0.04291338582677179500, -0.01693371115559762200, 0.03444881889763765800 ) ) ;
#9526 = CARTESIAN_POINT ( 'NONE',  ( 0.04291338582677164900, 0.001181102362204724400, 0.0000000000000000000 ) ) ;
#9527 = COLOUR_RGB ( '',0.2509803921568627400, 0.2509803921568627400, 0.2509803921568627400 ) ;
#9528 = DIRECTION ( 'NONE',  ( -1.000000000000000000, 0.0000000000000000000, -6.838402388021533300E-015 ) ) ;
#9529 = ORIENTED_EDGE ( 'NONE', *, *, #10837, .T. ) ;
#9530 = CARTESIAN_POINT ( 'NONE',  ( -0.05669291338582694400, 0.007204724409448820400, 0.04429133858267697600 ) ) ;
#9531 = FILL_AREA_STYLE_COLOUR ( '', #10559 ) ;
#9532 = PRESENTATION_STYLE_ASSIGNMENT (( #8436 ) ) ;
#9533 = LENGTH_MEASURE_WITH_UNIT ( LENGTH_MEASURE( 0.02539999999999999900 ), #610 );
#9534 = LENGTH_MEASURE_WITH_UNIT ( LENGTH_MEASURE( 0.02539999999999999900 ), #9682 );
#9535 = COLOUR_RGB ( '',0.9686274509803921600, 0.8784313725490196000, 0.5999999999999999800 ) ;
#9536 = FILL_AREA_STYLE_COLOUR ( '', #12061 ) ;
#9537 = ADVANCED_FACE ( 'NONE', ( #2152 ), #2217, .F. ) ;
#9539 = LENGTH_MEASURE_WITH_UNIT ( LENGTH_MEASURE( 0.02539999999999999900 ), #3717 );
#9538 = LINE ( 'NONE', #11901, #2009 ) ;
#9540 =( NAMED_UNIT ( * ) SI_UNIT ( $, .STERADIAN. ) SOLID_ANGLE_UNIT ( ) );
#9541 = CARTESIAN_POINT ( 'NONE',  ( 0.0000000000000000000, 0.0000000000000000000, 0.01476377952755892100 ) ) ;
#9542 = SURFACE_STYLE_USAGE ( .BOTH. , #2672 ) ;
#9543 = DIRECTION ( 'NONE',  ( -1.000000000000000000, -0.0000000000000000000, 0.0000000000000000000 ) ) ;
#9544 =( CONVERSION_BASED_UNIT ( 'INCH', #52 ) LENGTH_UNIT ( ) NAMED_UNIT ( #2081 ) );
#9545 = LENGTH_MEASURE_WITH_UNIT ( LENGTH_MEASURE( 0.02539999999999999900 ), #7804 );
#9546 = CARTESIAN_POINT ( 'NONE',  ( -0.05905511811023653200, 0.0000000000000000000, 0.04429133858267701700 ) ) ;
#9547 = PRESENTATION_STYLE_ASSIGNMENT (( #2487 ) ) ;
#9548 = LINE ( 'NONE', #9594, #1734 ) ;
#9549 = DIMENSIONAL_EXPONENTS ( 1.000000000000000000, 0.0000000000000000000, 0.0000000000000000000, 0.0000000000000000000, 0.0000000000000000000, 0.0000000000000000000, 0.0000000000000000000 ) ;
#9550 =( LENGTH_UNIT ( ) NAMED_UNIT ( * ) SI_UNIT ( $, .METRE. ) );
#9551 = LINE ( 'NONE', #2838, #2020 ) ;
#9552 = ORIENTED_EDGE ( 'NONE', *, *, #6608, .T. ) ;
#9553 =( NAMED_UNIT ( * ) SI_UNIT ( $, .STERADIAN. ) SOLID_ANGLE_UNIT ( ) );
#9554 = AXIS2_PLACEMENT_3D ( 'NONE', #11762, #5886, #53 ) ;
#9555 = ORIENTED_EDGE ( 'NONE', *, *, #12367, .F. ) ;
#9556 = UNCERTAINTY_MEASURE_WITH_UNIT (LENGTH_MEASURE( 1.000000000000000100E-005 ), #4065, 'distance_accuracy_value', 'NONE');
#9557 = CARTESIAN_POINT ( 'NONE',  ( -0.04494350380682998100, 0.05144373542619636000, -0.05199607103034015900 ) ) ;
#9558 = ORIENTED_EDGE ( 'NONE', *, *, #2423, .T. ) ;
#9559 = EDGE_CURVE ( 'NONE', #6761, #10402, #8738, .T. ) ;
#9560 = DIRECTION ( 'NONE',  ( 1.000000000000000000, 0.0000000000000000000, -0.0000000000000000000 ) ) ;
#9561 = CARTESIAN_POINT ( 'NONE',  ( 0.05669291338582684700, 0.007204724409448820400, 0.01476377952755886800 ) ) ;
#9562 = CARTESIAN_POINT ( 'NONE',  ( 0.04291338582677133000, 0.007204724409448820400, 0.02460629921260094900 ) ) ;
#9563 = LINE ( 'NONE', #3291, #11831 ) ;
#9564 = EDGE_CURVE ( 'NONE', #10627, #9884, #6126, .T. ) ;
#9565 = FACE_OUTER_BOUND ( 'NONE', #8225, .T. ) ;
#9566 = VECTOR ( 'NONE', #9050, 39.37007874015748100 ) ;
#9567 = COLOUR_RGB ( '',0.2509803921568627400, 0.2509803921568627400, 0.2509803921568627400 ) ;
#9568 = FILL_AREA_STYLE ('',( #2650 ) ) ;
#9569 = DIRECTION ( 'NONE',  ( 0.0000000000000000000, 1.000000000000000000, -0.0000000000000000000 ) ) ;
#9570 = DIMENSIONAL_EXPONENTS ( 1.000000000000000000, 0.0000000000000000000, 0.0000000000000000000, 0.0000000000000000000, 0.0000000000000000000, 0.0000000000000000000, 0.0000000000000000000 ) ;
#9571 = DIMENSIONAL_EXPONENTS ( 1.000000000000000000, 0.0000000000000000000, 0.0000000000000000000, 0.0000000000000000000, 0.0000000000000000000, 0.0000000000000000000, 0.0000000000000000000 ) ;
#9572 =( NAMED_UNIT ( * ) PLANE_ANGLE_UNIT ( ) SI_UNIT ( $, .RADIAN. ) );
#9573 = VERTEX_POINT ( 'NONE', #444 ) ;
#9574 = CARTESIAN_POINT ( 'NONE',  ( 0.02460629921259843400, 0.0000000000000000000, 0.0000000000000000000 ) ) ;
#9575 = STYLED_ITEM ( 'NONE', ( #1265 ), #9389 ) ;
#9576 =( GEOMETRIC_REPRESENTATION_CONTEXT ( 3 ) GLOBAL_UNCERTAINTY_ASSIGNED_CONTEXT ( ( #11170 ) ) GLOBAL_UNIT_ASSIGNED_CONTEXT ( ( #3827, #10656, #4807 ) ) REPRESENTATION_CONTEXT ( 'NONE', 'WORKASPACE' ) );
#9577 =( LENGTH_UNIT ( ) NAMED_UNIT ( * ) SI_UNIT ( $, .METRE. ) );
#9578 = LENGTH_MEASURE_WITH_UNIT ( LENGTH_MEASURE( 0.02539999999999999900 ), #8924 );
#9579 = CARTESIAN_POINT ( 'NONE',  ( 0.0000000000000000000, 0.004133858267716536200, 0.004921259842519482900 ) ) ;
#9580 = CARTESIAN_POINT ( 'NONE',  ( -0.04494350380682998100, 0.02755905511811023600, -0.05199607103034015900 ) ) ;
#9581 = DIRECTION ( 'NONE',  ( -3.513515725732651700E-015, 0.0000000000000000000, 1.000000000000000000 ) ) ;
#9582 = EDGE_CURVE ( 'NONE', #6436, #552, #965, .T. ) ;
#9583 = DIRECTION ( 'NONE',  ( -1.000000000000000000, 0.0000000000000000000, -6.838402388021533300E-015 ) ) ;
#9584 = FILL_AREA_STYLE ('',( #7431 ) ) ;
#9585 = ORIENTED_EDGE ( 'NONE', *, *, #1721, .T. ) ;
#9586 = EDGE_LOOP ( 'NONE', ( #11856, #11959, #882, #8399 ) ) ;
#9587 = SURFACE_STYLE_USAGE ( .BOTH. , #2713 ) ;
#9588 = COLOUR_RGB ( '',0.2509803921568627400, 0.2509803921568627400, 0.2509803921568627400 ) ;
#9589 = ORIENTED_EDGE ( 'NONE', *, *, #5192, .F. ) ;
#9590 = DIRECTION ( 'NONE',  ( -4.292739916162984100E-015, 0.0000000000000000000, -1.000000000000000000 ) ) ;
#9591 = DIRECTION ( 'NONE',  ( -1.000000000000000000, -0.0000000000000000000, 0.0000000000000000000 ) ) ;
#9592 = SURFACE_STYLE_USAGE ( .BOTH. , #2718 ) ;
#9593 = AXIS2_PLACEMENT_3D ( 'NONE', #7874, #2038, #8879 ) ;
#9594 = CARTESIAN_POINT ( 'NONE',  ( -0.05669291338582674300, 0.007204724409448820400, -0.01476377952755926100 ) ) ;
#9595 = AXIS2_PLACEMENT_3D ( 'NONE', #2493, #6470, #651 ) ;
#9596 = FILL_AREA_STYLE_COLOUR ( '', #7621 ) ;
#9597 = ORIENTED_EDGE ( 'NONE', *, *, #422, .T. ) ;
#9598 = ORIENTED_EDGE ( 'NONE', *, *, #1736, .F. ) ;
#9599 = LINE ( 'NONE', #3573, #4355 ) ;
#9600 = ORIENTED_EDGE ( 'NONE', *, *, #5250, .T. ) ;
#9601 = EDGE_CURVE ( 'NONE', #1707, #1358, #3548, .T. ) ;
#9602 = DIMENSIONAL_EXPONENTS ( 1.000000000000000000, 0.0000000000000000000, 0.0000000000000000000, 0.0000000000000000000, 0.0000000000000000000, 0.0000000000000000000, 0.0000000000000000000 ) ;
#9603 = ORIENTED_EDGE ( 'NONE', *, *, #7006, .F. ) ;
#9604 = COLOUR_RGB ( '',0.9686274509803921600, 0.8784313725490196000, 0.5999999999999999800 ) ;
#9605 = FILL_AREA_STYLE_COLOUR ( '', #11010 ) ;
#9606 = SURFACE_STYLE_USAGE ( .BOTH. , #2730 ) ;
#9607 = ADVANCED_FACE ( 'NONE', ( #663 ), #6327, .F. ) ;
#9608 = FILL_AREA_STYLE ('',( #2732 ) ) ;
#9609 = SURFACE_SIDE_STYLE ('',( #10406 ) ) ;
#9610 = STYLED_ITEM ( 'NONE', ( #6895 ), #5741 ) ;
#9611 = ORIENTED_EDGE ( 'NONE', *, *, #6543, .T. ) ;
#9612 = COLOUR_RGB ( '',0.3529411764705882000, 0.3529411764705882000, 0.3529411764705882000 ) ;
#9613 = ORIENTED_EDGE ( 'NONE', *, *, #5543, .F. ) ;
#9614 = UNCERTAINTY_MEASURE_WITH_UNIT (LENGTH_MEASURE( 1.000000000000000100E-005 ), #11764, 'distance_accuracy_value', 'NONE');
#9615 = ORIENTED_EDGE ( 'NONE', *, *, #11905, .F. ) ;
#9616 =( LENGTH_UNIT ( ) NAMED_UNIT ( * ) SI_UNIT ( $, .METRE. ) );
#9617 = ORIENTED_EDGE ( 'NONE', *, *, #4674, .T. ) ;
#9618 = FILL_AREA_STYLE_COLOUR ( '', #7544 ) ;
#9619 = PRESENTATION_LAYER_ASSIGNMENT (  '', '', ( #8917 ) ) ;
#9620 = STYLED_ITEM ( 'NONE', ( #7828 ), #620 ) ;
#9621 = FILL_AREA_STYLE ('',( #12528 ) ) ;
#9622 = ORIENTED_EDGE ( 'NONE', *, *, #2443, .T. ) ;
#9623 = DIRECTION ( 'NONE',  ( -0.0000000000000000000, -1.000000000000000000, -0.0000000000000000000 ) ) ;
#9624 = SURFACE_STYLE_FILL_AREA ( #4 ) ;
#9625 = FACE_OUTER_BOUND ( 'NONE', #2815, .T. ) ;
#9626 = FILL_AREA_STYLE ('',( #3794 ) ) ;
#9627 = VECTOR ( 'NONE', #8548, 39.37007874015748100 ) ;
#9628 = ORIENTED_EDGE ( 'NONE', *, *, #1635, .T. ) ;
#9629 =( NAMED_UNIT ( * ) PLANE_ANGLE_UNIT ( ) SI_UNIT ( $, .RADIAN. ) );
#9630 = LINE ( 'NONE', #3713, #2089 ) ;
#9631 = SURFACE_SIDE_STYLE ('',( #4320 ) ) ;
#9632 = VECTOR ( 'NONE', #3492, 39.37007874015748100 ) ;
#9633 = STYLED_ITEM ( 'NONE', ( #11306 ), #10161 ) ;
#9634 =( NAMED_UNIT ( * ) SI_UNIT ( $, .STERADIAN. ) SOLID_ANGLE_UNIT ( ) );
#9635 = SURFACE_STYLE_USAGE ( .BOTH. , #2763 ) ;
#9636 = CARTESIAN_POINT ( 'NONE',  ( -0.04291338582677180200, 0.007204724409448820400, 0.04429133858267702400 ) ) ;
#9637 = AXIS2_PLACEMENT_3D ( 'NONE', #1262, #8057, #2221 ) ;
#9638 = COLOUR_RGB ( '',0.3529411764705882000, 0.3529411764705882000, 0.3529411764705882000 ) ;
#9639 = EDGE_CURVE ( 'NONE', #361, #8895, #4616, .T. ) ;
#9640 = SURFACE_STYLE_USAGE ( .BOTH. , #2767 ) ;
#9641 = LINE ( 'NONE', #7040, #8209 ) ;
#9642 = LINE ( 'NONE', #12168, #1815 ) ;
#9643 = LINE ( 'NONE', #4243, #2105 ) ;
#9644 = SURFACE_STYLE_FILL_AREA ( #8127 ) ;
#9645 =( NAMED_UNIT ( * ) PLANE_ANGLE_UNIT ( ) SI_UNIT ( $, .RADIAN. ) );
#9646 = STYLED_ITEM ( 'NONE', ( #1049 ), #8991 ) ;
#9647 = CARTESIAN_POINT ( 'NONE',  ( 0.01476377952755945900, 0.001181102362204724400, 0.0000000000000000000 ) ) ;
#9648 = COLOUR_RGB ( '',0.9686274509803921600, 0.8784313725490196000, 0.5999999999999999800 ) ;
#9649 =( GEOMETRIC_REPRESENTATION_CONTEXT ( 3 ) GLOBAL_UNCERTAINTY_ASSIGNED_CONTEXT ( ( #8488 ) ) GLOBAL_UNIT_ASSIGNED_CONTEXT ( ( #3178, #10025, #4152 ) ) REPRESENTATION_CONTEXT ( 'NONE', 'WORKASPACE' ) );
#9650 = CARTESIAN_POINT ( 'NONE',  ( -0.05669291338582691700, 0.007204724409448820400, 0.03444881889763760200 ) ) ;
#9651 = VECTOR ( 'NONE', #9984, 39.37007874015748100 ) ;
#9652 = CARTESIAN_POINT ( 'NONE',  ( 0.05905511811023632400, 0.03149606299212598400, -0.01476377952755924700 ) ) ;
#9653 =( CONVERSION_BASED_UNIT ( 'INCH', #724 ) LENGTH_UNIT ( ) NAMED_UNIT ( #6579 ) );
#9654 = DIRECTION ( 'NONE',  ( 1.000000000000000000, -0.0000000000000000000, 4.040128209511325900E-015 ) ) ;
#9655 =( NAMED_UNIT ( * ) SI_UNIT ( $, .STERADIAN. ) SOLID_ANGLE_UNIT ( ) );
#9656 = LENGTH_MEASURE_WITH_UNIT ( LENGTH_MEASURE( 0.02539999999999999900 ), #2019 );
#9657 = PRESENTATION_STYLE_ASSIGNMENT (( #1132 ) ) ;
#9658 = LINE ( 'NONE', #8266, #6995 ) ;
#9659 = AXIS2_PLACEMENT_3D ( 'NONE', #7115, #1304, #8113 ) ;
#9660 = ORIENTED_EDGE ( 'NONE', *, *, #5414, .T. ) ;
#9661 = DIRECTION ( 'NONE',  ( -1.000000000000000000, 0.0000000000000000000, -5.588988455919166100E-015 ) ) ;
#9662 =( GEOMETRIC_REPRESENTATION_CONTEXT ( 3 ) GLOBAL_UNCERTAINTY_ASSIGNED_CONTEXT ( ( #10786 ) ) GLOBAL_UNIT_ASSIGNED_CONTEXT ( ( #5585, #12456, #6562 ) ) REPRESENTATION_CONTEXT ( 'NONE', 'WORKASPACE' ) );
#9663 = ADVANCED_FACE ( 'NONE', ( #12111 ), #8323, .F. ) ;
#9664 = ORIENTED_EDGE ( 'NONE', *, *, #6035, .T. ) ;
#9665 = FILL_AREA_STYLE ('',( #8655 ) ) ;
#9666 = CARTESIAN_POINT ( 'NONE',  ( -0.05669291338582691700, 0.001181102362204723500, 0.03444881889763761600 ) ) ;
#9667 = ORIENTED_EDGE ( 'NONE', *, *, #9916, .T. ) ;
#9668 = UNCERTAINTY_MEASURE_WITH_UNIT (LENGTH_MEASURE( 1.000000000000000100E-005 ), #6595, 'distance_accuracy_value', 'NONE');
#9669 = CARTESIAN_POINT ( 'NONE',  ( 0.004921259842519683200, 0.007204724409448820400, 0.05669291338582680600 ) ) ;
#9670 = COLOUR_RGB ( '',0.3529411764705882000, 0.3529411764705882000, 0.3529411764705882000 ) ;
#9671 = FILL_AREA_STYLE ('',( #12582 ) ) ;
#9672 = LINE ( 'NONE', #3103, #12265 ) ;
#9673 = DIRECTION ( 'NONE',  ( 0.0000000000000000000, -0.0000000000000000000, 1.000000000000000000 ) ) ;
#9674 = VECTOR ( 'NONE', #625, 39.37007874015748100 ) ;
#9675 = EDGE_CURVE ( 'NONE', #10826, #1155, #3378, .T. ) ;
#9676 = VECTOR ( 'NONE', #1102, 39.37007874015748100 ) ;
#9677 = CARTESIAN_POINT ( 'NONE',  ( 0.0000000000000000000, 0.004133858267716536200, 0.04291338582677167000 ) ) ;
#9678 = VECTOR ( 'NONE', #11142, 39.37007874015748100 ) ;
#9679 = VECTOR ( 'NONE', #641, 39.37007874015748100 ) ;
#9680 = FILL_AREA_STYLE_COLOUR ( '', #10086 ) ;
#9681 = PRESENTATION_LAYER_ASSIGNMENT (  '', '', ( #8325 ) ) ;
#9682 =( LENGTH_UNIT ( ) NAMED_UNIT ( * ) SI_UNIT ( $, .METRE. ) );
#9683 = FACE_OUTER_BOUND ( 'NONE', #3633, .T. ) ;
#9684 = ORIENTED_EDGE ( 'NONE', *, *, #1950, .F. ) ;
#9685 = ORIENTED_EDGE ( 'NONE', *, *, #2877, .F. ) ;
#9686 = DIRECTION ( 'NONE',  ( -1.000000000000000000, -0.0000000000000000000, 2.929742899324058200E-015 ) ) ;
#9687 = COLOUR_RGB ( '',0.3529411764705882000, 0.3529411764705882000, 0.3529411764705882000 ) ;
#9688 = COLOUR_RGB ( '',0.9686274509803921600, 0.8784313725490196000, 0.5999999999999999800 ) ;
#9689 =( NAMED_UNIT ( * ) PLANE_ANGLE_UNIT ( ) SI_UNIT ( $, .RADIAN. ) );
#9690 = FILL_AREA_STYLE_COLOUR ( '', #12678 ) ;
#9691 = CARTESIAN_POINT ( 'NONE',  ( -0.04494350380682998100, 0.05144373542619636000, -0.04494350380683059800 ) ) ;
#9692 = EDGE_CURVE ( 'NONE', #4203, #9818, #10871, .T. ) ;
#9693 = DIMENSIONAL_EXPONENTS ( 1.000000000000000000, 0.0000000000000000000, 0.0000000000000000000, 0.0000000000000000000, 0.0000000000000000000, 0.0000000000000000000, 0.0000000000000000000 ) ;
#9694 = EDGE_CURVE ( 'NONE', #6105, #4133, #807, .T. ) ;
#9695 = DIMENSIONAL_EXPONENTS ( 1.000000000000000000, 0.0000000000000000000, 0.0000000000000000000, 0.0000000000000000000, 0.0000000000000000000, 0.0000000000000000000, 0.0000000000000000000 ) ;
#9696 = EDGE_CURVE ( 'NONE', #8979, #2369, #3061, .T. ) ;
#9697 = COLOUR_RGB ( '',0.3529411764705882000, 0.3529411764705882000, 0.3529411764705882000 ) ;
#9698 =( LENGTH_UNIT ( ) NAMED_UNIT ( * ) SI_UNIT ( $, .METRE. ) );
#9699 =( LENGTH_UNIT ( ) NAMED_UNIT ( * ) SI_UNIT ( $, .METRE. ) );
#9700 = FILL_AREA_STYLE_COLOUR ( '', #9757 ) ;
#9701 = SURFACE_STYLE_FILL_AREA ( #10856 ) ;
#9702 = SURFACE_SIDE_STYLE ('',( #7466 ) ) ;
#9703 = DIRECTION ( 'NONE',  ( -4.292739916162992000E-015, 0.0000000000000000000, -1.000000000000000000 ) ) ;
#9704 = DIMENSIONAL_EXPONENTS ( 1.000000000000000000, 0.0000000000000000000, 0.0000000000000000000, 0.0000000000000000000, 0.0000000000000000000, 0.0000000000000000000, 0.0000000000000000000 ) ;
#9705 = LENGTH_MEASURE_WITH_UNIT ( LENGTH_MEASURE( 0.02539999999999999900 ), #12605 );
#9706 =( GEOMETRIC_REPRESENTATION_CONTEXT ( 3 ) GLOBAL_UNCERTAINTY_ASSIGNED_CONTEXT ( ( #3778 ) ) GLOBAL_UNIT_ASSIGNED_CONTEXT ( ( #3567, #10393, #4536 ) ) REPRESENTATION_CONTEXT ( 'NONE', 'WORKASPACE' ) );
#9707 = VERTEX_POINT ( 'NONE', #3513 ) ;
#9708 = LINE ( 'NONE', #3307, #7043 ) ;
#9709 = CARTESIAN_POINT ( 'NONE',  ( -0.01476377952755876700, -0.01693371115559762200, -0.04291338582677177400 ) ) ;
#9710 = SURFACE_STYLE_USAGE ( .BOTH. , #2839 ) ;
#9711 = EDGE_CURVE ( 'NONE', #4614, #7498, #10569, .T. ) ;
#9712 = CARTESIAN_POINT ( 'NONE',  ( -0.004921259842522329600, 0.0000000000000000000, 0.0000000000000000000 ) ) ;
#9713 =( NAMED_UNIT ( * ) PLANE_ANGLE_UNIT ( ) SI_UNIT ( $, .RADIAN. ) );
#9714 = VERTEX_POINT ( 'NONE', #8406 ) ;
#9715 = DIRECTION ( 'NONE',  ( 3.425378178171707600E-015, 0.0000000000000000000, 1.000000000000000000 ) ) ;
#9716 = VERTEX_POINT ( 'NONE', #2565 ) ;
#9717 = EDGE_LOOP ( 'NONE', ( #8296, #11296, #5925, #3607 ) ) ;
#9718 = EDGE_LOOP ( 'NONE', ( #2073, #9152, #2388, #5889 ) ) ;
#9719 = SURFACE_STYLE_USAGE ( .BOTH. , #2848 ) ;
#9720 = LINE ( 'NONE', #11032, #11994 ) ;
#9721 = AXIS2_PLACEMENT_3D ( 'NONE', #2531, #9390, #3529 ) ;
#9722 = COLOUR_RGB ( '',0.3529411764705882000, 0.3529411764705882000, 0.3529411764705882000 ) ;
#9723 = AXIS2_PLACEMENT_3D ( 'NONE', #7538, #1725, #8547 ) ;
#9724 = STYLED_ITEM ( 'NONE', ( #2832 ), #10847 ) ;
#9725 = DIMENSIONAL_EXPONENTS ( 1.000000000000000000, 0.0000000000000000000, 0.0000000000000000000, 0.0000000000000000000, 0.0000000000000000000, 0.0000000000000000000, 0.0000000000000000000 ) ;
#9726 = CARTESIAN_POINT ( 'NONE',  ( 0.05905511811023663600, 0.001181102362204723300, -0.05905511811023583100 ) ) ;
#9727 = SURFACE_STYLE_USAGE ( .BOTH. , #2853 ) ;
#9728 = ORIENTED_EDGE ( 'NONE', *, *, #10136, .T. ) ;
#9729 = ADVANCED_FACE ( 'NONE', ( #5348 ), #10362, .F. ) ;
#9730 =( LENGTH_UNIT ( ) NAMED_UNIT ( * ) SI_UNIT ( $, .METRE. ) );
#9731 = VERTEX_POINT ( 'NONE', #10394 ) ;
#9732 = DIRECTION ( 'NONE',  ( -1.000000000000000000, 0.0000000000000000000, 3.549286997887197300E-015 ) ) ;
#9733 = LINE ( 'NONE', #7636, #1894 ) ;
#9734 = DIRECTION ( 'NONE',  ( 1.000000000000000000, 0.0000000000000000000, -0.0000000000000000000 ) ) ;
#9735 =( GEOMETRIC_REPRESENTATION_CONTEXT ( 3 ) GLOBAL_UNCERTAINTY_ASSIGNED_CONTEXT ( ( #3887 ) ) GLOBAL_UNIT_ASSIGNED_CONTEXT ( ( #3043, #9904, #4020 ) ) REPRESENTATION_CONTEXT ( 'NONE', 'WORKASPACE' ) );
#9736 =( GEOMETRIC_REPRESENTATION_CONTEXT ( 3 ) GLOBAL_UNCERTAINTY_ASSIGNED_CONTEXT ( ( #12444 ) ) GLOBAL_UNIT_ASSIGNED_CONTEXT ( ( #7457, #1632, #8457 ) ) REPRESENTATION_CONTEXT ( 'NONE', 'WORKASPACE' ) );
#9737 = SURFACE_SIDE_STYLE ('',( #11560 ) ) ;
#9738 = EDGE_LOOP ( 'NONE', ( #5549, #10338, #1988, #4370 ) ) ;
#9739 =( NAMED_UNIT ( * ) PLANE_ANGLE_UNIT ( ) SI_UNIT ( $, .RADIAN. ) );
#9740 = ORIENTED_EDGE ( 'NONE', *, *, #8580, .F. ) ;
#9741 = ORIENTED_EDGE ( 'NONE', *, *, #5233, .F. ) ;
#9742 = ORIENTED_EDGE ( 'NONE', *, *, #9813, .F. ) ;
#9743 = ORIENTED_EDGE ( 'NONE', *, *, #10753, .T. ) ;
#9744 = DIRECTION ( 'NONE',  ( 4.195014234152112900E-015, 0.0000000000000000000, -1.000000000000000000 ) ) ;
#9745 = DIRECTION ( 'NONE',  ( -6.982962677686265900E-015, 0.0000000000000000000, 1.000000000000000000 ) ) ;
#9746 = EDGE_CURVE ( 'NONE', #11375, #10959, #4123, .T. ) ;
#9747 = EDGE_LOOP ( 'NONE', ( #10979, #7815, #8956, #7618 ) ) ;
#9748 =( NAMED_UNIT ( * ) SI_UNIT ( $, .STERADIAN. ) SOLID_ANGLE_UNIT ( ) );
#9749 = CARTESIAN_POINT ( 'NONE',  ( 0.0000000000000000000, 0.0000000000000000000, -0.004921259842521512500 ) ) ;
#9750 = PRESENTATION_LAYER_ASSIGNMENT (  '', '', ( #1648 ) ) ;
#9751 = DIRECTION ( 'NONE',  ( 0.0000000000000000000, 1.000000000000000000, 0.0000000000000000000 ) ) ;
#9752 =( GEOMETRIC_REPRESENTATION_CONTEXT ( 3 ) GLOBAL_UNCERTAINTY_ASSIGNED_CONTEXT ( ( #4079 ) ) GLOBAL_UNIT_ASSIGNED_CONTEXT ( ( #9446, #3593, #10426 ) ) REPRESENTATION_CONTEXT ( 'NONE', 'WORKASPACE' ) );
#9753 = ORIENTED_EDGE ( 'NONE', *, *, #6302, .F. ) ;
#9754 = LINE ( 'NONE', #9133, #4529 ) ;
#9755 = CARTESIAN_POINT ( 'NONE',  ( 0.02460629921260103600, 0.0000000000000000000, 0.0000000000000000000 ) ) ;
#9756 = CARTESIAN_POINT ( 'NONE',  ( -0.01476377952755877000, 0.0000000000000000000, -0.04291338582677177400 ) ) ;
#9757 = COLOUR_RGB ( '',0.2509803921568627400, 0.2509803921568627400, 0.2509803921568627400 ) ;
#9758 = PRESENTATION_STYLE_ASSIGNMENT (( #533 ) ) ;
#9759 = CARTESIAN_POINT ( 'NONE',  ( -0.05669291338582681900, 0.007204724409448820400, 0.004921259842519482900 ) ) ;
#9760 = ORIENTED_EDGE ( 'NONE', *, *, #5800, .F. ) ;
#9761 = EDGE_CURVE ( 'NONE', #3993, #4645, #9344, .T. ) ;
#9762 = FILL_AREA_STYLE ('',( #11675 ) ) ;
#9763 = CARTESIAN_POINT ( 'NONE',  ( -0.05905511811023581000, 0.03149606299212598400, -0.05905511811023642800 ) ) ;
#9764 = EDGE_LOOP ( 'NONE', ( #3900, #6997, #3837, #4018 ) ) ;
#9765 = ORIENTED_EDGE ( 'NONE', *, *, #10715, .F. ) ;
#9766 = CARTESIAN_POINT ( 'NONE',  ( 0.05905511811023642800, 0.03149606299212598400, -0.05905511811023583100 ) ) ;
#9767 = FILL_AREA_STYLE ('',( #5808 ) ) ;
#9768 = FACE_OUTER_BOUND ( 'NONE', #1908, .T. ) ;
#9769 =( CONVERSION_BASED_UNIT ( 'INCH', #7380 ) LENGTH_UNIT ( ) NAMED_UNIT ( #10304 ) );
#9770 = UNCERTAINTY_MEASURE_WITH_UNIT (LENGTH_MEASURE( 1.000000000000000100E-005 ), #940, 'distance_accuracy_value', 'NONE');
#9771 =( NAMED_UNIT ( * ) SI_UNIT ( $, .STERADIAN. ) SOLID_ANGLE_UNIT ( ) );
#9772 = VECTOR ( 'NONE', #6476, 39.37007874015748100 ) ;
#9773 = DIRECTION ( 'NONE',  ( -6.982962677686265900E-015, 0.0000000000000000000, 1.000000000000000000 ) ) ;
#9774 = LENGTH_MEASURE_WITH_UNIT ( LENGTH_MEASURE( 0.02539999999999999900 ), #7375 );
#9775 = FACE_OUTER_BOUND ( 'NONE', #6068, .T. ) ;
#9776 = PRESENTATION_STYLE_ASSIGNMENT (( #6307 ) ) ;
#9777 = UNCERTAINTY_MEASURE_WITH_UNIT (LENGTH_MEASURE( 1.000000000000000100E-005 ), #11248, 'distance_accuracy_value', 'NONE');
#9778 = FILL_AREA_STYLE ('',( #11614 ) ) ;
#9779 = ADVANCED_FACE ( 'NONE', ( #11644 ), #2652, .F. ) ;
#9780 =( NAMED_UNIT ( * ) PLANE_ANGLE_UNIT ( ) SI_UNIT ( $, .RADIAN. ) );
#9781 = ORIENTED_EDGE ( 'NONE', *, *, #8491, .T. ) ;
#9782 =( GEOMETRIC_REPRESENTATION_CONTEXT ( 3 ) GLOBAL_UNCERTAINTY_ASSIGNED_CONTEXT ( ( #5178 ) ) GLOBAL_UNIT_ASSIGNED_CONTEXT ( ( #6942, #1129, #7924 ) ) REPRESENTATION_CONTEXT ( 'NONE', 'WORKASPACE' ) );
#9783 =( GEOMETRIC_REPRESENTATION_CONTEXT ( 3 ) GLOBAL_UNCERTAINTY_ASSIGNED_CONTEXT ( ( #3166 ) ) GLOBAL_UNIT_ASSIGNED_CONTEXT ( ( #11556, #5684, #12554 ) ) REPRESENTATION_CONTEXT ( 'NONE', 'WORKASPACE' ) );
#9784 = SURFACE_STYLE_FILL_AREA ( #9072 ) ;
#9785 = LINE ( 'NONE', #6041, #2260 ) ;
#9786 = DIRECTION ( 'NONE',  ( 0.0000000000000000000, 1.000000000000000000, 0.0000000000000000000 ) ) ;
#9787 = ORIENTED_EDGE ( 'NONE', *, *, #7026, .T. ) ;
#9788 = LINE ( 'NONE', #12264, #11768 ) ;
#9789 = CARTESIAN_POINT ( 'NONE',  ( 0.004921259842519683200, -0.01693371115559762200, 0.05669291338582680600 ) ) ;
#9790 = LINE ( 'NONE', #4997, #9478 ) ;
#9791 = PLANE ( 'NONE',  #2587 ) ;
#9792 =( GEOMETRIC_REPRESENTATION_CONTEXT ( 3 ) GLOBAL_UNCERTAINTY_ASSIGNED_CONTEXT ( ( #9556 ) ) GLOBAL_UNIT_ASSIGNED_CONTEXT ( ( #4065, #10917, #5045 ) ) REPRESENTATION_CONTEXT ( 'NONE', 'WORKASPACE' ) );
#9793 = EDGE_LOOP ( 'NONE', ( #9684, #8183, #10344, #3107 ) ) ;
#9794 = EDGE_CURVE ( 'NONE', #12092, #3300, #315, .T. ) ;
#9795 =( LENGTH_UNIT ( ) NAMED_UNIT ( * ) SI_UNIT ( $, .METRE. ) );
#9796 = DIRECTION ( 'NONE',  ( 1.000000000000000000, 0.0000000000000000000, -0.0000000000000000000 ) ) ;
#9797 = VECTOR ( 'NONE', #8398, 39.37007874015748100 ) ;
#9798 = DIRECTION ( 'NONE',  ( -1.000000000000000000, -0.0000000000000000000, 2.929742899324058200E-015 ) ) ;
#9799 = ORIENTED_EDGE ( 'NONE', *, *, #2989, .T. ) ;
#9800 =( LENGTH_UNIT ( ) NAMED_UNIT ( * ) SI_UNIT ( $, .METRE. ) );
#9801 = LINE ( 'NONE', #889, #1969 ) ;
#9802 = COLOUR_RGB ( '',0.9686274509803921600, 0.8784313725490196000, 0.5999999999999999800 ) ;
#9803 =( GEOMETRIC_REPRESENTATION_CONTEXT ( 3 ) GLOBAL_UNCERTAINTY_ASSIGNED_CONTEXT ( ( #1224 ) ) GLOBAL_UNIT_ASSIGNED_CONTEXT ( ( #2414, #9262, #3409 ) ) REPRESENTATION_CONTEXT ( 'NONE', 'WORKASPACE' ) );
#9804 =( GEOMETRIC_REPRESENTATION_CONTEXT ( 3 ) GLOBAL_UNCERTAINTY_ASSIGNED_CONTEXT ( ( #9770 ) ) GLOBAL_UNIT_ASSIGNED_CONTEXT ( ( #940, #7728, #1890 ) ) REPRESENTATION_CONTEXT ( 'NONE', 'WORKASPACE' ) );
#9805 =( NAMED_UNIT ( * ) PLANE_ANGLE_UNIT ( ) SI_UNIT ( $, .RADIAN. ) );
#9806 = MECHANICAL_DESIGN_GEOMETRIC_PRESENTATION_REPRESENTATION (  '', ( #7795 ), #10453 ) ;
#9807 = FILL_AREA_STYLE ('',( #8804 ) ) ;
#9808 = ORIENTED_EDGE ( 'NONE', *, *, #564, .T. ) ;
#9809 = ORIENTED_EDGE ( 'NONE', *, *, #2731, .F. ) ;
#9810 = DIMENSIONAL_EXPONENTS ( 1.000000000000000000, 0.0000000000000000000, 0.0000000000000000000, 0.0000000000000000000, 0.0000000000000000000, 0.0000000000000000000, 0.0000000000000000000 ) ;
#9811 = SURFACE_STYLE_FILL_AREA ( #11162 ) ;
#9812 = DIRECTION ( 'NONE',  ( -1.180052651401704400E-013, -0.0000000000000000000, 1.000000000000000000 ) ) ;
#9813 = EDGE_CURVE ( 'NONE', #11569, #2918, #7771, .T. ) ;
#9814 = FILL_AREA_STYLE ('',( #8813 ) ) ;
#9815 = DIRECTION ( 'NONE',  ( -2.646153987744243500E-015, 0.0000000000000000000, 1.000000000000000000 ) ) ;
#9816 = UNCERTAINTY_MEASURE_WITH_UNIT (LENGTH_MEASURE( 1.000000000000000100E-005 ), #9081, 'distance_accuracy_value', 'NONE');
#9817 = ORIENTED_EDGE ( 'NONE', *, *, #9001, .T. ) ;
#9818 = VERTEX_POINT ( 'NONE', #11524 ) ;
#9819 =( GEOMETRIC_REPRESENTATION_CONTEXT ( 3 ) GLOBAL_UNCERTAINTY_ASSIGNED_CONTEXT ( ( #1435 ) ) GLOBAL_UNIT_ASSIGNED_CONTEXT ( ( #12632, #6745, #927 ) ) REPRESENTATION_CONTEXT ( 'NONE', 'WORKASPACE' ) );
#9820 = VERTEX_POINT ( 'NONE', #12513 ) ;
#9821 = DIMENSIONAL_EXPONENTS ( 1.000000000000000000, 0.0000000000000000000, 0.0000000000000000000, 0.0000000000000000000, 0.0000000000000000000, 0.0000000000000000000, 0.0000000000000000000 ) ;
#9822 = COLOUR_RGB ( '',0.3529411764705882000, 0.3529411764705882000, 0.3529411764705882000 ) ;
#9823 = VECTOR ( 'NONE', #17, 39.37007874015748100 ) ;
#9824 = CARTESIAN_POINT ( 'NONE',  ( 0.02460629921259844000, 0.0000000000000000000, 0.04291338582677166300 ) ) ;
#9825 = PRESENTATION_LAYER_ASSIGNMENT (  '', '', ( #9142 ) ) ;
#9826 = PRESENTATION_STYLE_ASSIGNMENT (( #8864 ) ) ;
#9827 = PLANE ( 'NONE',  #11687 ) ;
#9828 = FACE_OUTER_BOUND ( 'NONE', #9902, .T. ) ;
#9829 = ORIENTED_EDGE ( 'NONE', *, *, #3021, .F. ) ;
#9830 =( NAMED_UNIT ( * ) SI_UNIT ( $, .STERADIAN. ) SOLID_ANGLE_UNIT ( ) );
#9831 = DIRECTION ( 'NONE',  ( 1.180052651401704400E-013, 0.0000000000000000000, -1.000000000000000000 ) ) ;
#9832 = EDGE_CURVE ( 'NONE', #12410, #2266, #5188, .T. ) ;
#9833 = COLOUR_RGB ( '',0.3529411764705882000, 0.3529411764705882000, 0.3529411764705882000 ) ;
#9834 = DIRECTION ( 'NONE',  ( 6.838402388021533300E-015, 0.0000000000000000000, -1.000000000000000000 ) ) ;
#9835 = LENGTH_MEASURE_WITH_UNIT ( LENGTH_MEASURE( 0.02539999999999999900 ), #8855 );
#9836 = SURFACE_STYLE_USAGE ( .BOTH. , #2972 ) ;
#9837 =( GEOMETRIC_REPRESENTATION_CONTEXT ( 3 ) GLOBAL_UNCERTAINTY_ASSIGNED_CONTEXT ( ( #7167 ) ) GLOBAL_UNIT_ASSIGNED_CONTEXT ( ( #2138, #8974, #3121 ) ) REPRESENTATION_CONTEXT ( 'NONE', 'WORKASPACE' ) );
#9838 = DIMENSIONAL_EXPONENTS ( 1.000000000000000000, 0.0000000000000000000, 0.0000000000000000000, 0.0000000000000000000, 0.0000000000000000000, 0.0000000000000000000, 0.0000000000000000000 ) ;
#9839 =( NAMED_UNIT ( * ) PLANE_ANGLE_UNIT ( ) SI_UNIT ( $, .RADIAN. ) );
#9840 =( LENGTH_UNIT ( ) NAMED_UNIT ( * ) SI_UNIT ( $, .METRE. ) );
#9841 = CARTESIAN_POINT ( 'NONE',  ( -0.004921259842522287900, 0.007204724409448820400, 0.04291338582677168400 ) ) ;
#9842 = ADVANCED_FACE ( 'NONE', ( #10101 ), #804, .F. ) ;
#9843 = FACE_OUTER_BOUND ( 'NONE', #11731, .T. ) ;
#9844 = CARTESIAN_POINT ( 'NONE',  ( 0.0000000000000000000, 0.001181102362204724400, 0.04291338582677166300 ) ) ;
#9845 = CARTESIAN_POINT ( 'NONE',  ( 0.0000000000000000000, 0.0000000000000000000, -0.004921259842522247200 ) ) ;
#9846 = EDGE_CURVE ( 'NONE', #3636, #1013, #8865, .T. ) ;
#9847 = ORIENTED_EDGE ( 'NONE', *, *, #9230, .T. ) ;
#9848 = UNCERTAINTY_MEASURE_WITH_UNIT (LENGTH_MEASURE( 1.000000000000000100E-005 ), #3479, 'distance_accuracy_value', 'NONE');
#9849 = EDGE_CURVE ( 'NONE', #5122, #12183, #3973, .T. ) ;
#9850 = ORIENTED_EDGE ( 'NONE', *, *, #9901, .T. ) ;
#9851 = ORIENTED_EDGE ( 'NONE', *, *, #11206, .T. ) ;
#9852 =( LENGTH_UNIT ( ) NAMED_UNIT ( * ) SI_UNIT ( $, .METRE. ) );
#9853 =( NAMED_UNIT ( * ) PLANE_ANGLE_UNIT ( ) SI_UNIT ( $, .RADIAN. ) );
#9854 = LINE ( 'NONE', #1251, #7210 ) ;
#9855 = DIRECTION ( 'NONE',  ( 2.086075048549672200E-014, -0.0000000000000000000, -1.000000000000000000 ) ) ;
#9856 =( GEOMETRIC_REPRESENTATION_CONTEXT ( 3 ) GLOBAL_UNCERTAINTY_ASSIGNED_CONTEXT ( ( #12557 ) ) GLOBAL_UNIT_ASSIGNED_CONTEXT ( ( #3590, #10417, #4564 ) ) REPRESENTATION_CONTEXT ( 'NONE', 'WORKASPACE' ) );
#9857 =( NAMED_UNIT ( * ) SI_UNIT ( $, .STERADIAN. ) SOLID_ANGLE_UNIT ( ) );
#9858 =( NAMED_UNIT ( * ) PLANE_ANGLE_UNIT ( ) SI_UNIT ( $, .RADIAN. ) );
#9859 = UNCERTAINTY_MEASURE_WITH_UNIT (LENGTH_MEASURE( 1.000000000000000100E-005 ), #8163, 'distance_accuracy_value', 'NONE');
#9860 = CARTESIAN_POINT ( 'NONE',  ( 0.02460629921260094500, 0.004133858267716536200, 0.0000000000000000000 ) ) ;
#9861 = VERTEX_POINT ( 'NONE', #5724 ) ;
#9862 = LENGTH_MEASURE_WITH_UNIT ( LENGTH_MEASURE( 0.02539999999999999900 ), #12120 );
#9863 = AXIS2_PLACEMENT_3D ( 'NONE', #1018, #7806, #1972 ) ;
#9864 =( NAMED_UNIT ( * ) SI_UNIT ( $, .STERADIAN. ) SOLID_ANGLE_UNIT ( ) );
#9865 = EDGE_CURVE ( 'NONE', #5258, #10215, #11174, .T. ) ;
#9866 = COLOUR_RGB ( '',0.2509803921568627400, 0.2509803921568627400, 0.2509803921568627400 ) ;
#9867 = FILL_AREA_STYLE_COLOUR ( '', #8300 ) ;
#9868 =( CONVERSION_BASED_UNIT ( 'INCH', #6587 ) LENGTH_UNIT ( ) NAMED_UNIT ( #2339 ) );
#9869 =( GEOMETRIC_REPRESENTATION_CONTEXT ( 3 ) GLOBAL_UNCERTAINTY_ASSIGNED_CONTEXT ( ( #11265 ) ) GLOBAL_UNIT_ASSIGNED_CONTEXT ( ( #3976, #10812, #4955 ) ) REPRESENTATION_CONTEXT ( 'NONE', 'WORKASPACE' ) );
#9870 =( GEOMETRIC_REPRESENTATION_CONTEXT ( 3 ) GLOBAL_UNCERTAINTY_ASSIGNED_CONTEXT ( ( #6887 ) ) GLOBAL_UNIT_ASSIGNED_CONTEXT ( ( #4164, #11016, #5144 ) ) REPRESENTATION_CONTEXT ( 'NONE', 'WORKASPACE' ) );
#9871 = DIRECTION ( 'NONE',  ( 1.000000000000000000, 0.0000000000000000000, 0.0000000000000000000 ) ) ;
#9872 = ORIENTED_EDGE ( 'NONE', *, *, #999, .T. ) ;
#9873 = MECHANICAL_DESIGN_GEOMETRIC_PRESENTATION_REPRESENTATION (  '', ( #7863 ), #10522 ) ;
#9874 = ORIENTED_EDGE ( 'NONE', *, *, #2524, .F. ) ;
#9875 = CARTESIAN_POINT ( 'NONE',  ( 0.05669291338582671500, 0.0000000000000000000, -0.02460629921259862800 ) ) ;
#9876 = UNCERTAINTY_MEASURE_WITH_UNIT (LENGTH_MEASURE( 1.000000000000000100E-005 ), #12548, 'distance_accuracy_value', 'NONE');
#9877 = CARTESIAN_POINT ( 'NONE',  ( -0.02460629921259805500, 0.007204724409448820400, -0.05669291338582697200 ) ) ;
#9878 = DIRECTION ( 'NONE',  ( 1.000000000000000000, -0.0000000000000000000, 6.982962677686265900E-015 ) ) ;
#9879 =( LENGTH_UNIT ( ) NAMED_UNIT ( * ) SI_UNIT ( $, .METRE. ) );
#9880 = FILL_AREA_STYLE_COLOUR ( '', #11371 ) ;
#9881 = FILL_AREA_STYLE_COLOUR ( '', #1869 ) ;
#9882 = ORIENTED_EDGE ( 'NONE', *, *, #6169, .F. ) ;
#9883 = EDGE_LOOP ( 'NONE', ( #3059, #2045, #1416, #1976 ) ) ;
#9884 = VERTEX_POINT ( 'NONE', #4758 ) ;
#9885 = ORIENTED_EDGE ( 'NONE', *, *, #9075, .T. ) ;
#9886 = PLANE ( 'NONE',  #3052 ) ;
#9887 = AXIS2_PLACEMENT_3D ( 'NONE', #5630, #12500, #6611 ) ;
#9888 = MECHANICAL_DESIGN_GEOMETRIC_PRESENTATION_REPRESENTATION (  '', ( #7880 ), #10534 ) ;
#9889 = CARTESIAN_POINT ( 'NONE',  ( -0.05669291338582658400, 0.0000000000000000000, -0.004921259842522307000 ) ) ;
#9890 = DIRECTION ( 'NONE',  ( -1.000000000000000000, -0.0000000000000000000, -3.885242184870542000E-015 ) ) ;
#9891 = EDGE_CURVE ( 'NONE', #10652, #12321, #11489, .T. ) ;
#9892 = FILL_AREA_STYLE_COLOUR ( '', #12251 ) ;
#9893 = SURFACE_STYLE_USAGE ( .BOTH. , #3039 ) ;
#9894 = VERTEX_POINT ( 'NONE', #894 ) ;
#9895 = VECTOR ( 'NONE', #211, 39.37007874015748100 ) ;
#9896 = LINE ( 'NONE', #9291, #5898 ) ;
#9897 = PLANE ( 'NONE',  #5003 ) ;
#9898 = ORIENTED_EDGE ( 'NONE', *, *, #3007, .F. ) ;
#9899 = ADVANCED_FACE ( 'NONE', ( #6262 ), #2126, .T. ) ;
#9900 = CLOSED_SHELL ( 'NONE', ( #10289, #28, #820, #4947, #7428 ) ) ;
#9901 = EDGE_CURVE ( 'NONE', #4340, #5209, #12566, .T. ) ;
#9902 = EDGE_LOOP ( 'NONE', ( #9760, #4573, #5751, #6058 ) ) ;
#9903 = PRESENTATION_STYLE_ASSIGNMENT (( #815 ) ) ;
#9904 =( NAMED_UNIT ( * ) PLANE_ANGLE_UNIT ( ) SI_UNIT ( $, .RADIAN. ) );
#9905 = PRESENTATION_STYLE_ASSIGNMENT (( #8187 ) ) ;
#9906 =( NAMED_UNIT ( * ) SI_UNIT ( $, .STERADIAN. ) SOLID_ANGLE_UNIT ( ) );
#9907 =( GEOMETRIC_REPRESENTATION_CONTEXT ( 3 ) GLOBAL_UNCERTAINTY_ASSIGNED_CONTEXT ( ( #4540 ) ) GLOBAL_UNIT_ASSIGNED_CONTEXT ( ( #6415, #591, #7381 ) ) REPRESENTATION_CONTEXT ( 'NONE', 'WORKASPACE' ) );
#9908 = ORIENTED_EDGE ( 'NONE', *, *, #6763, .T. ) ;
#9909 = AXIS2_PLACEMENT_3D ( 'NONE', #1001, #7780, #1944 ) ;
#9910 = ADVANCED_FACE ( 'NONE', ( #4745 ), #4056, .T. ) ;
#9911 = LINE ( 'NONE', #2895, #12211 ) ;
#9912 = ORIENTED_EDGE ( 'NONE', *, *, #5964, .F. ) ;
#9913 = VECTOR ( 'NONE', #11500, 39.37007874015748100 ) ;
#9914 = SURFACE_SIDE_STYLE ('',( #11309 ) ) ;
#9915 = LINE ( 'NONE', #12231, #2091 ) ;
#9916 = EDGE_CURVE ( 'NONE', #3808, #3030, #3514, .T. ) ;
#9917 =( NAMED_UNIT ( * ) SI_UNIT ( $, .STERADIAN. ) SOLID_ANGLE_UNIT ( ) );
#9918 = EDGE_CURVE ( 'NONE', #6370, #7229, #938, .T. ) ;
#9919 = FILL_AREA_STYLE ('',( #6928 ) ) ;
#9920 = CARTESIAN_POINT ( 'NONE',  ( -0.04291338582677154500, -0.01693371115559762200, -0.03444881889763794900 ) ) ;
#9921 = ORIENTED_EDGE ( 'NONE', *, *, #9315, .T. ) ;
#9922 = DIRECTION ( 'NONE',  ( 1.000000000000000000, 0.0000000000000000000, 6.982962677686265900E-015 ) ) ;
#9923 = COLOUR_RGB ( '',0.2509803921568627400, 0.2509803921568627400, 0.2509803921568627400 ) ;
#9924 = DIMENSIONAL_EXPONENTS ( 1.000000000000000000, 0.0000000000000000000, 0.0000000000000000000, 0.0000000000000000000, 0.0000000000000000000, 0.0000000000000000000, 0.0000000000000000000 ) ;
#9925 = VECTOR ( 'NONE', #11059, 39.37007874015748100 ) ;
#9926 = UNCERTAINTY_MEASURE_WITH_UNIT (LENGTH_MEASURE( 1.000000000000000100E-005 ), #11441, 'distance_accuracy_value', 'NONE');
#9927 =( GEOMETRIC_REPRESENTATION_CONTEXT ( 3 ) GLOBAL_UNCERTAINTY_ASSIGNED_CONTEXT ( ( #9876 ) ) GLOBAL_UNIT_ASSIGNED_CONTEXT ( ( #12548, #6648, #839 ) ) REPRESENTATION_CONTEXT ( 'NONE', 'WORKASPACE' ) );
#9928 = DIRECTION ( 'NONE',  ( 4.406877378073675000E-017, 0.0000000000000000000, -1.000000000000000000 ) ) ;
#9929 =( NAMED_UNIT ( * ) PLANE_ANGLE_UNIT ( ) SI_UNIT ( $, .RADIAN. ) );
#9930 = AXIS2_PLACEMENT_3D ( 'NONE', #11079, #5211, #12066 ) ;
#9931 = DIRECTION ( 'NONE',  ( 0.7071067811865523500, 0.0000000000000000000, -0.7071067811865425800 ) ) ;
#9932 = CARTESIAN_POINT ( 'NONE',  ( 0.04291338582677179500, 0.001181102362204723500, 0.03444881889763764400 ) ) ;
#9933 = EDGE_CURVE ( 'NONE', #9471, #4685, #6093, .T. ) ;
#9934 = LENGTH_MEASURE_WITH_UNIT ( LENGTH_MEASURE( 0.02539999999999999900 ), #5253 );
#9935 = LENGTH_MEASURE_WITH_UNIT ( LENGTH_MEASURE( 0.02539999999999999900 ), #1702 );
#9936 = SURFACE_STYLE_FILL_AREA ( #3172 ) ;
#9937 =( CONVERSION_BASED_UNIT ( 'INCH', #8175 ) LENGTH_UNIT ( ) NAMED_UNIT ( #3812 ) );
#9938 = VECTOR ( 'NONE', #11552, 39.37007874015748100 ) ;
#9939 = SURFACE_STYLE_USAGE ( .BOTH. , #3082 ) ;
#9940 = LENGTH_MEASURE_WITH_UNIT ( LENGTH_MEASURE( 0.02539999999999999900 ), #9800 );
#9941 = DIMENSIONAL_EXPONENTS ( 1.000000000000000000, 0.0000000000000000000, 0.0000000000000000000, 0.0000000000000000000, 0.0000000000000000000, 0.0000000000000000000, 0.0000000000000000000 ) ;
#9942 = DIRECTION ( 'NONE',  ( -1.000000000000000000, 0.0000000000000000000, -5.743874480559907400E-015 ) ) ;
#9943 = VECTOR ( 'NONE', #9773, 39.37007874015748100 ) ;
#9944 =( LENGTH_UNIT ( ) NAMED_UNIT ( * ) SI_UNIT ( $, .METRE. ) );
#9945 = AXIS2_PLACEMENT_3D ( 'NONE', #12088, #6207, #373 ) ;
#9946 = AXIS2_PLACEMENT_3D ( 'NONE', #6400, #574, #7363 ) ;
#9947 = MECHANICAL_DESIGN_GEOMETRIC_PRESENTATION_REPRESENTATION (  '', ( #7937 ), #10601 ) ;
#9948 =( CONVERSION_BASED_UNIT ( 'INCH', #6767 ) LENGTH_UNIT ( ) NAMED_UNIT ( #4539 ) );
#9949 =( NAMED_UNIT ( * ) SI_UNIT ( $, .STERADIAN. ) SOLID_ANGLE_UNIT ( ) );
#9950 = SURFACE_STYLE_FILL_AREA ( #143 ) ;
#9951 = ORIENTED_EDGE ( 'NONE', *, *, #5957, .F. ) ;
#9952 = PRESENTATION_STYLE_ASSIGNMENT (( #11293 ) ) ;
#9953 = ORIENTED_EDGE ( 'NONE', *, *, #2691, .F. ) ;
#9954 = EDGE_CURVE ( 'NONE', #4457, #7182, #11008, .T. ) ;
#9955 = DIRECTION ( 'NONE',  ( -0.0000000000000000000, 0.0000000000000000000, -1.000000000000000000 ) ) ;
#9956 = LINE ( 'NONE', #7184, #12576 ) ;
#9957 = ORIENTED_EDGE ( 'NONE', *, *, #1633, .T. ) ;
#9958 = DIMENSIONAL_EXPONENTS ( 1.000000000000000000, 0.0000000000000000000, 0.0000000000000000000, 0.0000000000000000000, 0.0000000000000000000, 0.0000000000000000000, 0.0000000000000000000 ) ;
#9959 = SURFACE_STYLE_FILL_AREA ( #3750 ) ;
#9960 = LINE ( 'NONE', #2930, #12263 ) ;
#9961 =( NAMED_UNIT ( * ) SI_UNIT ( $, .STERADIAN. ) SOLID_ANGLE_UNIT ( ) );
#9962 = CARTESIAN_POINT ( 'NONE',  ( 0.0000000000000000000, 0.0000000000000000000, -0.02272557806252480100 ) ) ;
#9963 = MECHANICAL_DESIGN_GEOMETRIC_PRESENTATION_REPRESENTATION (  '', ( #8640 ), #10615 ) ;
#9964 = MECHANICAL_DESIGN_GEOMETRIC_PRESENTATION_REPRESENTATION (  '', ( #7953 ), #10616 ) ;
#9965 =( NAMED_UNIT ( * ) PLANE_ANGLE_UNIT ( ) SI_UNIT ( $, .RADIAN. ) );
#9966 =( GEOMETRIC_REPRESENTATION_CONTEXT ( 3 ) GLOBAL_UNCERTAINTY_ASSIGNED_CONTEXT ( ( #2055 ) ) GLOBAL_UNIT_ASSIGNED_CONTEXT ( ( #3076, #9929, #4052 ) ) REPRESENTATION_CONTEXT ( 'NONE', 'WORKASPACE' ) );
#9967 = CARTESIAN_POINT ( 'NONE',  ( -0.01091455444047724800, 0.003937007874015750600, -0.02272557806252472500 ) ) ;
#9968 =( LENGTH_UNIT ( ) NAMED_UNIT ( * ) SI_UNIT ( $, .METRE. ) );
#9969 = LINE ( 'NONE', #10048, #2455 ) ;
#9970 = FILL_AREA_STYLE_COLOUR ( '', #5861 ) ;
#9971 = VECTOR ( 'NONE', #2307, 39.37007874015748100 ) ;
#9972 = ADVANCED_FACE ( 'NONE', ( #631 ), #230, .F. ) ;
#9973 = LINE ( 'NONE', #924, #7332 ) ;
#9974 = EDGE_CURVE ( 'NONE', #12578, #1041, #9488, .T. ) ;
#9975 = LENGTH_MEASURE_WITH_UNIT ( LENGTH_MEASURE( 0.02539999999999999900 ), #9057 );
#9976 =( LENGTH_UNIT ( ) NAMED_UNIT ( * ) SI_UNIT ( $, .METRE. ) );
#9977 =( LENGTH_UNIT ( ) NAMED_UNIT ( * ) SI_UNIT ( $, .METRE. ) );
#9978 = PLANE ( 'NONE',  #4719 ) ;
#9979 = MECHANICAL_DESIGN_GEOMETRIC_PRESENTATION_REPRESENTATION (  '', ( #7975 ), #10635 ) ;
#9980 = DIRECTION ( 'NONE',  ( 0.0000000000000000000, 0.0000000000000000000, -1.000000000000000000 ) ) ;
#9981 = VECTOR ( 'NONE', #6220, 39.37007874015748100 ) ;
#9982 = UNCERTAINTY_MEASURE_WITH_UNIT (LENGTH_MEASURE( 1.000000000000000100E-005 ), #5797, 'distance_accuracy_value', 'NONE');
#9983 = FACE_OUTER_BOUND ( 'NONE', #6847, .T. ) ;
#9984 = DIRECTION ( 'NONE',  ( -1.000000000000000000, -0.0000000000000000000, 0.0000000000000000000 ) ) ;
#9985 = ORIENTED_EDGE ( 'NONE', *, *, #12577, .F. ) ;
#9986 = CARTESIAN_POINT ( 'NONE',  ( -0.04494350380682998100, 0.02755905511811023600, -0.04494350380683059800 ) ) ;
#9987 = EDGE_CURVE ( 'NONE', #8025, #10730, #4590, .T. ) ;
#9988 = COLOUR_RGB ( '',0.2509803921568627400, 0.2509803921568627400, 0.2509803921568627400 ) ;
#9989 = ORIENTED_EDGE ( 'NONE', *, *, #11752, .T. ) ;
#9990 = SURFACE_STYLE_FILL_AREA ( #8196 ) ;
#9991 = MECHANICAL_DESIGN_GEOMETRIC_PRESENTATION_REPRESENTATION (  '', ( #7987 ), #10649 ) ;
#9992 =( NAMED_UNIT ( * ) PLANE_ANGLE_UNIT ( ) SI_UNIT ( $, .RADIAN. ) );
#9993 =( GEOMETRIC_REPRESENTATION_CONTEXT ( 3 ) GLOBAL_UNCERTAINTY_ASSIGNED_CONTEXT ( ( #2599 ) ) GLOBAL_UNIT_ASSIGNED_CONTEXT ( ( #10542, #4694, #11545 ) ) REPRESENTATION_CONTEXT ( 'NONE', 'WORKASPACE' ) );
#9994 = UNCERTAINTY_MEASURE_WITH_UNIT (LENGTH_MEASURE( 1.000000000000000100E-005 ), #7455, 'distance_accuracy_value', 'NONE');
#9995 =( NAMED_UNIT ( * ) PLANE_ANGLE_UNIT ( ) SI_UNIT ( $, .RADIAN. ) );
#9996 = PLANE ( 'NONE',  #11834 ) ;
#9997 = ORIENTED_EDGE ( 'NONE', *, *, #2731, .T. ) ;
#9998 = ORIENTED_EDGE ( 'NONE', *, *, #12306, .T. ) ;
#9999 = ORIENTED_EDGE ( 'NONE', *, *, #11359, .F. ) ;
#10000 = SURFACE_STYLE_USAGE ( .BOTH. , #3149 ) ;
#10001 = CARTESIAN_POINT ( 'NONE',  ( -0.004921259842519381400, 0.007204724409448820400, -0.04291338582677169100 ) ) ;
#10002 = CARTESIAN_POINT ( 'NONE',  ( 0.02460629921259852700, 0.0000000000000000000, 0.05905511811023639300 ) ) ;
#10003 =( GEOMETRIC_REPRESENTATION_CONTEXT ( 3 ) GLOBAL_UNCERTAINTY_ASSIGNED_CONTEXT ( ( #1659 ) ) GLOBAL_UNIT_ASSIGNED_CONTEXT ( ( #11623, #5749, #12615 ) ) REPRESENTATION_CONTEXT ( 'NONE', 'WORKASPACE' ) );
#10004 = VECTOR ( 'NONE', #179, 39.37007874015748100 ) ;
#10005 = PRESENTATION_LAYER_ASSIGNMENT (  '', '', ( #8688 ) ) ;
#10006 = CARTESIAN_POINT ( 'NONE',  ( -0.05905511811023581000, 0.03149606299212598400, -0.05905511811023662200 ) ) ;
#10007 = VERTEX_POINT ( 'NONE', #271 ) ;
#10008 =( CONVERSION_BASED_UNIT ( 'INCH', #5391 ) LENGTH_UNIT ( ) NAMED_UNIT ( #2735 ) );
#10009 = PLANE ( 'NONE',  #6873 ) ;
#10010 = ORIENTED_EDGE ( 'NONE', *, *, #10441, .T. ) ;
#10011 = FILL_AREA_STYLE_COLOUR ( '', #7942 ) ;
#10012 = ORIENTED_EDGE ( 'NONE', *, *, #5493, .T. ) ;
#10013 = ORIENTED_EDGE ( 'NONE', *, *, #7157, .T. ) ;
#10014 = LINE ( 'NONE', #4780, #4821 ) ;
#10015 = AXIS2_PLACEMENT_3D ( 'NONE', #10619, #4764, #11608 ) ;
#10016 =( NAMED_UNIT ( * ) SI_UNIT ( $, .STERADIAN. ) SOLID_ANGLE_UNIT ( ) );
#10017 = PRESENTATION_LAYER_ASSIGNMENT (  '', '', ( #8698 ) ) ;
#10018 = CARTESIAN_POINT ( 'NONE',  ( 0.004921259842519683200, 0.004133858267716536200, 0.0000000000000000000 ) ) ;
#10019 = MECHANICAL_DESIGN_GEOMETRIC_PRESENTATION_REPRESENTATION (  '', ( #8020 ), #10675 ) ;
#10020 = SURFACE_SIDE_STYLE ('',( #9936 ) ) ;
#10021 =( NAMED_UNIT ( * ) PLANE_ANGLE_UNIT ( ) SI_UNIT ( $, .RADIAN. ) );
#10022 = EDGE_CURVE ( 'NONE', #6347, #4819, #12080, .T. ) ;
#10023 = ORIENTED_EDGE ( 'NONE', *, *, #9582, .F. ) ;
#10024 = ORIENTED_EDGE ( 'NONE', *, *, #563, .F. ) ;
#10025 =( NAMED_UNIT ( * ) PLANE_ANGLE_UNIT ( ) SI_UNIT ( $, .RADIAN. ) );
#10026 = ORIENTED_EDGE ( 'NONE', *, *, #5133, .T. ) ;
#10027 =( CONVERSION_BASED_UNIT ( 'INCH', #3531 ) LENGTH_UNIT ( ) NAMED_UNIT ( #5281 ) );
#10028 = ORIENTED_EDGE ( 'NONE', *, *, #4053, .F. ) ;
#10029 = ORIENTED_EDGE ( 'NONE', *, *, #6842, .T. ) ;
#10030 = ADVANCED_FACE ( 'NONE', ( #9165 ), #11036, .F. ) ;
#10031 = MECHANICAL_DESIGN_GEOMETRIC_PRESENTATION_REPRESENTATION (  '', ( #8030 ), #10686 ) ;
#10032 = ORIENTED_EDGE ( 'NONE', *, *, #5280, .T. ) ;
#10033 = MECHANICAL_DESIGN_GEOMETRIC_PRESENTATION_REPRESENTATION (  '', ( #8033 ), #10687 ) ;
#10034 = PRESENTATION_LAYER_ASSIGNMENT (  '', '', ( #8721 ) ) ;
#10035 = CARTESIAN_POINT ( 'NONE',  ( 0.0000000000000000000, 0.001181102362204724400, -0.03444881889763795600 ) ) ;
#10036 = DIRECTION ( 'NONE',  ( -1.000000000000000000, -0.0000000000000000000, 2.774856874683270000E-015 ) ) ;
#10037 = CARTESIAN_POINT ( 'NONE',  ( -0.01476377952755877000, 0.004133858267716536200, -0.04291338582677178100 ) ) ;
#10038 =( LENGTH_UNIT ( ) NAMED_UNIT ( * ) SI_UNIT ( $, .METRE. ) );
#10039 = ORIENTED_EDGE ( 'NONE', *, *, #8596, .F. ) ;
#10040 = ORIENTED_EDGE ( 'NONE', *, *, #2877, .T. ) ;
#10041 = CARTESIAN_POINT ( 'NONE',  ( -0.02272557806252456900, 0.0000000000000000000, 0.0000000000000000000 ) ) ;
#10042 = SURFACE_STYLE_FILL_AREA ( #12644 ) ;
#10043 = VECTOR ( 'NONE', #3428, 39.37007874015748100 ) ;
#10044 =( CONVERSION_BASED_UNIT ( 'INCH', #7194 ) LENGTH_UNIT ( ) NAMED_UNIT ( #1078 ) );
#10045 =( NAMED_UNIT ( * ) PLANE_ANGLE_UNIT ( ) SI_UNIT ( $, .RADIAN. ) );
#10046 = DIMENSIONAL_EXPONENTS ( 1.000000000000000000, 0.0000000000000000000, 0.0000000000000000000, 0.0000000000000000000, 0.0000000000000000000, 0.0000000000000000000, 0.0000000000000000000 ) ;
#10047 = ORIENTED_EDGE ( 'NONE', *, *, #65, .T. ) ;
#10048 = CARTESIAN_POINT ( 'NONE',  ( 0.05669291338582692400, 0.001181102362204723300, 0.03444881889763761600 ) ) ;
#10049 = MECHANICAL_DESIGN_GEOMETRIC_PRESENTATION_REPRESENTATION (  '', ( #8046 ), #10707 ) ;
#10050 = AXIS2_PLACEMENT_3D ( 'NONE', #996, #7774, #1935 ) ;
#10051 = CARTESIAN_POINT ( 'NONE',  ( -0.05905511811023603200, 0.0000000000000000000, -0.02460629921260043500 ) ) ;
#10052 =( NAMED_UNIT ( * ) PLANE_ANGLE_UNIT ( ) SI_UNIT ( $, .RADIAN. ) );
#10053 = VERTEX_POINT ( 'NONE', #5210 ) ;
#10054 = DIRECTION ( 'NONE',  ( 0.0000000000000000000, -0.0000000000000000000, 1.000000000000000000 ) ) ;
#10055 = PRESENTATION_STYLE_ASSIGNMENT (( #11639 ) ) ;
#10056 = CARTESIAN_POINT ( 'NONE',  ( 0.05905511811023597000, 0.001181102362204724200, 0.03444881889763799800 ) ) ;
#10057 = SURFACE_STYLE_USAGE ( .BOTH. , #3210 ) ;
#10058 = DIMENSIONAL_EXPONENTS ( 1.000000000000000000, 0.0000000000000000000, 0.0000000000000000000, 0.0000000000000000000, 0.0000000000000000000, 0.0000000000000000000, 0.0000000000000000000 ) ;
#10059 = CARTESIAN_POINT ( 'NONE',  ( -0.05669291338582667400, 0.007204724409448820400, -0.03444881889763801200 ) ) ;
#10060 = ORIENTED_EDGE ( 'NONE', *, *, #6287, .T. ) ;
#10061 = SURFACE_SIDE_STYLE ('',( #5473 ) ) ;
#10062 = SURFACE_STYLE_USAGE ( .BOTH. , #3214 ) ;
#10063 =( NAMED_UNIT ( * ) PLANE_ANGLE_UNIT ( ) SI_UNIT ( $, .RADIAN. ) );
#10064 = MECHANICAL_DESIGN_GEOMETRIC_PRESENTATION_REPRESENTATION (  '', ( #8751 ), #10722 ) ;
#10065 = SURFACE_STYLE_USAGE ( .BOTH. , #3219 ) ;
#10066 =( GEOMETRIC_REPRESENTATION_CONTEXT ( 3 ) GLOBAL_UNCERTAINTY_ASSIGNED_CONTEXT ( ( #12661 ) ) GLOBAL_UNIT_ASSIGNED_CONTEXT ( ( #7262, #1442, #8257 ) ) REPRESENTATION_CONTEXT ( 'NONE', 'WORKASPACE' ) );
#10067 =( NAMED_UNIT ( * ) PLANE_ANGLE_UNIT ( ) SI_UNIT ( $, .RADIAN. ) );
#10068 = ORIENTED_EDGE ( 'NONE', *, *, #4053, .T. ) ;
#10069 = CARTESIAN_POINT ( 'NONE',  ( -0.05669291338582694400, 0.007204724409448820400, 0.04429133858267697600 ) ) ;
#10070 =( NAMED_UNIT ( * ) SI_UNIT ( $, .STERADIAN. ) SOLID_ANGLE_UNIT ( ) );
#10071 = SURFACE_STYLE_FILL_AREA ( #11217 ) ;
#10072 = EDGE_CURVE ( 'NONE', #2948, #4614, #3033, .T. ) ;
#10073 = ORIENTED_EDGE ( 'NONE', *, *, #3330, .F. ) ;
#10074 =( GEOMETRIC_REPRESENTATION_CONTEXT ( 3 ) GLOBAL_UNCERTAINTY_ASSIGNED_CONTEXT ( ( #5240 ) ) GLOBAL_UNIT_ASSIGNED_CONTEXT ( ( #9221, #3361, #10213 ) ) REPRESENTATION_CONTEXT ( 'NONE', 'WORKASPACE' ) );
#10075 = DIRECTION ( 'NONE',  ( 0.0000000000000000000, -0.0000000000000000000, 1.000000000000000000 ) ) ;
#10076 = SURFACE_STYLE_FILL_AREA ( #2067 ) ;
#10077 =( CONVERSION_BASED_UNIT ( 'INCH', #9514 ) LENGTH_UNIT ( ) NAMED_UNIT ( #1732 ) );
#10078 = FILL_AREA_STYLE_COLOUR ( '', #11698 ) ;
#10079 = CARTESIAN_POINT ( 'NONE',  ( -0.04291338582677181600, 0.0000000000000000000, 0.0000000000000000000 ) ) ;
#10080 = EDGE_CURVE ( 'NONE', #12652, #8979, #454, .T. ) ;
#10081 = VECTOR ( 'NONE', #10890, 39.37007874015748100 ) ;
#10082 = SURFACE_STYLE_USAGE ( .BOTH. , #3241 ) ;
#10083 = EDGE_LOOP ( 'NONE', ( #866, #4528, #743, #8727 ) ) ;
#10084 = CARTESIAN_POINT ( 'NONE',  ( 0.04291338582677144100, 0.001181102362204723500, 0.02460629921260094900 ) ) ;
#10085 = SURFACE_SIDE_STYLE ('',( #2638 ) ) ;
#10086 = COLOUR_RGB ( '',0.9686274509803921600, 0.8784313725490196000, 0.5999999999999999800 ) ;
#10087 = LENGTH_MEASURE_WITH_UNIT ( LENGTH_MEASURE( 0.02539999999999999900 ), #11418 );
#10088 = AXIS2_PLACEMENT_3D ( 'NONE', #1363, #8172, #2333 ) ;
#10089 = ADVANCED_FACE ( 'NONE', ( #140 ), #2305, .F. ) ;
#10090 = PLANE ( 'NONE',  #11020 ) ;
#10091 = LINE ( 'NONE', #3789, #2588 ) ;
#10092 = STYLED_ITEM ( 'NONE', ( #5629 ), #1497 ) ;
#10093 =( CONVERSION_BASED_UNIT ( 'INCH', #1255 ) LENGTH_UNIT ( ) NAMED_UNIT ( #8776 ) );
#10094 = EDGE_CURVE ( 'NONE', #4685, #4512, #4093, .T. ) ;
#10095 = ORIENTED_EDGE ( 'NONE', *, *, #6151, .T. ) ;
#10096 = EDGE_LOOP ( 'NONE', ( #1774, #3616, #1306, #9872 ) ) ;
#10097 = SURFACE_STYLE_FILL_AREA ( #6756 ) ;
#10098 = CARTESIAN_POINT ( 'NONE',  ( 0.0000000000000000000, 0.0000000000000000000, 0.0000000000000000000 ) ) ;
#10099 =( NAMED_UNIT ( * ) SI_UNIT ( $, .STERADIAN. ) SOLID_ANGLE_UNIT ( ) );
#10100 = CARTESIAN_POINT ( 'NONE',  ( -0.05905511811023663600, 0.0000000000000000000, 0.05905511811023582400 ) ) ;
#10101 = FACE_OUTER_BOUND ( 'NONE', #2278, .T. ) ;
#10102 = LENGTH_MEASURE_WITH_UNIT ( LENGTH_MEASURE( 0.02539999999999999900 ), #7126 );
#10103 = VECTOR ( 'NONE', #3333, 39.37007874015748100 ) ;
#10104 = CARTESIAN_POINT ( 'NONE',  ( 0.02460629921260094500, 0.0000000000000000000, -0.04291338582677140700 ) ) ;
#10105 =( CONVERSION_BASED_UNIT ( 'INCH', #3747 ) LENGTH_UNIT ( ) NAMED_UNIT ( #3686 ) );
#10106 = LENGTH_MEASURE_WITH_UNIT ( LENGTH_MEASURE( 0.02539999999999999900 ), #4199 );
#10107 = SURFACE_STYLE_USAGE ( .BOTH. , #3264 ) ;
#10108 = CARTESIAN_POINT ( 'NONE',  ( 0.004921259842519683200, 0.0000000000000000000, 0.05669291338582680600 ) ) ;
#10109 = LENGTH_MEASURE_WITH_UNIT ( LENGTH_MEASURE( 0.02539999999999999900 ), #3444 );
#10110 = LENGTH_MEASURE_WITH_UNIT ( LENGTH_MEASURE( 0.02539999999999999900 ), #11310 );
#10111 = MECHANICAL_DESIGN_GEOMETRIC_PRESENTATION_REPRESENTATION (  '', ( #8114 ), #10762 ) ;
#10112 = MECHANICAL_DESIGN_GEOMETRIC_PRESENTATION_REPRESENTATION (  '', ( #8116 ), #10764 ) ;
#10113 = PRESENTATION_LAYER_ASSIGNMENT (  '', '', ( #8793 ) ) ;
#10114 =( LENGTH_UNIT ( ) NAMED_UNIT ( * ) SI_UNIT ( $, .METRE. ) );
#10115 = VECTOR ( 'NONE', #6044, 39.37007874015748100 ) ;
#10116 = DIRECTION ( 'NONE',  ( -0.0000000000000000000, 0.0000000000000000000, 1.000000000000000000 ) ) ;
#10117 = FACE_BOUND ( 'NONE', #5694, .T. ) ;
#10118 = ORIENTED_EDGE ( 'NONE', *, *, #7672, .F. ) ;
#10119 = SURFACE_STYLE_FILL_AREA ( #8485 ) ;
#10120 = ORIENTED_EDGE ( 'NONE', *, *, #11662, .F. ) ;
#10121 = CLOSED_SHELL ( 'NONE', ( #11187, #2649, #3424, #2444, #7365, #626 ) ) ;
#10122 =( CONVERSION_BASED_UNIT ( 'INCH', #2561 ) LENGTH_UNIT ( ) NAMED_UNIT ( #6971 ) );
#10123 = ORIENTED_EDGE ( 'NONE', *, *, #742, .T. ) ;
#10124 = VECTOR ( 'NONE', #3185, 39.37007874015748100 ) ;
#10125 = DIRECTION ( 'NONE',  ( 1.000000000000000000, 0.0000000000000000000, 6.766122243189165800E-015 ) ) ;
#10126 = ORIENTED_EDGE ( 'NONE', *, *, #7965, .F. ) ;
#10127 = DIRECTION ( 'NONE',  ( 1.000000000000000000, -0.0000000000000000000, 3.513515725732651700E-015 ) ) ;
#10128 = CARTESIAN_POINT ( 'NONE',  ( -0.004921259842519356200, 0.001181102362204723500, -0.04291338582677169800 ) ) ;
#10129 =( CONVERSION_BASED_UNIT ( 'INCH', #8989 ) LENGTH_UNIT ( ) NAMED_UNIT ( #4017 ) );
#10130 = STYLED_ITEM ( 'NONE', ( #4110 ), #3814 ) ;
#10131 = VECTOR ( 'NONE', #7620, 39.37007874015748100 ) ;
#10132 = STYLED_ITEM ( 'NONE', ( #9657 ), #9910 ) ;
#10133 = PRESENTATION_LAYER_ASSIGNMENT (  '', '', ( #8810 ) ) ;
#10134 = SURFACE_STYLE_FILL_AREA ( #4656 ) ;
#10135 = CARTESIAN_POINT ( 'NONE',  ( 0.02460629921260102200, 0.007204724409448820400, -0.05669291338582619500 ) ) ;
#10136 = EDGE_CURVE ( 'NONE', #8514, #8792, #11924, .T. ) ;
#10137 = CARTESIAN_POINT ( 'NONE',  ( -0.02460629921259813200, -0.01693371115559762200, -0.04291338582677183700 ) ) ;
#10138 = UNCERTAINTY_MEASURE_WITH_UNIT (LENGTH_MEASURE( 1.000000000000000100E-005 ), #5596, 'distance_accuracy_value', 'NONE');
#10139 = EDGE_CURVE ( 'NONE', #10892, #3781, #6696, .T. ) ;
#10140 = PRESENTATION_STYLE_ASSIGNMENT (( #9047 ) ) ;
#10141 = FILL_AREA_STYLE_COLOUR ( '', #2951 ) ;
#10142 = COLOUR_RGB ( '',0.3529411764705882000, 0.3529411764705882000, 0.3529411764705882000 ) ;
#10143 = EDGE_CURVE ( 'NONE', #9716, #11596, #8994, .T. ) ;
#10144 = VECTOR ( 'NONE', #4811, 39.37007874015748100 ) ;
#10145 = LENGTH_MEASURE_WITH_UNIT ( LENGTH_MEASURE( 0.02539999999999999900 ), #2118 );
#10146 = CARTESIAN_POINT ( 'NONE',  ( 0.05905511811023591400, 0.001181102362204723700, 0.04429133858267728800 ) ) ;
#10147 = PLANE ( 'NONE',  #5394 ) ;
#10148 = ORIENTED_EDGE ( 'NONE', *, *, #7494, .F. ) ;
#10149 = FILL_AREA_STYLE ('',( #9149 ) ) ;
#10150 = PRESENTATION_LAYER_ASSIGNMENT (  '', '', ( #9504 ) ) ;
#10151 = DIRECTION ( 'NONE',  ( -1.000000000000000000, -0.0000000000000000000, 0.0000000000000000000 ) ) ;
#10152 = ORIENTED_EDGE ( 'NONE', *, *, #9054, .F. ) ;
#10153 = STYLED_ITEM ( 'NONE', ( #3862 ), #5010 ) ;
#10154 = CARTESIAN_POINT ( 'NONE',  ( -0.04291338582677133000, 0.007204724409448820400, -0.02460629921260094500 ) ) ;
#10155 = ORIENTED_EDGE ( 'NONE', *, *, #9499, .F. ) ;
#10156 = CARTESIAN_POINT ( 'NONE',  ( -0.04291338582677133000, -0.01693371115559762200, -0.02460629921260094500 ) ) ;
#10157 = SURFACE_SIDE_STYLE ('',( #12067 ) ) ;
#10158 = UNCERTAINTY_MEASURE_WITH_UNIT (LENGTH_MEASURE( 1.000000000000000100E-005 ), #11476, 'distance_accuracy_value', 'NONE');
#10159 = SURFACE_STYLE_USAGE ( .BOTH. , #3308 ) ;
#10160 = EDGE_CURVE ( 'NONE', #4047, #4293, #1515, .T. ) ;
#10161 = ADVANCED_FACE ( 'NONE', ( #3502 ), #10232, .F. ) ;
#10162 = PLANE ( 'NONE',  #5088 ) ;
#10163 = ORIENTED_EDGE ( 'NONE', *, *, #8407, .F. ) ;
#10164 = ADVANCED_FACE ( 'NONE', ( #2569 ), #5373, .F. ) ;
#10165 = VECTOR ( 'NONE', #1083, 39.37007874015748100 ) ;
#10166 = CARTESIAN_POINT ( 'NONE',  ( -0.05905511811023663600, 0.001181102362204723300, 0.05905511811023582400 ) ) ;
#10167 = SURFACE_STYLE_USAGE ( .BOTH. , #3316 ) ;
#10168 = VECTOR ( 'NONE', #1918, 39.37007874015748100 ) ;
#10169 = FILL_AREA_STYLE_COLOUR ( '', #1389 ) ;
#10170 =( CONVERSION_BASED_UNIT ( 'INCH', #10561 ) LENGTH_UNIT ( ) NAMED_UNIT ( #9571 ) );
#10171 = DIRECTION ( 'NONE',  ( 1.000000000000000000, 0.0000000000000000000, 3.420584110948183300E-015 ) ) ;
#10172 =( LENGTH_UNIT ( ) NAMED_UNIT ( * ) SI_UNIT ( $, .METRE. ) );
#10173 =( NAMED_UNIT ( * ) PLANE_ANGLE_UNIT ( ) SI_UNIT ( $, .RADIAN. ) );
#10174 = SURFACE_SIDE_STYLE ('',( #8599 ) ) ;
#10175 = STYLED_ITEM ( 'NONE', ( #1324 ), #1116 ) ;
#10176 = VERTEX_POINT ( 'NONE', #11258 ) ;
#10177 = EDGE_LOOP ( 'NONE', ( #5108, #4752, #5879, #12335 ) ) ;
#10178 = SURFACE_STYLE_FILL_AREA ( #1852 ) ;
#10179 = DIMENSIONAL_EXPONENTS ( 1.000000000000000000, 0.0000000000000000000, 0.0000000000000000000, 0.0000000000000000000, 0.0000000000000000000, 0.0000000000000000000, 0.0000000000000000000 ) ;
#10180 = DIRECTION ( 'NONE',  ( 0.0000000000000000000, 1.000000000000000000, 0.0000000000000000000 ) ) ;
#10181 = FACE_OUTER_BOUND ( 'NONE', #10641, .T. ) ;
#10182 = DIRECTION ( 'NONE',  ( 1.000000000000000000, 0.0000000000000000000, 3.498027123268577200E-015 ) ) ;
#10183 =( NAMED_UNIT ( * ) SI_UNIT ( $, .STERADIAN. ) SOLID_ANGLE_UNIT ( ) );
#10184 = STYLED_ITEM ( 'NONE', ( #3026 ), #2250 ) ;
#10185 = STYLED_ITEM ( 'NONE', ( #10736 ), #8269 ) ;
#10186 =( NAMED_UNIT ( * ) SI_UNIT ( $, .STERADIAN. ) SOLID_ANGLE_UNIT ( ) );
#10187 = ORIENTED_EDGE ( 'NONE', *, *, #8079, .T. ) ;
#10188 = PRESENTATION_LAYER_ASSIGNMENT (  '', '', ( #8862 ) ) ;
#10189 = EDGE_LOOP ( 'NONE', ( #9685, #8647, #6115, #2231 ) ) ;
#10190 = CARTESIAN_POINT ( 'NONE',  ( -0.02460629921259803500, -0.01693371115559762200, -0.05669291338582697200 ) ) ;
#10191 = DIMENSIONAL_EXPONENTS ( 1.000000000000000000, 0.0000000000000000000, 0.0000000000000000000, 0.0000000000000000000, 0.0000000000000000000, 0.0000000000000000000, 0.0000000000000000000 ) ;
#10192 = ORIENTED_EDGE ( 'NONE', *, *, #51, .F. ) ;
#10193 = DIRECTION ( 'NONE',  ( 1.000000000000000000, 0.0000000000000000000, 3.387117655531990400E-014 ) ) ;
#10194 = FACE_OUTER_BOUND ( 'NONE', #12648, .T. ) ;
#10195 =( LENGTH_UNIT ( ) NAMED_UNIT ( * ) SI_UNIT ( $, .METRE. ) );
#10196 = DIRECTION ( 'NONE',  ( -1.000000000000000000, 0.0000000000000000000, -6.838402388021533300E-015 ) ) ;
#10197 = EDGE_CURVE ( 'NONE', #12277, #8130, #1357, .T. ) ;
#10198 =( CONVERSION_BASED_UNIT ( 'INCH', #9058 ) LENGTH_UNIT ( ) NAMED_UNIT ( #10447 ) );
#10199 = SURFACE_SIDE_STYLE ('',( #10558 ) ) ;
#10200 = ORIENTED_EDGE ( 'NONE', *, *, #10568, .F. ) ;
#10201 = UNCERTAINTY_MEASURE_WITH_UNIT (LENGTH_MEASURE( 1.000000000000000100E-005 ), #3469, 'distance_accuracy_value', 'NONE');
#10202 =( NAMED_UNIT ( * ) SI_UNIT ( $, .STERADIAN. ) SOLID_ANGLE_UNIT ( ) );
#10203 = VERTEX_POINT ( 'NONE', #12248 ) ;
#10204 = LINE ( 'NONE', #9962, #2385 ) ;
#10205 = ORIENTED_EDGE ( 'NONE', *, *, #11642, .F. ) ;
#10206 = STYLED_ITEM ( 'NONE', ( #3376 ), #3419 ) ;
#10207 = VERTEX_POINT ( 'NONE', #7370 ) ;
#10208 = LINE ( 'NONE', #9579, #2392 ) ;
#10209 = PRESENTATION_LAYER_ASSIGNMENT (  '', '', ( #9575 ) ) ;
#10210 = STYLED_ITEM ( 'NONE', ( #1153 ), #11635 ) ;
#10211 = FACE_OUTER_BOUND ( 'NONE', #656, .T. ) ;
#10212 = CARTESIAN_POINT ( 'NONE',  ( 0.05669291338582692400, 0.007204724409448820400, 0.03444881889763761600 ) ) ;
#10213 =( NAMED_UNIT ( * ) SI_UNIT ( $, .STERADIAN. ) SOLID_ANGLE_UNIT ( ) );
#10214 = FILL_AREA_STYLE_COLOUR ( '', #5337 ) ;
#10215 = VERTEX_POINT ( 'NONE', #8364 ) ;
#10216 = CARTESIAN_POINT ( 'NONE',  ( -0.04291338582677151800, 0.0000000000000000000, 0.0000000000000000000 ) ) ;
#10217 = SURFACE_SIDE_STYLE ('',( #6234 ) ) ;
#10218 = LENGTH_MEASURE_WITH_UNIT ( LENGTH_MEASURE( 0.02539999999999999900 ), #9412 );
#10219 = EDGE_CURVE ( 'NONE', #6675, #7152, #3661, .T. ) ;
#10220 = CARTESIAN_POINT ( 'NONE',  ( 0.02460629921260102200, 0.0000000000000000000, -0.05669291338582568100 ) ) ;
#10221 = COLOUR_RGB ( '',0.3529411764705882000, 0.3529411764705882000, 0.3529411764705882000 ) ;
#10222 = CARTESIAN_POINT ( 'NONE',  ( -0.05669291338582667400, 0.007204724409448820400, -0.03444881889763801200 ) ) ;
#10223 = PRESENTATION_LAYER_ASSIGNMENT (  '', '', ( #8894 ) ) ;
#10224 = ADVANCED_FACE ( 'NONE', ( #6536 ), #12294, .F. ) ;
#10225 = PRODUCT_DEFINITION ( 'UNKNOWN', '', #10875, #5153 ) ;
#10226 =( NAMED_UNIT ( * ) PLANE_ANGLE_UNIT ( ) SI_UNIT ( $, .RADIAN. ) );
#10227 = SURFACE_SIDE_STYLE ('',( #10734 ) ) ;
#10228 = ADVANCED_FACE ( 'NONE', ( #302 ), #10358, .F. ) ;
#10229 = DIRECTION ( 'NONE',  ( -0.0000000000000000000, -1.000000000000000000, -0.0000000000000000000 ) ) ;
#10230 = CLOSED_SHELL ( 'NONE', ( #6354, #11519, #11317, #11313, #4504, #700 ) ) ;
#10231 = UNCERTAINTY_MEASURE_WITH_UNIT (LENGTH_MEASURE( 1.000000000000000100E-005 ), #6188, 'distance_accuracy_value', 'NONE');
#10232 = PLANE ( 'NONE',  #1496 ) ;
#10233 =( LENGTH_UNIT ( ) NAMED_UNIT ( * ) SI_UNIT ( $, .METRE. ) );
#10234 = DIRECTION ( 'NONE',  ( -6.982962677686265900E-015, -0.0000000000000000000, 1.000000000000000000 ) ) ;
#10235 = EDGE_CURVE ( 'NONE', #3636, #5111, #9169, .T. ) ;
#10236 =( CONVERSION_BASED_UNIT ( 'INCH', #415 ) LENGTH_UNIT ( ) NAMED_UNIT ( #9838 ) );
#10237 = FILL_AREA_STYLE ('',( #9243 ) ) ;
#10238 =( LENGTH_UNIT ( ) NAMED_UNIT ( * ) SI_UNIT ( $, .METRE. ) );
#10239 = STYLED_ITEM ( 'NONE', ( #10427 ), #7039 ) ;
#10240 = CARTESIAN_POINT ( 'NONE',  ( 0.05905511811023612300, 0.03149606299212598400, 0.01476377952755923900 ) ) ;
#10241 = AXIS2_PLACEMENT_3D ( 'NONE', #912, #7689, #1862 ) ;
#10242 = SURFACE_STYLE_FILL_AREA ( #6805 ) ;
#10243 = LINE ( 'NONE', #793, #2739 ) ;
#10244 =( CONVERSION_BASED_UNIT ( 'INCH', #7756 ) LENGTH_UNIT ( ) NAMED_UNIT ( #9958 ) );
#10245 = VECTOR ( 'NONE', #1921, 39.37007874015748100 ) ;
#10246 = MECHANICAL_DESIGN_GEOMETRIC_PRESENTATION_REPRESENTATION (  '', ( #8917 ), #10898 ) ;
#10247 = AXIS2_PLACEMENT_3D ( 'NONE', #9177, #3320, #10171 ) ;
#10248 = DIRECTION ( 'NONE',  ( -1.000000000000000000, 0.0000000000000000000, -5.434102431278317600E-015 ) ) ;
#10249 = VECTOR ( 'NONE', #5830, 39.37007874015748100 ) ;
#10250 = ORIENTED_EDGE ( 'NONE', *, *, #7732, .T. ) ;
#10251 = VECTOR ( 'NONE', #2726, 39.37007874015748100 ) ;
#10252 = COLOUR_RGB ( '',0.2509803921568627400, 0.2509803921568627400, 0.2509803921568627400 ) ;
#10253 = DIRECTION ( 'NONE',  ( 0.0000000000000000000, 1.000000000000000000, 0.0000000000000000000 ) ) ;
#10254 = VECTOR ( 'NONE', #9560, 39.37007874015748100 ) ;
#10255 = ORIENTED_EDGE ( 'NONE', *, *, #5907, .F. ) ;
#10256 = FILL_AREA_STYLE ('',( #7269 ) ) ;
#10257 = PRESENTATION_STYLE_ASSIGNMENT (( #11488 ) ) ;
#10258 = ORIENTED_EDGE ( 'NONE', *, *, #5888, .F. ) ;
#10259 = SURFACE_STYLE_USAGE ( .BOTH. , #3417 ) ;
#10260 = STYLED_ITEM ( 'NONE', ( #1643 ), #7869 ) ;
#10261 = UNCERTAINTY_MEASURE_WITH_UNIT (LENGTH_MEASURE( 1.000000000000000100E-005 ), #1704, 'distance_accuracy_value', 'NONE');
#10262 = AXIS2_PLACEMENT_3D ( 'NONE', #1382, #8186, #2349 ) ;
#10263 = LINE ( 'NONE', #10717, #12581 ) ;
#10264 = PRESENTATION_STYLE_ASSIGNMENT (( #6496 ) ) ;
#10265 = LENGTH_MEASURE_WITH_UNIT ( LENGTH_MEASURE( 0.02539999999999999900 ), #6043 );
#10266 = FACE_OUTER_BOUND ( 'NONE', #96, .T. ) ;
#10267 =( NAMED_UNIT ( * ) SI_UNIT ( $, .STERADIAN. ) SOLID_ANGLE_UNIT ( ) );
#10268 = FACE_OUTER_BOUND ( 'NONE', #9114, .T. ) ;
#10269 = PRESENTATION_LAYER_ASSIGNMENT (  '', '', ( #8936 ) ) ;
#10270 = FILL_AREA_STYLE_COLOUR ( '', #4127 ) ;
#10271 = SURFACE_STYLE_USAGE ( .BOTH. , #3423 ) ;
#10272 = LENGTH_MEASURE_WITH_UNIT ( LENGTH_MEASURE( 0.02539999999999999900 ), #1355 );
#10273 = EDGE_CURVE ( 'NONE', #9025, #2692, #4262, .T. ) ;
#10274 = DIRECTION ( 'NONE',  ( 1.000000000000000000, 0.0000000000000000000, -3.549286997887197300E-015 ) ) ;
#10275 = FILL_AREA_STYLE_COLOUR ( '', #7407 ) ;
#10276 = LINE ( 'NONE', #6195, #2458 ) ;
#10277 = VECTOR ( 'NONE', #2852, 39.37007874015748100 ) ;
#10278 = CARTESIAN_POINT ( 'NONE',  ( -0.05669291338582681900, 0.007204724409448820400, 0.004921259842519482900 ) ) ;
#10279 = STYLED_ITEM ( 'NONE', ( #5381 ), #3018 ) ;
#10280 = PRESENTATION_LAYER_ASSIGNMENT (  '', '', ( #9646 ) ) ;
#10281 = STYLED_ITEM ( 'NONE', ( #4322 ), #11250 ) ;
#10282 = FILL_AREA_STYLE ('',( #1554 ) ) ;
#10283 =( LENGTH_UNIT ( ) NAMED_UNIT ( * ) SI_UNIT ( $, .METRE. ) );
#10284 = VERTEX_POINT ( 'NONE', #11387 ) ;
#10285 = ADVANCED_FACE ( 'NONE', ( #6558 ), #145, .F. ) ;
#10286 = CARTESIAN_POINT ( 'NONE',  ( 0.05905511811023663600, 0.0000000000000000000, -0.05905511811023583100 ) ) ;
#10287 = LINE ( 'NONE', #388, #9981 ) ;
#10288 = SURFACE_STYLE_FILL_AREA ( #66 ) ;
#10289 = ADVANCED_FACE ( 'NONE', ( #11480 ), #8552, .T. ) ;
#10290 =( CONVERSION_BASED_UNIT ( 'INCH', #10109 ) LENGTH_UNIT ( ) NAMED_UNIT ( #6815 ) );
#10291 = VERTEX_POINT ( 'NONE', #7541 ) ;
#10292 =( LENGTH_UNIT ( ) NAMED_UNIT ( * ) SI_UNIT ( $, .METRE. ) );
#10293 =( NAMED_UNIT ( * ) SI_UNIT ( $, .STERADIAN. ) SOLID_ANGLE_UNIT ( ) );
#10294 = CARTESIAN_POINT ( 'NONE',  ( 0.0000000000000000000, 0.001181102362204724400, 0.0000000000000000000 ) ) ;
#10295 =( LENGTH_UNIT ( ) NAMED_UNIT ( * ) SI_UNIT ( $, .METRE. ) );
#10296 = CARTESIAN_POINT ( 'NONE',  ( 0.04291338582677164900, -0.01693371115559762200, -0.004921259842519830700 ) ) ;
#10297 = PRESENTATION_LAYER_ASSIGNMENT (  '', '', ( #8968 ) ) ;
#10298 = MANIFOLD_SOLID_BREP ( 'Boss-Extrude2[15]', #111 ) ;
#10299 = CARTESIAN_POINT ( 'NONE',  ( 0.0000000000000000000, 0.001181102362204724400, -0.03444881889763881000 ) ) ;
#10300 = LINE ( 'NONE', #3020, #5377 ) ;
#10301 = VECTOR ( 'NONE', #6011, 39.37007874015748100 ) ;
#10302 = VECTOR ( 'NONE', #12570, 39.37007874015748100 ) ;
#10303 = FILL_AREA_STYLE_COLOUR ( '', #12440 ) ;
#10304 = DIMENSIONAL_EXPONENTS ( 1.000000000000000000, 0.0000000000000000000, 0.0000000000000000000, 0.0000000000000000000, 0.0000000000000000000, 0.0000000000000000000, 0.0000000000000000000 ) ;
#10305 = CARTESIAN_POINT ( 'NONE',  ( -0.04291338582677183700, 0.007204724409448820400, 0.04429133858267702400 ) ) ;
#10306 = ORIENTED_EDGE ( 'NONE', *, *, #12134, .T. ) ;
#10307 = FILL_AREA_STYLE ('',( #2467 ) ) ;
#10308 = VERTEX_POINT ( 'NONE', #2689 ) ;
#10309 = VECTOR ( 'NONE', #10229, 39.37007874015748100 ) ;
#10310 =( LENGTH_UNIT ( ) NAMED_UNIT ( * ) SI_UNIT ( $, .METRE. ) );
#10311 = DIRECTION ( 'NONE',  ( -0.0000000000000000000, -1.000000000000000000, 0.0000000000000000000 ) ) ;
#10312 =( NAMED_UNIT ( * ) PLANE_ANGLE_UNIT ( ) SI_UNIT ( $, .RADIAN. ) );
#10313 = DIRECTION ( 'NONE',  ( 2.774856874683270000E-015, -0.0000000000000000000, 1.000000000000000000 ) ) ;
#10314 = CARTESIAN_POINT ( 'NONE',  ( 0.04291338582677178100, -0.01693371115559762200, 0.03444881889763766500 ) ) ;
#10315 = STYLED_ITEM ( 'NONE', ( #10257 ), #6550 ) ;
#10316 =( LENGTH_UNIT ( ) NAMED_UNIT ( * ) SI_UNIT ( $, .METRE. ) );
#10317 = MECHANICAL_DESIGN_GEOMETRIC_PRESENTATION_REPRESENTATION (  '', ( #8325 ), #10967 ) ;
#10318 = UNCERTAINTY_MEASURE_WITH_UNIT (LENGTH_MEASURE( 1.000000000000000100E-005 ), #8953, 'distance_accuracy_value', 'NONE');
#10319 = DIMENSIONAL_EXPONENTS ( 1.000000000000000000, 0.0000000000000000000, 0.0000000000000000000, 0.0000000000000000000, 0.0000000000000000000, 0.0000000000000000000, 0.0000000000000000000 ) ;
#10320 = CARTESIAN_POINT ( 'NONE',  ( -0.05669291338582674300, 0.007204724409448820400, -0.01476377952755926100 ) ) ;
#10321 = EDGE_LOOP ( 'NONE', ( #11158, #884, #1490, #869, #11027, #12645, #6548, #2438, #2654, #5461, #10692, #553, #5891, #448, #8796, #6812, #9529, #6274, #2667, #10425, #5184, #10613, #921, #8208, #3285, #11266, #2490, #3286, #11432, #8880, #5664, #4672, #2296, #4598, #9999, #790, #7595, #5260, #10644, #5285, #8802, #1579, #10010, #4579, #416, #10155, #9989, #118, #7986, #8441, #8326, #21, #12516, #6684, #3578, #4698, #11767, #10205, #9558, #2567, #12207, #7378, #2946, #7710, #12109, #1787, #6070, #10756 ) ) ;
#10322 = FACE_OUTER_BOUND ( 'NONE', #6233, .T. ) ;
#10323 = ORIENTED_EDGE ( 'NONE', *, *, #9696, .T. ) ;
#10324 = ORIENTED_EDGE ( 'NONE', *, *, #10779, .F. ) ;
#10325 =( NAMED_UNIT ( * ) PLANE_ANGLE_UNIT ( ) SI_UNIT ( $, .RADIAN. ) );
#10326 = PRESENTATION_STYLE_ASSIGNMENT (( #8770 ) ) ;
#10327 = EDGE_CURVE ( 'NONE', #4341, #361, #5775, .T. ) ;
#10328 = VERTEX_POINT ( 'NONE', #8629 ) ;
#10329 = PRESENTATION_STYLE_ASSIGNMENT (( #1865 ) ) ;
#10330 = SURFACE_SIDE_STYLE ('',( #5506 ) ) ;
#10331 = EDGE_CURVE ( 'NONE', #5515, #5372, #3173, .T. ) ;
#10332 = DIRECTION ( 'NONE',  ( -0.0000000000000000000, -1.000000000000000000, -0.0000000000000000000 ) ) ;
#10333 = SURFACE_STYLE_USAGE ( .BOTH. , #3490 ) ;
#10334 = VERTEX_POINT ( 'NONE', #3773 ) ;
#10335 = VERTEX_POINT ( 'NONE', #10609 ) ;
#10336 = FACE_OUTER_BOUND ( 'NONE', #9091, .T. ) ;
#10337 = CLOSED_SHELL ( 'NONE', ( #6913, #8146, #1375, #2065, #7424, #12161 ) ) ;
#10338 = ORIENTED_EDGE ( 'NONE', *, *, #8194, .T. ) ;
#10339 = ORIENTED_EDGE ( 'NONE', *, *, #7288, .T. ) ;
#10340 = COLOUR_RGB ( '',0.2509803921568627400, 0.2509803921568627400, 0.2509803921568627400 ) ;
#10341 = STYLED_ITEM ( 'NONE', ( #142 ), #7365 ) ;
#10342 = DIRECTION ( 'NONE',  ( -1.000000000000000000, -0.0000000000000000000, 0.0000000000000000000 ) ) ;
#10343 =( LENGTH_UNIT ( ) NAMED_UNIT ( * ) SI_UNIT ( $, .METRE. ) );
#10344 = ORIENTED_EDGE ( 'NONE', *, *, #2194, .T. ) ;
#10345 = PLANE ( 'NONE',  #2005 ) ;
#10346 = ADVANCED_FACE ( 'NONE', ( #12052 ), #6692, .F. ) ;
#10347 = VERTEX_POINT ( 'NONE', #8593 ) ;
#10348 = PLANE ( 'NONE',  #3883 ) ;
#10349 = ORIENTED_EDGE ( 'NONE', *, *, #11808, .F. ) ;
#10350 = FACE_OUTER_BOUND ( 'NONE', #12546, .T. ) ;
#10351 = SURFACE_STYLE_USAGE ( .BOTH. , #3508 ) ;
#10352 = VECTOR ( 'NONE', #7680, 39.37007874015748100 ) ;
#10353 = DIRECTION ( 'NONE',  ( 0.0000000000000000000, -1.000000000000000000, 0.0000000000000000000 ) ) ;
#10354 = ADVANCED_FACE ( 'NONE', ( #8517 ), #7714, .F. ) ;
#10355 = DIRECTION ( 'NONE',  ( -1.000000000000000000, -0.0000000000000000000, 8.232929642093732000E-016 ) ) ;
#10356 = PRESENTATION_LAYER_ASSIGNMENT (  '', '', ( #9027 ) ) ;
#10357 = PRESENTATION_LAYER_ASSIGNMENT (  '', '', ( #9028 ) ) ;
#10358 = PLANE ( 'NONE',  #618 ) ;
#10359 = DIRECTION ( 'NONE',  ( -1.000000000000000000, -0.0000000000000000000, 0.0000000000000000000 ) ) ;
#10360 = AXIS2_PLACEMENT_3D ( 'NONE', #10296, #4428, #11285 ) ;
#10361 = ORIENTED_EDGE ( 'NONE', *, *, #5055, .F. ) ;
#10362 = PLANE ( 'NONE',  #11688 ) ;
#10363 = FACE_OUTER_BOUND ( 'NONE', #392, .T. ) ;
#10364 = DIRECTION ( 'NONE',  ( -0.0000000000000000000, -1.000000000000000000, -0.0000000000000000000 ) ) ;
#10365 = DIRECTION ( 'NONE',  ( -1.000000000000000000, 0.0000000000000000000, -4.406877378073596200E-017 ) ) ;
#10366 = PRESENTATION_STYLE_ASSIGNMENT (( #7333 ) ) ;
#10367 = ORIENTED_EDGE ( 'NONE', *, *, #5746, .T. ) ;
#10368 =( LENGTH_UNIT ( ) NAMED_UNIT ( * ) SI_UNIT ( $, .METRE. ) );
#10369 = UNCERTAINTY_MEASURE_WITH_UNIT (LENGTH_MEASURE( 1.000000000000000100E-005 ), #4421, 'distance_accuracy_value', 'NONE');
#10370 = ORIENTED_EDGE ( 'NONE', *, *, #4957, .T. ) ;
#10371 = STYLED_ITEM ( 'NONE', ( #11537 ), #11960 ) ;
#10372 =( LENGTH_UNIT ( ) NAMED_UNIT ( * ) SI_UNIT ( $, .METRE. ) );
#10373 = CARTESIAN_POINT ( 'NONE',  ( 0.01476377952755907100, 0.0000000000000000000, 0.0000000000000000000 ) ) ;
#10374 = LENGTH_MEASURE_WITH_UNIT ( LENGTH_MEASURE( 0.02539999999999999900 ), #9397 );
#10375 = LINE ( 'NONE', #4410, #5151 ) ;
#10376 = DIRECTION ( 'NONE',  ( -5.434102431278317600E-015, 0.0000000000000000000, 1.000000000000000000 ) ) ;
#10377 = LENGTH_MEASURE_WITH_UNIT ( LENGTH_MEASURE( 0.02539999999999999900 ), #2365 );
#10378 =( NAMED_UNIT ( * ) PLANE_ANGLE_UNIT ( ) SI_UNIT ( $, .RADIAN. ) );
#10379 =( NAMED_UNIT ( * ) SI_UNIT ( $, .STERADIAN. ) SOLID_ANGLE_UNIT ( ) );
#10380 =( CONVERSION_BASED_UNIT ( 'INCH', #2474 ) LENGTH_UNIT ( ) NAMED_UNIT ( #6184 ) );
#10381 = DIRECTION ( 'NONE',  ( 6.982962677686265900E-015, 0.0000000000000000000, -1.000000000000000000 ) ) ;
#10382 = EDGE_CURVE ( 'NONE', #7229, #2657, #12531, .T. ) ;
#10383 = DIRECTION ( 'NONE',  ( 2.866700612739115500E-014, 0.0000000000000000000, -1.000000000000000000 ) ) ;
#10384 = DIRECTION ( 'NONE',  ( -1.309156885088692300E-017, 0.0000000000000000000, 1.000000000000000000 ) ) ;
#10385 = VERTEX_POINT ( 'NONE', #8756 ) ;
#10386 = VECTOR ( 'NONE', #12574, 39.37007874015748100 ) ;
#10387 = UNCERTAINTY_MEASURE_WITH_UNIT (LENGTH_MEASURE( 1.000000000000000100E-005 ), #3323, 'distance_accuracy_value', 'NONE');
#10388 = MECHANICAL_DESIGN_GEOMETRIC_PRESENTATION_REPRESENTATION (  '', ( #1648 ), #11037 ) ;
#10389 = VECTOR ( 'NONE', #4945, 39.37007874015748100 ) ;
#10390 = SURFACE_SIDE_STYLE ('',( #11009 ) ) ;
#10391 = DIRECTION ( 'NONE',  ( 0.0000000000000000000, 1.000000000000000000, -0.0000000000000000000 ) ) ;
#10392 =( NAMED_UNIT ( * ) PLANE_ANGLE_UNIT ( ) SI_UNIT ( $, .RADIAN. ) );
#10393 =( NAMED_UNIT ( * ) PLANE_ANGLE_UNIT ( ) SI_UNIT ( $, .RADIAN. ) );
#10394 = CARTESIAN_POINT ( 'NONE',  ( -0.05905511811023617100, 0.0000000000000000000, -0.004921259842521718100 ) ) ;
#10395 = EDGE_CURVE ( 'NONE', #6637, #6370, #9911, .T. ) ;
#10396 = EDGE_CURVE ( 'NONE', #3443, #1041, #4708, .T. ) ;
#10397 = PRESENTATION_STYLE_ASSIGNMENT (( #6491 ) ) ;
#10398 = PRESENTATION_STYLE_ASSIGNMENT (( #5432 ) ) ;
#10399 = CARTESIAN_POINT ( 'NONE',  ( 0.0000000000000000000, 0.001181102362204724400, 0.02460629921259862400 ) ) ;
#10400 = SURFACE_SIDE_STYLE ('',( #3940 ) ) ;
#10401 = DIRECTION ( 'NONE',  ( -0.0000000000000000000, 0.0000000000000000000, 1.000000000000000000 ) ) ;
#10402 = VERTEX_POINT ( 'NONE', #9766 ) ;
#10403 = SURFACE_SIDE_STYLE ('',( #9350 ) ) ;
#10404 = STYLED_ITEM ( 'NONE', ( #9826 ), #6099 ) ;
#10405 = SURFACE_STYLE_USAGE ( .BOTH. , #3577 ) ;
#10406 = SURFACE_STYLE_FILL_AREA ( #2733 ) ;
#10407 = DIMENSIONAL_EXPONENTS ( 1.000000000000000000, 0.0000000000000000000, 0.0000000000000000000, 0.0000000000000000000, 0.0000000000000000000, 0.0000000000000000000, 0.0000000000000000000 ) ;
#10408 = DIRECTION ( 'NONE',  ( 0.0000000000000000000, -0.0000000000000000000, 1.000000000000000000 ) ) ;
#10409 = SURFACE_STYLE_FILL_AREA ( #9457 ) ;
#10410 = CARTESIAN_POINT ( 'NONE',  ( -0.04494350380682998100, 0.03149606299212598400, -0.05199607103034015900 ) ) ;
#10411 = ADVANCED_FACE ( 'NONE', ( #7268 ), #11718, .T. ) ;
#10412 = AXIS2_PLACEMENT_3D ( 'NONE', #3519, #10364, #4494 ) ;
#10413 =( LENGTH_UNIT ( ) NAMED_UNIT ( * ) SI_UNIT ( $, .METRE. ) );
#10414 = SURFACE_STYLE_USAGE ( .BOTH. , #3589 ) ;
#10415 = PLANE ( 'NONE',  #8719 ) ;
#10416 = EDGE_LOOP ( 'NONE', ( #7362, #10846, #5006, #2668 ) ) ;
#10417 =( NAMED_UNIT ( * ) PLANE_ANGLE_UNIT ( ) SI_UNIT ( $, .RADIAN. ) );
#10418 = FACE_BOUND ( 'NONE', #3947, .T. ) ;
#10419 = UNCERTAINTY_MEASURE_WITH_UNIT (LENGTH_MEASURE( 1.000000000000000100E-005 ), #11399, 'distance_accuracy_value', 'NONE');
#10420 = VERTEX_POINT ( 'NONE', #4912 ) ;
#10421 =( NAMED_UNIT ( * ) PLANE_ANGLE_UNIT ( ) SI_UNIT ( $, .RADIAN. ) );
#10422 = ORIENTED_EDGE ( 'NONE', *, *, #6075, .T. ) ;
#10423 = DIRECTION ( 'NONE',  ( -0.0000000000000000000, 0.0000000000000000000, -1.000000000000000000 ) ) ;
#10424 = ORIENTED_EDGE ( 'NONE', *, *, #694, .F. ) ;
#10425 = ORIENTED_EDGE ( 'NONE', *, *, #11110, .F. ) ;
#10426 =( NAMED_UNIT ( * ) SI_UNIT ( $, .STERADIAN. ) SOLID_ANGLE_UNIT ( ) );
#10427 = PRESENTATION_STYLE_ASSIGNMENT (( #4348 ) ) ;
#10428 = LINE ( 'NONE', #2299, #7790 ) ;
#10429 =( LENGTH_UNIT ( ) NAMED_UNIT ( * ) SI_UNIT ( $, .METRE. ) );
#10430 = DIMENSIONAL_EXPONENTS ( 1.000000000000000000, 0.0000000000000000000, 0.0000000000000000000, 0.0000000000000000000, 0.0000000000000000000, 0.0000000000000000000, 0.0000000000000000000 ) ;
#10431 = SURFACE_SIDE_STYLE ('',( #3200 ) ) ;
#10432 = EDGE_LOOP ( 'NONE', ( #3913, #1067, #3451, #4071 ) ) ;
#10433 = DIRECTION ( 'NONE',  ( 0.0000000000000000000, -0.0000000000000000000, 1.000000000000000000 ) ) ;
#10434 = STYLED_ITEM ( 'NONE', ( #7113 ), #10346 ) ;
#10435 = DIRECTION ( 'NONE',  ( 0.0000000000000000000, -0.0000000000000000000, -1.000000000000000000 ) ) ;
#10436 = SURFACE_STYLE_FILL_AREA ( #8934 ) ;
#10437 = SURFACE_STYLE_USAGE ( .BOTH. , #3601 ) ;
#10438 = LINE ( 'NONE', #841, #2931 ) ;
#10439 = CARTESIAN_POINT ( 'NONE',  ( -0.05905511811023660800, 0.0000000000000000000, 0.05905511811023582400 ) ) ;
#10440 = DIRECTION ( 'NONE',  ( -3.471843985566803400E-015, 0.0000000000000000000, -1.000000000000000000 ) ) ;
#10441 = EDGE_CURVE ( 'NONE', #12405, #3993, #10969, .T. ) ;
#10442 = LINE ( 'NONE', #2673, #5217 ) ;
#10443 = VECTOR ( 'NONE', #9654, 39.37007874015748100 ) ;
#10444 = DIRECTION ( 'NONE',  ( -1.000000000000000000, 0.0000000000000000000, -5.434102431278317600E-015 ) ) ;
#10445 = SURFACE_SIDE_STYLE ('',( #2110 ) ) ;
#10446 = DIRECTION ( 'NONE',  ( 1.000000000000000000, 0.0000000000000000000, -2.774856874683270000E-015 ) ) ;
#10447 = DIMENSIONAL_EXPONENTS ( 1.000000000000000000, 0.0000000000000000000, 0.0000000000000000000, 0.0000000000000000000, 0.0000000000000000000, 0.0000000000000000000, 0.0000000000000000000 ) ;
#10448 = DIMENSIONAL_EXPONENTS ( 1.000000000000000000, 0.0000000000000000000, 0.0000000000000000000, 0.0000000000000000000, 0.0000000000000000000, 0.0000000000000000000, 0.0000000000000000000 ) ;
#10449 = SURFACE_SIDE_STYLE ('',( #11585 ) ) ;
#10450 = SURFACE_STYLE_FILL_AREA ( #8041 ) ;
#10451 = DIRECTION ( 'NONE',  ( 0.0000000000000000000, -0.0000000000000000000, 1.000000000000000000 ) ) ;
#10452 = VECTOR ( 'NONE', #981, 39.37007874015748100 ) ;
#10453 =( GEOMETRIC_REPRESENTATION_CONTEXT ( 3 ) GLOBAL_UNCERTAINTY_ASSIGNED_CONTEXT ( ( #5270 ) ) GLOBAL_UNIT_ASSIGNED_CONTEXT ( ( #9469, #3617, #10454 ) ) REPRESENTATION_CONTEXT ( 'NONE', 'WORKASPACE' ) );
#10454 =( NAMED_UNIT ( * ) SI_UNIT ( $, .STERADIAN. ) SOLID_ANGLE_UNIT ( ) );
#10455 = VERTEX_POINT ( 'NONE', #1006 ) ;
#10456 = DIRECTION ( 'NONE',  ( -0.0000000000000000000, -1.000000000000000000, -0.0000000000000000000 ) ) ;
#10457 = VERTEX_POINT ( 'NONE', #8836 ) ;
#10458 = SURFACE_STYLE_USAGE ( .BOTH. , #3620 ) ;
#10459 = ORIENTED_EDGE ( 'NONE', *, *, #8669, .T. ) ;
#10460 = FILL_AREA_STYLE ('',( #9482 ) ) ;
#10461 = EDGE_CURVE ( 'NONE', #3847, #4875, #3158, .T. ) ;
#10462 = CARTESIAN_POINT ( 'NONE',  ( -0.05905511811023610200, 0.001181102362204724200, -0.01476377952755952500 ) ) ;
#10463 = SURFACE_SIDE_STYLE ('',( #4902 ) ) ;
#10464 = CARTESIAN_POINT ( 'NONE',  ( 0.05669291338582657000, 0.007204724409448820400, 0.004921259842522329600 ) ) ;
#10465 = CARTESIAN_POINT ( 'NONE',  ( 0.04291338582677155200, 0.0000000000000000000, -0.03444881889763796300 ) ) ;
#10466 = CARTESIAN_POINT ( 'NONE',  ( -0.05669291338582649300, -0.01693371115559762200, -0.01476377952755926100 ) ) ;
#10467 =( CONVERSION_BASED_UNIT ( 'INCH', #3565 ) LENGTH_UNIT ( ) NAMED_UNIT ( #1327 ) );
#10468 = CARTESIAN_POINT ( 'NONE',  ( -0.01476377952755871100, 0.001181102362204723700, -0.05905511811023632400 ) ) ;
#10469 = MECHANICAL_DESIGN_GEOMETRIC_PRESENTATION_REPRESENTATION (  '', ( #9142 ), #11116 ) ;
#10470 = ORIENTED_EDGE ( 'NONE', *, *, #7561, .F. ) ;
#10471 = COLOUR_RGB ( '',0.3529411764705882000, 0.3529411764705882000, 0.3529411764705882000 ) ;
#10472 = SURFACE_SIDE_STYLE ('',( #5050 ) ) ;
#10473 = VERTEX_POINT ( 'NONE', #10808 ) ;
#10474 = CARTESIAN_POINT ( 'NONE',  ( -0.01476377952755869200, 0.001181102362204723500, -0.05669291338582690300 ) ) ;
#10475 = VECTOR ( 'NONE', #12680, 39.37007874015748100 ) ;
#10476 = CARTESIAN_POINT ( 'NONE',  ( -0.05669291338582641000, 0.001181102362204723500, -0.01476377952755926100 ) ) ;
#10477 = EDGE_CURVE ( 'NONE', #5721, #12701, #8349, .T. ) ;
#10478 = DIMENSIONAL_EXPONENTS ( 1.000000000000000000, 0.0000000000000000000, 0.0000000000000000000, 0.0000000000000000000, 0.0000000000000000000, 0.0000000000000000000, 0.0000000000000000000 ) ;
#10479 = FILL_AREA_STYLE ('',( #3643 ) ) ;
#10480 =( NAMED_UNIT ( * ) PLANE_ANGLE_UNIT ( ) SI_UNIT ( $, .RADIAN. ) );
#10481 = SURFACE_SIDE_STYLE ('',( #11789 ) ) ;
#10482 = ADVANCED_FACE ( 'NONE', ( #5764 ), #93, .F. ) ;
#10483 = COLOUR_RGB ( '',0.2509803921568627400, 0.2509803921568627400, 0.2509803921568627400 ) ;
#10484 =( LENGTH_UNIT ( ) NAMED_UNIT ( * ) SI_UNIT ( $, .METRE. ) );
#10485 = EDGE_LOOP ( 'NONE', ( #587, #12646, #5804, #2552 ) ) ;
#10486 = EDGE_LOOP ( 'NONE', ( #10869, #8828, #2700, #5386 ) ) ;
#10487 = SURFACE_STYLE_USAGE ( .BOTH. , #3651 ) ;
#10488 = STYLED_ITEM ( 'NONE', ( #141 ), #5598 ) ;
#10489 = SURFACE_STYLE_FILL_AREA ( #8529 ) ;
#10490 = CARTESIAN_POINT ( 'NONE',  ( -0.05669291338582693700, 0.0000000000000000000, 0.04429133858267697600 ) ) ;
#10491 = FILL_AREA_STYLE_COLOUR ( '', #5109 ) ;
#10492 = EDGE_CURVE ( 'NONE', #4970, #2132, #9445, .T. ) ;
#10493 = STYLED_ITEM ( 'NONE', ( #6629 ), #488 ) ;
#10494 = DIRECTION ( 'NONE',  ( 1.000000000000000000, 0.0000000000000000000, 3.885242184870542000E-015 ) ) ;
#10495 = ORIENTED_EDGE ( 'NONE', *, *, #9432, .F. ) ;
#10496 = FILL_AREA_STYLE ('',( #9531 ) ) ;
#10497 = ORIENTED_EDGE ( 'NONE', *, *, #5957, .T. ) ;
#10498 = EDGE_CURVE ( 'NONE', #3575, #226, #4541, .T. ) ;
#10499 = SURFACE_SIDE_STYLE ('',( #12174 ) ) ;
#10500 = ORIENTED_EDGE ( 'NONE', *, *, #11786, .F. ) ;
#10501 = PLANE ( 'NONE',  #10751 ) ;
#10502 = CARTESIAN_POINT ( 'NONE',  ( -0.05669291338582667400, 0.007204724409448820400, -0.03444881889763799800 ) ) ;
#10503 = CARTESIAN_POINT ( 'NONE',  ( 0.004921259842522333000, -0.01693371115559762200, -0.05669291338582658400 ) ) ;
#10504 = ORIENTED_EDGE ( 'NONE', *, *, #5132, .F. ) ;
#10505 = DIRECTION ( 'NONE',  ( 1.000000000000000000, -0.0000000000000000000, 2.433019743745004600E-014 ) ) ;
#10506 =( CONVERSION_BASED_UNIT ( 'INCH', #7232 ) LENGTH_UNIT ( ) NAMED_UNIT ( #8369 ) );
#10507 = CARTESIAN_POINT ( 'NONE',  ( -0.04291338582677154500, 0.004133858267716536200, 0.0000000000000000000 ) ) ;
#10508 = LINE ( 'NONE', #7995, #2997 ) ;
#10509 =( NAMED_UNIT ( * ) SI_UNIT ( $, .STERADIAN. ) SOLID_ANGLE_UNIT ( ) );
#10510 = ORIENTED_EDGE ( 'NONE', *, *, #8371, .F. ) ;
#10511 = COLOUR_RGB ( '',0.9686274509803921600, 0.8784313725490196000, 0.5999999999999999800 ) ;
#10512 = PRESENTATION_LAYER_ASSIGNMENT (  '', '', ( #9197 ) ) ;
#10513 = VERTEX_POINT ( 'NONE', #10895 ) ;
#10514 = LINE ( 'NONE', #4601, #419 ) ;
#10515 = LENGTH_MEASURE_WITH_UNIT ( LENGTH_MEASURE( 0.02539999999999999900 ), #2257 );
#10516 = EDGE_CURVE ( 'NONE', #7271, #4854, #11735, .T. ) ;
#10517 =( NAMED_UNIT ( * ) PLANE_ANGLE_UNIT ( ) SI_UNIT ( $, .RADIAN. ) );
#10518 = ORIENTED_EDGE ( 'NONE', *, *, #6917, .T. ) ;
#10519 = CARTESIAN_POINT ( 'NONE',  ( -0.02272557806252451000, -1.333910153156378500E-019, -0.02272557806252480100 ) ) ;
#10520 = DIRECTION ( 'NONE',  ( -0.0000000000000000000, -1.000000000000000000, 0.0000000000000000000 ) ) ;
#10521 = SURFACE_STYLE_USAGE ( .BOTH. , #3692 ) ;
#10522 =( GEOMETRIC_REPRESENTATION_CONTEXT ( 3 ) GLOBAL_UNCERTAINTY_ASSIGNED_CONTEXT ( ( #2619 ) ) GLOBAL_UNIT_ASSIGNED_CONTEXT ( ( #8826, #2966, #9830 ) ) REPRESENTATION_CONTEXT ( 'NONE', 'WORKASPACE' ) );
#10523 = CARTESIAN_POINT ( 'NONE',  ( -0.04291338582677181600, 0.007204724409448820400, 0.04429133858267702400 ) ) ;
#10524 = UNCERTAINTY_MEASURE_WITH_UNIT (LENGTH_MEASURE( 1.000000000000000100E-005 ), #8303, 'distance_accuracy_value', 'NONE');
#10525 = UNCERTAINTY_MEASURE_WITH_UNIT (LENGTH_MEASURE( 1.000000000000000100E-005 ), #1553, 'distance_accuracy_value', 'NONE');
#10526 = FILL_AREA_STYLE_COLOUR ( '', #542 ) ;
#10527 =( NAMED_UNIT ( * ) PLANE_ANGLE_UNIT ( ) SI_UNIT ( $, .RADIAN. ) );
#10528 = ORIENTED_EDGE ( 'NONE', *, *, #5308, .F. ) ;
#10529 = DIRECTION ( 'NONE',  ( 1.000000000000000000, 0.0000000000000000000, 0.0000000000000000000 ) ) ;
#10530 =( NAMED_UNIT ( * ) PLANE_ANGLE_UNIT ( ) SI_UNIT ( $, .RADIAN. ) );
#10531 = PRESENTATION_LAYER_ASSIGNMENT (  '', '', ( #9227 ) ) ;
#10532 = EDGE_LOOP ( 'NONE', ( #8683, #695, #6659, #2748 ) ) ;
#10533 = CARTESIAN_POINT ( 'NONE',  ( 0.01476377952755941100, 0.0000000000000000000, -0.04291338582677155200 ) ) ;
#10534 =( GEOMETRIC_REPRESENTATION_CONTEXT ( 3 ) GLOBAL_UNCERTAINTY_ASSIGNED_CONTEXT ( ( #4910 ) ) GLOBAL_UNIT_ASSIGNED_CONTEXT ( ( #565, #7353, #1531 ) ) REPRESENTATION_CONTEXT ( 'NONE', 'WORKASPACE' ) );
#10535 = ADVANCED_FACE ( 'NONE', ( #6810 ), #5021, .F. ) ;
#10536 = EDGE_CURVE ( 'NONE', #1448, #6343, #10508, .T. ) ;
#10537 = SURFACE_STYLE_USAGE ( .BOTH. , #3711 ) ;
#10538 =( CONVERSION_BASED_UNIT ( 'INCH', #7519 ) LENGTH_UNIT ( ) NAMED_UNIT ( #188 ) );
#10539 = PRESENTATION_STYLE_ASSIGNMENT (( #11125 ) ) ;
#10540 = COLOUR_RGB ( '',0.2509803921568627400, 0.2509803921568627400, 0.2509803921568627400 ) ;
#10541 = CARTESIAN_POINT ( 'NONE',  ( 0.0000000000000000000, 0.0000000000000000000, 0.02460629921259828100 ) ) ;
#10542 =( CONVERSION_BASED_UNIT ( 'INCH', #9539 ) LENGTH_UNIT ( ) NAMED_UNIT ( #9139 ) );
#10543 = VECTOR ( 'NONE', #1909, 39.37007874015748100 ) ;
#10544 = DIRECTION ( 'NONE',  ( 0.0000000000000000000, 1.000000000000000000, 0.0000000000000000000 ) ) ;
#10545 = EDGE_CURVE ( 'NONE', #12255, #1581, #414, .T. ) ;
#10546 = EDGE_CURVE ( 'NONE', #12012, #3147, #7868, .T. ) ;
#10547 = SURFACE_SIDE_STYLE ('',( #3545 ) ) ;
#10548 = ORIENTED_EDGE ( 'NONE', *, *, #8867, .F. ) ;
#10549 = CARTESIAN_POINT ( 'NONE',  ( -0.05669291338582688200, 0.007204724409448820400, 0.02460629921259822900 ) ) ;
#10550 = LINE ( 'NONE', #30, #10249 ) ;
#10551 = FILL_AREA_STYLE ('',( #9596 ) ) ;
#10552 = LENGTH_MEASURE_WITH_UNIT ( LENGTH_MEASURE( 0.02539999999999999900 ), #5771 );
#10553 = PRESENTATION_LAYER_ASSIGNMENT (  '', '', ( #9241 ) ) ;
#10554 = ORIENTED_EDGE ( 'NONE', *, *, #4415, .T. ) ;
#10555 = PRESENTATION_STYLE_ASSIGNMENT (( #6305 ) ) ;
#10556 = DIRECTION ( 'NONE',  ( -0.0000000000000000000, -1.000000000000000000, 0.0000000000000000000 ) ) ;
#10558 = SURFACE_STYLE_FILL_AREA ( #12079 ) ;
#10557 = SURFACE_STYLE_FILL_AREA ( #7584 ) ;
#10559 = COLOUR_RGB ( '',0.3529411764705882000, 0.3529411764705882000, 0.3529411764705882000 ) ;
#10560 = SURFACE_STYLE_USAGE ( .BOTH. , #3730 ) ;
#10561 = LENGTH_MEASURE_WITH_UNIT ( LENGTH_MEASURE( 0.02539999999999999900 ), #3318 );
#10562 = ORIENTED_EDGE ( 'NONE', *, *, #9711, .F. ) ;
#10563 =( LENGTH_UNIT ( ) NAMED_UNIT ( * ) SI_UNIT ( $, .METRE. ) );
#10564 = EDGE_CURVE ( 'NONE', #5766, #5158, #5604, .T. ) ;
#10565 = DIMENSIONAL_EXPONENTS ( 1.000000000000000000, 0.0000000000000000000, 0.0000000000000000000, 0.0000000000000000000, 0.0000000000000000000, 0.0000000000000000000, 0.0000000000000000000 ) ;
#10566 = ORIENTED_EDGE ( 'NONE', *, *, #11227, .T. ) ;
#10567 = DIMENSIONAL_EXPONENTS ( 1.000000000000000000, 0.0000000000000000000, 0.0000000000000000000, 0.0000000000000000000, 0.0000000000000000000, 0.0000000000000000000, 0.0000000000000000000 ) ;
#10568 = EDGE_CURVE ( 'NONE', #8499, #8128, #10204, .T. ) ;
#10569 = LINE ( 'NONE', #1592, #171 ) ;
#10570 = FACE_OUTER_BOUND ( 'NONE', #253, .T. ) ;
#10571 = SURFACE_STYLE_FILL_AREA ( #12290 ) ;
#10572 =( NAMED_UNIT ( * ) PLANE_ANGLE_UNIT ( ) SI_UNIT ( $, .RADIAN. ) );
#10574 = PRESENTATION_STYLE_ASSIGNMENT (( #7939 ) ) ;
#10573 = VECTOR ( 'NONE', #12245, 39.37007874015748100 ) ;
#10575 = DIRECTION ( 'NONE',  ( 4.515665050714725700E-016, -0.0000000000000000000, 1.000000000000000000 ) ) ;
#10576 = DIRECTION ( 'NONE',  ( 5.511545443598771800E-015, 0.0000000000000000000, -1.000000000000000000 ) ) ;
#10577 = SURFACE_STYLE_USAGE ( .BOTH. , #3741 ) ;
#10578 = DIRECTION ( 'NONE',  ( -0.7071067811865523500, -0.0000000000000000000, 0.7071067811865425800 ) ) ;
#10579 = SURFACE_STYLE_FILL_AREA ( #4224 ) ;
#10580 = PLANE ( 'NONE',  #1973 ) ;
#10581 = VECTOR ( 'NONE', #4140, 39.37007874015748100 ) ;
#10582 = PRESENTATION_LAYER_ASSIGNMENT (  '', '', ( #9270 ) ) ;
#10583 = SURFACE_SIDE_STYLE ('',( #9959 ) ) ;
#10584 = EDGE_CURVE ( 'NONE', #4803, #2948, #2695, .T. ) ;
#10585 =( LENGTH_UNIT ( ) NAMED_UNIT ( * ) SI_UNIT ( $, .METRE. ) );
#10586 = UNCERTAINTY_MEASURE_WITH_UNIT (LENGTH_MEASURE( 1.000000000000000100E-005 ), #9204, 'distance_accuracy_value', 'NONE');
#10587 = DIRECTION ( 'NONE',  ( 0.0000000000000000000, 1.000000000000000000, 0.0000000000000000000 ) ) ;
#10588 = CARTESIAN_POINT ( 'NONE',  ( 0.04291338582677171900, 0.007204724409448820400, 0.01476377952755891300 ) ) ;
#10589 = DIRECTION ( 'NONE',  ( 0.0000000000000000000, 1.000000000000000000, 0.0000000000000000000 ) ) ;
#10590 = DIRECTION ( 'NONE',  ( -6.982962677686265900E-015, 0.0000000000000000000, 1.000000000000000000 ) ) ;
#10591 = EDGE_LOOP ( 'NONE', ( #1464, #9434, #6547, #3768 ) ) ;
#10592 =( CONVERSION_BASED_UNIT ( 'INCH', #1118 ) LENGTH_UNIT ( ) NAMED_UNIT ( #9924 ) );
#10593 = DIRECTION ( 'NONE',  ( -1.000000000000000000, -0.0000000000000000000, -0.0000000000000000000 ) ) ;
#10594 = COLOUR_RGB ( '',0.9686274509803921600, 0.8784313725490196000, 0.5999999999999999800 ) ;
#10595 =( CONVERSION_BASED_UNIT ( 'INCH', #9322 ) LENGTH_UNIT ( ) NAMED_UNIT ( #10696 ) );
#10596 = LINE ( 'NONE', #5787, #7957 ) ;
#10597 = PRESENTATION_LAYER_ASSIGNMENT (  '', '', ( #9283 ) ) ;
#10598 = VERTEX_POINT ( 'NONE', #1196 ) ;
#10599 = PRESENTATION_LAYER_ASSIGNMENT (  '', '', ( #9284 ) ) ;
#10600 = CARTESIAN_POINT ( 'NONE',  ( -0.02460629921259870400, 0.001181102362204724200, -0.05905511811023637900 ) ) ;
#10601 =( GEOMETRIC_REPRESENTATION_CONTEXT ( 3 ) GLOBAL_UNCERTAINTY_ASSIGNED_CONTEXT ( ( #12679 ) ) GLOBAL_UNIT_ASSIGNED_CONTEXT ( ( #11063, #5189, #12051 ) ) REPRESENTATION_CONTEXT ( 'NONE', 'WORKASPACE' ) );
#10602 = DIMENSIONAL_EXPONENTS ( 1.000000000000000000, 0.0000000000000000000, 0.0000000000000000000, 0.0000000000000000000, 0.0000000000000000000, 0.0000000000000000000, 0.0000000000000000000 ) ;
#10603 = FILL_AREA_STYLE_COLOUR ( '', #2314 ) ;
#10604 = ADVANCED_FACE ( 'NONE', ( #4696 ), #9002, .F. ) ;
#10605 = FACE_OUTER_BOUND ( 'NONE', #8071, .T. ) ;
#10606 = EDGE_CURVE ( 'NONE', #11888, #8499, #8661, .T. ) ;
#10607 = SURFACE_STYLE_FILL_AREA ( #4769 ) ;
#10608 = VECTOR ( 'NONE', #11758, 39.37007874015748100 ) ;
#10609 = CARTESIAN_POINT ( 'NONE',  ( 0.05905511811023581000, 0.0000000000000000000, 0.05905511811023657400 ) ) ;
#10610 = SURFACE_SIDE_STYLE ('',( #3799 ) ) ;
#10611 = CARTESIAN_POINT ( 'NONE',  ( 0.0000000000000000000, 0.0000000000000000000, -0.02460629921259862800 ) ) ;
#10612 = ORIENTED_EDGE ( 'NONE', *, *, #8628, .T. ) ;
#10613 = ORIENTED_EDGE ( 'NONE', *, *, #12609, .F. ) ;
#10614 = FACE_OUTER_BOUND ( 'NONE', #3402, .T. ) ;
#10615 =( GEOMETRIC_REPRESENTATION_CONTEXT ( 3 ) GLOBAL_UNCERTAINTY_ASSIGNED_CONTEXT ( ( #10703 ) ) GLOBAL_UNIT_ASSIGNED_CONTEXT ( ( #8745, #2876, #9748 ) ) REPRESENTATION_CONTEXT ( 'NONE', 'WORKASPACE' ) );
#10616 =( GEOMETRIC_REPRESENTATION_CONTEXT ( 3 ) GLOBAL_UNCERTAINTY_ASSIGNED_CONTEXT ( ( #6528 ) ) GLOBAL_UNIT_ASSIGNED_CONTEXT ( ( #8189, #2351, #9205 ) ) REPRESENTATION_CONTEXT ( 'NONE', 'WORKASPACE' ) );
#10617 =( NAMED_UNIT ( * ) SI_UNIT ( $, .STERADIAN. ) SOLID_ANGLE_UNIT ( ) );
#10618 = CARTESIAN_POINT ( 'NONE',  ( -0.01476377952755906200, 0.007204724409448820400, 0.05669291338582680600 ) ) ;
#10619 = CARTESIAN_POINT ( 'NONE',  ( 0.02460629921259843000, -0.01693371115559762200, 0.04291338582677166300 ) ) ;
#10620 = DIRECTION ( 'NONE',  ( 0.0000000000000000000, 1.000000000000000000, 0.0000000000000000000 ) ) ;
#10621 = PLANE ( 'NONE',  #7793 ) ;
#10622 = ORIENTED_EDGE ( 'NONE', *, *, #307, .F. ) ;
#10624 = EDGE_CURVE ( 'NONE', #9096, #7402, #1178, .T. ) ;
#10623 = LINE ( 'NONE', #2311, #3117 ) ;
#10625 = SURFACE_STYLE_USAGE ( .BOTH. , #3797 ) ;
#10626 = CARTESIAN_POINT ( 'NONE',  ( -0.05669291338582681900, 0.001181102362204723300, 0.004921259842519482900 ) ) ;
#10627 = VERTEX_POINT ( 'NONE', #7994 ) ;
#10628 = ORIENTED_EDGE ( 'NONE', *, *, #9201, .F. ) ;
#10629 = PRESENTATION_STYLE_ASSIGNMENT (( #2742 ) ) ;
#10630 = ORIENTED_EDGE ( 'NONE', *, *, #8158, .T. ) ;
#10631 = SURFACE_SIDE_STYLE ('',( #588 ) ) ;
#10632 = DIRECTION ( 'NONE',  ( 1.000000000000000000, 0.0000000000000000000, -0.0000000000000000000 ) ) ;
#10633 = SURFACE_STYLE_USAGE ( .BOTH. , #3802 ) ;
#10634 = PLANE ( 'NONE',  #3187 ) ;
#10635 =( GEOMETRIC_REPRESENTATION_CONTEXT ( 3 ) GLOBAL_UNCERTAINTY_ASSIGNED_CONTEXT ( ( #10915 ) ) GLOBAL_UNIT_ASSIGNED_CONTEXT ( ( #8134, #2288, #9135 ) ) REPRESENTATION_CONTEXT ( 'NONE', 'WORKASPACE' ) );
#10636 = CARTESIAN_POINT ( 'NONE',  ( -0.01476377952755910300, 0.0000000000000000000, 0.05905511811023612900 ) ) ;
#10637 = SURFACE_SIDE_STYLE ('',( #6407 ) ) ;
#10638 = ORIENTED_EDGE ( 'NONE', *, *, #1635, .F. ) ;
#10639 = EDGE_LOOP ( 'NONE', ( #9615, #2983, #5567, #11592 ) ) ;
#10640 = LINE ( 'NONE', #1686, #3137 ) ;
#10641 = EDGE_LOOP ( 'NONE', ( #2219, #4484, #12409, #769 ) ) ;
#10642 = EDGE_CURVE ( 'NONE', #2088, #3610, #11273, .T. ) ;
#10643 = ORIENTED_EDGE ( 'NONE', *, *, #10094, .F. ) ;
#10644 = ORIENTED_EDGE ( 'NONE', *, *, #11154, .F. ) ;
#10645 = FACE_OUTER_BOUND ( 'NONE', #11525, .T. ) ;
#10646 =( NAMED_UNIT ( * ) PLANE_ANGLE_UNIT ( ) SI_UNIT ( $, .RADIAN. ) );
#10647 = EDGE_LOOP ( 'NONE', ( #7752, #335, #6019, #3418 ) ) ;
#10648 = PLANE ( 'NONE',  #11780 ) ;
#10649 =( GEOMETRIC_REPRESENTATION_CONTEXT ( 3 ) GLOBAL_UNCERTAINTY_ASSIGNED_CONTEXT ( ( #3984 ) ) GLOBAL_UNIT_ASSIGNED_CONTEXT ( ( #1629, #8451, #2600 ) ) REPRESENTATION_CONTEXT ( 'NONE', 'WORKASPACE' ) );
#10650 = FILL_AREA_STYLE ('',( #1843 ) ) ;
#10651 = ORIENTED_EDGE ( 'NONE', *, *, #370, .F. ) ;
#10652 = VERTEX_POINT ( 'NONE', #1288 ) ;
#10653 = ORIENTED_EDGE ( 'NONE', *, *, #4349, .T. ) ;
#10654 =( NAMED_UNIT ( * ) PLANE_ANGLE_UNIT ( ) SI_UNIT ( $, .RADIAN. ) );
#10655 = LENGTH_MEASURE_WITH_UNIT ( LENGTH_MEASURE( 0.02539999999999999900 ), #10233 );
#10656 =( NAMED_UNIT ( * ) PLANE_ANGLE_UNIT ( ) SI_UNIT ( $, .RADIAN. ) );
#10657 = MECHANICAL_DESIGN_GEOMETRIC_PRESENTATION_REPRESENTATION (  '', ( #8688 ), #11320 ) ;
#10658 = DIRECTION ( 'NONE',  ( 1.000000000000000000, 0.0000000000000000000, 6.766122243189165800E-015 ) ) ;
#10659 =( LENGTH_UNIT ( ) NAMED_UNIT ( * ) SI_UNIT ( $, .METRE. ) );
#10660 = ORIENTED_EDGE ( 'NONE', *, *, #3430, .T. ) ;
#10661 = PRESENTATION_STYLE_ASSIGNMENT (( #3019 ) ) ;
#10662 = LINE ( 'NONE', #4189, #3159 ) ;
#10663 = ADVANCED_FACE ( 'NONE', ( #10957 ), #7089, .F. ) ;
#10664 = VECTOR ( 'NONE', #10520, 39.37007874015748100 ) ;
#10665 = ORIENTED_EDGE ( 'NONE', *, *, #6189, .F. ) ;
#10666 = FILL_AREA_STYLE_COLOUR ( '', #11827 ) ;
#10667 = PRESENTATION_STYLE_ASSIGNMENT (( #4777 ) ) ;
#10668 =( CONVERSION_BASED_UNIT ( 'INCH', #642 ) LENGTH_UNIT ( ) NAMED_UNIT ( #851 ) );
#10669 = FACE_OUTER_BOUND ( 'NONE', #2180, .T. ) ;
#10670 = DIRECTION ( 'NONE',  ( -1.000000000000000000, -0.0000000000000000000, -0.0000000000000000000 ) ) ;
#10671 = PRESENTATION_LAYER_ASSIGNMENT (  '', '', ( #9367 ) ) ;
#10672 = MECHANICAL_DESIGN_GEOMETRIC_PRESENTATION_REPRESENTATION (  '', ( #8698 ), #11335 ) ;
#10673 = SURFACE_SIDE_STYLE ('',( #5369 ) ) ;
#10674 =( CONVERSION_BASED_UNIT ( 'INCH', #8243 ) LENGTH_UNIT ( ) NAMED_UNIT ( #5805 ) );
#10675 =( GEOMETRIC_REPRESENTATION_CONTEXT ( 3 ) GLOBAL_UNCERTAINTY_ASSIGNED_CONTEXT ( ( #12327 ) ) GLOBAL_UNIT_ASSIGNED_CONTEXT ( ( #12287, #6398, #571 ) ) REPRESENTATION_CONTEXT ( 'NONE', 'WORKASPACE' ) );
#10676 = EDGE_LOOP ( 'NONE', ( #9148, #11710, #6633, #7079 ) ) ;
#10677 = SURFACE_STYLE_FILL_AREA ( #9608 ) ;
#10678 = PRESENTATION_STYLE_ASSIGNMENT (( #10750 ) ) ;
#10679 = ORIENTED_EDGE ( 'NONE', *, *, #2860, .F. ) ;
#10680 = EDGE_CURVE ( 'NONE', #8320, #4133, #2220, .T. ) ;
#10681 = PRESENTATION_STYLE_ASSIGNMENT (( #9116 ) ) ;
#10682 = FILL_AREA_STYLE ('',( #9680 ) ) ;
#10683 = VECTOR ( 'NONE', #3432, 39.37007874015748100 ) ;
#10684 = CARTESIAN_POINT ( 'NONE',  ( 0.0000000000000000000, 0.001181102362204724400, -0.04291338582677183700 ) ) ;
#10685 =( CONVERSION_BASED_UNIT ( 'INCH', #8856 ) LENGTH_UNIT ( ) NAMED_UNIT ( #2996 ) );
#10686 =( GEOMETRIC_REPRESENTATION_CONTEXT ( 3 ) GLOBAL_UNCERTAINTY_ASSIGNED_CONTEXT ( ( #8004 ) ) GLOBAL_UNIT_ASSIGNED_CONTEXT ( ( #3145, #9995, #4122 ) ) REPRESENTATION_CONTEXT ( 'NONE', 'WORKASPACE' ) );
#10687 =( GEOMETRIC_REPRESENTATION_CONTEXT ( 3 ) GLOBAL_UNCERTAINTY_ASSIGNED_CONTEXT ( ( #3719 ) ) GLOBAL_UNIT_ASSIGNED_CONTEXT ( ( #10538, #4693, #11541 ) ) REPRESENTATION_CONTEXT ( 'NONE', 'WORKASPACE' ) );
#10688 =( NAMED_UNIT ( * ) PLANE_ANGLE_UNIT ( ) SI_UNIT ( $, .RADIAN. ) );
#10689 = VECTOR ( 'NONE', #2625, 39.37007874015748100 ) ;
#10690 = MECHANICAL_DESIGN_GEOMETRIC_PRESENTATION_REPRESENTATION (  '', ( #8721 ), #11357 ) ;
#10691 = CARTESIAN_POINT ( 'NONE',  ( 0.05669291338582694400, -0.01693371115559762200, 0.03444881889763761600 ) ) ;
#10692 = ORIENTED_EDGE ( 'NONE', *, *, #5998, .F. ) ;
#10693 = DIMENSIONAL_EXPONENTS ( 1.000000000000000000, 0.0000000000000000000, 0.0000000000000000000, 0.0000000000000000000, 0.0000000000000000000, 0.0000000000000000000, 0.0000000000000000000 ) ;
#10694 = LINE ( 'NONE', #2313, #5927 ) ;
#10695 = PRESENTATION_STYLE_ASSIGNMENT (( #2182 ) ) ;
#10696 = DIMENSIONAL_EXPONENTS ( 1.000000000000000000, 0.0000000000000000000, 0.0000000000000000000, 0.0000000000000000000, 0.0000000000000000000, 0.0000000000000000000, 0.0000000000000000000 ) ;
#10697 = LINE ( 'NONE', #10844, #10389 ) ;
#10698 = COLOUR_RGB ( '',0.3529411764705882000, 0.3529411764705882000, 0.3529411764705882000 ) ;
#10699 = CARTESIAN_POINT ( 'NONE',  ( 0.02460629921259843400, 0.004133858267716536200, 0.0000000000000000000 ) ) ;
#10700 =( LENGTH_UNIT ( ) NAMED_UNIT ( * ) SI_UNIT ( $, .METRE. ) );
#10701 = CARTESIAN_POINT ( 'NONE',  ( 0.004921259842522244600, 0.001181102362204723500, -0.04291338582677168400 ) ) ;
#10702 = VECTOR ( 'NONE', #10867, 39.37007874015748100 ) ;
#10703 = UNCERTAINTY_MEASURE_WITH_UNIT (LENGTH_MEASURE( 1.000000000000000100E-005 ), #8745, 'distance_accuracy_value', 'NONE');
#10704 = SURFACE_STYLE_FILL_AREA ( #1482 ) ;
#10705 = LINE ( 'NONE', #12371, #6711 ) ;
#10706 = VECTOR ( 'NONE', #1514, 39.37007874015748100 ) ;
#10707 =( GEOMETRIC_REPRESENTATION_CONTEXT ( 3 ) GLOBAL_UNCERTAINTY_ASSIGNED_CONTEXT ( ( #8226 ) ) GLOBAL_UNIT_ASSIGNED_CONTEXT ( ( #5521, #12388, #6498 ) ) REPRESENTATION_CONTEXT ( 'NONE', 'WORKASPACE' ) );
#10708 = DIMENSIONAL_EXPONENTS ( 1.000000000000000000, 0.0000000000000000000, 0.0000000000000000000, 0.0000000000000000000, 0.0000000000000000000, 0.0000000000000000000, 0.0000000000000000000 ) ;
#10709 = DIRECTION ( 'NONE',  ( -0.0000000000000000000, -1.000000000000000000, -0.0000000000000000000 ) ) ;
#10710 = AXIS2_PLACEMENT_3D ( 'NONE', #6765, #951, #7740 ) ;
#10711 = CARTESIAN_POINT ( 'NONE',  ( 0.01476377952755906200, 0.007204724409448820400, 0.05669291338582680600 ) ) ;
#10712 = ORIENTED_EDGE ( 'NONE', *, *, #1721, .F. ) ;
#10713 = CARTESIAN_POINT ( 'NONE',  ( 0.04291338582677178100, 0.001181102362204723300, 0.03444881889763766500 ) ) ;
#10714 = FACE_OUTER_BOUND ( 'NONE', #4946, .T. ) ;
#10715 = EDGE_CURVE ( 'NONE', #8958, #8871, #9754, .T. ) ;
#10716 = VECTOR ( 'NONE', #678, 39.37007874015748100 ) ;
#10717 = CARTESIAN_POINT ( 'NONE',  ( 0.01476377952755936400, 0.007204724409448820400, -0.04291338582677155900 ) ) ;
#10718 = VERTEX_POINT ( 'NONE', #4250 ) ;
#10719 = ORIENTED_EDGE ( 'NONE', *, *, #5618, .F. ) ;
#10720 = LINE ( 'NONE', #4376, #2908 ) ;
#10721 = COLOUR_RGB ( '',0.2509803921568627400, 0.2509803921568627400, 0.2509803921568627400 ) ;
#10722 =( GEOMETRIC_REPRESENTATION_CONTEXT ( 3 ) GLOBAL_UNCERTAINTY_ASSIGNED_CONTEXT ( ( #1331 ) ) GLOBAL_UNIT_ASSIGNED_CONTEXT ( ( #2869, #9739, #3867 ) ) REPRESENTATION_CONTEXT ( 'NONE', 'WORKASPACE' ) );
#10723 = DIMENSIONAL_EXPONENTS ( 1.000000000000000000, 0.0000000000000000000, 0.0000000000000000000, 0.0000000000000000000, 0.0000000000000000000, 0.0000000000000000000, 0.0000000000000000000 ) ;
#10724 = ORIENTED_EDGE ( 'NONE', *, *, #1736, .T. ) ;
#10725 = SURFACE_STYLE_USAGE ( .BOTH. , #3888 ) ;
#10726 = FACE_BOUND ( 'NONE', #10416, .T. ) ;
#10727 = ORIENTED_EDGE ( 'NONE', *, *, #9451, .F. ) ;
#10728 = VERTEX_POINT ( 'NONE', #3282 ) ;
#10729 = COLOUR_RGB ( '',0.2509803921568627400, 0.2509803921568627400, 0.2509803921568627400 ) ;
#10730 = VERTEX_POINT ( 'NONE', #5236 ) ;
#10731 = ORIENTED_EDGE ( 'NONE', *, *, #12385, .F. ) ;
#10732 = PRESENTATION_STYLE_ASSIGNMENT (( #1987 ) ) ;
#10733 = PRESENTATION_STYLE_ASSIGNMENT (( #7761 ) ) ;
#10734 = SURFACE_STYLE_FILL_AREA ( #3382 ) ;
#10735 = ADVANCED_FACE ( 'NONE', ( #12027 ), #11107, .F. ) ;
#10737 = COLOUR_RGB ( '',0.2509803921568627400, 0.2509803921568627400, 0.2509803921568627400 ) ;
#10736 = PRESENTATION_STYLE_ASSIGNMENT (( #8182 ) ) ;
#10738 = DIRECTION ( 'NONE',  ( 0.0000000000000000000, 1.000000000000000000, 0.0000000000000000000 ) ) ;
#10739 = FILL_AREA_STYLE_COLOUR ( '', #12083 ) ;
#10740 = EDGE_CURVE ( 'NONE', #246, #778, #3301, .T. ) ;
#10741 = EDGE_CURVE ( 'NONE', #4434, #1019, #5892, .T. ) ;
#10742 = FACE_OUTER_BOUND ( 'NONE', #898, .T. ) ;
#10743 = SURFACE_STYLE_USAGE ( .BOTH. , #3897 ) ;
#10744 =( NAMED_UNIT ( * ) SI_UNIT ( $, .STERADIAN. ) SOLID_ANGLE_UNIT ( ) );
#10745 = CARTESIAN_POINT ( 'NONE',  ( 0.0000000000000000000, 0.001181102362204724400, 0.0000000000000000000 ) ) ;
#10746 = LINE ( 'NONE', #177, #8429 ) ;
#10747 = MANIFOLD_SOLID_BREP ( 'Boss-Extrude2[8]', #12026 ) ;
#10748 = PRESENTATION_LAYER_ASSIGNMENT (  '', '', ( #9442 ) ) ;
#10749 = PLANE ( 'NONE',  #2981 ) ;
#10750 = SURFACE_STYLE_USAGE ( .BOTH. , #3907 ) ;
#10751 = AXIS2_PLACEMENT_3D ( 'NONE', #8564, #2707, #9581 ) ;
#10752 = VECTOR ( 'NONE', #11456, 39.37007874015748100 ) ;
#10753 = EDGE_CURVE ( 'NONE', #3847, #6046, #2064, .T. ) ;
#10754 = ORIENTED_EDGE ( 'NONE', *, *, #6781, .T. ) ;
#10755 = DIRECTION ( 'NONE',  ( -1.000000000000000000, 0.0000000000000000000, 3.425378178174580600E-015 ) ) ;
#10756 = ORIENTED_EDGE ( 'NONE', *, *, #11457, .T. ) ;
#10757 = EDGE_LOOP ( 'NONE', ( #10727, #8735, #393, #3386 ) ) ;
#10758 = ORIENTED_EDGE ( 'NONE', *, *, #11268, .T. ) ;
#10759 = UNCERTAINTY_MEASURE_WITH_UNIT (LENGTH_MEASURE( 1.000000000000000100E-005 ), #949, 'distance_accuracy_value', 'NONE');
#10760 = FILL_AREA_STYLE_COLOUR ( '', #9670 ) ;
#10761 = SURFACE_STYLE_FILL_AREA ( #5243 ) ;
#10762 =( GEOMETRIC_REPRESENTATION_CONTEXT ( 3 ) GLOBAL_UNCERTAINTY_ASSIGNED_CONTEXT ( ( #5357 ) ) GLOBAL_UNIT_ASSIGNED_CONTEXT ( ( #3735, #10572, #4718 ) ) REPRESENTATION_CONTEXT ( 'NONE', 'WORKASPACE' ) );
#10763 = VECTOR ( 'NONE', #236, 39.37007874015748100 ) ;
#10764 =( GEOMETRIC_REPRESENTATION_CONTEXT ( 3 ) GLOBAL_UNCERTAINTY_ASSIGNED_CONTEXT ( ( #1053 ) ) GLOBAL_UNIT_ASSIGNED_CONTEXT ( ( #3924, #10768, #4908 ) ) REPRESENTATION_CONTEXT ( 'NONE', 'WORKASPACE' ) );
#10765 =( NAMED_UNIT ( * ) PLANE_ANGLE_UNIT ( ) SI_UNIT ( $, .RADIAN. ) );
#10766 = MECHANICAL_DESIGN_GEOMETRIC_PRESENTATION_REPRESENTATION (  '', ( #8793 ), #11426 ) ;
#10767 = DIRECTION ( 'NONE',  ( 1.000000000000000000, 0.0000000000000000000, -0.0000000000000000000 ) ) ;
#10768 =( NAMED_UNIT ( * ) PLANE_ANGLE_UNIT ( ) SI_UNIT ( $, .RADIAN. ) );
#10769 = ORIENTED_EDGE ( 'NONE', *, *, #12699, .F. ) ;
#10770 = SURFACE_STYLE_FILL_AREA ( #4266 ) ;
#10771 = SURFACE_STYLE_USAGE ( .BOTH. , #3932 ) ;
#10772 = VECTOR ( 'NONE', #9734, 39.37007874015748100 ) ;
#10773 = UNCERTAINTY_MEASURE_WITH_UNIT (LENGTH_MEASURE( 1.000000000000000100E-005 ), #9948, 'distance_accuracy_value', 'NONE');
#10774 = AXIS2_PLACEMENT_3D ( 'NONE', #7315, #1492, #8310 ) ;
#10775 = AXIS2_PLACEMENT_3D ( 'NONE', #9691, #3816, #8892 ) ;
#10776 = MECHANICAL_DESIGN_GEOMETRIC_PRESENTATION_REPRESENTATION (  '', ( #8810 ), #11445 ) ;
#10777 = LINE ( 'NONE', #10373, #8154 ) ;
#10778 = SURFACE_STYLE_USAGE ( .BOTH. , #3939 ) ;
#10779 = EDGE_CURVE ( 'NONE', #7674, #6761, #8173, .T. ) ;
#10780 = ORIENTED_EDGE ( 'NONE', *, *, #370, .T. ) ;
#10781 = CARTESIAN_POINT ( 'NONE',  ( -0.01091455444047724300, 0.0000000000000000000, -0.02272557806252472100 ) ) ;
#10782 = VERTEX_POINT ( 'NONE', #5359 ) ;
#10783 = SURFACE_STYLE_FILL_AREA ( #9475 ) ;
#10784 = VECTOR ( 'NONE', #2633, 39.37007874015748100 ) ;
#10785 = DIRECTION ( 'NONE',  ( 1.000000000000000000, -0.0000000000000000000, 2.866700612739115500E-014 ) ) ;
#10786 = UNCERTAINTY_MEASURE_WITH_UNIT (LENGTH_MEASURE( 1.000000000000000100E-005 ), #5585, 'distance_accuracy_value', 'NONE');
#10787 = SURFACE_SIDE_STYLE ('',( #4555 ) ) ;
#10788 = ADVANCED_FACE ( 'NONE', ( #4359 ), #11240, .F. ) ;
#10789 = EDGE_CURVE ( 'NONE', #5200, #7444, #5739, .T. ) ;
#10790 = CARTESIAN_POINT ( 'NONE',  ( 0.0000000000000000000, 0.004133858267716536200, -0.04291338582677155900 ) ) ;
#10791 = ORIENTED_EDGE ( 'NONE', *, *, #3945, .F. ) ;
#10792 = CARTESIAN_POINT ( 'NONE',  ( -0.05669291338582667400, 0.007204724409448820400, -0.03444881889763801200 ) ) ;
#10793 = MECHANICAL_DESIGN_GEOMETRIC_PRESENTATION_REPRESENTATION (  '', ( #9504 ), #11466 ) ;
#10794 = SURFACE_STYLE_FILL_AREA ( #10282 ) ;
#10795 = PLANE ( 'NONE',  #9062 ) ;
#10796 = AXIS2_PLACEMENT_3D ( 'NONE', #7739, #1899, #8747 ) ;
#10797 = ORIENTED_EDGE ( 'NONE', *, *, #7671, .F. ) ;
#10798 = VECTOR ( 'NONE', #3369, 39.37007874015748100 ) ;
#10799 = DIRECTION ( 'NONE',  ( 1.000000000000000000, 0.0000000000000000000, -0.0000000000000000000 ) ) ;
#10800 =( CONVERSION_BASED_UNIT ( 'INCH', #4735 ) LENGTH_UNIT ( ) NAMED_UNIT ( #3638 ) );
#10801 = EDGE_CURVE ( 'NONE', #8181, #3808, #10947, .T. ) ;
#10802 = VERTEX_POINT ( 'NONE', #1524 ) ;
#10803 = EDGE_CURVE ( 'NONE', #11771, #1280, #8328, .T. ) ;
#10804 = UNCERTAINTY_MEASURE_WITH_UNIT (LENGTH_MEASURE( 1.000000000000000100E-005 ), #5327, 'distance_accuracy_value', 'NONE');
#10805 =( NAMED_UNIT ( * ) PLANE_ANGLE_UNIT ( ) SI_UNIT ( $, .RADIAN. ) );
#10806 = ORIENTED_EDGE ( 'NONE', *, *, #12592, .F. ) ;
#10807 = ORIENTED_EDGE ( 'NONE', *, *, #928, .T. ) ;
#10808 = CARTESIAN_POINT ( 'NONE',  ( -0.05905511811023601800, 0.004133858267716534500, -0.05905511811023663600 ) ) ;
#10809 = SURFACE_SIDE_STYLE ('',( #9491 ) ) ;
#10810 = DIMENSIONAL_EXPONENTS ( 1.000000000000000000, 0.0000000000000000000, 0.0000000000000000000, 0.0000000000000000000, 0.0000000000000000000, 0.0000000000000000000, 0.0000000000000000000 ) ;
#10811 = ORIENTED_EDGE ( 'NONE', *, *, #11643, .F. ) ;
#10812 =( NAMED_UNIT ( * ) PLANE_ANGLE_UNIT ( ) SI_UNIT ( $, .RADIAN. ) );
#10813 = VECTOR ( 'NONE', #7890, 39.37007874015748100 ) ;
#10814 = LINE ( 'NONE', #11344, #8195 ) ;
#10815 = AXIS2_PLACEMENT_3D ( 'NONE', #4679, #4962, #11818 ) ;
#10816 = DIRECTION ( 'NONE',  ( -6.982962677686265900E-015, 0.0000000000000000000, 1.000000000000000000 ) ) ;
#10817 = COLOUR_RGB ( '',0.9686274509803921600, 0.8784313725490196000, 0.5999999999999999800 ) ;
#10818 = SURFACE_SIDE_STYLE ('',( #6091 ) ) ;
#10819 = PRESENTATION_STYLE_ASSIGNMENT (( #12313 ) ) ;
#10820 = CARTESIAN_POINT ( 'NONE',  ( 0.0000000000000000000, 0.001181102362204724400, 0.0000000000000000000 ) ) ;
#10821 = DIMENSIONAL_EXPONENTS ( 1.000000000000000000, 0.0000000000000000000, 0.0000000000000000000, 0.0000000000000000000, 0.0000000000000000000, 0.0000000000000000000, 0.0000000000000000000 ) ;
#10822 = CARTESIAN_POINT ( 'NONE',  ( -0.02460629921260104300, -0.01693371115559762200, 0.05669291338582569500 ) ) ;
#10823 = CARTESIAN_POINT ( 'NONE',  ( 0.0000000000000000000, 0.0000000000000000000, 0.0000000000000000000 ) ) ;
#10824 = LINE ( 'NONE', #4646, #768 ) ;
#10825 = LENGTH_MEASURE_WITH_UNIT ( LENGTH_MEASURE( 0.02539999999999999900 ), #6449 );
#10826 = VERTEX_POINT ( 'NONE', #6390 ) ;
#10827 = AXIS2_PLACEMENT_3D ( 'NONE', #7161, #1347, #8152 ) ;
#10828 = AXIS2_PLACEMENT_3D ( 'NONE', #12060, #6191, #358 ) ;
#10829 = VECTOR ( 'NONE', #407, 39.37007874015748100 ) ;
#10830 = MECHANICAL_DESIGN_GEOMETRIC_PRESENTATION_REPRESENTATION (  '', ( #8862 ), #11511 ) ;
#10831 = VECTOR ( 'NONE', #6203, 39.37007874015748100 ) ;
#10832 = VECTOR ( 'NONE', #247, 39.37007874015748100 ) ;
#10833 =( NAMED_UNIT ( * ) SI_UNIT ( $, .STERADIAN. ) SOLID_ANGLE_UNIT ( ) );
#10834 = PRESENTATION_STYLE_ASSIGNMENT (( #3191 ) ) ;
#10835 = LENGTH_MEASURE_WITH_UNIT ( LENGTH_MEASURE( 0.02539999999999999900 ), #7725 );
#10836 = EDGE_LOOP ( 'NONE', ( #9617, #8768, #11292, #9781 ) ) ;
#10837 = EDGE_CURVE ( 'NONE', #557, #1789, #8006, .T. ) ;
#10838 = VECTOR ( 'NONE', #6450, 39.37007874015748100 ) ;
#10839 = CARTESIAN_POINT ( 'NONE',  ( -0.04291338582677168400, 0.0000000000000000000, 0.0000000000000000000 ) ) ;
#10840 = DIMENSIONAL_EXPONENTS ( 1.000000000000000000, 0.0000000000000000000, 0.0000000000000000000, 0.0000000000000000000, 0.0000000000000000000, 0.0000000000000000000, 0.0000000000000000000 ) ;
#10841 = DIRECTION ( 'NONE',  ( 0.0000000000000000000, -0.0000000000000000000, 1.000000000000000000 ) ) ;
#10842 = COLOUR_RGB ( '',0.9686274509803921600, 0.8784313725490196000, 0.5999999999999999800 ) ;
#10843 = CARTESIAN_POINT ( 'NONE',  ( 0.04291338582677162200, 0.007204724409448820400, -0.01476377952755924200 ) ) ;
#10844 = CARTESIAN_POINT ( 'NONE',  ( 0.0000000000000000000, 0.0000000000000000000, -0.004921259842519830700 ) ) ;
#10845 = LINE ( 'NONE', #8754, #7908 ) ;
#10846 = ORIENTED_EDGE ( 'NONE', *, *, #7494, .T. ) ;
#10847 = ADVANCED_FACE ( 'NONE', ( #10645 ), #607, .T. ) ;
#10848 = LENGTH_MEASURE_WITH_UNIT ( LENGTH_MEASURE( 0.02539999999999999900 ), #8732 );
#10849 = AXIS2_PLACEMENT_3D ( 'NONE', #7522, #1703, #8523 ) ;
#10850 = MECHANICAL_DESIGN_GEOMETRIC_PRESENTATION_REPRESENTATION (  '', ( #9575 ), #11531 ) ;
#10851 =( NAMED_UNIT ( * ) PLANE_ANGLE_UNIT ( ) SI_UNIT ( $, .RADIAN. ) );
#10852 = ORIENTED_EDGE ( 'NONE', *, *, #5005, .F. ) ;
#10853 = PRESENTATION_LAYER_ASSIGNMENT (  '', '', ( #10210 ) ) ;
#10854 = CARTESIAN_POINT ( 'NONE',  ( 0.04291338582677180900, 0.007204724409448820400, 0.03444881889763766500 ) ) ;
#10855 = DIRECTION ( 'NONE',  ( 0.0000000000000000000, 1.000000000000000000, 0.0000000000000000000 ) ) ;
#10856 = FILL_AREA_STYLE ('',( #9881 ) ) ;
#10857 = UNCERTAINTY_MEASURE_WITH_UNIT (LENGTH_MEASURE( 1.000000000000000100E-005 ), #3227, 'distance_accuracy_value', 'NONE');
#10858 = COLOUR_RGB ( '',0.9686274509803921600, 0.8784313725490196000, 0.5999999999999999800 ) ;
#10859 = LENGTH_MEASURE_WITH_UNIT ( LENGTH_MEASURE( 0.02539999999999999900 ), #2422 );
#10860 = ADVANCED_FACE ( 'NONE', ( #9424 ), #7434, .F. ) ;
#10861 = CARTESIAN_POINT ( 'NONE',  ( 0.05905511811023612300, 0.0000000000000000000, 0.01476377952755898400 ) ) ;
#10862 = PRESENTATION_STYLE_ASSIGNMENT (( #3535 ) ) ;
#10863 = EDGE_CURVE ( 'NONE', #8098, #8737, #5581, .T. ) ;
#10864 = DIRECTION ( 'NONE',  ( -1.000000000000000000, -0.0000000000000000000, 0.0000000000000000000 ) ) ;
#10865 = CARTESIAN_POINT ( 'NONE',  ( 0.05669291338582671500, 0.001181102362204723500, -0.02460629921259862800 ) ) ;
#10866 = ORIENTED_EDGE ( 'NONE', *, *, #12194, .F. ) ;
#10867 = DIRECTION ( 'NONE',  ( -1.000000000000000000, -0.0000000000000000000, -0.0000000000000000000 ) ) ;
#10868 = FILL_AREA_STYLE_COLOUR ( '', #2378 ) ;
#10869 = ORIENTED_EDGE ( 'NONE', *, *, #9918, .T. ) ;
#10870 =( CONVERSION_BASED_UNIT ( 'INCH', #12289 ) LENGTH_UNIT ( ) NAMED_UNIT ( #9018 ) );
#10871 = LINE ( 'NONE', #9377, #5666 ) ;
#10872 = MECHANICAL_DESIGN_GEOMETRIC_PRESENTATION_REPRESENTATION (  '', ( #8894 ), #11546 ) ;
#10873 = LINE ( 'NONE', #2990, #7931 ) ;
#10874 = FILL_AREA_STYLE ('',( #1095 ) ) ;
#10875 = PRODUCT_DEFINITION_FORMATION_WITH_SPECIFIED_SOURCE ( 'ANY', '', #775, .NOT_KNOWN. ) ;
#10876 = LINE ( 'NONE', #10879, #3066 ) ;
#10877 = LINE ( 'NONE', #4242, #9678 ) ;
#10878 = PLANE ( 'NONE',  #7630 ) ;
#10879 = CARTESIAN_POINT ( 'NONE',  ( 0.04291338582677159400, 0.007204724409448820400, -0.01476377952755922300 ) ) ;
#10880 = EDGE_CURVE ( 'NONE', #7309, #11987, #728, .T. ) ;
#10881 = EDGE_CURVE ( 'NONE', #6344, #7207, #8160, .T. ) ;
#10882 = VECTOR ( 'NONE', #5157, 39.37007874015748100 ) ;
#10884 = VECTOR ( 'NONE', #10590, 39.37007874015748100 ) ;
#10883 = VECTOR ( 'NONE', #7968, 39.37007874015748100 ) ;
#10885 =( LENGTH_UNIT ( ) NAMED_UNIT ( * ) SI_UNIT ( $, .METRE. ) );
#10886 = AXIS2_PLACEMENT_3D ( 'NONE', #2345, #9199, #3339 ) ;
#10887 = PRESENTATION_LAYER_ASSIGNMENT (  '', '', ( #9610 ) ) ;
#10888 = SURFACE_SIDE_STYLE ('',( #1711 ) ) ;
#10889 = PLANE ( 'NONE',  #12672 ) ;
#10890 = DIRECTION ( 'NONE',  ( 1.000000000000000000, -0.0000000000000000000, 5.434102431278317600E-015 ) ) ;
#10891 = ORIENTED_EDGE ( 'NONE', *, *, #3725, .T. ) ;
#10892 = VERTEX_POINT ( 'NONE', #12450 ) ;
#10893 = LENGTH_MEASURE_WITH_UNIT ( LENGTH_MEASURE( 0.02539999999999999900 ), #1325 );
#10894 = ORIENTED_EDGE ( 'NONE', *, *, #766, .F. ) ;
#10895 = CARTESIAN_POINT ( 'NONE',  ( 0.04291338582677154500, 0.0000000000000000000, -0.03444881889763799100 ) ) ;
#10896 = EDGE_LOOP ( 'NONE', ( #6953, #10554, #4699, #8166 ) ) ;
#10897 = SURFACE_STYLE_USAGE ( .BOTH. , #4043 ) ;
#10898 =( GEOMETRIC_REPRESENTATION_CONTEXT ( 3 ) GLOBAL_UNCERTAINTY_ASSIGNED_CONTEXT ( ( #8458 ) ) GLOBAL_UNIT_ASSIGNED_CONTEXT ( ( #133, #6932, #1122 ) ) REPRESENTATION_CONTEXT ( 'NONE', 'WORKASPACE' ) );
#10899 = PRESENTATION_STYLE_ASSIGNMENT (( #9399 ) ) ;
#10900 = CARTESIAN_POINT ( 'NONE',  ( -0.04291338582677153200, 0.001181102362204724200, -0.04429133858267750300 ) ) ;
#10901 = PRESENTATION_LAYER_ASSIGNMENT (  '', '', ( #9620 ) ) ;
#10902 = EDGE_LOOP ( 'NONE', ( #9261, #1916, #1673, #8942 ) ) ;
#10903 = CARTESIAN_POINT ( 'NONE',  ( -0.04291338582677151800, 0.001181102362204723500, -0.04429133858267731600 ) ) ;
#10904 = VECTOR ( 'NONE', #2750, 39.37007874015748100 ) ;
#10905 = VECTOR ( 'NONE', #3923, 39.37007874015748100 ) ;
#10906 = COLOUR_RGB ( '',0.3529411764705882000, 0.3529411764705882000, 0.3529411764705882000 ) ;
#10907 = CARTESIAN_POINT ( 'NONE',  ( -0.04291338582677173300, 0.007204724409448820400, 0.01476377952755889200 ) ) ;
#10908 = AXIS2_PLACEMENT_3D ( 'NONE', #7695, #1864, #8696 ) ;
#10909 = CARTESIAN_POINT ( 'NONE',  ( 0.0000000000000000000, 0.007204724409448820400, 0.0000000000000000000 ) ) ;
#10910 =( NAMED_UNIT ( * ) SI_UNIT ( $, .STERADIAN. ) SOLID_ANGLE_UNIT ( ) );
#10911 = PRESENTATION_LAYER_ASSIGNMENT (  '', '', ( #9633 ) ) ;
#10912 =( CONVERSION_BASED_UNIT ( 'INCH', #11044 ) LENGTH_UNIT ( ) NAMED_UNIT ( #4144 ) );
#10913 = ORIENTED_EDGE ( 'NONE', *, *, #2665, .T. ) ;
#10914 = ORIENTED_EDGE ( 'NONE', *, *, #6527, .T. ) ;
#10915 = UNCERTAINTY_MEASURE_WITH_UNIT (LENGTH_MEASURE( 1.000000000000000100E-005 ), #8134, 'distance_accuracy_value', 'NONE');
#10916 = MECHANICAL_DESIGN_GEOMETRIC_PRESENTATION_REPRESENTATION (  '', ( #8936 ), #11587 ) ;
#10917 =( NAMED_UNIT ( * ) PLANE_ANGLE_UNIT ( ) SI_UNIT ( $, .RADIAN. ) );
#10918 = COLOUR_RGB ( '',0.9686274509803921600, 0.8784313725490196000, 0.5999999999999999800 ) ;
#10919 = EDGE_CURVE ( 'NONE', #754, #9096, #2976, .T. ) ;
#10920 = VECTOR ( 'NONE', #5908, 39.37007874015748100 ) ;
#10921 =( NAMED_UNIT ( * ) SI_UNIT ( $, .STERADIAN. ) SOLID_ANGLE_UNIT ( ) );
#10922 = CARTESIAN_POINT ( 'NONE',  ( 0.0000000000000000000, 0.001181102362204724400, 0.0000000000000000000 ) ) ;
#10923 = ADVANCED_FACE ( 'NONE', ( #10181 ), #746, .F. ) ;
#10924 = AXIS2_PLACEMENT_3D ( 'NONE', #6808, #1002, #7783 ) ;
#10925 = MECHANICAL_DESIGN_GEOMETRIC_PRESENTATION_REPRESENTATION (  '', ( #9646 ), #11597 ) ;
#10926 = SURFACE_STYLE_USAGE ( .BOTH. , #4072 ) ;
#10927 = EDGE_LOOP ( 'NONE', ( #11060, #12199, #3952 ) ) ;
#10928 = PRESENTATION_LAYER_ASSIGNMENT (  '', '', ( #10281 ) ) ;
#10929 = ORIENTED_EDGE ( 'NONE', *, *, #6917, .F. ) ;
#10930 = LENGTH_MEASURE_WITH_UNIT ( LENGTH_MEASURE( 0.02539999999999999900 ), #10700 );
#10931 = SURFACE_STYLE_FILL_AREA ( #1766 ) ;
#10932 = ORIENTED_EDGE ( 'NONE', *, *, #6821, .T. ) ;
#10933 = FILL_AREA_STYLE ('',( #1111 ) ) ;
#10934 = CARTESIAN_POINT ( 'NONE',  ( -0.02460629921260102500, -0.01693371115559762200, 0.05669291338582568100 ) ) ;
#10935 = DIRECTION ( 'NONE',  ( -1.000000000000000000, 0.0000000000000000000, -7.602506776249411700E-015 ) ) ;
#10936 = DIRECTION ( 'NONE',  ( 0.0000000000000000000, 1.000000000000000000, 0.0000000000000000000 ) ) ;
#10937 = EDGE_LOOP ( 'NONE', ( #2413, #2357, #243, #6760 ) ) ;
#10938 = SURFACE_SIDE_STYLE ('',( #1273 ) ) ;
#10939 = DIRECTION ( 'NONE',  ( -0.0000000000000000000, 0.0000000000000000000, -1.000000000000000000 ) ) ;
#10940 =( NAMED_UNIT ( * ) PLANE_ANGLE_UNIT ( ) SI_UNIT ( $, .RADIAN. ) );
#10941 = ORIENTED_EDGE ( 'NONE', *, *, #2641, .F. ) ;
#10942 = ORIENTED_EDGE ( 'NONE', *, *, #11457, .F. ) ;
#10943 = DIMENSIONAL_EXPONENTS ( 1.000000000000000000, 0.0000000000000000000, 0.0000000000000000000, 0.0000000000000000000, 0.0000000000000000000, 0.0000000000000000000, 0.0000000000000000000 ) ;
#10944 = EDGE_LOOP ( 'NONE', ( #9740, #9885, #2917, #12011 ) ) ;
#10945 = ORIENTED_EDGE ( 'NONE', *, *, #4145, .T. ) ;
#10946 = ORIENTED_EDGE ( 'NONE', *, *, #2524, .T. ) ;
#10947 = LINE ( 'NONE', #12275, #561 ) ;
#10948 = CARTESIAN_POINT ( 'NONE',  ( -0.04291338582677155900, 0.007204724409448820400, -0.03444881889763795600 ) ) ;
#10949 = MECHANICAL_DESIGN_GEOMETRIC_PRESENTATION_REPRESENTATION (  '', ( #8968 ), #11612 ) ;
#10950 = STYLED_ITEM ( 'NONE', ( #3853 ), #12346 ) ;
#10951 =( NAMED_UNIT ( * ) PLANE_ANGLE_UNIT ( ) SI_UNIT ( $, .RADIAN. ) );
#10952 = DIRECTION ( 'NONE',  ( -1.000000000000000000, 0.0000000000000000000, -5.434102431278317600E-015 ) ) ;
#10953 =( NAMED_UNIT ( * ) PLANE_ANGLE_UNIT ( ) SI_UNIT ( $, .RADIAN. ) );
#10954 = SURFACE_STYLE_USAGE ( .BOTH. , #4099 ) ;
#10955 = DIMENSIONAL_EXPONENTS ( 1.000000000000000000, 0.0000000000000000000, 0.0000000000000000000, 0.0000000000000000000, 0.0000000000000000000, 0.0000000000000000000, 0.0000000000000000000 ) ;
#10956 = EDGE_LOOP ( 'NONE', ( #3909, #1879, #5095, #2262 ) ) ;
#10957 = FACE_OUTER_BOUND ( 'NONE', #310, .T. ) ;
#10958 = SURFACE_SIDE_STYLE ('',( #11897 ) ) ;
#10959 = VERTEX_POINT ( 'NONE', #1661 ) ;
#10960 = ORIENTED_EDGE ( 'NONE', *, *, #9974, .F. ) ;
#10961 = CARTESIAN_POINT ( 'NONE',  ( 0.004921259842522244600, 0.004133858267716536200, -0.04291338582677168400 ) ) ;
#10962 = LENGTH_MEASURE_WITH_UNIT ( LENGTH_MEASURE( 0.02539999999999999900 ), #1812 );
#10963 = CARTESIAN_POINT ( 'NONE',  ( -0.04494350380682998100, 0.03149606299212598400, -0.04494350380683059800 ) ) ;
#10964 = AXIS2_PLACEMENT_3D ( 'NONE', #693, #7472, #1650 ) ;
#10965 = ORIENTED_EDGE ( 'NONE', *, *, #3468, .T. ) ;
#10966 = DIRECTION ( 'NONE',  ( 0.0000000000000000000, 0.0000000000000000000, 1.000000000000000000 ) ) ;
#10967 =( GEOMETRIC_REPRESENTATION_CONTEXT ( 3 ) GLOBAL_UNCERTAINTY_ASSIGNED_CONTEXT ( ( #6746 ) ) GLOBAL_UNIT_ASSIGNED_CONTEXT ( ( #7085, #1281, #8075 ) ) REPRESENTATION_CONTEXT ( 'NONE', 'WORKASPACE' ) );
#10968 = DIRECTION ( 'NONE',  ( 0.0000000000000000000, 1.000000000000000000, 0.0000000000000000000 ) ) ;
#10969 = LINE ( 'NONE', #7830, #4383 ) ;
#10970 = VERTEX_POINT ( 'NONE', #7567 ) ;
#10971 = VECTOR ( 'NONE', #5705, 39.37007874015748100 ) ;
#10972 = LINE ( 'NONE', #1611, #2859 ) ;
#10973 = EDGE_CURVE ( 'NONE', #10420, #10802, #9253, .T. ) ;
#10974 = DIMENSIONAL_EXPONENTS ( 1.000000000000000000, 0.0000000000000000000, 0.0000000000000000000, 0.0000000000000000000, 0.0000000000000000000, 0.0000000000000000000, 0.0000000000000000000 ) ;
#10975 = UNCERTAINTY_MEASURE_WITH_UNIT (LENGTH_MEASURE( 1.000000000000000100E-005 ), #150, 'distance_accuracy_value', 'NONE');
#10976 = CARTESIAN_POINT ( 'NONE',  ( -0.01091455444047724300, 0.001181102362204723700, -0.02272557806252472500 ) ) ;
#10977 = EDGE_CURVE ( 'NONE', #7, #3048, #1455, .T. ) ;
#10978 =( CONVERSION_BASED_UNIT ( 'INCH', #11883 ) LENGTH_UNIT ( ) NAMED_UNIT ( #4406 ) );
#10979 = ORIENTED_EDGE ( 'NONE', *, *, #6828, .F. ) ;
#10980 = COLOUR_RGB ( '',0.2509803921568627400, 0.2509803921568627400, 0.2509803921568627400 ) ;
#10981 = LINE ( 'NONE', #12687, #3174 ) ;
#10982 = ORIENTED_EDGE ( 'NONE', *, *, #10973, .T. ) ;
#10983 = CARTESIAN_POINT ( 'NONE',  ( 0.04291338582677153800, 0.0000000000000000000, -0.04429133858267732300 ) ) ;
#10984 = CARTESIAN_POINT ( 'NONE',  ( 0.01476377952755907100, 0.007204724409448820400, 0.04291338582677164900 ) ) ;
#10985 = FACE_OUTER_BOUND ( 'NONE', #4198, .T. ) ;
#10986 = FACE_OUTER_BOUND ( 'NONE', #508, .T. ) ;
#10987 = AXIS2_PLACEMENT_3D ( 'NONE', #5877, #42, #6840 ) ;
#10988 = DIRECTION ( 'NONE',  ( 6.982962677686265900E-015, 0.0000000000000000000, -1.000000000000000000 ) ) ;
#10989 = ADVANCED_FACE ( 'NONE', ( #8930 ), #5663, .F. ) ;
#10990 =( NAMED_UNIT ( * ) SI_UNIT ( $, .STERADIAN. ) SOLID_ANGLE_UNIT ( ) );
#10991 = STYLED_ITEM ( 'NONE', ( #6986 ), #1380 ) ;
#10992 = CARTESIAN_POINT ( 'NONE',  ( -0.01476377952755869200, 0.004133858267716536200, -0.05669291338582690300 ) ) ;
#10993 = LINE ( 'NONE', #11402, #3500 ) ;
#10994 = PLANE ( 'NONE',  #3011 ) ;
#10995 = EDGE_CURVE ( 'NONE', #11853, #12145, #7696, .T. ) ;
#10996 = ORIENTED_EDGE ( 'NONE', *, *, #7582, .F. ) ;
#10997 = CARTESIAN_POINT ( 'NONE',  ( -0.04291338582677161500, -0.01693371115559762200, -0.01476377952755921500 ) ) ;
#10998 = COLOUR_RGB ( '',0.3529411764705882000, 0.3529411764705882000, 0.3529411764705882000 ) ;
#10999 = CARTESIAN_POINT ( 'NONE',  ( 0.05669291338582663900, 0.0000000000000000000, -0.04429133858267737800 ) ) ;
#11000 = VECTOR ( 'NONE', #11579, 39.37007874015748100 ) ;
#11001 = SURFACE_STYLE_USAGE ( .BOTH. , #10958 ) ;
#11002 = FACE_OUTER_BOUND ( 'NONE', #4617, .T. ) ;
#11003 =( LENGTH_UNIT ( ) NAMED_UNIT ( * ) SI_UNIT ( $, .METRE. ) );
#11004 = MECHANICAL_DESIGN_GEOMETRIC_PRESENTATION_REPRESENTATION (  '', ( #9027 ), #11671 ) ;
#11005 = MECHANICAL_DESIGN_GEOMETRIC_PRESENTATION_REPRESENTATION (  '', ( #9028 ), #11672 ) ;
#11006 = PRESENTATION_LAYER_ASSIGNMENT (  '', '', ( #9724 ) ) ;
#11007 =( NAMED_UNIT ( * ) SI_UNIT ( $, .STERADIAN. ) SOLID_ANGLE_UNIT ( ) );
#11008 = LINE ( 'NONE', #2141, #10702 ) ;
#11009 = SURFACE_STYLE_FILL_AREA ( #9410 ) ;
#11010 = COLOUR_RGB ( '',0.2509803921568627400, 0.2509803921568627400, 0.2509803921568627400 ) ;
#11011 = CARTESIAN_POINT ( 'NONE',  ( -0.05905511811023639300, 0.0000000000000000000, 0.02460629921259826700 ) ) ;
#11012 = DIRECTION ( 'NONE',  ( 1.000000000000000000, 0.0000000000000000000, -0.0000000000000000000 ) ) ;
#11013 = EDGE_LOOP ( 'NONE', ( #3642, #11558, #6788, #696 ) ) ;
#11014 = PLANE ( 'NONE',  #241 ) ;
#11015 = PLANE ( 'NONE',  #3890 ) ;
#11016 =( NAMED_UNIT ( * ) PLANE_ANGLE_UNIT ( ) SI_UNIT ( $, .RADIAN. ) );
#11017 = STYLED_ITEM ( 'NONE', ( #3530 ), #3624 ) ;
#11018 = ORIENTED_EDGE ( 'NONE', *, *, #3079, .F. ) ;
#11019 = STYLED_ITEM ( 'NONE', ( #3842 ), #9779 ) ;
#11020 = AXIS2_PLACEMENT_3D ( 'NONE', #9195, #3335, #10182 ) ;
#11021 =( NAMED_UNIT ( * ) SI_UNIT ( $, .STERADIAN. ) SOLID_ANGLE_UNIT ( ) );
#11022 = ORIENTED_EDGE ( 'NONE', *, *, #11086, .T. ) ;
#11023 = LINE ( 'NONE', #1440, #3534 ) ;
#11024 = EDGE_LOOP ( 'NONE', ( #2206, #5451, #10013, #7489 ) ) ;
#11025 = FACE_BOUND ( 'NONE', #5778, .T. ) ;
#11026 = ORIENTED_EDGE ( 'NONE', *, *, #8106, .T. ) ;
#11027 = ORIENTED_EDGE ( 'NONE', *, *, #5035, .F. ) ;
#11028 = FILL_AREA_STYLE_COLOUR ( '', #4321 ) ;
#11029 = VECTOR ( 'NONE', #8231, 39.37007874015748100 ) ;
#11030 = VERTEX_POINT ( 'NONE', #12580 ) ;
#11031 = VECTOR ( 'NONE', #9796, 39.37007874015748100 ) ;
#11032 = CARTESIAN_POINT ( 'NONE',  ( 0.0000000000000000000, 0.0000000000000000000, 0.01476377952755905800 ) ) ;
#11033 = EDGE_CURVE ( 'NONE', #4203, #2293, #2508, .T. ) ;
#11034 = VECTOR ( 'NONE', #12696, 39.37007874015748100 ) ;
#11035 = CARTESIAN_POINT ( 'NONE',  ( -0.02460629921260094900, -0.01693371115559762200, 0.04291338582677133000 ) ) ;
#11036 = PLANE ( 'NONE',  #6316 ) ;
#11037 =( GEOMETRIC_REPRESENTATION_CONTEXT ( 3 ) GLOBAL_UNCERTAINTY_ASSIGNED_CONTEXT ( ( #5468 ) ) GLOBAL_UNIT_ASSIGNED_CONTEXT ( ( #8943, #3095, #9949 ) ) REPRESENTATION_CONTEXT ( 'NONE', 'WORKASPACE' ) );
#11038 =( CONVERSION_BASED_UNIT ( 'INCH', #5979 ) LENGTH_UNIT ( ) NAMED_UNIT ( #7068 ) );
#11039 = STYLED_ITEM ( 'NONE', ( #2942 ), #4885 ) ;
#11040 = DIRECTION ( 'NONE',  ( 0.0000000000000000000, 1.000000000000000000, 0.0000000000000000000 ) ) ;
#11041 = LINE ( 'NONE', #4431, #3558 ) ;
#11042 = COLOUR_RGB ( '',0.3529411764705882000, 0.3529411764705882000, 0.3529411764705882000 ) ;
#11043 = DIRECTION ( 'NONE',  ( 1.000000000000000000, 0.0000000000000000000, 3.575470135588969500E-015 ) ) ;
#11044 = LENGTH_MEASURE_WITH_UNIT ( LENGTH_MEASURE( 0.02539999999999999900 ), #4058 );
#11045 =( LENGTH_UNIT ( ) NAMED_UNIT ( * ) SI_UNIT ( $, .METRE. ) );
#11046 =( CONVERSION_BASED_UNIT ( 'INCH', #6542 ) LENGTH_UNIT ( ) NAMED_UNIT ( #971 ) );
#11047 =( CONVERSION_BASED_UNIT ( 'INCH', #10106 ) LENGTH_UNIT ( ) NAMED_UNIT ( #433 ) );
#11048 = EDGE_CURVE ( 'NONE', #4515, #3993, #2821, .T. ) ;
#11049 = EDGE_CURVE ( 'NONE', #8476, #11724, #10014, .T. ) ;
#11050 = ADVANCED_FACE ( 'NONE', ( #12328 ), #11622, .F. ) ;
#11051 = FACE_OUTER_BOUND ( 'NONE', #11839, .T. ) ;
#11052 = LINE ( 'NONE', #8483, #5849 ) ;
#11053 = DIRECTION ( 'NONE',  ( -3.513515725732652500E-015, 0.0000000000000000000, 1.000000000000000000 ) ) ;
#11054 = CARTESIAN_POINT ( 'NONE',  ( -0.02460629921259803500, 0.007204724409448820400, -0.05669291338582697200 ) ) ;
#11055 = AXIS2_PLACEMENT_3D ( 'NONE', #8829, #2967, #9831 ) ;
#11056 = ORIENTED_EDGE ( 'NONE', *, *, #161, .F. ) ;
#11057 =( NAMED_UNIT ( * ) SI_UNIT ( $, .STERADIAN. ) SOLID_ANGLE_UNIT ( ) );
#11058 = FILL_AREA_STYLE ('',( #9085 ) ) ;
#11059 = DIRECTION ( 'NONE',  ( -0.0000000000000000000, 0.0000000000000000000, -1.000000000000000000 ) ) ;
#11060 = ORIENTED_EDGE ( 'NONE', *, *, #1823, .T. ) ;
#11061 = VERTEX_POINT ( 'NONE', #948 ) ;
#11062 = ORIENTED_EDGE ( 'NONE', *, *, #1620, .F. ) ;
#11063 =( CONVERSION_BASED_UNIT ( 'INCH', #2844 ) LENGTH_UNIT ( ) NAMED_UNIT ( #12253 ) );
#11064 = CARTESIAN_POINT ( 'NONE',  ( 0.05905511811023651100, 0.001181102362204724200, -0.04429133858267735700 ) ) ;
#11065 =( LENGTH_UNIT ( ) NAMED_UNIT ( * ) SI_UNIT ( $, .METRE. ) );
#11066 = SURFACE_STYLE_FILL_AREA ( #6059 ) ;
#11067 = AXIS2_PLACEMENT_3D ( 'NONE', #10320, #4459, #11303 ) ;
#11068 = LINE ( 'NONE', #4106, #3267 ) ;
#11069 = DIMENSIONAL_EXPONENTS ( 1.000000000000000000, 0.0000000000000000000, 0.0000000000000000000, 0.0000000000000000000, 0.0000000000000000000, 0.0000000000000000000, 0.0000000000000000000 ) ;
#11070 = FILL_AREA_STYLE ('',( #2246 ) ) ;
#11071 = UNCERTAINTY_MEASURE_WITH_UNIT (LENGTH_MEASURE( 1.000000000000000100E-005 ), #10093, 'distance_accuracy_value', 'NONE');
#11072 = VERTEX_POINT ( 'NONE', #12656 ) ;
#11073 = SURFACE_SIDE_STYLE ('',( #6766 ) ) ;
#11074 =( NAMED_UNIT ( * ) SI_UNIT ( $, .STERADIAN. ) SOLID_ANGLE_UNIT ( ) );
#11075 = SURFACE_SIDE_STYLE ('',( #10579 ) ) ;
#11076 = PRESENTATION_STYLE_ASSIGNMENT (( #989 ) ) ;
#11077 = STYLED_ITEM ( 'NONE', ( #12131 ), #8146 ) ;
#11078 = DIRECTION ( 'NONE',  ( 0.0000000000000000000, -0.0000000000000000000, 1.000000000000000000 ) ) ;
#11079 = CARTESIAN_POINT ( 'NONE',  ( 0.05669291338582684700, -0.01693371115559762200, 0.01476377952755886800 ) ) ;
#11080 = PRESENTATION_LAYER_ASSIGNMENT (  '', '', ( #10434 ) ) ;
#11081 = DIMENSIONAL_EXPONENTS ( 1.000000000000000000, 0.0000000000000000000, 0.0000000000000000000, 0.0000000000000000000, 0.0000000000000000000, 0.0000000000000000000, 0.0000000000000000000 ) ;
#11082 = FILL_AREA_STYLE ('',( #2263 ) ) ;
#11083 =( NAMED_UNIT ( * ) SI_UNIT ( $, .STERADIAN. ) SOLID_ANGLE_UNIT ( ) );
#11084 = STYLED_ITEM ( 'NONE', ( #6700 ), #2131 ) ;
#11085 =( CONVERSION_BASED_UNIT ( 'INCH', #11766 ) LENGTH_UNIT ( ) NAMED_UNIT ( #8908 ) );
#11086 = EDGE_CURVE ( 'NONE', #443, #6031, #8785, .T. ) ;
#11087 = VECTOR ( 'NONE', #4506, 39.37007874015748100 ) ;
#11088 = UNCERTAINTY_MEASURE_WITH_UNIT (LENGTH_MEASURE( 1.000000000000000100E-005 ), #11948, 'distance_accuracy_value', 'NONE');
#11089 = ORIENTED_EDGE ( 'NONE', *, *, #3295, .F. ) ;
#11090 = VERTEX_POINT ( 'NONE', #1897 ) ;
#11091 =( NAMED_UNIT ( * ) PLANE_ANGLE_UNIT ( ) SI_UNIT ( $, .RADIAN. ) );
#11092 = ORIENTED_EDGE ( 'NONE', *, *, #11627, .T. ) ;
#11093 = PLANE ( 'NONE',  #753 ) ;
#11094 = VECTOR ( 'NONE', #5528, 39.37007874015748100 ) ;
#11095 =( NAMED_UNIT ( * ) SI_UNIT ( $, .STERADIAN. ) SOLID_ANGLE_UNIT ( ) );
#11096 = STYLED_ITEM ( 'NONE', ( #11199 ), #3294 ) ;
#11097 = ORIENTED_EDGE ( 'NONE', *, *, #11852, .T. ) ;
#11098 = STYLED_ITEM ( 'NONE', ( #7512 ), #9325 ) ;
#11099 = CARTESIAN_POINT ( 'NONE',  ( -0.05905511811023624000, 0.001181102362204724200, 0.004921259842519593900 ) ) ;
#11100 = DIRECTION ( 'NONE',  ( -1.309156885088692300E-017, -0.0000000000000000000, 1.000000000000000000 ) ) ;
#11101 = CARTESIAN_POINT ( 'NONE',  ( 0.0000000000000000000, 0.0000000000000000000, -0.04429133858267778800 ) ) ;
#11102 = PLANE ( 'NONE',  #7792 ) ;
#11103 = CARTESIAN_POINT ( 'NONE',  ( 0.01476377952755903400, 0.001181102362204723700, 0.04291338582677165600 ) ) ;
#11104 =( NAMED_UNIT ( * ) SI_UNIT ( $, .STERADIAN. ) SOLID_ANGLE_UNIT ( ) );
#11105 = VERTEX_POINT ( 'NONE', #2880 ) ;
#11106 = SURFACE_STYLE_FILL_AREA ( #4336 ) ;
#11107 = PLANE ( 'NONE',  #3811 ) ;
#11108 = COLOUR_RGB ( '',0.2509803921568627400, 0.2509803921568627400, 0.2509803921568627400 ) ;
#11109 = DIRECTION ( 'NONE',  ( -4.504786283433685400E-015, 0.0000000000000000000, 1.000000000000000000 ) ) ;
#11110 = EDGE_CURVE ( 'NONE', #9731, #1450, #3598, .T. ) ;
#11111 = CARTESIAN_POINT ( 'NONE',  ( 0.0000000000000000000, 0.003937007874015748000, -0.02272557806252472100 ) ) ;
#11112 = ORIENTED_EDGE ( 'NONE', *, *, #1555, .F. ) ;
#11113 = STYLED_ITEM ( 'NONE', ( #8824 ), #4408 ) ;
#11114 = ADVANCED_FACE ( 'NONE', ( #11398 ), #5834, .F. ) ;
#11115 = VECTOR ( 'NONE', #12167, 39.37007874015748100 ) ;
#11116 =( GEOMETRIC_REPRESENTATION_CONTEXT ( 3 ) GLOBAL_UNCERTAINTY_ASSIGNED_CONTEXT ( ( #7546 ) ) GLOBAL_UNIT_ASSIGNED_CONTEXT ( ( #8206, #2364, #9220 ) ) REPRESENTATION_CONTEXT ( 'NONE', 'WORKASPACE' ) );
#11117 = ORIENTED_EDGE ( 'NONE', *, *, #12536, .T. ) ;
#11118 = FILL_AREA_STYLE_COLOUR ( '', #5207 ) ;
#11119 = EDGE_LOOP ( 'NONE', ( #6566, #4838, #10510, #2694 ) ) ;
#11120 = LENGTH_MEASURE_WITH_UNIT ( LENGTH_MEASURE( 0.02539999999999999900 ), #732 );
#11121 = LINE ( 'NONE', #272, #8508 ) ;
#11122 = FILL_AREA_STYLE ('',( #7101 ) ) ;
#11123 = ADVANCED_FACE ( 'NONE', ( #4954 ), #34, .F. ) ;
#11124 = SURFACE_SIDE_STYLE ('',( #10770 ) ) ;
#11125 = SURFACE_STYLE_USAGE ( .BOTH. , #4268 ) ;
#11126 = EDGE_LOOP ( 'NONE', ( #4673, #1314, #6811, #9809 ) ) ;
#11127 = CARTESIAN_POINT ( 'NONE',  ( 0.05669291338582668100, 0.001181102362204723500, -0.03444881889763797000 ) ) ;
#11128 = EDGE_CURVE ( 'NONE', #11352, #11249, #1144, .T. ) ;
#11129 = CARTESIAN_POINT ( 'NONE',  ( 0.05905511811023663600, 0.0000000000000000000, -0.05905511811023583100 ) ) ;
#11130 = SURFACE_STYLE_FILL_AREA ( #1877 ) ;
#11131 = VECTOR ( 'NONE', #4965, 39.37007874015748100 ) ;
#11132 =( LENGTH_UNIT ( ) NAMED_UNIT ( * ) SI_UNIT ( $, .METRE. ) );
#11133 = LINE ( 'NONE', #7368, #1045 ) ;
#11134 = LINE ( 'NONE', #7484, #1048 ) ;
#11135 = STYLED_ITEM ( 'NONE', ( #4299 ), #6913 ) ;
#11136 =( CONVERSION_BASED_UNIT ( 'INCH', #1082 ) LENGTH_UNIT ( ) NAMED_UNIT ( #8221 ) );
#11137 = SURFACE_STYLE_FILL_AREA ( #6345 ) ;
#11138 = AXIS2_PLACEMENT_3D ( 'NONE', #6507, #703, #7479 ) ;
#11139 = UNCERTAINTY_MEASURE_WITH_UNIT (LENGTH_MEASURE( 1.000000000000000100E-005 ), #8059, 'distance_accuracy_value', 'NONE');
#11140 = CARTESIAN_POINT ( 'NONE',  ( 0.05669291338582668100, 0.004133858267716536200, -0.03444881889763799100 ) ) ;
#11141 = COLOUR_RGB ( '',0.9686274509803921600, 0.8784313725490196000, 0.5999999999999999800 ) ;
#11142 = DIRECTION ( 'NONE',  ( 0.0000000000000000000, 1.000000000000000000, 0.0000000000000000000 ) ) ;
#11143 =( CONVERSION_BASED_UNIT ( 'INCH', #6387 ) LENGTH_UNIT ( ) NAMED_UNIT ( #6485 ) );
#11144 = COLOUR_RGB ( '',0.9686274509803921600, 0.8784313725490196000, 0.5999999999999999800 ) ;
#11145 = EDGE_CURVE ( 'NONE', #5158, #2679, #3740, .T. ) ;
#11146 = EDGE_LOOP ( 'NONE', ( #3448, #3220, #11999, #1857 ) ) ;
#11147 = AXIS2_PLACEMENT_3D ( 'NONE', #10059, #4190, #11043 ) ;
#11148 = FILL_AREA_STYLE ('',( #10169 ) ) ;
#11149 = COLOUR_RGB ( '',0.2509803921568627400, 0.2509803921568627400, 0.2509803921568627400 ) ;
#11150 = LINE ( 'NONE', #11129, #1060 ) ;
#11151 =( NAMED_UNIT ( * ) SI_UNIT ( $, .STERADIAN. ) SOLID_ANGLE_UNIT ( ) );
#11152 = CARTESIAN_POINT ( 'NONE',  ( 0.01476377952755945900, -0.01693371115559762200, -0.05669291338582647200 ) ) ;
#11153 =( NAMED_UNIT ( * ) PLANE_ANGLE_UNIT ( ) SI_UNIT ( $, .RADIAN. ) );
#11154 = EDGE_CURVE ( 'NONE', #9447, #11569, #11235, .T. ) ;
#11155 = LINE ( 'NONE', #4159, #10832 ) ;
#11156 = COLOUR_RGB ( '',0.2509803921568627400, 0.2509803921568627400, 0.2509803921568627400 ) ;
#11157 = CARTESIAN_POINT ( 'NONE',  ( -0.05669291338582681900, 0.007204724409448820400, 0.004921259842519482900 ) ) ;
#11158 = ORIENTED_EDGE ( 'NONE', *, *, #8669, .F. ) ;
#11159 = ORIENTED_EDGE ( 'NONE', *, *, #12555, .F. ) ;
#11160 =( LENGTH_UNIT ( ) NAMED_UNIT ( * ) SI_UNIT ( $, .METRE. ) );
#11161 = VECTOR ( 'NONE', #7371, 39.37007874015748100 ) ;
#11162 = FILL_AREA_STYLE ('',( #2340 ) ) ;
#11163 = STYLED_ITEM ( 'NONE', ( #3649 ), #7686 ) ;
#11164 = AXIS2_PLACEMENT_3D ( 'NONE', #10909, #5038, #11906 ) ;
#11165 = CARTESIAN_POINT ( 'NONE',  ( 0.01476377952755896600, 0.001181102362204723500, 0.05905511811023633800 ) ) ;
#11166 = MECHANICAL_DESIGN_GEOMETRIC_PRESENTATION_REPRESENTATION (  '', ( #9197 ), #11823 ) ;
#11167 = CARTESIAN_POINT ( 'NONE',  ( 0.02460629921259843400, -0.01693371115559762200, 0.05669291338582680600 ) ) ;
#11168 = EDGE_CURVE ( 'NONE', #11502, #10513, #8921, .T. ) ;
#11169 = FILL_AREA_STYLE ('',( #8147 ) ) ;
#11170 = UNCERTAINTY_MEASURE_WITH_UNIT (LENGTH_MEASURE( 1.000000000000000100E-005 ), #3827, 'distance_accuracy_value', 'NONE');
#11171 = DIRECTION ( 'NONE',  ( -1.000000000000000000, -0.0000000000000000000, 0.0000000000000000000 ) ) ;
#11172 = CARTESIAN_POINT ( 'NONE',  ( 0.04291338582677158000, 0.007204724409448820400, -0.02460629921259857900 ) ) ;
#11173 = DIRECTION ( 'NONE',  ( 1.000000000000000000, 0.0000000000000000000, 6.982962677686265900E-015 ) ) ;
#11174 = LINE ( 'NONE', #10611, #8561 ) ;
#11175 = LENGTH_MEASURE_WITH_UNIT ( LENGTH_MEASURE( 0.02539999999999999900 ), #6258 );
#11176 = FACE_OUTER_BOUND ( 'NONE', #5027, .T. ) ;
#11177 = CARTESIAN_POINT ( 'NONE',  ( -0.05905511811023663600, 0.001181102362204723300, 0.05905511811023582400 ) ) ;
#11178 = STYLED_ITEM ( 'NONE', ( #4809 ), #2836 ) ;
#11179 = STYLED_ITEM ( 'NONE', ( #6980 ), #8913 ) ;
#11180 =( NAMED_UNIT ( * ) SI_UNIT ( $, .STERADIAN. ) SOLID_ANGLE_UNIT ( ) );
#11181 = LINE ( 'NONE', #1318, #8569 ) ;
#11182 =( LENGTH_UNIT ( ) NAMED_UNIT ( * ) SI_UNIT ( $, .METRE. ) );
#11183 = SURFACE_STYLE_FILL_AREA ( #9584 ) ;
#11184 = EDGE_LOOP ( 'NONE', ( #7426, #12504, #10349, #5513, #8019, #11566, #6424, #7412, #1595, #5696, #11112, #4354, #9753, #9479, #6653, #9912, #9251, #9358, #10941, #5809, #10866, #1004, #2476, #10504 ) ) ;
#11185 = PRESENTATION_STYLE_ASSIGNMENT (( #9719 ) ) ;
#11186 = VERTEX_POINT ( 'NONE', #4969 ) ;
#11187 = ADVANCED_FACE ( 'NONE', ( #860 ), #11829, .F. ) ;
#11188 = CARTESIAN_POINT ( 'NONE',  ( -0.05669291338582663900, 0.007204724409448820400, -0.04429133858267737800 ) ) ;
#11189 = ADVANCED_BREP_SHAPE_REPRESENTATION ( 'IAM-20380HT', ( #3073, #329, #7982, #2133, #9361, #8947, #10298, #11589, #844, #11635, #11241, #12590, #7041, #1207, #6669, #5741, #3474, #10747, #4408, #7599, #9595 ), #3681 ) ;
#11190 = ADVANCED_FACE ( 'NONE', ( #2184 ), #10878, .F. ) ;
#11191 = LINE ( 'NONE', #338, #3703 ) ;
#11192 = DIRECTION ( 'NONE',  ( -3.425378178174580600E-015, 0.0000000000000000000, -1.000000000000000000 ) ) ;
#11193 = CARTESIAN_POINT ( 'NONE',  ( 0.0000000000000000000, 0.0000000000000000000, 0.0000000000000000000 ) ) ;
#11194 = ORIENTED_EDGE ( 'NONE', *, *, #5964, .T. ) ;
#11195 = PLANE ( 'NONE',  #12035 ) ;
#11196 = FILL_AREA_STYLE_COLOUR ( '', #5977 ) ;
#11197 = CARTESIAN_POINT ( 'NONE',  ( -0.02460629921260100800, 0.001181102362204723500, 0.05669291338582569500 ) ) ;
#11198 =( LENGTH_UNIT ( ) NAMED_UNIT ( * ) SI_UNIT ( $, .METRE. ) );
#11199 = PRESENTATION_STYLE_ASSIGNMENT (( #8302 ) ) ;
#11200 = SURFACE_SIDE_STYLE ('',( #11106 ) ) ;
#11201 = PRESENTATION_STYLE_ASSIGNMENT (( #3596 ) ) ;
#11202 = MECHANICAL_DESIGN_GEOMETRIC_PRESENTATION_REPRESENTATION (  '', ( #9227 ), #11846 ) ;
#11203 = CARTESIAN_POINT ( 'NONE',  ( 0.05669291338582677800, 0.007204724409448820400, -0.004921259842519878400 ) ) ;
#11204 = LINE ( 'NONE', #875, #3393 ) ;
#11205 = SURFACE_STYLE_USAGE ( .BOTH. , #4339 ) ;
#11206 = EDGE_CURVE ( 'NONE', #4983, #11374, #3587, .T. ) ;
#11207 = DIMENSIONAL_EXPONENTS ( 1.000000000000000000, 0.0000000000000000000, 0.0000000000000000000, 0.0000000000000000000, 0.0000000000000000000, 0.0000000000000000000, 0.0000000000000000000 ) ;
#11208 = CARTESIAN_POINT ( 'NONE',  ( 0.05669291338582692400, 0.007204724409448820400, 0.03444881889763761600 ) ) ;
#11209 = UNCERTAINTY_MEASURE_WITH_UNIT (LENGTH_MEASURE( 1.000000000000000100E-005 ), #5013, 'distance_accuracy_value', 'NONE');
#11210 = EDGE_LOOP ( 'NONE', ( #9066, #9337, #8767, #8630 ) ) ;
#11211 = ORIENTED_EDGE ( 'NONE', *, *, #11145, .F. ) ;
#11212 = COLOUR_RGB ( '',0.3529411764705882000, 0.3529411764705882000, 0.3529411764705882000 ) ;
#11213 = EDGE_CURVE ( 'NONE', #12503, #5209, #6162, .T. ) ;
#11214 =( LENGTH_UNIT ( ) NAMED_UNIT ( * ) SI_UNIT ( $, .METRE. ) );
#11215 = CARTESIAN_POINT ( 'NONE',  ( -0.004921259842519464700, 0.0000000000000000000, -0.05905511811023626800 ) ) ;
#11216 = EDGE_LOOP ( 'NONE', ( #83, #7787, #2591, #7978 ) ) ;
#11217 = FILL_AREA_STYLE ('',( #4398 ) ) ;
#11218 =( NAMED_UNIT ( * ) PLANE_ANGLE_UNIT ( ) SI_UNIT ( $, .RADIAN. ) );
#11219 = STYLED_ITEM ( 'NONE', ( #11650 ), #6420 ) ;
#11220 = DIRECTION ( 'NONE',  ( 0.0000000000000000000, -0.0000000000000000000, -1.000000000000000000 ) ) ;
#11221 = MECHANICAL_DESIGN_GEOMETRIC_PRESENTATION_REPRESENTATION (  '', ( #9241 ), #11872 ) ;
#11222 = DIMENSIONAL_EXPONENTS ( 1.000000000000000000, 0.0000000000000000000, 0.0000000000000000000, 0.0000000000000000000, 0.0000000000000000000, 0.0000000000000000000, 0.0000000000000000000 ) ;
#11223 =( NAMED_UNIT ( * ) SI_UNIT ( $, .STERADIAN. ) SOLID_ANGLE_UNIT ( ) );
#11224 = SURFACE_STYLE_USAGE ( .BOTH. , #4361 ) ;
#11225 =( NAMED_UNIT ( * ) PLANE_ANGLE_UNIT ( ) SI_UNIT ( $, .RADIAN. ) );
#11226 = DIRECTION ( 'NONE',  ( 0.0000000000000000000, 1.000000000000000000, 0.0000000000000000000 ) ) ;
#11227 = EDGE_CURVE ( 'NONE', #3122, #4881, #11068, .T. ) ;
#11228 = EDGE_CURVE ( 'NONE', #5084, #659, #5862, .T. ) ;
#11229 = ORIENTED_EDGE ( 'NONE', *, *, #3045, .T. ) ;
#11230 =( NAMED_UNIT ( * ) SI_UNIT ( $, .STERADIAN. ) SOLID_ANGLE_UNIT ( ) );
#11231 = EDGE_LOOP ( 'NONE', ( #4911, #9808, #12621, #3359 ) ) ;
#11232 = LINE ( 'NONE', #181, #856 ) ;
#11233 = CARTESIAN_POINT ( 'NONE',  ( 0.04291338582677151100, 0.004133858267716536200, -0.04429133858267734300 ) ) ;
#11234 = COLOUR_RGB ( '',0.3529411764705882000, 0.3529411764705882000, 0.3529411764705882000 ) ;
#11235 = LINE ( 'NONE', #3004, #3426 ) ;
#11236 = DIRECTION ( 'NONE',  ( 4.040128209511325900E-015, 0.0000000000000000000, -1.000000000000000000 ) ) ;
#11237 = DIRECTION ( 'NONE',  ( 0.0000000000000000000, -0.0000000000000000000, 1.000000000000000000 ) ) ;
#11238 = DIRECTION ( 'NONE',  ( 0.0000000000000000000, 1.000000000000000000, 0.0000000000000000000 ) ) ;
#11239 = STYLED_ITEM ( 'NONE', ( #11322 ), #7294 ) ;
#11240 = PLANE ( 'NONE',  #10360 ) ;
#11241 = MANIFOLD_SOLID_BREP ( 'Boss-Extrude2[7]', #10337 ) ;
#11242 = SURFACE_STYLE_USAGE ( .BOTH. , #4384 ) ;
#11243 = CARTESIAN_POINT ( 'NONE',  ( 0.05905511811023663600, 0.004133858267716536200, 0.0000000000000000000 ) ) ;
#11244 = MECHANICAL_DESIGN_GEOMETRIC_PRESENTATION_REPRESENTATION (  '', ( #9270 ), #11900 ) ;
#11245 = EDGE_LOOP ( 'NONE', ( #11568, #4209, #1366, #11263 ) ) ;
#11246 = ORIENTED_EDGE ( 'NONE', *, *, #1792, .F. ) ;
#11247 = EDGE_CURVE ( 'NONE', #8734, #4219, #2029, .T. ) ;
#11248 =( CONVERSION_BASED_UNIT ( 'INCH', #5339 ) LENGTH_UNIT ( ) NAMED_UNIT ( #4802 ) );
#11249 = VERTEX_POINT ( 'NONE', #7037 ) ;
#11250 = ADVANCED_FACE ( 'NONE', ( #8137 ), #155, .F. ) ;
#11251 = CARTESIAN_POINT ( 'NONE',  ( 0.0000000000000000000, 0.001181102362204724400, 0.0000000000000000000 ) ) ;
#11252 = ORIENTED_EDGE ( 'NONE', *, *, #821, .T. ) ;
#11253 = CARTESIAN_POINT ( 'NONE',  ( 0.02460629921259843000, 0.007204724409448820400, 0.04291338582677169800 ) ) ;
#11254 =( CONVERSION_BASED_UNIT ( 'INCH', #6277 ) LENGTH_UNIT ( ) NAMED_UNIT ( #9406 ) );
#11255 = ADVANCED_FACE ( 'NONE', ( #3416 ), #8117, .F. ) ;
#11256 = MECHANICAL_DESIGN_GEOMETRIC_PRESENTATION_REPRESENTATION (  '', ( #9283 ), #11911 ) ;
#11257 = MECHANICAL_DESIGN_GEOMETRIC_PRESENTATION_REPRESENTATION (  '', ( #9284 ), #11913 ) ;
#11258 = CARTESIAN_POINT ( 'NONE',  ( 0.05905511811023625400, 0.0000000000000000000, -0.004921259842519835000 ) ) ;
#11259 = DIRECTION ( 'NONE',  ( -0.0000000000000000000, -1.000000000000000000, -0.0000000000000000000 ) ) ;
#11260 = VERTEX_POINT ( 'NONE', #1307 ) ;
#11261 = ORIENTED_EDGE ( 'NONE', *, *, #4903, .F. ) ;
#11262 = DIRECTION ( 'NONE',  ( -3.549286997887197300E-015, 0.0000000000000000000, -1.000000000000000000 ) ) ;
#11263 = ORIENTED_EDGE ( 'NONE', *, *, #7800, .T. ) ;
#11264 = ORIENTED_EDGE ( 'NONE', *, *, #12461, .T. ) ;
#11265 = UNCERTAINTY_MEASURE_WITH_UNIT (LENGTH_MEASURE( 1.000000000000000100E-005 ), #3976, 'distance_accuracy_value', 'NONE');
#11266 = ORIENTED_EDGE ( 'NONE', *, *, #11590, .F. ) ;
#11267 = DIRECTION ( 'NONE',  ( 6.982962677686265900E-015, 0.0000000000000000000, -1.000000000000000000 ) ) ;
#11268 = EDGE_CURVE ( 'NONE', #7914, #8002, #4795, .T. ) ;
#11269 = DIRECTION ( 'NONE',  ( -0.0000000000000000000, 0.0000000000000000000, -1.000000000000000000 ) ) ;
#11270 =( NAMED_UNIT ( * ) PLANE_ANGLE_UNIT ( ) SI_UNIT ( $, .RADIAN. ) );
#11271 = DIRECTION ( 'NONE',  ( -6.982962677686265900E-015, 0.0000000000000000000, 1.000000000000000000 ) ) ;
#11272 = ORIENTED_EDGE ( 'NONE', *, *, #9865, .F. ) ;
#11273 = LINE ( 'NONE', #5145, #6047 ) ;
#11274 = ORIENTED_EDGE ( 'NONE', *, *, #1401, .F. ) ;
#11275 = VERTEX_POINT ( 'NONE', #4280 ) ;
#11276 = VECTOR ( 'NONE', #5297, 39.37007874015748100 ) ;
#11277 = STYLED_ITEM ( 'NONE', ( #8620 ), #11822 ) ;
#11278 =( NAMED_UNIT ( * ) SI_UNIT ( $, .STERADIAN. ) SOLID_ANGLE_UNIT ( ) );
#11279 = SURFACE_SIDE_STYLE ('',( #4235 ) ) ;
#11280 =( NAMED_UNIT ( * ) PLANE_ANGLE_UNIT ( ) SI_UNIT ( $, .RADIAN. ) );
#11281 = CARTESIAN_POINT ( 'NONE',  ( 0.0000000000000000000, 0.001181102362204724400, 0.0000000000000000000 ) ) ;
#11282 = ORIENTED_EDGE ( 'NONE', *, *, #10624, .F. ) ;
#11283 = DIRECTION ( 'NONE',  ( 0.0000000000000000000, -0.0000000000000000000, 1.000000000000000000 ) ) ;
#11284 =( NAMED_UNIT ( * ) PLANE_ANGLE_UNIT ( ) SI_UNIT ( $, .RADIAN. ) );
#11285 = DIRECTION ( 'NONE',  ( 1.000000000000000000, 0.0000000000000000000, -3.471843985566803800E-015 ) ) ;
#11286 = DIRECTION ( 'NONE',  ( 0.0000000000000000000, 1.000000000000000000, 0.0000000000000000000 ) ) ;
#11287 = LENGTH_MEASURE_WITH_UNIT ( LENGTH_MEASURE( 0.02539999999999999900 ), #8496 );
#11288 = EDGE_CURVE ( 'NONE', #12628, #33, #9708, .T. ) ;
#11289 = FILL_AREA_STYLE ('',( #7311 ) ) ;
#11290 = ORIENTED_EDGE ( 'NONE', *, *, #5728, .T. ) ;
#11291 = COLOUR_RGB ( '',0.3529411764705882000, 0.3529411764705882000, 0.3529411764705882000 ) ;
#11292 = ORIENTED_EDGE ( 'NONE', *, *, #1467, .T. ) ;
#11293 = SURFACE_STYLE_USAGE ( .BOTH. , #4442 ) ;
#11294 = ORIENTED_EDGE ( 'NONE', *, *, #2396, .T. ) ;
#11295 =( NAMED_UNIT ( * ) PLANE_ANGLE_UNIT ( ) SI_UNIT ( $, .RADIAN. ) );
#11296 = ORIENTED_EDGE ( 'NONE', *, *, #8814, .T. ) ;
#11297 = PLANE ( 'NONE',  #8677 ) ;
#11298 = VECTOR ( 'NONE', #3494, 39.37007874015748100 ) ;
#11299 = LENGTH_MEASURE_WITH_UNIT ( LENGTH_MEASURE( 0.02539999999999999900 ), #9077 );
#11300 = DIRECTION ( 'NONE',  ( 1.000000000000000000, 0.0000000000000000000, -3.549286997887197300E-015 ) ) ;
#11301 =( NAMED_UNIT ( * ) PLANE_ANGLE_UNIT ( ) SI_UNIT ( $, .RADIAN. ) );
#11302 = EDGE_CURVE ( 'NONE', #12321, #9014, #12301, .T. ) ;
#11303 = DIRECTION ( 'NONE',  ( 1.000000000000000000, 0.0000000000000000000, 3.420584110948183300E-015 ) ) ;
#11304 = CARTESIAN_POINT ( 'NONE',  ( -0.05669291338582667400, 0.001181102362204723300, -0.03444881889763801200 ) ) ;
#11305 = SURFACE_SIDE_STYLE ('',( #2893 ) ) ;
#11306 = PRESENTATION_STYLE_ASSIGNMENT (( #6325 ) ) ;
#11307 = STYLED_ITEM ( 'NONE', ( #5683 ), #5968 ) ;
#11308 = FACE_OUTER_BOUND ( 'NONE', #3919, .T. ) ;
#11309 = SURFACE_STYLE_FILL_AREA ( #3054 ) ;
#11310 =( LENGTH_UNIT ( ) NAMED_UNIT ( * ) SI_UNIT ( $, .METRE. ) );
#11311 = LINE ( 'NONE', #4104, #3190 ) ;
#11312 = LINE ( 'NONE', #5708, #11000 ) ;
#11313 = ADVANCED_FACE ( 'NONE', ( #11979 ), #408, .F. ) ;
#11314 = FILL_AREA_STYLE ('',( #7339 ) ) ;
#11315 = UNCERTAINTY_MEASURE_WITH_UNIT (LENGTH_MEASURE( 1.000000000000000100E-005 ), #6000, 'distance_accuracy_value', 'NONE');
#11316 = LINE ( 'NONE', #6861, #3822 ) ;
#11317 = ADVANCED_FACE ( 'NONE', ( #11051 ), #12132, .F. ) ;
#11318 = FILL_AREA_STYLE_COLOUR ( '', #6858 ) ;
#11319 = STYLED_ITEM ( 'NONE', ( #4577 ), #218 ) ;
#11320 =( GEOMETRIC_REPRESENTATION_CONTEXT ( 3 ) GLOBAL_UNCERTAINTY_ASSIGNED_CONTEXT ( ( #7886 ) ) GLOBAL_UNIT_ASSIGNED_CONTEXT ( ( #3564, #10392, #4535 ) ) REPRESENTATION_CONTEXT ( 'NONE', 'WORKASPACE' ) );
#11321 =( CONVERSION_BASED_UNIT ( 'INCH', #5174 ) LENGTH_UNIT ( ) NAMED_UNIT ( #10046 ) );
#11322 = PRESENTATION_STYLE_ASSIGNMENT (( #4789 ) ) ;
#11323 = VECTOR ( 'NONE', #1498, 39.37007874015748100 ) ;
#11324 = FILL_AREA_STYLE ('',( #6477 ) ) ;
#11325 = DIRECTION ( 'NONE',  ( -0.0000000000000000000, -1.000000000000000000, -0.0000000000000000000 ) ) ;
#11326 = LINE ( 'NONE', #8545, #8715 ) ;
#11327 =( NAMED_UNIT ( * ) PLANE_ANGLE_UNIT ( ) SI_UNIT ( $, .RADIAN. ) );
#11328 = FACE_OUTER_BOUND ( 'NONE', #9421, .T. ) ;
#11329 = CARTESIAN_POINT ( 'NONE',  ( 0.004921259842519683200, 0.0000000000000000000, 0.04291338582677168400 ) ) ;
#11330 = DIMENSIONAL_EXPONENTS ( 1.000000000000000000, 0.0000000000000000000, 0.0000000000000000000, 0.0000000000000000000, 0.0000000000000000000, 0.0000000000000000000, 0.0000000000000000000 ) ;
#11331 = ORIENTED_EDGE ( 'NONE', *, *, #4534, .F. ) ;
#11332 = MECHANICAL_DESIGN_GEOMETRIC_PRESENTATION_REPRESENTATION (  '', ( #9367 ), #11981 ) ;
#11333 = UNCERTAINTY_MEASURE_WITH_UNIT (LENGTH_MEASURE( 1.000000000000000100E-005 ), #3857, 'distance_accuracy_value', 'NONE');
#11334 = LINE ( 'NONE', #10626, #3839 ) ;
#11335 =( GEOMETRIC_REPRESENTATION_CONTEXT ( 3 ) GLOBAL_UNCERTAINTY_ASSIGNED_CONTEXT ( ( #9994 ) ) GLOBAL_UNIT_ASSIGNED_CONTEXT ( ( #7455, #1631, #8455 ) ) REPRESENTATION_CONTEXT ( 'NONE', 'WORKASPACE' ) );
#11336 = VECTOR ( 'NONE', #8090, 39.37007874015748100 ) ;
#11337 = CARTESIAN_POINT ( 'NONE',  ( 0.05669291338582666000, 0.001181102362204723500, -0.04429133858267737800 ) ) ;
#11338 = LENGTH_MEASURE_WITH_UNIT ( LENGTH_MEASURE( 0.02539999999999999900 ), #4487 );
#11339 = ORIENTED_EDGE ( 'NONE', *, *, #11944, .F. ) ;
#11340 =( CONVERSION_BASED_UNIT ( 'INCH', #11338 ) LENGTH_UNIT ( ) NAMED_UNIT ( #1971 ) );
#11341 = ORIENTED_EDGE ( 'NONE', *, *, #6537, .T. ) ;
#11342 = CARTESIAN_POINT ( 'NONE',  ( 0.0000000000000000000, 0.001181102362204724400, -0.004921259842519858400 ) ) ;
#11343 = EDGE_CURVE ( 'NONE', #8031, #9573, #12457, .T. ) ;
#11344 = CARTESIAN_POINT ( 'NONE',  ( 0.02460629921259843000, 0.007204724409448820400, 0.04291338582677166300 ) ) ;
#11345 = FILL_AREA_STYLE ('',( #3510 ) ) ;
#11346 = COLOUR_RGB ( '',0.9686274509803921600, 0.8784313725490196000, 0.5999999999999999800 ) ;
#11347 = CARTESIAN_POINT ( 'NONE',  ( 0.05669291338582695800, -0.01693371115559762200, 0.04429133858267701000 ) ) ;
#11348 = EDGE_LOOP ( 'NONE', ( #7136, #4357, #10040, #12175 ) ) ;
#11349 = DIMENSIONAL_EXPONENTS ( 1.000000000000000000, 0.0000000000000000000, 0.0000000000000000000, 0.0000000000000000000, 0.0000000000000000000, 0.0000000000000000000, 0.0000000000000000000 ) ;
#11350 = ORIENTED_EDGE ( 'NONE', *, *, #5475, .T. ) ;
#11351 = FACE_OUTER_BOUND ( 'NONE', #666, .T. ) ;
#11352 = VERTEX_POINT ( 'NONE', #8238 ) ;
#11353 = VECTOR ( 'NONE', #12166, 39.37007874015748100 ) ;
#11354 = ORIENTED_EDGE ( 'NONE', *, *, #5115, .F. ) ;
#11355 = FILL_AREA_STYLE ('',( #9379 ) ) ;
#11356 = PLANE ( 'NONE',  #12686 ) ;
#11357 =( GEOMETRIC_REPRESENTATION_CONTEXT ( 3 ) GLOBAL_UNCERTAINTY_ASSIGNED_CONTEXT ( ( #12122 ) ) GLOBAL_UNIT_ASSIGNED_CONTEXT ( ( #4365, #11225, #5345 ) ) REPRESENTATION_CONTEXT ( 'NONE', 'WORKASPACE' ) );
#11358 =( NAMED_UNIT ( * ) PLANE_ANGLE_UNIT ( ) SI_UNIT ( $, .RADIAN. ) );
#11359 = EDGE_CURVE ( 'NONE', #12647, #640, #2017, .T. ) ;
#11360 = PLANE ( 'NONE',  #4861 ) ;
#11361 = LINE ( 'NONE', #12236, #8749 ) ;
#11362 =( NAMED_UNIT ( * ) PLANE_ANGLE_UNIT ( ) SI_UNIT ( $, .RADIAN. ) );
#11363 = CARTESIAN_POINT ( 'NONE',  ( -0.04291338582677181600, 0.001181102362204723500, 0.04429133858267701700 ) ) ;
#11364 = CARTESIAN_POINT ( 'NONE',  ( 0.05905511811023619200, 0.03149606299212598400, 0.004921259842520671200 ) ) ;
#11365 = CARTESIAN_POINT ( 'NONE',  ( 0.04291338582677153200, 0.007204724409448820400, 0.01476377952755891400 ) ) ;
#11366 = UNCERTAINTY_MEASURE_WITH_UNIT (LENGTH_MEASURE( 1.000000000000000100E-005 ), #11136, 'distance_accuracy_value', 'NONE');
#11367 = CARTESIAN_POINT ( 'NONE',  ( 0.0000000000000000000, 0.007204724409448820400, 0.0000000000000000000 ) ) ;
#11368 =( NAMED_UNIT ( * ) SI_UNIT ( $, .STERADIAN. ) SOLID_ANGLE_UNIT ( ) );
#11369 = CARTESIAN_POINT ( 'NONE',  ( -0.04291338582677168400, 0.001181102362204723500, 0.004921259842519521000 ) ) ;
#11370 = STYLED_ITEM ( 'NONE', ( #7317 ), #12483 ) ;
#11371 = COLOUR_RGB ( '',0.9686274509803921600, 0.8784313725490196000, 0.5999999999999999800 ) ;
#11372 = FACE_OUTER_BOUND ( 'NONE', #5124, .T. ) ;
#11373 = CARTESIAN_POINT ( 'NONE',  ( 0.004921259842522264500, 0.0000000000000000000, -0.04291338582677167000 ) ) ;
#11374 = VERTEX_POINT ( 'NONE', #4411 ) ;
#11375 = VERTEX_POINT ( 'NONE', #3435 ) ;
#11376 = FILL_AREA_STYLE ('',( #9411 ) ) ;
#11377 = VERTEX_POINT ( 'NONE', #12261 ) ;
#11378 = VERTEX_POINT ( 'NONE', #6376 ) ;
#11379 = ADVANCED_FACE ( 'NONE', ( #9843 ), #5382, .T. ) ;
#11380 = ORIENTED_EDGE ( 'NONE', *, *, #3217, .T. ) ;
#11381 =( LENGTH_UNIT ( ) NAMED_UNIT ( * ) SI_UNIT ( $, .METRE. ) );
#11382 = ORIENTED_EDGE ( 'NONE', *, *, #4220, .T. ) ;
#11383 = DIRECTION ( 'NONE',  ( 0.0000000000000000000, -1.000000000000000000, 0.0000000000000000000 ) ) ;
#11384 = FILL_AREA_STYLE_COLOUR ( '', #6726 ) ;
#11385 = ADVANCED_FACE ( 'NONE', ( #4307 ), #2527, .F. ) ;
#11386 = LINE ( 'NONE', #8967, #8453 ) ;
#11387 = CARTESIAN_POINT ( 'NONE',  ( 0.04291338582677166300, 0.0000000000000000000, 0.004921259842522252400 ) ) ;
#11388 = FILL_AREA_STYLE_COLOUR ( '', #2761 ) ;
#11389 = STYLED_ITEM ( 'NONE', ( #9334 ), #5455 ) ;
#11390 = DIRECTION ( 'NONE',  ( -1.000000000000000000, -0.0000000000000000000, -3.575470135588969500E-015 ) ) ;
#11391 = ORIENTED_EDGE ( 'NONE', *, *, #10995, .T. ) ;
#11392 =( LENGTH_UNIT ( ) NAMED_UNIT ( * ) SI_UNIT ( $, .METRE. ) );
#11393 = PLANE ( 'NONE',  #12433 ) ;
#11394 = COLOUR_RGB ( '',0.2509803921568627400, 0.2509803921568627400, 0.2509803921568627400 ) ;
#11395 =( LENGTH_UNIT ( ) NAMED_UNIT ( * ) SI_UNIT ( $, .METRE. ) );
#11396 = EDGE_CURVE ( 'NONE', #1583, #4219, #12185, .T. ) ;
#11397 = STYLED_ITEM ( 'NONE', ( #1657 ), #413 ) ;
#11398 = FACE_OUTER_BOUND ( 'NONE', #7376, .T. ) ;
#11399 =( CONVERSION_BASED_UNIT ( 'INCH', #6266 ) LENGTH_UNIT ( ) NAMED_UNIT ( #4391 ) );
#11400 = EDGE_CURVE ( 'NONE', #1336, #6436, #9599, .T. ) ;
#11401 = CARTESIAN_POINT ( 'NONE',  ( -0.004921259842519356200, 0.0000000000000000000, -0.04291338582677169800 ) ) ;
#11402 = CARTESIAN_POINT ( 'NONE',  ( 0.04291338582677171900, 0.004133858267716536200, 0.0000000000000000000 ) ) ;
#11403 =( NAMED_UNIT ( * ) PLANE_ANGLE_UNIT ( ) SI_UNIT ( $, .RADIAN. ) );
#11404 =( CONVERSION_BASED_UNIT ( 'INCH', #11655 ) LENGTH_UNIT ( ) NAMED_UNIT ( #7592 ) );
#11405 = ORIENTED_EDGE ( 'NONE', *, *, #3217, .F. ) ;
#11406 = ORIENTED_EDGE ( 'NONE', *, *, #6689, .T. ) ;
#11407 = VECTOR ( 'NONE', #10575, 39.37007874015748100 ) ;
#11408 = FILL_AREA_STYLE_COLOUR ( '', #270 ) ;
#11409 = ORIENTED_EDGE ( 'NONE', *, *, #8821, .T. ) ;
#11410 = LENGTH_MEASURE_WITH_UNIT ( LENGTH_MEASURE( 0.02539999999999999900 ), #9443 );
#11411 = MECHANICAL_DESIGN_GEOMETRIC_PRESENTATION_REPRESENTATION (  '', ( #9442 ), #12057 ) ;
#11412 = CARTESIAN_POINT ( 'NONE',  ( -0.04291338582677154500, 0.0000000000000000000, -0.03444881889763797000 ) ) ;
#11413 = CARTESIAN_POINT ( 'NONE',  ( -0.004921259842519285100, 0.007204724409448820400, -0.05669291338582683300 ) ) ;
#11414 =( NAMED_UNIT ( * ) PLANE_ANGLE_UNIT ( ) SI_UNIT ( $, .RADIAN. ) );
#11415 = PRESENTATION_LAYER_ASSIGNMENT (  '', '', ( #10092 ) ) ;
#11416 = ORIENTED_EDGE ( 'NONE', *, *, #6797, .F. ) ;
#11417 = EDGE_CURVE ( 'NONE', #9573, #7074, #2060, .T. ) ;
#11418 =( LENGTH_UNIT ( ) NAMED_UNIT ( * ) SI_UNIT ( $, .METRE. ) );
#11419 = CARTESIAN_POINT ( 'NONE',  ( -0.05669291338582568100, 0.004133858267716536200, -0.02460629921260100100 ) ) ;
#11420 = EDGE_LOOP ( 'NONE', ( #10500, #6127, #2520, #3163 ) ) ;
#11421 = DIRECTION ( 'NONE',  ( -1.000000000000000000, -0.0000000000000000000, -2.606492091342680900E-014 ) ) ;
#11422 = SURFACE_STYLE_FILL_AREA ( #7928 ) ;
#11423 =( CONVERSION_BASED_UNIT ( 'INCH', #2287 ) LENGTH_UNIT ( ) NAMED_UNIT ( #9821 ) );
#11424 = CARTESIAN_POINT ( 'NONE',  ( 0.01476377952755906200, 0.007204724409448820400, 0.05669291338582680600 ) ) ;
#11425 = DIRECTION ( 'NONE',  ( 1.000000000000000000, 0.0000000000000000000, 5.434102431278317600E-015 ) ) ;
#11426 =( GEOMETRIC_REPRESENTATION_CONTEXT ( 3 ) GLOBAL_UNCERTAINTY_ASSIGNED_CONTEXT ( ( #9454 ) ) GLOBAL_UNIT_ASSIGNED_CONTEXT ( ( #8614, #2758, #9634 ) ) REPRESENTATION_CONTEXT ( 'NONE', 'WORKASPACE' ) );
#11427 = ORIENTED_EDGE ( 'NONE', *, *, #4971, .T. ) ;
#11428 = VECTOR ( 'NONE', #8190, 39.37007874015748100 ) ;
#11429 =( LENGTH_UNIT ( ) NAMED_UNIT ( * ) SI_UNIT ( $, .METRE. ) );
#11430 = SURFACE_STYLE_USAGE ( .BOTH. , #4597 ) ;
#11431 = ORIENTED_EDGE ( 'NONE', *, *, #10094, .T. ) ;
#11432 = ORIENTED_EDGE ( 'NONE', *, *, #880, .T. ) ;
#11433 = LINE ( 'NONE', #11983, #3637 ) ;
#11434 = CARTESIAN_POINT ( 'NONE',  ( 0.0000000000000000000, 0.007204724409448820400, 0.0000000000000000000 ) ) ;
#11435 = SURFACE_STYLE_FILL_AREA ( #12677 ) ;
#11436 = COLOUR_RGB ( '',0.9686274509803921600, 0.8784313725490196000, 0.5999999999999999800 ) ;
#11437 = PLANE ( 'NONE',  #2140 ) ;
#11438 = CARTESIAN_POINT ( 'NONE',  ( 0.05669291338582648600, 0.001181102362204723500, 0.01476377952755886600 ) ) ;
#11439 = EDGE_LOOP ( 'NONE', ( #6383, #10791, #10148, #7062 ) ) ;
#11440 = DIMENSIONAL_EXPONENTS ( 1.000000000000000000, 0.0000000000000000000, 0.0000000000000000000, 0.0000000000000000000, 0.0000000000000000000, 0.0000000000000000000, 0.0000000000000000000 ) ;
#11441 =( CONVERSION_BASED_UNIT ( 'INCH', #2669 ) LENGTH_UNIT ( ) NAMED_UNIT ( #7990 ) );
#11442 = PRESENTATION_LAYER_ASSIGNMENT (  '', '', ( #10130 ) ) ;
#11443 = MECHANICAL_DESIGN_GEOMETRIC_PRESENTATION_REPRESENTATION (  '', ( #10132 ), #12100 ) ;
#11444 = SURFACE_STYLE_USAGE ( .BOTH. , #4606 ) ;
#11445 =( GEOMETRIC_REPRESENTATION_CONTEXT ( 3 ) GLOBAL_UNCERTAINTY_ASSIGNED_CONTEXT ( ( #11733 ) ) GLOBAL_UNIT_ASSIGNED_CONTEXT ( ( #5194, #12053, #6179 ) ) REPRESENTATION_CONTEXT ( 'NONE', 'WORKASPACE' ) );
#11446 = ADVANCED_FACE ( 'NONE', ( #9263 ), #11393, .T. ) ;
#11447 = DIRECTION ( 'NONE',  ( -1.000000000000000000, -0.0000000000000000000, 0.0000000000000000000 ) ) ;
#11448 = EDGE_CURVE ( 'NONE', #8460, #6761, #10640, .T. ) ;
#11449 =( LENGTH_UNIT ( ) NAMED_UNIT ( * ) SI_UNIT ( $, .METRE. ) );
#11450 = LINE ( 'NONE', #11304, #8831 ) ;
#11451 = DIRECTION ( 'NONE',  ( 1.000000000000000000, 0.0000000000000000000, 5.588988455919166100E-015 ) ) ;
#11452 = LENGTH_MEASURE_WITH_UNIT ( LENGTH_MEASURE( 0.02539999999999999900 ), #12270 );
#11453 = FILL_AREA_STYLE_COLOUR ( '', #10817 ) ;
#11454 = DIRECTION ( 'NONE',  ( 0.0000000000000000000, 1.000000000000000000, 0.0000000000000000000 ) ) ;
#11455 =( NAMED_UNIT ( * ) SI_UNIT ( $, .STERADIAN. ) SOLID_ANGLE_UNIT ( ) );
#11456 = DIRECTION ( 'NONE',  ( 1.000000000000000000, 0.0000000000000000000, -0.0000000000000000000 ) ) ;
#11457 = EDGE_CURVE ( 'NONE', #3023, #10718, #555, .T. ) ;
#11458 = EDGE_CURVE ( 'NONE', #4132, #11502, #8001, .T. ) ;
#11459 =( LENGTH_UNIT ( ) NAMED_UNIT ( * ) SI_UNIT ( $, .METRE. ) );
#11460 = DIMENSIONAL_EXPONENTS ( 1.000000000000000000, 0.0000000000000000000, 0.0000000000000000000, 0.0000000000000000000, 0.0000000000000000000, 0.0000000000000000000, 0.0000000000000000000 ) ;
#11461 = SURFACE_STYLE_FILL_AREA ( #11345 ) ;
#11462 = CARTESIAN_POINT ( 'NONE',  ( -0.01476377952755866500, 0.001181102362204723300, -0.05669291338582690300 ) ) ;
#11463 = CLOSED_SHELL ( 'NONE', ( #10030, #2577, #1380, #10923, #7294, #2958 ) ) ;
#11464 = LINE ( 'NONE', #11157, #3948 ) ;
#11465 = DIRECTION ( 'NONE',  ( -0.0000000000000000000, -1.000000000000000000, 0.0000000000000000000 ) ) ;
#11466 =( GEOMETRIC_REPRESENTATION_CONTEXT ( 3 ) GLOBAL_UNCERTAINTY_ASSIGNED_CONTEXT ( ( #11366 ) ) GLOBAL_UNIT_ASSIGNED_CONTEXT ( ( #11136, #5262, #12133 ) ) REPRESENTATION_CONTEXT ( 'NONE', 'WORKASPACE' ) );
#11467 = LINE ( 'NONE', #11880, #1064 ) ;
#11468 = PRESENTATION_LAYER_ASSIGNMENT (  '', '', ( #10153 ) ) ;
#11469 = SURFACE_STYLE_USAGE ( .BOTH. , #4627 ) ;
#11470 = ORIENTED_EDGE ( 'NONE', *, *, #4940, .F. ) ;
#11471 = ORIENTED_EDGE ( 'NONE', *, *, #6358, .F. ) ;
#11472 =( LENGTH_UNIT ( ) NAMED_UNIT ( * ) SI_UNIT ( $, .METRE. ) );
#11473 = CARTESIAN_POINT ( 'NONE',  ( -0.01091455444047724500, 0.0000000000000000000, -0.02272557806252472100 ) ) ;
#11474 =( NAMED_UNIT ( * ) PLANE_ANGLE_UNIT ( ) SI_UNIT ( $, .RADIAN. ) );
#11475 = VECTOR ( 'NONE', #11259, 39.37007874015748100 ) ;
#11476 =( CONVERSION_BASED_UNIT ( 'INCH', #950 ) LENGTH_UNIT ( ) NAMED_UNIT ( #8109 ) );
#11477 = EDGE_CURVE ( 'NONE', #1358, #12259, #5735, .T. ) ;
#11478 = DIMENSIONAL_EXPONENTS ( 1.000000000000000000, 0.0000000000000000000, 0.0000000000000000000, 0.0000000000000000000, 0.0000000000000000000, 0.0000000000000000000, 0.0000000000000000000 ) ;
#11479 = VECTOR ( 'NONE', #3849, 39.37007874015748100 ) ;
#11480 = FACE_OUTER_BOUND ( 'NONE', #10927, .T. ) ;
#11481 = VECTOR ( 'NONE', #6567, 39.37007874015748100 ) ;
#11482 = DIMENSIONAL_EXPONENTS ( 1.000000000000000000, 0.0000000000000000000, 0.0000000000000000000, 0.0000000000000000000, 0.0000000000000000000, 0.0000000000000000000, 0.0000000000000000000 ) ;
#11483 = UNCERTAINTY_MEASURE_WITH_UNIT (LENGTH_MEASURE( 1.000000000000000100E-005 ), #1075, 'distance_accuracy_value', 'NONE');
#11484 = CARTESIAN_POINT ( 'NONE',  ( 0.04291338582677180200, 0.0000000000000000000, 0.04429133858267701700 ) ) ;
#11485 = DIRECTION ( 'NONE',  ( -1.000000000000000000, -0.0000000000000000000, -0.0000000000000000000 ) ) ;
#11486 = DIRECTION ( 'NONE',  ( -0.0000000000000000000, 0.0000000000000000000, -1.000000000000000000 ) ) ;
#11487 = COLOUR_RGB ( '',0.2509803921568627400, 0.2509803921568627400, 0.2509803921568627400 ) ;
#11488 = SURFACE_STYLE_USAGE ( .BOTH. , #4642 ) ;
#11489 = LINE ( 'NONE', #7670, #3365 ) ;
#11490 =( LENGTH_UNIT ( ) NAMED_UNIT ( * ) SI_UNIT ( $, .METRE. ) );
#11491 = COLOUR_RGB ( '',0.2509803921568627400, 0.2509803921568627400, 0.2509803921568627400 ) ;
#11492 = SURFACE_SIDE_STYLE ('',( #1948 ) ) ;
#11493 = LENGTH_MEASURE_WITH_UNIT ( LENGTH_MEASURE( 0.02539999999999999900 ), #4467 );
#11494 = UNCERTAINTY_MEASURE_WITH_UNIT (LENGTH_MEASURE( 1.000000000000000100E-005 ), #8107, 'distance_accuracy_value', 'NONE');
#11495 = PRESENTATION_LAYER_ASSIGNMENT (  '', '', ( #10175 ) ) ;
#11496 = DIRECTION ( 'NONE',  ( 1.000000000000000000, -0.0000000000000000000, 5.511545443598771800E-015 ) ) ;
#11497 = CARTESIAN_POINT ( 'NONE',  ( 0.04291338582677166300, 0.0000000000000000000, -0.004921259842519830700 ) ) ;
#11498 = LINE ( 'NONE', #291, #3372 ) ;
#11499 = FILL_AREA_STYLE_COLOUR ( '', #1744 ) ;
#11500 = DIRECTION ( 'NONE',  ( -1.000000000000000000, -0.0000000000000000000, 3.471843985566803800E-015 ) ) ;
#11501 = LINE ( 'NONE', #9541, #1397 ) ;
#11502 = VERTEX_POINT ( 'NONE', #5610 ) ;
#11503 =( NAMED_UNIT ( * ) SI_UNIT ( $, .STERADIAN. ) SOLID_ANGLE_UNIT ( ) );
#11504 = SURFACE_STYLE_FILL_AREA ( #8706 ) ;
#11505 = EDGE_LOOP ( 'NONE', ( #242, #9787, #6003, #1177 ) ) ;
#11506 = CARTESIAN_POINT ( 'NONE',  ( 0.05669291338582657000, 0.004133858267716536200, 0.0000000000000000000 ) ) ;
#11507 = PRESENTATION_LAYER_ASSIGNMENT (  '', '', ( #10184 ) ) ;
#11508 = ORIENTED_EDGE ( 'NONE', *, *, #5728, .F. ) ;
#11509 = PRESENTATION_LAYER_ASSIGNMENT (  '', '', ( #10185 ) ) ;
#11510 = DIRECTION ( 'NONE',  ( 0.0000000000000000000, -1.000000000000000000, 0.0000000000000000000 ) ) ;
#11511 =( GEOMETRIC_REPRESENTATION_CONTEXT ( 3 ) GLOBAL_UNCERTAINTY_ASSIGNED_CONTEXT ( ( #6757 ) ) GLOBAL_UNIT_ASSIGNED_CONTEXT ( ( #4008, #10851, #4986 ) ) REPRESENTATION_CONTEXT ( 'NONE', 'WORKASPACE' ) );
#11512 = DIMENSIONAL_EXPONENTS ( 1.000000000000000000, 0.0000000000000000000, 0.0000000000000000000, 0.0000000000000000000, 0.0000000000000000000, 0.0000000000000000000, 0.0000000000000000000 ) ;
#11513 = SURFACE_STYLE_FILL_AREA ( #2589 ) ;
#11514 = DIRECTION ( 'NONE',  ( -2.866700612739115500E-014, -0.0000000000000000000, 1.000000000000000000 ) ) ;
#11515 = VECTOR ( 'NONE', #1261, 39.37007874015748100 ) ;
#11516 = CARTESIAN_POINT ( 'NONE',  ( -0.05905511811023642800, 0.03149606299212598400, 0.05905511811023582400 ) ) ;
#11517 = SURFACE_STYLE_FILL_AREA ( #9665 ) ;
#11518 = FILL_AREA_STYLE_COLOUR ( '', #586 ) ;
#11519 = ADVANCED_FACE ( 'NONE', ( #10336 ), #7551, .F. ) ;
#11520 = EDGE_CURVE ( 'NONE', #4819, #11771, #6495, .T. ) ;
#11521 = VECTOR ( 'NONE', #2760, 39.37007874015748100 ) ;
#11522 = VECTOR ( 'NONE', #8576, 39.37007874015748100 ) ;
#11523 =( CONVERSION_BASED_UNIT ( 'INCH', #8984 ) LENGTH_UNIT ( ) NAMED_UNIT ( #446 ) );
#11524 = CARTESIAN_POINT ( 'NONE',  ( -0.04291338582677176700, 0.001181102362204724400, 0.02460629921259836800 ) ) ;
#11525 = EDGE_LOOP ( 'NONE', ( #1033, #8874, #5737, #406 ) ) ;
#11526 = VECTOR ( 'NONE', #257, 39.37007874015748100 ) ;
#11527 = FACE_OUTER_BOUND ( 'NONE', #3522, .T. ) ;
#11528 = CARTESIAN_POINT ( 'NONE',  ( 0.05669291338582663900, 0.007204724409448820400, -0.04429133858267737800 ) ) ;
#11529 = FACE_OUTER_BOUND ( 'NONE', #3671, .T. ) ;
#11530 = PRESENTATION_LAYER_ASSIGNMENT (  '', '', ( #10206 ) ) ;
#11531 =( GEOMETRIC_REPRESENTATION_CONTEXT ( 3 ) GLOBAL_UNCERTAINTY_ASSIGNED_CONTEXT ( ( #701 ) ) GLOBAL_UNIT_ASSIGNED_CONTEXT ( ( #10912, #5040, #11908 ) ) REPRESENTATION_CONTEXT ( 'NONE', 'WORKASPACE' ) );
#11532 = MECHANICAL_DESIGN_GEOMETRIC_PRESENTATION_REPRESENTATION (  '', ( #10210 ), #12178 ) ;
#11533 = PLANE ( 'NONE',  #10015 ) ;
#11534 = VERTEX_POINT ( 'NONE', #7593 ) ;
#11535 = DIRECTION ( 'NONE',  ( -0.0000000000000000000, -1.000000000000000000, 0.0000000000000000000 ) ) ;
#11536 = CARTESIAN_POINT ( 'NONE',  ( 0.02460629921260094500, 0.007204724409448820400, -0.04291338582677133000 ) ) ;
#11537 = PRESENTATION_STYLE_ASSIGNMENT (( #5973 ) ) ;
#11538 = EDGE_CURVE ( 'NONE', #3706, #4081, #9092, .T. ) ;
#11539 = LENGTH_MEASURE_WITH_UNIT ( LENGTH_MEASURE( 0.02539999999999999900 ), #10585 );
#11540 =( CONVERSION_BASED_UNIT ( 'INCH', #478 ) LENGTH_UNIT ( ) NAMED_UNIT ( #10567 ) );
#11541 =( NAMED_UNIT ( * ) SI_UNIT ( $, .STERADIAN. ) SOLID_ANGLE_UNIT ( ) );
#11542 = UNCERTAINTY_MEASURE_WITH_UNIT (LENGTH_MEASURE( 1.000000000000000100E-005 ), #634, 'distance_accuracy_value', 'NONE');
#11543 = DIRECTION ( 'NONE',  ( 0.0000000000000000000, -0.0000000000000000000, 1.000000000000000000 ) ) ;
#11544 = DIRECTION ( 'NONE',  ( 0.0000000000000000000, 1.000000000000000000, 0.0000000000000000000 ) ) ;
#11545 =( NAMED_UNIT ( * ) SI_UNIT ( $, .STERADIAN. ) SOLID_ANGLE_UNIT ( ) );
#11546 =( GEOMETRIC_REPRESENTATION_CONTEXT ( 3 ) GLOBAL_UNCERTAINTY_ASSIGNED_CONTEXT ( ( #5019 ) ) GLOBAL_UNIT_ASSIGNED_CONTEXT ( ( #11890, #6009, #174 ) ) REPRESENTATION_CONTEXT ( 'NONE', 'WORKASPACE' ) );
#11547 = CARTESIAN_POINT ( 'NONE',  ( 0.05669291338582693700, 0.001181102362204723500, 0.03444881889763761600 ) ) ;
#11548 = PRODUCT_RELATED_PRODUCT_CATEGORY ( 'part', '', ( #775 ) ) ;
#11549 = ORIENTED_EDGE ( 'NONE', *, *, #5078, .T. ) ;
#11550 =( LENGTH_UNIT ( ) NAMED_UNIT ( * ) SI_UNIT ( $, .METRE. ) );
#11551 = LINE ( 'NONE', #4012, #1142 ) ;
#11552 = DIRECTION ( 'NONE',  ( 0.0000000000000000000, 1.000000000000000000, 0.0000000000000000000 ) ) ;
#11553 = SURFACE_STYLE_FILL_AREA ( #2004 ) ;
#11554 = SURFACE_STYLE_USAGE ( .BOTH. , #4704 ) ;
#11555 = EDGE_CURVE ( 'NONE', #1286, #3770, #1610, .T. ) ;
#11556 =( CONVERSION_BASED_UNIT ( 'INCH', #5147 ) LENGTH_UNIT ( ) NAMED_UNIT ( #8233 ) );
#11557 = ORIENTED_EDGE ( 'NONE', *, *, #1555, .T. ) ;
#11558 = ORIENTED_EDGE ( 'NONE', *, *, #5890, .T. ) ;
#11559 = PRESENTATION_LAYER_ASSIGNMENT (  '', '', ( #10239 ) ) ;
#11560 = SURFACE_STYLE_FILL_AREA ( #2866 ) ;
#11561 =( NAMED_UNIT ( * ) PLANE_ANGLE_UNIT ( ) SI_UNIT ( $, .RADIAN. ) );
#11562 = MECHANICAL_DESIGN_GEOMETRIC_PRESENTATION_REPRESENTATION (  '', ( #9610 ), #12220 ) ;
#11563 = ORIENTED_EDGE ( 'NONE', *, *, #4841, .T. ) ;
#11564 = VECTOR ( 'NONE', #3716, 39.37007874015748100 ) ;
#11565 = MECHANICAL_DESIGN_GEOMETRIC_PRESENTATION_REPRESENTATION (  '', ( #9620 ), #12226 ) ;
#11566 = ORIENTED_EDGE ( 'NONE', *, *, #2197, .F. ) ;
#11567 =( CONVERSION_BASED_UNIT ( 'INCH', #3203 ) LENGTH_UNIT ( ) NAMED_UNIT ( #7313 ) );
#11568 = ORIENTED_EDGE ( 'NONE', *, *, #12475, .T. ) ;
#11569 = VERTEX_POINT ( 'NONE', #3736 ) ;
#11570 = ORIENTED_EDGE ( 'NONE', *, *, #4220, .F. ) ;
#11571 = ORIENTED_EDGE ( 'NONE', *, *, #3161, .F. ) ;
#11572 = SURFACE_SIDE_STYLE ('',( #5922 ) ) ;
#11573 = ADVANCED_FACE ( 'NONE', ( #8795 ), #12562, .F. ) ;
#11574 = DIRECTION ( 'NONE',  ( -1.000000000000000000, 0.0000000000000000000, -6.982962677686265900E-015 ) ) ;
#11575 =( LENGTH_UNIT ( ) NAMED_UNIT ( * ) SI_UNIT ( $, .METRE. ) );
#11576 = PRESENTATION_LAYER_ASSIGNMENT (  '', '', ( #10260 ) ) ;
#11577 = MECHANICAL_DESIGN_GEOMETRIC_PRESENTATION_REPRESENTATION (  '', ( #9633 ), #12242 ) ;
#11578 = DIRECTION ( 'NONE',  ( -3.907534698324850800E-014, 0.0000000000000000000, 1.000000000000000000 ) ) ;
#11579 = DIRECTION ( 'NONE',  ( 0.0000000000000000000, 1.000000000000000000, 0.0000000000000000000 ) ) ;
#11580 = CARTESIAN_POINT ( 'NONE',  ( 0.05905511811023663600, 0.001181102362204723300, -0.05905511811023583100 ) ) ;
#11581 = ORIENTED_EDGE ( 'NONE', *, *, #8534, .F. ) ;
#11582 =( NAMED_UNIT ( * ) SI_UNIT ( $, .STERADIAN. ) SOLID_ANGLE_UNIT ( ) );
#11583 = ORIENTED_EDGE ( 'NONE', *, *, #2035, .T. ) ;
#11584 = EDGE_LOOP ( 'NONE', ( #10200, #3449, #1322 ) ) ;
#11585 = SURFACE_STYLE_FILL_AREA ( #3614 ) ;
#11586 = SURFACE_STYLE_USAGE ( .BOTH. , #4743 ) ;
#11587 =( GEOMETRIC_REPRESENTATION_CONTEXT ( 3 ) GLOBAL_UNCERTAINTY_ASSIGNED_CONTEXT ( ( #6416 ) ) GLOBAL_UNIT_ASSIGNED_CONTEXT ( ( #365, #7159, #1346 ) ) REPRESENTATION_CONTEXT ( 'NONE', 'WORKASPACE' ) );
#11588 = ORIENTED_EDGE ( 'NONE', *, *, #7076, .F. ) ;
#11589 = MANIFOLD_SOLID_BREP ( 'Boss-Extrude2[16]', #4747 ) ;
#11590 = EDGE_CURVE ( 'NONE', #8308, #6244, #4032, .T. ) ;
#11591 = CARTESIAN_POINT ( 'NONE',  ( -0.05905511811023646300, 0.03149606299212598400, 0.03444881889763800500 ) ) ;
#11592 = ORIENTED_EDGE ( 'NONE', *, *, #5493, .F. ) ;
#11593 = DIRECTION ( 'NONE',  ( 2.929742899324058200E-015, -0.0000000000000000000, 1.000000000000000000 ) ) ;
#11594 = LENGTH_MEASURE_WITH_UNIT ( LENGTH_MEASURE( 0.02539999999999999900 ), #8803 );
#11595 = PRESENTATION_LAYER_ASSIGNMENT (  '', '', ( #10279 ) ) ;
#11596 = VERTEX_POINT ( 'NONE', #902 ) ;
#11597 =( GEOMETRIC_REPRESENTATION_CONTEXT ( 3 ) GLOBAL_UNCERTAINTY_ASSIGNED_CONTEXT ( ( #10524 ) ) GLOBAL_UNIT_ASSIGNED_CONTEXT ( ( #8303, #2452, #9311 ) ) REPRESENTATION_CONTEXT ( 'NONE', 'WORKASPACE' ) );
#11598 = MECHANICAL_DESIGN_GEOMETRIC_PRESENTATION_REPRESENTATION (  '', ( #10281 ), #12260 ) ;
#11599 =( LENGTH_UNIT ( ) NAMED_UNIT ( * ) SI_UNIT ( $, .METRE. ) );
#11600 = FACE_OUTER_BOUND ( 'NONE', #1123, .T. ) ;
#11601 = DIMENSIONAL_EXPONENTS ( 1.000000000000000000, 0.0000000000000000000, 0.0000000000000000000, 0.0000000000000000000, 0.0000000000000000000, 0.0000000000000000000, 0.0000000000000000000 ) ;
#11602 = UNCERTAINTY_MEASURE_WITH_UNIT (LENGTH_MEASURE( 1.000000000000000100E-005 ), #8646, 'distance_accuracy_value', 'NONE');
#11603 = DIMENSIONAL_EXPONENTS ( 1.000000000000000000, 0.0000000000000000000, 0.0000000000000000000, 0.0000000000000000000, 0.0000000000000000000, 0.0000000000000000000, 0.0000000000000000000 ) ;
#11604 = PLANE ( 'NONE',  #3957 ) ;
#11605 = ORIENTED_EDGE ( 'NONE', *, *, #6763, .F. ) ;
#11606 = CARTESIAN_POINT ( 'NONE',  ( -0.05905511811023581000, 0.03149606299212598400, -0.05905511811023662200 ) ) ;
#11607 = FILL_AREA_STYLE_COLOUR ( '', #2628 ) ;
#11608 = DIRECTION ( 'NONE',  ( 4.515665050714725700E-016, 0.0000000000000000000, 1.000000000000000000 ) ) ;
#11609 = DIRECTION ( 'NONE',  ( 1.000000000000000000, 0.0000000000000000000, 0.0000000000000000000 ) ) ;
#11610 = PRESENTATION_STYLE_ASSIGNMENT (( #11224 ) ) ;
#11611 = SURFACE_SIDE_STYLE ('',( #10607 ) ) ;
#11612 =( GEOMETRIC_REPRESENTATION_CONTEXT ( 3 ) GLOBAL_UNCERTAINTY_ASSIGNED_CONTEXT ( ( #2363 ) ) GLOBAL_UNIT_ASSIGNED_CONTEXT ( ( #5255, #12130, #6245 ) ) REPRESENTATION_CONTEXT ( 'NONE', 'WORKASPACE' ) );
#11613 = DIMENSIONAL_EXPONENTS ( 1.000000000000000000, 0.0000000000000000000, 0.0000000000000000000, 0.0000000000000000000, 0.0000000000000000000, 0.0000000000000000000, 0.0000000000000000000 ) ;
#11614 = FILL_AREA_STYLE_COLOUR ( '', #596 ) ;
#11615 = AXIS2_PLACEMENT_3D ( 'NONE', #7528, #1716, #8532 ) ;
#11616 =( CONVERSION_BASED_UNIT ( 'INCH', #55 ) LENGTH_UNIT ( ) NAMED_UNIT ( #3245 ) );
#11617 = CARTESIAN_POINT ( 'NONE',  ( -0.04291338582677169100, 0.0000000000000000000, 0.004921259842519530600 ) ) ;
#11618 = VECTOR ( 'NONE', #5296, 39.37007874015748100 ) ;
#11620 = SURFACE_STYLE_FILL_AREA ( #823 ) ;
#11619 =( LENGTH_UNIT ( ) NAMED_UNIT ( * ) SI_UNIT ( $, .METRE. ) );
#11621 = LINE ( 'NONE', #3010, #4095 ) ;
#11622 = PLANE ( 'NONE',  #4635 ) ;
#11623 =( CONVERSION_BASED_UNIT ( 'INCH', #2881 ) LENGTH_UNIT ( ) NAMED_UNIT ( #8469 ) );
#11624 = SURFACE_SIDE_STYLE ('',( #5982 ) ) ;
#11625 = FACE_OUTER_BOUND ( 'NONE', #10676, .T. ) ;
#11626 = DIRECTION ( 'NONE',  ( -0.0000000000000000000, -1.000000000000000000, 0.0000000000000000000 ) ) ;
#11627 = EDGE_CURVE ( 'NONE', #8955, #2837, #8928, .T. ) ;
#11628 = DIRECTION ( 'NONE',  ( -0.0000000000000000000, 0.0000000000000000000, -1.000000000000000000 ) ) ;
#11629 =( LENGTH_UNIT ( ) NAMED_UNIT ( * ) SI_UNIT ( $, .METRE. ) );
#11630 = PRESENTATION_LAYER_ASSIGNMENT (  '', '', ( #10315 ) ) ;
#11631 = DIMENSIONAL_EXPONENTS ( 1.000000000000000000, 0.0000000000000000000, 0.0000000000000000000, 0.0000000000000000000, 0.0000000000000000000, 0.0000000000000000000, 0.0000000000000000000 ) ;
#11632 = LINE ( 'NONE', #11591, #3830 ) ;
#11634 = SURFACE_STYLE_FILL_AREA ( #2439 ) ;
#11633 = LINE ( 'NONE', #3689, #9009 ) ;
#11635 = MANIFOLD_SOLID_BREP ( 'Boss-Extrude2[10]', #4388 ) ;
#11636 = ADVANCED_FACE ( 'NONE', ( #227 ), #978, .T. ) ;
#11637 = SURFACE_STYLE_FILL_AREA ( #9621 ) ;
#11638 = DIRECTION ( 'NONE',  ( 1.000000000000000000, -0.0000000000000000000, 2.086075048549672200E-014 ) ) ;
#11639 = SURFACE_STYLE_USAGE ( .BOTH. , #4799 ) ;
#11640 = ORIENTED_EDGE ( 'NONE', *, *, #9832, .F. ) ;
#11641 = SURFACE_STYLE_USAGE ( .BOTH. , #4800 ) ;
#11642 = EDGE_CURVE ( 'NONE', #5417, #852, #4183, .T. ) ;
#11643 = EDGE_CURVE ( 'NONE', #3770, #8843, #1598, .T. ) ;
#11644 = FACE_OUTER_BOUND ( 'NONE', #7855, .T. ) ;
#11645 = COLOUR_RGB ( '',0.3529411764705882000, 0.3529411764705882000, 0.3529411764705882000 ) ;
#11646 = FACE_OUTER_BOUND ( 'NONE', #4028, .T. ) ;
#11647 = VECTOR ( 'NONE', #1141, 39.37007874015748100 ) ;
#11648 = PRESENTATION_STYLE_ASSIGNMENT (( #10065 ) ) ;
#11649 = EDGE_LOOP ( 'NONE', ( #12619, #725, #8822, #6284 ) ) ;
#11650 = PRESENTATION_STYLE_ASSIGNMENT (( #4550 ) ) ;
#11651 = CARTESIAN_POINT ( 'NONE',  ( 0.04291338582677166300, 0.0000000000000000000, 0.004921259842521855100 ) ) ;
#11652 =( NAMED_UNIT ( * ) PLANE_ANGLE_UNIT ( ) SI_UNIT ( $, .RADIAN. ) );
#11653 = UNCERTAINTY_MEASURE_WITH_UNIT (LENGTH_MEASURE( 1.000000000000000100E-005 ), #9310, 'distance_accuracy_value', 'NONE');
#11654 = PRESENTATION_LAYER_ASSIGNMENT (  '', '', ( #10341 ) ) ;
#11655 = LENGTH_MEASURE_WITH_UNIT ( LENGTH_MEASURE( 0.02539999999999999900 ), #4559 );
#11656 = VERTEX_POINT ( 'NONE', #6782 ) ;
#11657 = COLOUR_RGB ( '',0.2509803921568627400, 0.2509803921568627400, 0.2509803921568627400 ) ;
#11658 = ORIENTED_EDGE ( 'NONE', *, *, #11, .T. ) ;
#11659 = FILL_AREA_STYLE ('',( #3792 ) ) ;
#11660 = AXIS2_PLACEMENT_3D ( 'NONE', #5510, #12381, #6492 ) ;
#11661 =( NAMED_UNIT ( * ) SI_UNIT ( $, .STERADIAN. ) SOLID_ANGLE_UNIT ( ) );
#11662 = EDGE_CURVE ( 'NONE', #8728, #5789, #6777, .T. ) ;
#11663 = CARTESIAN_POINT ( 'NONE',  ( 0.0000000000000000000, 0.004133858267716536200, -0.004921259842519878400 ) ) ;
#11664 = DIRECTION ( 'NONE',  ( -1.000000000000000000, 0.0000000000000000000, 4.292739916162993600E-015 ) ) ;
#11665 = CARTESIAN_POINT ( 'NONE',  ( -0.04291338582677154500, 0.001181102362204723500, -0.03444881889763797000 ) ) ;
#11666 =( LENGTH_UNIT ( ) NAMED_UNIT ( * ) SI_UNIT ( $, .METRE. ) );
#11667 = LINE ( 'NONE', #8893, #9042 ) ;
#11668 =( NAMED_UNIT ( * ) SI_UNIT ( $, .STERADIAN. ) SOLID_ANGLE_UNIT ( ) );
#11669 = SURFACE_STYLE_FILL_AREA ( #5836 ) ;
#11670 = SURFACE_STYLE_FILL_AREA ( #8481 ) ;
#11671 =( GEOMETRIC_REPRESENTATION_CONTEXT ( 3 ) GLOBAL_UNCERTAINTY_ASSIGNED_CONTEXT ( ( #12209 ) ) GLOBAL_UNIT_ASSIGNED_CONTEXT ( ( #7425, #1601, #8423 ) ) REPRESENTATION_CONTEXT ( 'NONE', 'WORKASPACE' ) );
#11672 =( GEOMETRIC_REPRESENTATION_CONTEXT ( 3 ) GLOBAL_UNCERTAINTY_ASSIGNED_CONTEXT ( ( #7826 ) ) GLOBAL_UNIT_ASSIGNED_CONTEXT ( ( #3644, #10480, #4629 ) ) REPRESENTATION_CONTEXT ( 'NONE', 'WORKASPACE' ) );
#11673 = SURFACE_STYLE_USAGE ( .BOTH. , #4826 ) ;
#11674 = MECHANICAL_DESIGN_GEOMETRIC_PRESENTATION_REPRESENTATION (  '', ( #9724 ), #12334 ) ;
#11675 = FILL_AREA_STYLE_COLOUR ( '', #9687 ) ;
#11676 =( NAMED_UNIT ( * ) SI_UNIT ( $, .STERADIAN. ) SOLID_ANGLE_UNIT ( ) );
#11677 = LINE ( 'NONE', #3155, #6457 ) ;
#11678 = FACE_OUTER_BOUND ( 'NONE', #4909, .T. ) ;
#11679 = LINE ( 'NONE', #5961, #5545 ) ;
#11680 = CARTESIAN_POINT ( 'NONE',  ( 0.0000000000000000000, 0.004133858267716536200, 0.01476377952755886800 ) ) ;
#11681 = ORIENTED_EDGE ( 'NONE', *, *, #4160, .T. ) ;
#11682 = ORIENTED_EDGE ( 'NONE', *, *, #12443, .T. ) ;
#11683 = ORIENTED_EDGE ( 'NONE', *, *, #11826, .F. ) ;
#11684 = VERTEX_POINT ( 'NONE', #5893 ) ;
#11685 = ORIENTED_EDGE ( 'NONE', *, *, #2194, .F. ) ;
#11686 = CARTESIAN_POINT ( 'NONE',  ( -0.01476377952755866500, 0.007204724409448820400, -0.05669291338582690300 ) ) ;
#11687 = AXIS2_PLACEMENT_3D ( 'NONE', #5004, #11864, #5991 ) ;
#11688 = AXIS2_PLACEMENT_3D ( 'NONE', #9466, #3609, #10446 ) ;
#11689 = PRESENTATION_LAYER_ASSIGNMENT (  '', '', ( #10371 ) ) ;
#11690 =( NAMED_UNIT ( * ) PLANE_ANGLE_UNIT ( ) SI_UNIT ( $, .RADIAN. ) );
#11691 = FACE_OUTER_BOUND ( 'NONE', #3228, .T. ) ;
#11692 = CARTESIAN_POINT ( 'NONE',  ( -0.04291338582677176100, 0.001181102362204723300, 0.02460629921259828100 ) ) ;
#11693 = DIRECTION ( 'NONE',  ( -1.000000000000000000, 0.0000000000000000000, -6.982962677686265900E-015 ) ) ;
#11694 = CARTESIAN_POINT ( 'NONE',  ( 0.04291338582677181600, 0.0000000000000000000, 0.04429133858267728800 ) ) ;
#11695 = CARTESIAN_POINT ( 'NONE',  ( 0.04291338582677151100, 0.007204724409448820400, -0.04429133858267732300 ) ) ;
#11696 = VERTEX_POINT ( 'NONE', #2950 ) ;
#11697 = ADVANCED_FACE ( 'NONE', ( #6482 ), #4921, .F. ) ;
#11699 = EDGE_CURVE ( 'NONE', #2293, #9716, #2658, .T. ) ;
#11698 = COLOUR_RGB ( '',0.3529411764705882000, 0.3529411764705882000, 0.3529411764705882000 ) ;
#11700 = DIRECTION ( 'NONE',  ( -6.326356674140271300E-016, 0.0000000000000000000, 1.000000000000000000 ) ) ;
#11701 = VECTOR ( 'NONE', #8886, 39.37007874015748100 ) ;
#11702 = PRESENTATION_STYLE_ASSIGNMENT (( #2822 ) ) ;
#11703 = FILL_AREA_STYLE_COLOUR ( '', #5872 ) ;
#11704 = CARTESIAN_POINT ( 'NONE',  ( -0.04291338582677179500, 0.0000000000000000000, 0.0000000000000000000 ) ) ;
#11705 = AXIS2_PLACEMENT_3D ( 'NONE', #11413, #5542, #12407 ) ;
#11706 = PLANE ( 'NONE',  #2025 ) ;
#11707 = UNCERTAINTY_MEASURE_WITH_UNIT (LENGTH_MEASURE( 1.000000000000000100E-005 ), #11616, 'distance_accuracy_value', 'NONE');
#11708 = PLANE ( 'NONE',  #10987 ) ;
#11709 = ORIENTED_EDGE ( 'NONE', *, *, #1158, .F. ) ;
#11710 = ORIENTED_EDGE ( 'NONE', *, *, #12665, .F. ) ;
#11711 = VECTOR ( 'NONE', #2745, 39.37007874015748100 ) ;
#11712 = ORIENTED_EDGE ( 'NONE', *, *, #3021, .T. ) ;
#11713 = EDGE_CURVE ( 'NONE', #7553, #11377, #7832, .T. ) ;
#11714 = ORIENTED_EDGE ( 'NONE', *, *, #7744, .F. ) ;
#11715 =( CONVERSION_BASED_UNIT ( 'INCH', #4136 ) LENGTH_UNIT ( ) NAMED_UNIT ( #3114 ) );
#11716 = DIRECTION ( 'NONE',  ( -5.434102431278317600E-015, -0.0000000000000000000, 1.000000000000000000 ) ) ;
#11717 = VERTEX_POINT ( 'NONE', #9889 ) ;
#11718 = PLANE ( 'NONE',  #9554 ) ;
#11719 = CARTESIAN_POINT ( 'NONE',  ( 0.02460629921259843000, 0.0000000000000000000, 0.0000000000000000000 ) ) ;
#11720 = PRESENTATION_LAYER_ASSIGNMENT (  '', '', ( #10404 ) ) ;
#11721 = DIMENSIONAL_EXPONENTS ( 1.000000000000000000, 0.0000000000000000000, 0.0000000000000000000, 0.0000000000000000000, 0.0000000000000000000, 0.0000000000000000000, 0.0000000000000000000 ) ;
#11722 = UNCERTAINTY_MEASURE_WITH_UNIT (LENGTH_MEASURE( 1.000000000000000100E-005 ), #10506, 'distance_accuracy_value', 'NONE');
#11723 = DIMENSIONAL_EXPONENTS ( 1.000000000000000000, 0.0000000000000000000, 0.0000000000000000000, 0.0000000000000000000, 0.0000000000000000000, 0.0000000000000000000, 0.0000000000000000000 ) ;
#11724 = VERTEX_POINT ( 'NONE', #10861 ) ;
#11725 =( CONVERSION_BASED_UNIT ( 'INCH', #4665 ) LENGTH_UNIT ( ) NAMED_UNIT ( #7461 ) );
#11726 = LINE ( 'NONE', #2049, #1627 ) ;
#11727 = CARTESIAN_POINT ( 'NONE',  ( 0.0000000000000000000, 0.007204724409448820400, 0.0000000000000000000 ) ) ;
#11728 = STYLED_ITEM ( 'NONE', ( #2699 ), #942 ) ;
#11729 = DIRECTION ( 'NONE',  ( 0.0000000000000000000, -0.0000000000000000000, 1.000000000000000000 ) ) ;
#11730 = SURFACE_SIDE_STYLE ('',( #2424 ) ) ;
#11731 = EDGE_LOOP ( 'NONE', ( #11264, #331 ) ) ;
#11732 = FILL_AREA_STYLE_COLOUR ( '', #2322 ) ;
#11733 = UNCERTAINTY_MEASURE_WITH_UNIT (LENGTH_MEASURE( 1.000000000000000100E-005 ), #5194, 'distance_accuracy_value', 'NONE');
#11734 = DIMENSIONAL_EXPONENTS ( 1.000000000000000000, 0.0000000000000000000, 0.0000000000000000000, 0.0000000000000000000, 0.0000000000000000000, 0.0000000000000000000, 0.0000000000000000000 ) ;
#11735 = LINE ( 'NONE', #4041, #9117 ) ;
#11736 = LINE ( 'NONE', #10154, #1637 ) ;
#11737 =( CONVERSION_BASED_UNIT ( 'INCH', #7742 ) LENGTH_UNIT ( ) NAMED_UNIT ( #8797 ) );
#11738 = ORIENTED_EDGE ( 'NONE', *, *, #766, .T. ) ;
#11739 = LINE ( 'NONE', #4585, #9120 ) ;
#11740 = ORIENTED_EDGE ( 'NONE', *, *, #11881, .T. ) ;
#11741 = VECTOR ( 'NONE', #8467, 39.37007874015748100 ) ;
#11742 = DIRECTION ( 'NONE',  ( -4.406877377904227700E-017, 0.0000000000000000000, 1.000000000000000000 ) ) ;
#11743 = VECTOR ( 'NONE', #3168, 39.37007874015748100 ) ;
#11744 = VECTOR ( 'NONE', #7523, 39.37007874015748100 ) ;
#11745 = AXIS2_PLACEMENT_3D ( 'NONE', #8925, #3078, #9931 ) ;
#11746 = MECHANICAL_DESIGN_GEOMETRIC_PRESENTATION_REPRESENTATION (  '', ( #10434 ), #12414 ) ;
#11747 = FILL_AREA_STYLE_COLOUR ( '', #9866 ) ;
#11748 = SURFACE_SIDE_STYLE ('',( #8419 ) ) ;
#11749 = FILL_AREA_STYLE ('',( #10760 ) ) ;
#11750 = AXIS2_PLACEMENT_3D ( 'NONE', #6027, #192, #6990 ) ;
#11751 = LENGTH_MEASURE_WITH_UNIT ( LENGTH_MEASURE( 0.02539999999999999900 ), #11781 );
#11752 = EDGE_CURVE ( 'NONE', #8778, #1310, #75, .T. ) ;
#11753 = LENGTH_MEASURE_WITH_UNIT ( LENGTH_MEASURE( 0.02539999999999999900 ), #9331 );
#11754 = VECTOR ( 'NONE', #12342, 39.37007874015748100 ) ;
#11755 = DIMENSIONAL_EXPONENTS ( 1.000000000000000000, 0.0000000000000000000, 0.0000000000000000000, 0.0000000000000000000, 0.0000000000000000000, 0.0000000000000000000, 0.0000000000000000000 ) ;
#11756 = UNCERTAINTY_MEASURE_WITH_UNIT (LENGTH_MEASURE( 1.000000000000000100E-005 ), #6823, 'distance_accuracy_value', 'NONE');
#11757 =( NAMED_UNIT ( * ) SI_UNIT ( $, .STERADIAN. ) SOLID_ANGLE_UNIT ( ) );
#11758 = DIRECTION ( 'NONE',  ( 5.588988455919166100E-015, -0.0000000000000000000, -1.000000000000000000 ) ) ;
#11759 = ADVANCED_FACE ( 'NONE', ( #12474 ), #11848, .T. ) ;
#11760 = AXIS2_PLACEMENT_3D ( 'NONE', #4378, #11236, #5356 ) ;
#11761 = AXIS2_PLACEMENT_3D ( 'NONE', #2872, #9744, #3868 ) ;
#11762 = CARTESIAN_POINT ( 'NONE',  ( 0.0000000000000000000, 0.007204724409448820400, 0.0000000000000000000 ) ) ;
#11763 = STYLED_ITEM ( 'NONE', ( #2828 ), #11519 ) ;
#11764 =( CONVERSION_BASED_UNIT ( 'INCH', #12204 ) LENGTH_UNIT ( ) NAMED_UNIT ( #7836 ) );
#11765 = ORIENTED_EDGE ( 'NONE', *, *, #1575, .T. ) ;
#11766 = LENGTH_MEASURE_WITH_UNIT ( LENGTH_MEASURE( 0.02539999999999999900 ), #4232 );
#11767 = ORIENTED_EDGE ( 'NONE', *, *, #2463, .F. ) ;
#11768 = VECTOR ( 'NONE', #7295, 39.37007874015748100 ) ;
#11769 = COLOUR_RGB ( '',0.3529411764705882000, 0.3529411764705882000, 0.3529411764705882000 ) ;
#11770 = FILL_AREA_STYLE_COLOUR ( '', #2495 ) ;
#11771 = VERTEX_POINT ( 'NONE', #1170 ) ;
#11772 = ORIENTED_EDGE ( 'NONE', *, *, #1077, .T. ) ;
#11773 = DIRECTION ( 'NONE',  ( 1.000000000000000000, -0.0000000000000000000, -1.690654702195511200E-015 ) ) ;
#11774 = EDGE_CURVE ( 'NONE', #10959, #10970, #11551, .T. ) ;
#11775 =( CONVERSION_BASED_UNIT ( 'INCH', #6585 ) LENGTH_UNIT ( ) NAMED_UNIT ( #2873 ) );
#11776 = VECTOR ( 'NONE', #4186, 39.37007874015748100 ) ;
#11777 = SURFACE_STYLE_FILL_AREA ( #2578 ) ;
#11778 = SURFACE_STYLE_FILL_AREA ( #1678 ) ;
#11779 = PRESENTATION_STYLE_ASSIGNMENT (( #9727 ) ) ;
#11780 = AXIS2_PLACEMENT_3D ( 'NONE', #8722, #2858, #9732 ) ;
#11781 =( LENGTH_UNIT ( ) NAMED_UNIT ( * ) SI_UNIT ( $, .METRE. ) );
#11782 = DIRECTION ( 'NONE',  ( 1.000000000000000000, 0.0000000000000000000, 0.0000000000000000000 ) ) ;
#11783 = ORIENTED_EDGE ( 'NONE', *, *, #428, .T. ) ;
#11784 = DIRECTION ( 'NONE',  ( -3.513515725732652500E-015, 0.0000000000000000000, 1.000000000000000000 ) ) ;
#11785 = CARTESIAN_POINT ( 'NONE',  ( -0.05669291338582688200, 0.001181102362204723300, 0.02460629921259822900 ) ) ;
#11786 = EDGE_CURVE ( 'NONE', #10457, #5592, #3737, .T. ) ;
#11787 = VECTOR ( 'NONE', #5230, 39.37007874015748100 ) ;
#11788 = VECTOR ( 'NONE', #1666, 39.37007874015748100 ) ;
#11790 = SURFACE_STYLE_FILL_AREA ( #9164 ) ;
#11789 = SURFACE_STYLE_FILL_AREA ( #12376 ) ;
#11791 = CARTESIAN_POINT ( 'NONE',  ( -0.01476377952755906200, 0.007204724409448820400, 0.04291338582677151100 ) ) ;
#11792 = SURFACE_STYLE_FILL_AREA ( #9431 ) ;
#11793 =( NAMED_UNIT ( * ) SI_UNIT ( $, .STERADIAN. ) SOLID_ANGLE_UNIT ( ) );
#11794 = AXIS2_PLACEMENT_3D ( 'NONE', #4092, #10952, #5077 ) ;
#11795 = PRESENTATION_LAYER_ASSIGNMENT (  '', '', ( #10488 ) ) ;
#11796 = CARTESIAN_POINT ( 'NONE',  ( 0.05669291338582677800, -0.01693371115559762200, -0.004921259842519878400 ) ) ;
#11797 = ORIENTED_EDGE ( 'NONE', *, *, #7235, .F. ) ;
#11798 = EDGE_LOOP ( 'NONE', ( #10323, #6156, #11117, #5553 ) ) ;
#11799 = FILL_AREA_STYLE ('',( #3967 ) ) ;
#11800 = VECTOR ( 'NONE', #2068, 39.37007874015748100 ) ;
#11801 = SURFACE_STYLE_FILL_AREA ( #9281 ) ;
#11802 = COLOUR_RGB ( '',0.3529411764705882000, 0.3529411764705882000, 0.3529411764705882000 ) ;
#11803 =( LENGTH_UNIT ( ) NAMED_UNIT ( * ) SI_UNIT ( $, .METRE. ) );
#11804 = EDGE_CURVE ( 'NONE', #3398, #4757, #6321, .T. ) ;
#11805 = DIRECTION ( 'NONE',  ( 0.0000000000000000000, -0.0000000000000000000, 1.000000000000000000 ) ) ;
#11806 = PRESENTATION_LAYER_ASSIGNMENT (  '', '', ( #10493 ) ) ;
#11807 = ORIENTED_EDGE ( 'NONE', *, *, #7227, .T. ) ;
#11808 = EDGE_CURVE ( 'NONE', #5516, #12405, #11232, .T. ) ;
#11809 = UNCERTAINTY_MEASURE_WITH_UNIT (LENGTH_MEASURE( 1.000000000000000100E-005 ), #12462, 'distance_accuracy_value', 'NONE');
#11810 = LENGTH_MEASURE_WITH_UNIT ( LENGTH_MEASURE( 0.02539999999999999900 ), #8258 );
#11811 = SURFACE_STYLE_FILL_AREA ( #9063 ) ;
#11812 = CARTESIAN_POINT ( 'NONE',  ( 0.05669291338582663900, 0.007204724409448820400, -0.04429133858267737800 ) ) ;
#11813 = FACE_OUTER_BOUND ( 'NONE', #11958, .T. ) ;
#11814 = DIRECTION ( 'NONE',  ( -0.0000000000000000000, -1.000000000000000000, -0.0000000000000000000 ) ) ;
#11815 = VECTOR ( 'NONE', #9591, 39.37007874015748100 ) ;
#11816 =( LENGTH_UNIT ( ) NAMED_UNIT ( * ) SI_UNIT ( $, .METRE. ) );
#11817 = AXIS2_PLACEMENT_3D ( 'NONE', #5539, #12402, #6510 ) ;
#11818 = DIRECTION ( 'NONE',  ( 0.0000000000000000000, -0.0000000000000000000, 1.000000000000000000 ) ) ;
#11819 = PRESENTATION_LAYER_ASSIGNMENT (  '', '', ( #738 ) ) ;
#11820 = DIRECTION ( 'NONE',  ( 0.0000000000000000000, -0.0000000000000000000, 1.000000000000000000 ) ) ;
#11821 = CARTESIAN_POINT ( 'NONE',  ( -0.05669291338582675700, 0.004133858267716536200, 0.004921259842519482900 ) ) ;
#11822 = ADVANCED_FACE ( 'NONE', ( #8297 ), #221, .F. ) ;
#11823 =( GEOMETRIC_REPRESENTATION_CONTEXT ( 3 ) GLOBAL_UNCERTAINTY_ASSIGNED_CONTEXT ( ( #568 ) ) GLOBAL_UNIT_ASSIGNED_CONTEXT ( ( #5899, #69, #6870 ) ) REPRESENTATION_CONTEXT ( 'NONE', 'WORKASPACE' ) );
#11824 = PRESENTATION_STYLE_ASSIGNMENT (( #9635 ) ) ;
#11825 = DIRECTION ( 'NONE',  ( 0.0000000000000000000, -0.0000000000000000000, 1.000000000000000000 ) ) ;
#11826 = EDGE_CURVE ( 'NONE', #7707, #11696, #12311, .T. ) ;
#11827 = COLOUR_RGB ( '',1.000000000000000000, 1.000000000000000000, 1.000000000000000000 ) ;
#11828 = ORIENTED_EDGE ( 'NONE', *, *, #12304, .F. ) ;
#11829 = PLANE ( 'NONE',  #3731 ) ;
#11830 = CARTESIAN_POINT ( 'NONE',  ( 0.004921259842519683200, 0.007204724409448820400, 0.05669291338582680600 ) ) ;
#11831 = VECTOR ( 'NONE', #95, 39.37007874015748100 ) ;
#11832 = PRESENTATION_STYLE_ASSIGNMENT (( #303 ) ) ;
#11833 = AXIS2_PLACEMENT_3D ( 'NONE', #5932, #100, #6899 ) ;
#11834 = AXIS2_PLACEMENT_3D ( 'NONE', #6135, #292, #7086 ) ;
#11835 = DIRECTION ( 'NONE',  ( 0.0000000000000000000, -0.0000000000000000000, 1.000000000000000000 ) ) ;
#11836 = STYLED_ITEM ( 'NONE', ( #3113 ), #11187 ) ;
#11837 = CARTESIAN_POINT ( 'NONE',  ( -0.05669291338582677100, -0.01693371115559762200, 0.004921259842519482900 ) ) ;
#11838 = FILL_AREA_STYLE_COLOUR ( '', #2941 ) ;
#11839 = EDGE_LOOP ( 'NONE', ( #10024, #5275, #966, #7391 ) ) ;
#11840 = FACE_OUTER_BOUND ( 'NONE', #7974, .T. ) ;
#11841 = CARTESIAN_POINT ( 'NONE',  ( 0.05669291338582674300, 0.007204724409448820400, -0.01476377952755926100 ) ) ;
#11842 = SURFACE_SIDE_STYLE ('',( #9229 ) ) ;
#11843 = SURFACE_STYLE_USAGE ( .BOTH. , #4991 ) ;
#11844 = DIMENSIONAL_EXPONENTS ( 1.000000000000000000, 0.0000000000000000000, 0.0000000000000000000, 0.0000000000000000000, 0.0000000000000000000, 0.0000000000000000000, 0.0000000000000000000 ) ;
#11845 = SURFACE_STYLE_USAGE ( .BOTH. , #4993 ) ;
#11846 =( GEOMETRIC_REPRESENTATION_CONTEXT ( 3 ) GLOBAL_UNCERTAINTY_ASSIGNED_CONTEXT ( ( #706 ) ) GLOBAL_UNIT_ASSIGNED_CONTEXT ( ( #10595, #4905, #11757 ) ) REPRESENTATION_CONTEXT ( 'NONE', 'WORKASPACE' ) );
#11847 = STYLED_ITEM ( 'NONE', ( #4917 ), #12224 ) ;
#11848 = PLANE ( 'NONE',  #11936 ) ;
#11849 = LINE ( 'NONE', #320, #4338 ) ;
#11850 = VERTEX_POINT ( 'NONE', #3202 ) ;
#11851 = SURFACE_SIDE_STYLE ('',( #5668 ) ) ;
#11852 = EDGE_CURVE ( 'NONE', #8651, #5709, #7054, .T. ) ;
#11853 = VERTEX_POINT ( 'NONE', #10051 ) ;
#11854 = DIRECTION ( 'NONE',  ( 0.0000000000000000000, -0.0000000000000000000, 1.000000000000000000 ) ) ;
#11855 = EDGE_LOOP ( 'NONE', ( #3001, #5116, #10612 ) ) ;
#11856 = ORIENTED_EDGE ( 'NONE', *, *, #10881, .F. ) ;
#11857 = DIRECTION ( 'NONE',  ( 0.0000000000000000000, 1.000000000000000000, 0.0000000000000000000 ) ) ;
#11858 = CARTESIAN_POINT ( 'NONE',  ( 0.05669291338582674300, 0.0000000000000000000, -0.01476377952755924400 ) ) ;
#11859 =( NAMED_UNIT ( * ) SI_UNIT ( $, .STERADIAN. ) SOLID_ANGLE_UNIT ( ) );
#11860 = DIMENSIONAL_EXPONENTS ( 1.000000000000000000, 0.0000000000000000000, 0.0000000000000000000, 0.0000000000000000000, 0.0000000000000000000, 0.0000000000000000000, 0.0000000000000000000 ) ;
#11861 = SURFACE_STYLE_USAGE ( .BOTH. , #5001 ) ;
#11862 = UNCERTAINTY_MEASURE_WITH_UNIT (LENGTH_MEASURE( 1.000000000000000100E-005 ), #1915, 'distance_accuracy_value', 'NONE');
#11863 = EDGE_CURVE ( 'NONE', #557, #9090, #9720, .T. ) ;
#11864 = DIRECTION ( 'NONE',  ( 0.0000000000000000000, 1.000000000000000000, 0.0000000000000000000 ) ) ;
#11865 = ORIENTED_EDGE ( 'NONE', *, *, #6842, .F. ) ;
#11866 = ORIENTED_EDGE ( 'NONE', *, *, #1701, .F. ) ;
#11867 = DIRECTION ( 'NONE',  ( 0.0000000000000000000, 1.000000000000000000, 0.0000000000000000000 ) ) ;
#11868 = AXIS2_PLACEMENT_3D ( 'NONE', #8373, #2528, #9385 ) ;
#11869 = VECTOR ( 'NONE', #10401, 39.37007874015748100 ) ;
#11870 = ORIENTED_EDGE ( 'NONE', *, *, #6380, .F. ) ;
#11871 = DIRECTION ( 'NONE',  ( -0.0000000000000000000, -1.000000000000000000, -0.0000000000000000000 ) ) ;
#11872 =( GEOMETRIC_REPRESENTATION_CONTEXT ( 3 ) GLOBAL_UNCERTAINTY_ASSIGNED_CONTEXT ( ( #918 ) ) GLOBAL_UNIT_ASSIGNED_CONTEXT ( ( #2977, #9839, #3961 ) ) REPRESENTATION_CONTEXT ( 'NONE', 'WORKASPACE' ) );
#11873 = ORIENTED_EDGE ( 'NONE', *, *, #5375, .T. ) ;
#11874 = PRESENTATION_STYLE_ASSIGNMENT (( #517 ) ) ;
#11875 =( NAMED_UNIT ( * ) PLANE_ANGLE_UNIT ( ) SI_UNIT ( $, .RADIAN. ) );
#11876 = EDGE_CURVE ( 'NONE', #3781, #5291, #1885, .T. ) ;
#11877 = DIMENSIONAL_EXPONENTS ( 1.000000000000000000, 0.0000000000000000000, 0.0000000000000000000, 0.0000000000000000000, 0.0000000000000000000, 0.0000000000000000000, 0.0000000000000000000 ) ;
#11878 =( LENGTH_UNIT ( ) NAMED_UNIT ( * ) SI_UNIT ( $, .METRE. ) );
#11879 = DIRECTION ( 'NONE',  ( -2.646153987744247400E-015, -0.0000000000000000000, 1.000000000000000000 ) ) ;
#11880 = CARTESIAN_POINT ( 'NONE',  ( 0.01476377952755945900, 0.007204724409448820400, -0.05669291338582670100 ) ) ;
#11881 = EDGE_CURVE ( 'NONE', #3955, #4063, #7366, .T. ) ;
#11882 = CLOSED_SHELL ( 'NONE', ( #11960, #1926, #10285, #2708, #2513, #2509, #3018, #11379, #3360, #4837, #5598, #6365, #5656, #286, #5900, #10604, #1116, #11123, #413, #8923, #481, #759, #5390, #9325, #890, #12087, #7932, #2836, #11896, #1439, #3419, #7039, #12286, #12553, #1562, #4503, #6489, #6975, #10663, #7505, #10735, #11250, #6983, #6794, #6099, #3488, #3483, #10089, #12346, #12608, #9459, #8205, #1698, #6038, #1005, #1757, #1997, #10346, #9115, #5968, #7172, #11385, #10164, #3357, #4375, #11697, #8549, #8340, #9607, #8068, #9842, #5719, #8913, #4051, #10847, #9910, #5072, #4176, #11636, #3870, #11759, #8858, #10411, #11446, #7560, #3157, #7097, #2320, #7233 ) ) ;
#11883 = LENGTH_MEASURE_WITH_UNIT ( LENGTH_MEASURE( 0.02539999999999999900 ), #4126 );
#11884 = EDGE_LOOP ( 'NONE', ( #4166, #12630, #7132, #2999 ) ) ;
#11885 = ADVANCED_FACE ( 'NONE', ( #11691 ), #2251, .F. ) ;
#11886 = ORIENTED_EDGE ( 'NONE', *, *, #5784, .F. ) ;
#11887 = VECTOR ( 'NONE', #12387, 39.37007874015748100 ) ;
#11888 = VERTEX_POINT ( 'NONE', #306 ) ;
#11889 = FILL_AREA_STYLE_COLOUR ( '', #6513 ) ;
#11890 =( CONVERSION_BASED_UNIT ( 'INCH', #4475 ) LENGTH_UNIT ( ) NAMED_UNIT ( #10810 ) );
#11891 = CARTESIAN_POINT ( 'NONE',  ( -0.02272557806252452700, 0.0000000000000000000, -0.01091455444047760200 ) ) ;
#11892 = DIRECTION ( 'NONE',  ( -1.000000000000000000, -0.0000000000000000000, 2.929742899324058200E-015 ) ) ;
#11893 = ORIENTED_EDGE ( 'NONE', *, *, #4165, .T. ) ;
#11894 = AXIS2_PLACEMENT_3D ( 'NONE', #1795, #8624, #2768 ) ;
#11895 = DIRECTION ( 'NONE',  ( 0.0000000000000000000, 1.000000000000000000, 0.0000000000000000000 ) ) ;
#11896 = ADVANCED_FACE ( 'NONE', ( #5556 ), #10090, .F. ) ;
#11897 = SURFACE_STYLE_FILL_AREA ( #4101 ) ;
#11898 = DIRECTION ( 'NONE',  ( 0.0000000000000000000, -1.000000000000000000, 0.0000000000000000000 ) ) ;
#11899 = FACE_OUTER_BOUND ( 'NONE', #1881, .T. ) ;
#11900 =( GEOMETRIC_REPRESENTATION_CONTEXT ( 3 ) GLOBAL_UNCERTAINTY_ASSIGNED_CONTEXT ( ( #10586 ) ) GLOBAL_UNIT_ASSIGNED_CONTEXT ( ( #9204, #3343, #10186 ) ) REPRESENTATION_CONTEXT ( 'NONE', 'WORKASPACE' ) );
#11901 = CARTESIAN_POINT ( 'NONE',  ( 0.0000000000000000000, 0.004133858267716536200, 0.03444881889763765800 ) ) ;
#11902 = EDGE_LOOP ( 'NONE', ( #2507, #23, #1608, #9953 ) ) ;
#11903 = PRESENTATION_STYLE_ASSIGNMENT (( #826 ) ) ;
#11904 = FILL_AREA_STYLE_COLOUR ( '', #11769 ) ;
#11905 = EDGE_CURVE ( 'NONE', #5258, #6800, #6900, .T. ) ;
#11906 = DIRECTION ( 'NONE',  ( 0.0000000000000000000, -0.0000000000000000000, -1.000000000000000000 ) ) ;
#11907 = CARTESIAN_POINT ( 'NONE',  ( -0.02460629921259803500, 0.007204724409448820400, -0.05669291338582697200 ) ) ;
#11908 =( NAMED_UNIT ( * ) SI_UNIT ( $, .STERADIAN. ) SOLID_ANGLE_UNIT ( ) );
#11909 = DIRECTION ( 'NONE',  ( 1.000000000000000000, 0.0000000000000000000, -0.0000000000000000000 ) ) ;
#11910 = VERTEX_POINT ( 'NONE', #11165 ) ;
#11911 =( GEOMETRIC_REPRESENTATION_CONTEXT ( 3 ) GLOBAL_UNCERTAINTY_ASSIGNED_CONTEXT ( ( #6308 ) ) GLOBAL_UNIT_ASSIGNED_CONTEXT ( ( #9217, #3358, #10202 ) ) REPRESENTATION_CONTEXT ( 'NONE', 'WORKASPACE' ) );
#11912 = LENGTH_MEASURE_WITH_UNIT ( LENGTH_MEASURE( 0.02539999999999999900 ), #10295 );
#11913 =( GEOMETRIC_REPRESENTATION_CONTEXT ( 3 ) GLOBAL_UNCERTAINTY_ASSIGNED_CONTEXT ( ( #1970 ) ) GLOBAL_UNIT_ASSIGNED_CONTEXT ( ( #11340, #5458, #12330 ) ) REPRESENTATION_CONTEXT ( 'NONE', 'WORKASPACE' ) );
#11914 = FACE_OUTER_BOUND ( 'NONE', #10647, .T. ) ;
#11915 = STYLED_ITEM ( 'NONE', ( #7088 ), #10735 ) ;
#11916 = CARTESIAN_POINT ( 'NONE',  ( 0.05669291338582684700, 0.007204724409448820400, 0.01476377952755886800 ) ) ;
#11917 = VECTOR ( 'NONE', #12076, 39.37007874015748100 ) ;
#11918 = VECTOR ( 'NONE', #382, 39.37007874015748100 ) ;
#11919 = DIRECTION ( 'NONE',  ( 0.0000000000000000000, -0.0000000000000000000, 1.000000000000000000 ) ) ;
#11920 = COLOUR_RGB ( '',0.2509803921568627400, 0.2509803921568627400, 0.2509803921568627400 ) ;
#11921 = EDGE_CURVE ( 'NONE', #778, #12333, #9563, .T. ) ;
#11922 =( CONVERSION_BASED_UNIT ( 'INCH', #4574 ) LENGTH_UNIT ( ) NAMED_UNIT ( #6565 ) );
#11923 = CARTESIAN_POINT ( 'NONE',  ( -0.05905511811023663600, 0.004133858267716534500, 0.05905511811023601800 ) ) ;
#11924 = LINE ( 'NONE', #3297, #11618 ) ;
#11925 = UNCERTAINTY_MEASURE_WITH_UNIT (LENGTH_MEASURE( 1.000000000000000100E-005 ), #12442, 'distance_accuracy_value', 'NONE');
#11926 = LINE ( 'NONE', #5575, #1516 ) ;
#11927 = SURFACE_STYLE_USAGE ( .BOTH. , #5057 ) ;
#11928 = FACE_OUTER_BOUND ( 'NONE', #12673, .T. ) ;
#11929 = DIRECTION ( 'NONE',  ( 5.434102431278317600E-015, 0.0000000000000000000, -1.000000000000000000 ) ) ;
#11930 = DIRECTION ( 'NONE',  ( -0.0000000000000000000, 0.0000000000000000000, -1.000000000000000000 ) ) ;
#11931 = VECTOR ( 'NONE', #7825, 39.37007874015748100 ) ;
#11932 = VECTOR ( 'NONE', #2321, 39.37007874015748100 ) ;
#11933 = STYLED_ITEM ( 'NONE', ( #6568 ), #3488 ) ;
#11934 = STYLED_ITEM ( 'NONE', ( #8097 ), #9607 ) ;
#11935 = DIRECTION ( 'NONE',  ( -1.000000000000000000, 0.0000000000000000000, 4.292739916162990400E-015 ) ) ;
#11936 = AXIS2_PLACEMENT_3D ( 'NONE', #5033, #11898, #6014 ) ;
#11937 =( LENGTH_UNIT ( ) NAMED_UNIT ( * ) SI_UNIT ( $, .METRE. ) );
#11938 = DIRECTION ( 'NONE',  ( -0.0000000000000000000, -1.000000000000000000, -0.0000000000000000000 ) ) ;
#11939 = COLOUR_RGB ( '',0.9686274509803921600, 0.8784313725490196000, 0.5999999999999999800 ) ;
#11940 = LINE ( 'NONE', #2506, #9335 ) ;
#11941 = FACE_OUTER_BOUND ( 'NONE', #11231, .T. ) ;
#11942 = ORIENTED_EDGE ( 'NONE', *, *, #441, .F. ) ;
#11943 = DIRECTION ( 'NONE',  ( -0.0000000000000000000, -1.000000000000000000, -0.0000000000000000000 ) ) ;
#11944 = EDGE_CURVE ( 'NONE', #2846, #10053, #2027, .T. ) ;
#11945 = ORIENTED_EDGE ( 'NONE', *, *, #8748, .T. ) ;
#11946 = CARTESIAN_POINT ( 'NONE',  ( -0.01476377952755877000, 0.001181102362204724200, -0.04291338582677178100 ) ) ;
#11947 = ORIENTED_EDGE ( 'NONE', *, *, #10143, .F. ) ;
#11948 =( CONVERSION_BASED_UNIT ( 'INCH', #4919 ) LENGTH_UNIT ( ) NAMED_UNIT ( #11988 ) );
#11949 = STYLED_ITEM ( 'NONE', ( #7029 ), #4709 ) ;
#11950 = VECTOR ( 'NONE', #5100, 39.37007874015748100 ) ;
#11951 = VECTOR ( 'NONE', #8316, 39.37007874015748100 ) ;
#11952 = FACE_OUTER_BOUND ( 'NONE', #6922, .T. ) ;
#11953 = DIRECTION ( 'NONE',  ( -1.000000000000000000, -0.0000000000000000000, -5.743874480559907400E-015 ) ) ;
#11954 = DIRECTION ( 'NONE',  ( 0.0000000000000000000, 0.0000000000000000000, -1.000000000000000000 ) ) ;
#11955 = VECTOR ( 'NONE', #11226, 39.37007874015748100 ) ;
#11956 = CARTESIAN_POINT ( 'NONE',  ( 0.0000000000000000000, 0.0000000000000000000, 0.03444881889763779700 ) ) ;
#11957 = EDGE_CURVE ( 'NONE', #559, #11910, #4319, .T. ) ;
#11958 = EDGE_LOOP ( 'NONE', ( #11471, #9957, #10163, #2867 ) ) ;
#11959 = ORIENTED_EDGE ( 'NONE', *, *, #4349, .F. ) ;
#11960 = ADVANCED_FACE ( 'NONE', ( #6618 ), #200, .F. ) ;
#11961 = PLANE ( 'NONE',  #9945 ) ;
#11962 = SURFACE_STYLE_FILL_AREA ( #11122 ) ;
#11963 = FACE_OUTER_BOUND ( 'NONE', #6654, .T. ) ;
#11964 = STYLED_ITEM ( 'NONE', ( #8081 ), #7177 ) ;
#11965 = DIRECTION ( 'NONE',  ( 0.0000000000000000000, 1.000000000000000000, 0.0000000000000000000 ) ) ;
#11966 = AXIS2_PLACEMENT_3D ( 'NONE', #6643, #829, #7609 ) ;
#11967 = CARTESIAN_POINT ( 'NONE',  ( 0.0000000000000000000, 0.004133858267716536200, -0.04291338582677183700 ) ) ;
#11968 = CARTESIAN_POINT ( 'NONE',  ( 0.0000000000000000000, 0.0000000000000000000, 0.0000000000000000000 ) ) ;
#11969 = CARTESIAN_POINT ( 'NONE',  ( 0.05669291338582674300, -0.01693371115559762200, -0.004921259842519878400 ) ) ;
#11970 =( NAMED_UNIT ( * ) SI_UNIT ( $, .STERADIAN. ) SOLID_ANGLE_UNIT ( ) );
#11971 = AXIS2_PLACEMENT_3D ( 'NONE', #4763, #67, #4075 ) ;
#11972 = PRESENTATION_STYLE_ASSIGNMENT (( #9495 ) ) ;
#11973 = DIRECTION ( 'NONE',  ( -0.0000000000000000000, -1.000000000000000000, -0.0000000000000000000 ) ) ;
#11974 = FACE_OUTER_BOUND ( 'NONE', #12040, .T. ) ;
#11975 = DIMENSIONAL_EXPONENTS ( 1.000000000000000000, 0.0000000000000000000, 0.0000000000000000000, 0.0000000000000000000, 0.0000000000000000000, 0.0000000000000000000, 0.0000000000000000000 ) ;
#11976 = CARTESIAN_POINT ( 'NONE',  ( 0.04291338582677183700, -0.01693371115559762200, 0.04429133858267701700 ) ) ;
#11977 = VECTOR ( 'NONE', #4979, 39.37007874015748100 ) ;
#11978 = CARTESIAN_POINT ( 'NONE',  ( 0.0000000000000000000, 0.0000000000000000000, -0.01476377952755922300 ) ) ;
#11979 = FACE_OUTER_BOUND ( 'NONE', #12064, .T. ) ;
#11980 = SURFACE_SIDE_STYLE ('',( #6880 ) ) ;
#11981 =( GEOMETRIC_REPRESENTATION_CONTEXT ( 3 ) GLOBAL_UNCERTAINTY_ASSIGNED_CONTEXT ( ( #9321 ) ) GLOBAL_UNIT_ASSIGNED_CONTEXT ( ( #1888, #8731, #2868 ) ) REPRESENTATION_CONTEXT ( 'NONE', 'WORKASPACE' ) );
#11982 = DIRECTION ( 'NONE',  ( -1.000000000000000000, 0.0000000000000000000, -3.420584110948183300E-015 ) ) ;
#11983 = CARTESIAN_POINT ( 'NONE',  ( 0.05905511811023663600, 0.001181102362204723300, -0.05905511811023583100 ) ) ;
#11984 = DIRECTION ( 'NONE',  ( 3.425378178174571100E-015, 0.0000000000000000000, 1.000000000000000000 ) ) ;
#11985 = ORIENTED_EDGE ( 'NONE', *, *, #7480, .F. ) ;
#11986 = VERTEX_POINT ( 'NONE', #4044 ) ;
#11987 = VERTEX_POINT ( 'NONE', #10900 ) ;
#11988 = DIMENSIONAL_EXPONENTS ( 1.000000000000000000, 0.0000000000000000000, 0.0000000000000000000, 0.0000000000000000000, 0.0000000000000000000, 0.0000000000000000000, 0.0000000000000000000 ) ;
#11989 =( CONVERSION_BASED_UNIT ( 'INCH', #3793 ) LENGTH_UNIT ( ) NAMED_UNIT ( #6843 ) );
#11990 = ORIENTED_EDGE ( 'NONE', *, *, #6015, .T. ) ;
#11991 = STYLED_ITEM ( 'NONE', ( #8388 ), #1997 ) ;
#11992 =( NAMED_UNIT ( * ) PLANE_ANGLE_UNIT ( ) SI_UNIT ( $, .RADIAN. ) );
#11993 = DIRECTION ( 'NONE',  ( 6.982962677686265900E-015, 0.0000000000000000000, -1.000000000000000000 ) ) ;
#11994 = VECTOR ( 'NONE', #6145, 39.37007874015748100 ) ;
#11995 = EDGE_CURVE ( 'NONE', #5819, #5992, #7964, .T. ) ;
#11996 = FILL_AREA_STYLE_COLOUR ( '', #9567 ) ;
#11997 = PLANE ( 'NONE',  #8827 ) ;
#11998 = CARTESIAN_POINT ( 'NONE',  ( -0.02460629921260094900, 0.007204724409448820400, 0.04291338582677133700 ) ) ;
#11999 = ORIENTED_EDGE ( 'NONE', *, *, #9429, .F. ) ;
#12000 = STYLED_ITEM ( 'NONE', ( #7482 ), #3157 ) ;
#12001 = STYLED_ITEM ( 'NONE', ( #6903 ), #9200 ) ;
#12002 = ORIENTED_EDGE ( 'NONE', *, *, #2693, .F. ) ;
#12003 = CARTESIAN_POINT ( 'NONE',  ( 0.0000000000000000000, 0.0000000000000000000, 0.04429133858267701700 ) ) ;
#12004 = FILL_AREA_STYLE_COLOUR ( '', #3346 ) ;
#12005 = VECTOR ( 'NONE', #3784, 39.37007874015748100 ) ;
#12006 = SURFACE_SIDE_STYLE ('',( #1535 ) ) ;
#12007 = CARTESIAN_POINT ( 'NONE',  ( 0.0000000000000000000, 0.001181102362204724400, 0.0000000000000000000 ) ) ;
#12008 = DIRECTION ( 'NONE',  ( -1.000000000000000000, 0.0000000000000000000, -2.433019743745004600E-014 ) ) ;
#12009 = ORIENTED_EDGE ( 'NONE', *, *, #5227, .T. ) ;
#12010 = VERTEX_POINT ( 'NONE', #176 ) ;
#12011 = ORIENTED_EDGE ( 'NONE', *, *, #4237, .F. ) ;
#12012 = VERTEX_POINT ( 'NONE', #11891 ) ;
#12013 = COLOUR_RGB ( '',0.9686274509803921600, 0.8784313725490196000, 0.5999999999999999800 ) ;
#12014 = ORIENTED_EDGE ( 'NONE', *, *, #86, .T. ) ;
#12015 = FILL_AREA_STYLE ('',( #11028 ) ) ;
#12016 = STYLED_ITEM ( 'NONE', ( #2712 ), #4310 ) ;
#12017 = ADVANCED_FACE ( 'NONE', ( #10605 ), #6976, .F. ) ;
#12018 = PRESENTATION_LAYER_ASSIGNMENT (  '', '', ( #11370 ) ) ;
#12019 = DIRECTION ( 'NONE',  ( -1.000000000000000000, 0.0000000000000000000, -1.128010947122436600E-013 ) ) ;
#12020 = ORIENTED_EDGE ( 'NONE', *, *, #5172, .F. ) ;
#12021 = DIRECTION ( 'NONE',  ( -1.000000000000000000, 0.0000000000000000000, -6.982962677686265900E-015 ) ) ;
#12022 = CARTESIAN_POINT ( 'NONE',  ( 0.004921259842521532500, 0.001181102362204724400, 0.0000000000000000000 ) ) ;
#12023 = CARTESIAN_POINT ( 'NONE',  ( 0.04291338582677164300, 0.001181102362204724400, 0.0000000000000000000 ) ) ;
#12024 = DIRECTION ( 'NONE',  ( 1.000000000000000000, -0.0000000000000000000, 5.434102431278317600E-015 ) ) ;
#12025 =( NAMED_UNIT ( * ) SI_UNIT ( $, .STERADIAN. ) SOLID_ANGLE_UNIT ( ) );
#12026 = CLOSED_SHELL ( 'NONE', ( #1819, #4239, #5002, #7686, #163, #8008 ) ) ;
#12027 = FACE_OUTER_BOUND ( 'NONE', #1642, .T. ) ;
#12028 = CARTESIAN_POINT ( 'NONE',  ( 0.0000000000000000000, 0.001181102362204724400, -0.04291338582677155900 ) ) ;
#12029 =( NAMED_UNIT ( * ) PLANE_ANGLE_UNIT ( ) SI_UNIT ( $, .RADIAN. ) );
#12030 =( NAMED_UNIT ( * ) SI_UNIT ( $, .STERADIAN. ) SOLID_ANGLE_UNIT ( ) );
#12031 = UNCERTAINTY_MEASURE_WITH_UNIT (LENGTH_MEASURE( 1.000000000000000100E-005 ), #6712, 'distance_accuracy_value', 'NONE');
#12032 = CARTESIAN_POINT ( 'NONE',  ( 0.004921259842519683200, 0.007204724409448820400, 0.05669291338582680600 ) ) ;
#12033 = STYLED_ITEM ( 'NONE', ( #12560 ), #6738 ) ;
#12034 =( NAMED_UNIT ( * ) SI_UNIT ( $, .STERADIAN. ) SOLID_ANGLE_UNIT ( ) );
#12035 = AXIS2_PLACEMENT_3D ( 'NONE', #9259, #3407, #10248 ) ;
#12036 = EDGE_LOOP ( 'NONE', ( #9742, #1398, #8660, #2865, #2332, #6048, #2127, #1180, #4683, #5693, #10965, #2501, #6612, #6807, #2680, #10651 ) ) ;
#12037 = UNCERTAINTY_MEASURE_WITH_UNIT (LENGTH_MEASURE( 1.000000000000000100E-005 ), #434, 'distance_accuracy_value', 'NONE');
#12038 = DIRECTION ( 'NONE',  ( 0.0000000000000000000, -1.000000000000000000, 0.0000000000000000000 ) ) ;
#12039 = SURFACE_STYLE_FILL_AREA ( #1161 ) ;
#12040 = EDGE_LOOP ( 'NONE', ( #558, #4904, #12197, #11605 ) ) ;
#12041 = EDGE_LOOP ( 'NONE', ( #7985, #5299, #1911, #2207 ) ) ;
#12042 = LINE ( 'NONE', #5503, #11741 ) ;
#12043 = CARTESIAN_POINT ( 'NONE',  ( -0.04291338582677133000, 0.007204724409448820400, -0.02460629921260094500 ) ) ;
#12044 = LINE ( 'NONE', #6552, #4551 ) ;
#12045 = EDGE_CURVE ( 'NONE', #4854, #12396, #1572, .T. ) ;
#12046 = AXIS2_PLACEMENT_3D ( 'NONE', #11193, #5310, #12180 ) ;
#12047 = FILL_AREA_STYLE ('',( #4162 ) ) ;
#12048 = CARTESIAN_POINT ( 'NONE',  ( 0.0000000000000000000, 0.007204724409448820400, 0.0000000000000000000 ) ) ;
#12049 = SURFACE_STYLE_USAGE ( .BOTH. , #5187 ) ;
#12050 = EDGE_CURVE ( 'NONE', #1810, #9894, #11677, .T. ) ;
#12051 =( NAMED_UNIT ( * ) SI_UNIT ( $, .STERADIAN. ) SOLID_ANGLE_UNIT ( ) );
#12052 = FACE_OUTER_BOUND ( 'NONE', #3901, .T. ) ;
#12053 =( NAMED_UNIT ( * ) PLANE_ANGLE_UNIT ( ) SI_UNIT ( $, .RADIAN. ) );
#12054 = SURFACE_STYLE_FILL_AREA ( #7215 ) ;
#12055 = VECTOR ( 'NONE', #10125, 39.37007874015748100 ) ;
#12056 = SURFACE_STYLE_USAGE ( .BOTH. , #5196 ) ;
#12057 =( GEOMETRIC_REPRESENTATION_CONTEXT ( 3 ) GLOBAL_UNCERTAINTY_ASSIGNED_CONTEXT ( ( #6640 ) ) GLOBAL_UNIT_ASSIGNED_CONTEXT ( ( #5314, #12189, #6309 ) ) REPRESENTATION_CONTEXT ( 'NONE', 'WORKASPACE' ) );
#12058 =( LENGTH_UNIT ( ) NAMED_UNIT ( * ) SI_UNIT ( $, .METRE. ) );
#12059 = MECHANICAL_DESIGN_GEOMETRIC_PRESENTATION_REPRESENTATION (  '', ( #10092 ), #29 ) ;
#12060 = CARTESIAN_POINT ( 'NONE',  ( 0.04291338582677178100, 0.007204724409448820400, 0.03444881889763766500 ) ) ;
#12061 = COLOUR_RGB ( '',0.2509803921568627400, 0.2509803921568627400, 0.2509803921568627400 ) ;
#12062 =( LENGTH_UNIT ( ) NAMED_UNIT ( * ) SI_UNIT ( $, .METRE. ) );
#12063 = EDGE_CURVE ( 'NONE', #559, #3350, #9053, .T. ) ;
#12064 = EDGE_LOOP ( 'NONE', ( #6999, #12472, #3215, #10073 ) ) ;
#12065 = CARTESIAN_POINT ( 'NONE',  ( 0.04291338582677151100, 0.004133858267716536200, 0.0000000000000000000 ) ) ;
#12066 = DIRECTION ( 'NONE',  ( -1.180052651401704400E-013, 0.0000000000000000000, 1.000000000000000000 ) ) ;
#12067 = SURFACE_STYLE_FILL_AREA ( #3304 ) ;
#12068 = ORIENTED_EDGE ( 'NONE', *, *, #11448, .F. ) ;
#12069 = LINE ( 'NONE', #10286, #4580 ) ;
#12070 = SURFACE_STYLE_USAGE ( .BOTH. , #5212 ) ;
#12071 = PRESENTATION_STYLE_ASSIGNMENT (( #1173 ) ) ;
#12072 = CARTESIAN_POINT ( 'NONE',  ( -0.04291338582677154500, 0.007204724409448820400, -0.03444881889763795600 ) ) ;
#12073 = ORIENTED_EDGE ( 'NONE', *, *, #9013, .F. ) ;
#12074 =( NAMED_UNIT ( * ) SI_UNIT ( $, .STERADIAN. ) SOLID_ANGLE_UNIT ( ) );
#12075 = VERTEX_POINT ( 'NONE', #258 ) ;
#12076 = DIRECTION ( 'NONE',  ( 1.000000000000000000, 0.0000000000000000000, -0.0000000000000000000 ) ) ;
#12077 = STYLED_ITEM ( 'NONE', ( #11702 ), #2649 ) ;
#12078 = STYLED_ITEM ( 'NONE', ( #6702 ), #8743 ) ;
#12079 = FILL_AREA_STYLE ('',( #8198 ) ) ;
#12080 = LINE ( 'NONE', #7064, #11776 ) ;
#12081 = UNCERTAINTY_MEASURE_WITH_UNIT (LENGTH_MEASURE( 1.000000000000000100E-005 ), #3142, 'distance_accuracy_value', 'NONE');
#12082 = LINE ( 'NONE', #5482, #1680 ) ;
#12083 = COLOUR_RGB ( '',0.3529411764705882000, 0.3529411764705882000, 0.3529411764705882000 ) ;
#12084 = VECTOR ( 'NONE', #1671, 39.37007874015748100 ) ;
#12085 = ORIENTED_EDGE ( 'NONE', *, *, #8995, .T. ) ;
#12086 = LINE ( 'NONE', #12627, #4264 ) ;
#12087 = ADVANCED_FACE ( 'NONE', ( #11372 ), #7998, .F. ) ;
#12088 = CARTESIAN_POINT ( 'NONE',  ( 0.0000000000000000000, 0.001181102362204724400, 0.0000000000000000000 ) ) ;
#12089 = EDGE_CURVE ( 'NONE', #1578, #11072, #49, .T. ) ;
#12090 = ADVANCED_FACE ( 'NONE', ( #7511 ), #1290, .F. ) ;
#12091 = FILL_AREA_STYLE_COLOUR ( '', #3068 ) ;
#12092 = VERTEX_POINT ( 'NONE', #299 ) ;
#12093 = FILL_AREA_STYLE_COLOUR ( '', #5781 ) ;
#12094 = SURFACE_SIDE_STYLE ('',( #1596 ) ) ;
#12095 = CARTESIAN_POINT ( 'NONE',  ( 0.01476377952755945900, 0.007204724409448820400, -0.05669291338582670100 ) ) ;
#12096 = VECTOR ( 'NONE', #5186, 39.37007874015748100 ) ;
#12097 = VECTOR ( 'NONE', #6526, 39.37007874015748100 ) ;
#12098 = VECTOR ( 'NONE', #5221, 39.37007874015748100 ) ;
#12099 = MECHANICAL_DESIGN_GEOMETRIC_PRESENTATION_REPRESENTATION (  '', ( #10130 ), #60 ) ;
#12100 =( GEOMETRIC_REPRESENTATION_CONTEXT ( 3 ) GLOBAL_UNCERTAINTY_ASSIGNED_CONTEXT ( ( #3328 ) ) GLOBAL_UNIT_ASSIGNED_CONTEXT ( ( #2092, #8932, #3080 ) ) REPRESENTATION_CONTEXT ( 'NONE', 'WORKASPACE' ) );
#12101 = CARTESIAN_POINT ( 'NONE',  ( 0.0000000000000000000, 0.0000000000000000000, -0.05669291338582658400 ) ) ;
#12102 = VECTOR ( 'NONE', #7341, 39.37007874015748100 ) ;
#12103 = FACE_OUTER_BOUND ( 'NONE', #7673, .T. ) ;
#12104 = CARTESIAN_POINT ( 'NONE',  ( -0.04291338582677133000, 0.0000000000000000000, -0.02460629921260056400 ) ) ;
#12105 = EDGE_CURVE ( 'NONE', #6343, #7100, #1418, .T. ) ;
#12106 = DIMENSIONAL_EXPONENTS ( 1.000000000000000000, 0.0000000000000000000, 0.0000000000000000000, 0.0000000000000000000, 0.0000000000000000000, 0.0000000000000000000, 0.0000000000000000000 ) ;
#12107 = CARTESIAN_POINT ( 'NONE',  ( 0.04291338582677171900, 0.007204724409448820400, 0.01476377952755891300 ) ) ;
#12108 = LENGTH_MEASURE_WITH_UNIT ( LENGTH_MEASURE( 0.02539999999999999900 ), #11449 );
#12109 = ORIENTED_EDGE ( 'NONE', *, *, #4415, .F. ) ;
#12110 = EDGE_LOOP ( 'NONE', ( #5037, #7827, #8042, #614 ) ) ;
#12111 = FACE_OUTER_BOUND ( 'NONE', #12187, .T. ) ;
#12112 = VERTEX_POINT ( 'NONE', #10135 ) ;
#12113 = VECTOR ( 'NONE', #44, 39.37007874015748100 ) ;
#12114 = FACE_OUTER_BOUND ( 'NONE', #7046, .T. ) ;
#12115 = SURFACE_SIDE_STYLE ('',( #10761 ) ) ;
#12116 = EDGE_CURVE ( 'NONE', #4517, #10007, #6607, .T. ) ;
#12117 = VECTOR ( 'NONE', #79, 39.37007874015748100 ) ;
#12118 = DIRECTION ( 'NONE',  ( 0.0000000000000000000, -0.0000000000000000000, -1.000000000000000000 ) ) ;
#12119 = SURFACE_STYLE_USAGE ( .BOTH. , #5248 ) ;
#12120 =( LENGTH_UNIT ( ) NAMED_UNIT ( * ) SI_UNIT ( $, .METRE. ) );
#12121 = ORIENTED_EDGE ( 'NONE', *, *, #10680, .T. ) ;
#12122 = UNCERTAINTY_MEASURE_WITH_UNIT (LENGTH_MEASURE( 1.000000000000000100E-005 ), #4365, 'distance_accuracy_value', 'NONE');
#12123 =( CONVERSION_BASED_UNIT ( 'INCH', #9934 ) LENGTH_UNIT ( ) NAMED_UNIT ( #4269 ) );
#12124 = FILL_AREA_STYLE_COLOUR ( '', #5360 ) ;
#12125 = MECHANICAL_DESIGN_GEOMETRIC_PRESENTATION_REPRESENTATION (  '', ( #10153 ), #80 ) ;
#12126 = DIMENSIONAL_EXPONENTS ( 1.000000000000000000, 0.0000000000000000000, 0.0000000000000000000, 0.0000000000000000000, 0.0000000000000000000, 0.0000000000000000000, 0.0000000000000000000 ) ;
#12127 = CARTESIAN_POINT ( 'NONE',  ( 0.04291338582677164900, 0.004133858267716536200, 0.0000000000000000000 ) ) ;
#12128 = LINE ( 'NONE', #3551, #3240 ) ;
#12129 = VECTOR ( 'NONE', #8012, 39.37007874015748100 ) ;
#12130 =( NAMED_UNIT ( * ) PLANE_ANGLE_UNIT ( ) SI_UNIT ( $, .RADIAN. ) );
#12131 = PRESENTATION_STYLE_ASSIGNMENT (( #3119 ) ) ;
#12132 = PLANE ( 'NONE',  #638 ) ;
#12133 =( NAMED_UNIT ( * ) SI_UNIT ( $, .STERADIAN. ) SOLID_ANGLE_UNIT ( ) );
#12134 = EDGE_CURVE ( 'NONE', #8240, #7253, #6298, .T. ) ;
#12135 = PLANE ( 'NONE',  #1184 ) ;
#12136 = UNCERTAINTY_MEASURE_WITH_UNIT (LENGTH_MEASURE( 1.000000000000000100E-005 ), #8070, 'distance_accuracy_value', 'NONE');
#12137 = VECTOR ( 'NONE', #11269, 39.37007874015748100 ) ;
#12138 = LINE ( 'NONE', #8579, #3252 ) ;
#12139 =( NAMED_UNIT ( * ) SI_UNIT ( $, .STERADIAN. ) SOLID_ANGLE_UNIT ( ) );
#12140 = LINE ( 'NONE', #8692, #4312 ) ;
#12141 = EDGE_LOOP ( 'NONE', ( #6965, #8929, #9033, #7999 ) ) ;
#12142 = SURFACE_STYLE_USAGE ( .BOTH. , #5269 ) ;
#12143 = CARTESIAN_POINT ( 'NONE',  ( -0.02460629921260094900, -0.01693371115559762200, 0.04291338582677133000 ) ) ;
#12144 = DIRECTION ( 'NONE',  ( 1.000000000000000000, 0.0000000000000000000, -0.0000000000000000000 ) ) ;
#12145 = VERTEX_POINT ( 'NONE', #12104 ) ;
#12146 = DIRECTION ( 'NONE',  ( 0.0000000000000000000, 1.000000000000000000, 0.0000000000000000000 ) ) ;
#12147 = ORIENTED_EDGE ( 'NONE', *, *, #8595, .T. ) ;
#12148 = DIRECTION ( 'NONE',  ( 1.000000000000000000, -0.0000000000000000000, 1.309156885088692300E-017 ) ) ;
#12149 = VECTOR ( 'NONE', #7010, 39.37007874015748100 ) ;
#12150 =( NAMED_UNIT ( * ) PLANE_ANGLE_UNIT ( ) SI_UNIT ( $, .RADIAN. ) );
#12151 = LINE ( 'NONE', #4906, #3100 ) ;
#12152 = MECHANICAL_DESIGN_GEOMETRIC_PRESENTATION_REPRESENTATION (  '', ( #10175 ), #102 ) ;
#12153 = VECTOR ( 'NONE', #6118, 39.37007874015748100 ) ;
#12154 = SURFACE_STYLE_USAGE ( .BOTH. , #5282 ) ;
#12155 = UNCERTAINTY_MEASURE_WITH_UNIT (LENGTH_MEASURE( 1.000000000000000100E-005 ), #8539, 'distance_accuracy_value', 'NONE');
#12156 = ADVANCED_FACE ( 'NONE', ( #11527 ), #9187, .F. ) ;
#12157 = VERTEX_POINT ( 'NONE', #2337 ) ;
#12158 = CARTESIAN_POINT ( 'NONE',  ( 0.05669291338582673600, -0.01693371115559762200, -0.02460629921259862800 ) ) ;
#12159 = DIRECTION ( 'NONE',  ( -1.000000000000000000, 0.0000000000000000000, -4.406877377904227700E-017 ) ) ;
#12160 = CARTESIAN_POINT ( 'NONE',  ( -0.04291338582677176100, 0.0000000000000000000, 0.0000000000000000000 ) ) ;
#12161 = ADVANCED_FACE ( 'NONE', ( #9983 ), #3370, .T. ) ;
#12162 = SURFACE_STYLE_USAGE ( .BOTH. , #5295 ) ;
#12163 = MECHANICAL_DESIGN_GEOMETRIC_PRESENTATION_REPRESENTATION (  '', ( #10184 ), #115 ) ;
#12164 = MECHANICAL_DESIGN_GEOMETRIC_PRESENTATION_REPRESENTATION (  '', ( #10185 ), #116 ) ;
#12165 = DIRECTION ( 'NONE',  ( -0.0000000000000000000, -1.000000000000000000, 0.0000000000000000000 ) ) ;
#12166 = DIRECTION ( 'NONE',  ( -0.0000000000000000000, 0.0000000000000000000, -1.000000000000000000 ) ) ;
#12167 = DIRECTION ( 'NONE',  ( -0.0000000000000000000, 0.0000000000000000000, 1.000000000000000000 ) ) ;
#12168 = CARTESIAN_POINT ( 'NONE',  ( 0.04291338582677162200, 0.007204724409448820400, -0.01476377952755922300 ) ) ;
#12169 = EDGE_CURVE ( 'NONE', #5516, #8294, #3859, .T. ) ;
#12170 = ORIENTED_EDGE ( 'NONE', *, *, #4316, .F. ) ;
#12171 = ORIENTED_EDGE ( 'NONE', *, *, #11302, .T. ) ;
#12172 = CARTESIAN_POINT ( 'NONE',  ( 0.01476377952755945900, -0.01693371115559762200, -0.05669291338582670100 ) ) ;
#12173 =( NAMED_UNIT ( * ) PLANE_ANGLE_UNIT ( ) SI_UNIT ( $, .RADIAN. ) );
#12174 = SURFACE_STYLE_FILL_AREA ( #3667 ) ;
#12175 = ORIENTED_EDGE ( 'NONE', *, *, #3612, .F. ) ;
#12176 = DIRECTION ( 'NONE',  ( -1.000000000000000000, 0.0000000000000000000, -4.504786283433685400E-015 ) ) ;
#12177 = MECHANICAL_DESIGN_GEOMETRIC_PRESENTATION_REPRESENTATION (  '', ( #10206 ), #126 ) ;
#12178 =( GEOMETRIC_REPRESENTATION_CONTEXT ( 3 ) GLOBAL_UNCERTAINTY_ASSIGNED_CONTEXT ( ( #8881 ) ) GLOBAL_UNIT_ASSIGNED_CONTEXT ( ( #4847, #11690, #5810 ) ) REPRESENTATION_CONTEXT ( 'NONE', 'WORKASPACE' ) );
#12179 = CARTESIAN_POINT ( 'NONE',  ( -0.04291338582677173300, 0.001181102362204724200, 0.01476377952755903400 ) ) ;
#12180 = DIRECTION ( 'NONE',  ( 0.0000000000000000000, -0.0000000000000000000, 1.000000000000000000 ) ) ;
#12181 = SURFACE_SIDE_STYLE ('',( #7915 ) ) ;
#12182 = ORIENTED_EDGE ( 'NONE', *, *, #7059, .F. ) ;
#12183 = VERTEX_POINT ( 'NONE', #3415 ) ;
#12184 = PLANE ( 'NONE',  #2980 ) ;
#12185 = LINE ( 'NONE', #1597, #4686 ) ;
#12186 = SURFACE_SIDE_STYLE ('',( #2247 ) ) ;
#12187 = EDGE_LOOP ( 'NONE', ( #5722, #6152, #3452, #8051 ) ) ;
#12188 = EDGE_LOOP ( 'NONE', ( #10929, #8762, #6036, #7782 ) ) ;
#12189 =( NAMED_UNIT ( * ) PLANE_ANGLE_UNIT ( ) SI_UNIT ( $, .RADIAN. ) );
#12190 = VECTOR ( 'NONE', #9268, 39.37007874015748100 ) ;
#12191 =( LENGTH_UNIT ( ) NAMED_UNIT ( * ) SI_UNIT ( $, .METRE. ) );
#12192 = LENGTH_MEASURE_WITH_UNIT ( LENGTH_MEASURE( 0.02539999999999999900 ), #9977 );
#12193 = CARTESIAN_POINT ( 'NONE',  ( -0.02460629921260094900, 0.004133858267716536200, 0.04291338582677142700 ) ) ;
#12194 = EDGE_CURVE ( 'NONE', #1310, #3955, #11361, .T. ) ;
#12195 =( CONVERSION_BASED_UNIT ( 'INCH', #7030 ) LENGTH_UNIT ( ) NAMED_UNIT ( #1844 ) );
#12196 = CARTESIAN_POINT ( 'NONE',  ( 0.02460629921259843000, 0.007204724409448820400, 0.04291338582677166300 ) ) ;
#12197 = ORIENTED_EDGE ( 'NONE', *, *, #12116, .F. ) ;
#12198 = VECTOR ( 'NONE', #6373, 39.37007874015748100 ) ;
#12199 = ORIENTED_EDGE ( 'NONE', *, *, #12116, .T. ) ;
#12200 = ORIENTED_EDGE ( 'NONE', *, *, #1370, .T. ) ;
#12201 = DIRECTION ( 'NONE',  ( 0.0000000000000000000, -1.000000000000000000, 0.0000000000000000000 ) ) ;
#12202 = ORIENTED_EDGE ( 'NONE', *, *, #5746, .F. ) ;
#12203 =( NAMED_UNIT ( * ) PLANE_ANGLE_UNIT ( ) SI_UNIT ( $, .RADIAN. ) );
#12204 = LENGTH_MEASURE_WITH_UNIT ( LENGTH_MEASURE( 0.02539999999999999900 ), #4913 );
#12205 = DIRECTION ( 'NONE',  ( -4.406877378073675000E-017, -0.0000000000000000000, 1.000000000000000000 ) ) ;
#12206 = SURFACE_SIDE_STYLE ('',( #3817 ) ) ;
#12207 = ORIENTED_EDGE ( 'NONE', *, *, #8814, .F. ) ;
#12208 = EDGE_CURVE ( 'NONE', #7100, #1765, #6443, .T. ) ;
#12209 = UNCERTAINTY_MEASURE_WITH_UNIT (LENGTH_MEASURE( 1.000000000000000100E-005 ), #7425, 'distance_accuracy_value', 'NONE');
#12210 = EDGE_CURVE ( 'NONE', #8737, #6898, #9041, .T. ) ;
#12211 = VECTOR ( 'NONE', #10738, 39.37007874015748100 ) ;
#12212 = VECTOR ( 'NONE', #11909, 39.37007874015748100 ) ;
#12213 =( CONVERSION_BASED_UNIT ( 'INCH', #8690 ) LENGTH_UNIT ( ) NAMED_UNIT ( #3896 ) );
#12214 = LINE ( 'NONE', #7453, #1801 ) ;
#12215 = ORIENTED_EDGE ( 'NONE', *, *, #8494, .F. ) ;
#12216 = FACE_OUTER_BOUND ( 'NONE', #2303, .T. ) ;
#12217 = MECHANICAL_DESIGN_GEOMETRIC_PRESENTATION_REPRESENTATION (  '', ( #10239 ), #165 ) ;
#12218 = CARTESIAN_POINT ( 'NONE',  ( -0.05669291338582615300, 0.0000000000000000000, -0.01476377952755926100 ) ) ;
#12219 = PRESENTATION_STYLE_ASSIGNMENT (( #604 ) ) ;
#12220 =( GEOMETRIC_REPRESENTATION_CONTEXT ( 3 ) GLOBAL_UNCERTAINTY_ASSIGNED_CONTEXT ( ( #9435 ) ) GLOBAL_UNIT_ASSIGNED_CONTEXT ( ( #2500, #9359, #3496 ) ) REPRESENTATION_CONTEXT ( 'NONE', 'WORKASPACE' ) );
#12221 = ADVANCED_FACE ( 'NONE', ( #6139 ), #4432, .F. ) ;
#12222 = CARTESIAN_POINT ( 'NONE',  ( -0.01476377952755866500, 0.007204724409448820400, -0.05669291338582690300 ) ) ;
#12223 = SURFACE_STYLE_FILL_AREA ( #9626 ) ;
#12224 = ADVANCED_FACE ( 'NONE', ( #7501 ), #6353, .F. ) ;
#12225 = STYLED_ITEM ( 'NONE', ( #40 ), #92 ) ;
#12226 =( GEOMETRIC_REPRESENTATION_CONTEXT ( 3 ) GLOBAL_UNCERTAINTY_ASSIGNED_CONTEXT ( ( #2032 ) ) GLOBAL_UNIT_ASSIGNED_CONTEXT ( ( #6231, #401, #7201 ) ) REPRESENTATION_CONTEXT ( 'NONE', 'WORKASPACE' ) );
#12227 = FILL_AREA_STYLE_COLOUR ( '', #11939 ) ;
#12228 = SURFACE_STYLE_FILL_AREA ( #2453 ) ;
#12229 = LINE ( 'NONE', #3183, #6977 ) ;
#12230 = LINE ( 'NONE', #2355, #11917 ) ;
#12231 = CARTESIAN_POINT ( 'NONE',  ( -0.02460629921260100400, 0.03149606299212598400, 0.05905511811023606000 ) ) ;
#12232 = LINE ( 'NONE', #3274, #11918 ) ;
#12233 = FACE_OUTER_BOUND ( 'NONE', #1100, .T. ) ;
#12234 = CARTESIAN_POINT ( 'NONE',  ( 0.02460629921259843000, 0.0000000000000000000, 0.04291338582677167000 ) ) ;
#12235 =( CONVERSION_BASED_UNIT ( 'INCH', #4146 ) LENGTH_UNIT ( ) NAMED_UNIT ( #4010 ) );
#12236 = CARTESIAN_POINT ( 'NONE',  ( 0.05905511811023639300, 0.03149606299212598400, -0.02460629921259854500 ) ) ;
#12237 = LINE ( 'NONE', #8456, #4732 ) ;
#12238 = DIMENSIONAL_EXPONENTS ( 1.000000000000000000, 0.0000000000000000000, 0.0000000000000000000, 0.0000000000000000000, 0.0000000000000000000, 0.0000000000000000000, 0.0000000000000000000 ) ;
#12239 =( NAMED_UNIT ( * ) SI_UNIT ( $, .STERADIAN. ) SOLID_ANGLE_UNIT ( ) );
#12240 = MECHANICAL_DESIGN_GEOMETRIC_PRESENTATION_REPRESENTATION (  '', ( #10260 ), #184 ) ;
#12241 = VECTOR ( 'NONE', #1181, 39.37007874015748100 ) ;
#12242 =( GEOMETRIC_REPRESENTATION_CONTEXT ( 3 ) GLOBAL_UNCERTAINTY_ASSIGNED_CONTEXT ( ( #6902 ) ) GLOBAL_UNIT_ASSIGNED_CONTEXT ( ( #7283, #1461, #8282 ) ) REPRESENTATION_CONTEXT ( 'NONE', 'WORKASPACE' ) );
#12243 = COLOUR_RGB ( '',0.3529411764705882000, 0.3529411764705882000, 0.3529411764705882000 ) ;
#12244 = DIRECTION ( 'NONE',  ( 0.0000000000000000000, -0.0000000000000000000, 1.000000000000000000 ) ) ;
#12245 = DIRECTION ( 'NONE',  ( -0.0000000000000000000, -1.000000000000000000, -0.0000000000000000000 ) ) ;
#12246 =( NAMED_UNIT ( * ) SI_UNIT ( $, .STERADIAN. ) SOLID_ANGLE_UNIT ( ) );
#12247 = EDGE_CURVE ( 'NONE', #11249, #4983, #3708, .T. ) ;
#12248 = CARTESIAN_POINT ( 'NONE',  ( -0.04494350380682998100, 0.02755905511811023600, -0.05199607103034015900 ) ) ;
#12249 = PLANE ( 'NONE',  #7688 ) ;
#12250 = CARTESIAN_POINT ( 'NONE',  ( -0.01091455444047724500, 0.001181102362204724400, -0.02272557806252472100 ) ) ;
#12251 = COLOUR_RGB ( '',0.2509803921568627400, 0.2509803921568627400, 0.2509803921568627400 ) ;
#12252 = VERTEX_POINT ( 'NONE', #11373 ) ;
#12253 = DIMENSIONAL_EXPONENTS ( 1.000000000000000000, 0.0000000000000000000, 0.0000000000000000000, 0.0000000000000000000, 0.0000000000000000000, 0.0000000000000000000, 0.0000000000000000000 ) ;
#12254 = VECTOR ( 'NONE', #2465, 39.37007874015748100 ) ;
#12255 = VERTEX_POINT ( 'NONE', #5492 ) ;
#12256 = CARTESIAN_POINT ( 'NONE',  ( 0.04291338582677142700, 0.001181102362204724200, 0.02460629921260053900 ) ) ;
#12257 = CARTESIAN_POINT ( 'NONE',  ( 0.004921259842519683200, 0.004133858267716536200, 0.04291338582677166300 ) ) ;
#12258 = MECHANICAL_DESIGN_GEOMETRIC_PRESENTATION_REPRESENTATION (  '', ( #10279 ), #202 ) ;
#12259 = VERTEX_POINT ( 'NONE', #674 ) ;
#12260 =( GEOMETRIC_REPRESENTATION_CONTEXT ( 3 ) GLOBAL_UNCERTAINTY_ASSIGNED_CONTEXT ( ( #6215 ) ) GLOBAL_UNIT_ASSIGNED_CONTEXT ( ( #3218, #10063, #4197 ) ) REPRESENTATION_CONTEXT ( 'NONE', 'WORKASPACE' ) );
#12261 = CARTESIAN_POINT ( 'NONE',  ( 0.04291338582677168400, 0.007204724409448820400, 0.004921259842522291400 ) ) ;
#12262 = EDGE_LOOP ( 'NONE', ( #4177, #8281, #1029, #6934 ) ) ;
#12263 = VECTOR ( 'NONE', #3915, 39.37007874015748100 ) ;
#12264 = CARTESIAN_POINT ( 'NONE',  ( -0.02460629921259813200, 0.007204724409448820400, -0.04291338582677183700 ) ) ;
#12265 = VECTOR ( 'NONE', #4120, 39.37007874015748100 ) ;
#12266 = LENGTH_MEASURE_WITH_UNIT ( LENGTH_MEASURE( 0.02539999999999999900 ), #8900 );
#12267 = UNCERTAINTY_MEASURE_WITH_UNIT (LENGTH_MEASURE( 1.000000000000000100E-005 ), #10592, 'distance_accuracy_value', 'NONE');
#12268 = FACE_OUTER_BOUND ( 'NONE', #3421, .T. ) ;
#12269 = CARTESIAN_POINT ( 'NONE',  ( 0.0000000000000000000, 0.0000000000000000000, 0.0000000000000000000 ) ) ;
#12270 =( LENGTH_UNIT ( ) NAMED_UNIT ( * ) SI_UNIT ( $, .METRE. ) );
#12271 = DIRECTION ( 'NONE',  ( 0.0000000000000000000, -0.0000000000000000000, 1.000000000000000000 ) ) ;
#12272 = CARTESIAN_POINT ( 'NONE',  ( 0.01476377952755906400, 0.004133858267716536200, 0.05669291338582680600 ) ) ;
#12273 = VECTOR ( 'NONE', #12358, 39.37007874015748100 ) ;
#12274 = ORIENTED_EDGE ( 'NONE', *, *, #2769, .T. ) ;
#12275 = CARTESIAN_POINT ( 'NONE',  ( 0.0000000000000000000, 0.004133858267716536200, -0.05669291338582690300 ) ) ;
#12276 = LENGTH_MEASURE_WITH_UNIT ( LENGTH_MEASURE( 0.02539999999999999900 ), #11459 );
#12277 = VERTEX_POINT ( 'NONE', #11329 ) ;
#12278 = SURFACE_STYLE_FILL_AREA ( #6238 ) ;
#12279 = SURFACE_STYLE_FILL_AREA ( #9762 ) ;
#12280 = FILL_AREA_STYLE ('',( #7351 ) ) ;
#12281 = PRESENTATION_LAYER_ASSIGNMENT (  '', '', ( #10950 ) ) ;
#12282 = SURFACE_STYLE_FILL_AREA ( #3803 ) ;
#12283 = SURFACE_STYLE_USAGE ( .BOTH. , #5402 ) ;
#12284 = DIRECTION ( 'NONE',  ( -0.0000000000000000000, 0.0000000000000000000, 1.000000000000000000 ) ) ;
#12285 = UNCERTAINTY_MEASURE_WITH_UNIT (LENGTH_MEASURE( 1.000000000000000100E-005 ), #629, 'distance_accuracy_value', 'NONE');
#12286 = ADVANCED_FACE ( 'NONE', ( #6288 ), #4521, .F. ) ;
#12287 =( CONVERSION_BASED_UNIT ( 'INCH', #6996 ) LENGTH_UNIT ( ) NAMED_UNIT ( #87 ) );
#12288 = VECTOR ( 'NONE', #1446, 39.37007874015748100 ) ;
#12289 = LENGTH_MEASURE_WITH_UNIT ( LENGTH_MEASURE( 0.02539999999999999900 ), #4016 );
#12290 = FILL_AREA_STYLE ('',( #4445 ) ) ;
#12291 = ADVANCED_FACE ( 'NONE', ( #7643 ), #6519, .F. ) ;
#12292 = CARTESIAN_POINT ( 'NONE',  ( 0.0000000000000000000, 0.0000000000000000000, 0.0000000000000000000 ) ) ;
#12293 = LINE ( 'NONE', #7012, #2168 ) ;
#12294 = PLANE ( 'NONE',  #9368 ) ;
#12295 = CARTESIAN_POINT ( 'NONE',  ( -0.02460629921259803500, 0.007204724409448820400, -0.05669291338582697200 ) ) ;
#12296 = MECHANICAL_DESIGN_GEOMETRIC_PRESENTATION_REPRESENTATION (  '', ( #10315 ), #237 ) ;
#12297 = STYLED_ITEM ( 'NONE', ( #5497 ), #5328 ) ;
#12298 = DIRECTION ( 'NONE',  ( 1.000000000000000000, 0.0000000000000000000, -0.0000000000000000000 ) ) ;
#12299 = FILL_AREA_STYLE ('',( #2484 ) ) ;
#12300 = ORIENTED_EDGE ( 'NONE', *, *, #8628, .F. ) ;
#12301 = LINE ( 'NONE', #6248, #2174 ) ;
#12302 = CARTESIAN_POINT ( 'NONE',  ( -0.04494350380682998100, 0.02755905511811023600, -0.04494350380683059800 ) ) ;
#12303 =( LENGTH_UNIT ( ) NAMED_UNIT ( * ) SI_UNIT ( $, .METRE. ) );
#12304 = EDGE_CURVE ( 'NONE', #2817, #12255, #9032, .T. ) ;
#12305 =( NAMED_UNIT ( * ) PLANE_ANGLE_UNIT ( ) SI_UNIT ( $, .RADIAN. ) );
#12306 = EDGE_CURVE ( 'NONE', #10176, #4992, #6435, .T. ) ;
#12307 = ORIENTED_EDGE ( 'NONE', *, *, #1066, .T. ) ;
#12308 = ORIENTED_EDGE ( 'NONE', *, *, #6506, .F. ) ;
#12309 = SURFACE_STYLE_USAGE ( .BOTH. , #5435 ) ;
#12310 = ORIENTED_EDGE ( 'NONE', *, *, #7227, .F. ) ;
#12311 = LINE ( 'NONE', #2211, #4808 ) ;
#12312 =( NAMED_UNIT ( * ) PLANE_ANGLE_UNIT ( ) SI_UNIT ( $, .RADIAN. ) );
#12313 = SURFACE_STYLE_USAGE ( .BOTH. , #5440 ) ;
#12314 = SURFACE_STYLE_FILL_AREA ( #7938 ) ;
#12315 =( NAMED_UNIT ( * ) SI_UNIT ( $, .STERADIAN. ) SOLID_ANGLE_UNIT ( ) );
#12316 = FILL_AREA_STYLE ('',( #4472 ) ) ;
#12317 = CARTESIAN_POINT ( 'NONE',  ( 0.0000000000000000000, 0.004133858267716536200, -0.03444881889763801200 ) ) ;
#12318 = MECHANICAL_DESIGN_GEOMETRIC_PRESENTATION_REPRESENTATION (  '', ( #10341 ), #260 ) ;
#12319 = DIRECTION ( 'NONE',  ( 6.982962677686265900E-015, 0.0000000000000000000, -1.000000000000000000 ) ) ;
#12320 = FILL_AREA_STYLE_COLOUR ( '', #5371 ) ;
#12321 = VERTEX_POINT ( 'NONE', #12497 ) ;
#12322 = SURFACE_SIDE_STYLE ('',( #2310 ) ) ;
#12323 = PRESENTATION_LAYER_ASSIGNMENT (  '', '', ( #10991 ) ) ;
#12324 = ORIENTED_EDGE ( 'NONE', *, *, #9987, .T. ) ;
#12325 = EDGE_CURVE ( 'NONE', #3698, #5205, #8736, .T. ) ;
#12326 = SURFACE_STYLE_USAGE ( .BOTH. , #5453 ) ;
#12327 = UNCERTAINTY_MEASURE_WITH_UNIT (LENGTH_MEASURE( 1.000000000000000100E-005 ), #12287, 'distance_accuracy_value', 'NONE');
#12328 = FACE_OUTER_BOUND ( 'NONE', #9717, .T. ) ;
#12329 = DIRECTION ( 'NONE',  ( -1.000000000000000000, -0.0000000000000000000, 0.0000000000000000000 ) ) ;
#12330 =( NAMED_UNIT ( * ) SI_UNIT ( $, .STERADIAN. ) SOLID_ANGLE_UNIT ( ) );
#12331 = DIRECTION ( 'NONE',  ( 0.0000000000000000000, -0.0000000000000000000, -1.000000000000000000 ) ) ;
#12332 = SURFACE_STYLE_USAGE ( .BOTH. , #5464 ) ;
#12333 = VERTEX_POINT ( 'NONE', #9546 ) ;
#12334 =( GEOMETRIC_REPRESENTATION_CONTEXT ( 3 ) GLOBAL_UNCERTAINTY_ASSIGNED_CONTEXT ( ( #3576 ) ) GLOBAL_UNIT_ASSIGNED_CONTEXT ( ( #9398, #3544, #10379 ) ) REPRESENTATION_CONTEXT ( 'NONE', 'WORKASPACE' ) );
#12335 = ORIENTED_EDGE ( 'NONE', *, *, #8764, .F. ) ;
#12336 = LENGTH_MEASURE_WITH_UNIT ( LENGTH_MEASURE( 0.02539999999999999900 ), #9577 );
#12337 = DIRECTION ( 'NONE',  ( 0.0000000000000000000, 1.000000000000000000, -0.0000000000000000000 ) ) ;
#12338 = ORIENTED_EDGE ( 'NONE', *, *, #8904, .F. ) ;
#12339 = ORIENTED_EDGE ( 'NONE', *, *, #3261, .F. ) ;
#12340 = VERTEX_POINT ( 'NONE', #791 ) ;
#12341 = SURFACE_STYLE_USAGE ( .BOTH. , #5469 ) ;
#12342 = DIRECTION ( 'NONE',  ( 1.000000000000000000, 0.0000000000000000000, -0.0000000000000000000 ) ) ;
#12343 = ORIENTED_EDGE ( 'NONE', *, *, #6506, .T. ) ;
#12344 = CARTESIAN_POINT ( 'NONE',  ( 0.02460629921259843400, 0.007204724409448820400, 0.05669291338582680600 ) ) ;
#12345 = CARTESIAN_POINT ( 'NONE',  ( 0.0000000000000000000, 0.004133858267716536200, -0.04291338582677169800 ) ) ;
#12346 = ADVANCED_FACE ( 'NONE', ( #11351 ), #8582, .F. ) ;
#12347 = SURFACE_SIDE_STYLE ('',( #1907 ) ) ;
#12348 = ORIENTED_EDGE ( 'NONE', *, *, #3106, .F. ) ;
#12349 = SURFACE_STYLE_FILL_AREA ( #1364 ) ;
#12350 = LENGTH_MEASURE_WITH_UNIT ( LENGTH_MEASURE( 0.02539999999999999900 ), #8556 );
#12351 = PRESENTATION_LAYER_ASSIGNMENT (  '', '', ( #11017 ) ) ;
#12352 = PRESENTATION_LAYER_ASSIGNMENT (  '', '', ( #11019 ) ) ;
#12353 =( LENGTH_UNIT ( ) NAMED_UNIT ( * ) SI_UNIT ( $, .METRE. ) );
#12354 = SURFACE_STYLE_FILL_AREA ( #8283 ) ;
#12355 = MECHANICAL_DESIGN_GEOMETRIC_PRESENTATION_REPRESENTATION (  '', ( #10371 ), #297 ) ;
#12356 = ADVANCED_FACE ( 'NONE', ( #2607 ), #3761, .F. ) ;
#12357 = DIRECTION ( 'NONE',  ( 4.406877378073596200E-017, -0.0000000000000000000, -1.000000000000000000 ) ) ;
#12358 = DIRECTION ( 'NONE',  ( -0.0000000000000000000, -1.000000000000000000, -0.0000000000000000000 ) ) ;
#12359 = ORIENTED_EDGE ( 'NONE', *, *, #5599, .T. ) ;
#12360 = FILL_AREA_STYLE_COLOUR ( '', #7117 ) ;
#12361 = DIRECTION ( 'NONE',  ( 0.0000000000000000000, -0.0000000000000000000, -1.000000000000000000 ) ) ;
#12362 = CARTESIAN_POINT ( 'NONE',  ( 0.004921259842519683200, 0.007204724409448820400, 0.05669291338582680600 ) ) ;
#12363 = DIRECTION ( 'NONE',  ( 3.907534698324850800E-014, 0.0000000000000000000, -1.000000000000000000 ) ) ;
#12364 = PRODUCT_DEFINITION_SHAPE ( 'NONE', 'NONE',  #10225 ) ;
#12365 = LENGTH_MEASURE_WITH_UNIT ( LENGTH_MEASURE( 0.02539999999999999900 ), #6199 );
#12366 = LENGTH_MEASURE_WITH_UNIT ( LENGTH_MEASURE( 0.02539999999999999900 ), #7585 );
#12367 = EDGE_CURVE ( 'NONE', #1838, #4688, #1399, .T. ) ;
#12368 = CARTESIAN_POINT ( 'NONE',  ( -0.05905511811023663600, 0.0000000000000000000, 0.05905511811023582400 ) ) ;
#12369 = ORIENTED_EDGE ( 'NONE', *, *, #9232, .T. ) ;
#12370 = DIMENSIONAL_EXPONENTS ( 1.000000000000000000, 0.0000000000000000000, 0.0000000000000000000, 0.0000000000000000000, 0.0000000000000000000, 0.0000000000000000000, 0.0000000000000000000 ) ;
#12371 = CARTESIAN_POINT ( 'NONE',  ( -0.05669291338582695800, -0.01693371115559762200, 0.04429133858267697600 ) ) ;
#12372 = SURFACE_STYLE_USAGE ( .BOTH. , #5496 ) ;
#12373 = AXIS2_PLACEMENT_3D ( 'NONE', #9986, #4107, #10966 ) ;
#12374 = PRESENTATION_LAYER_ASSIGNMENT (  '', '', ( #11039 ) ) ;
#12375 =( NAMED_UNIT ( * ) PLANE_ANGLE_UNIT ( ) SI_UNIT ( $, .RADIAN. ) );
#12376 = FILL_AREA_STYLE ('',( #8495 ) ) ;
#12377 = FILL_AREA_STYLE ('',( #11384 ) ) ;
#12378 = CARTESIAN_POINT ( 'NONE',  ( -0.05669291338582674300, 0.007204724409448820400, -0.01476377952755926100 ) ) ;
#12379 = LINE ( 'NONE', #1522, #9772 ) ;
#12380 = SURFACE_SIDE_STYLE ('',( #7763 ) ) ;
#12381 = DIRECTION ( 'NONE',  ( 1.000000000000000000, -0.0000000000000000000, 6.982962677686265900E-015 ) ) ;
#12382 = SURFACE_SIDE_STYLE ('',( #8245 ) ) ;
#12383 = LINE ( 'NONE', #7261, #6824 ) ;
#12384 = LINE ( 'NONE', #8212, #4563 ) ;
#12385 = EDGE_CURVE ( 'NONE', #4169, #836, #3986, .T. ) ;
#12386 = DIMENSIONAL_EXPONENTS ( 1.000000000000000000, 0.0000000000000000000, 0.0000000000000000000, 0.0000000000000000000, 0.0000000000000000000, 0.0000000000000000000, 0.0000000000000000000 ) ;
#12387 = DIRECTION ( 'NONE',  ( 0.0000000000000000000, 1.000000000000000000, -0.0000000000000000000 ) ) ;
#12388 =( NAMED_UNIT ( * ) PLANE_ANGLE_UNIT ( ) SI_UNIT ( $, .RADIAN. ) );
#12389 = FILL_AREA_STYLE_COLOUR ( '', #6935 ) ;
#12390 =( NAMED_UNIT ( * ) PLANE_ANGLE_UNIT ( ) SI_UNIT ( $, .RADIAN. ) );
#12391 = MECHANICAL_DESIGN_GEOMETRIC_PRESENTATION_REPRESENTATION (  '', ( #10404 ), #339 ) ;
#12392 = ORIENTED_EDGE ( 'NONE', *, *, #7252, .F. ) ;
#12393 =( NAMED_UNIT ( * ) SI_UNIT ( $, .STERADIAN. ) SOLID_ANGLE_UNIT ( ) );
#12394 = COLOUR_RGB ( '',0.9686274509803921600, 0.8784313725490196000, 0.5999999999999999800 ) ;
#12395 = CARTESIAN_POINT ( 'NONE',  ( 0.04291338582677133000, 0.0000000000000000000, 0.0000000000000000000 ) ) ;
#12396 = VERTEX_POINT ( 'NONE', #12622 ) ;
#12397 = LINE ( 'NONE', #5985, #7135 ) ;
#12398 = ORIENTED_EDGE ( 'NONE', *, *, #7833, .T. ) ;
#12399 = PRESENTATION_LAYER_ASSIGNMENT (  '', '', ( #11728 ) ) ;
#12400 =( NAMED_UNIT ( * ) SI_UNIT ( $, .STERADIAN. ) SOLID_ANGLE_UNIT ( ) );
#12401 = DIRECTION ( 'NONE',  ( -0.0000000000000000000, -1.000000000000000000, -0.0000000000000000000 ) ) ;
#12402 = DIRECTION ( 'NONE',  ( 0.0000000000000000000, 1.000000000000000000, 0.0000000000000000000 ) ) ;
#12403 = SURFACE_STYLE_FILL_AREA ( #10479 ) ;
#12404 = DIRECTION ( 'NONE',  ( -3.471843985566803400E-015, 0.0000000000000000000, -1.000000000000000000 ) ) ;
#12405 = VERTEX_POINT ( 'NONE', #6729 ) ;
#12406 = LINE ( 'NONE', #7664, #4883 ) ;
#12407 = DIRECTION ( 'NONE',  ( -1.000000000000000000, 0.0000000000000000000, -2.606492091342680900E-014 ) ) ;
#12408 = VECTOR ( 'NONE', #7681, 39.37007874015748100 ) ;
#12409 = ORIENTED_EDGE ( 'NONE', *, *, #3835, .T. ) ;
#12410 = VERTEX_POINT ( 'NONE', #9636 ) ;
#12411 =( NAMED_UNIT ( * ) PLANE_ANGLE_UNIT ( ) SI_UNIT ( $, .RADIAN. ) );
#12412 = PRESENTATION_LAYER_ASSIGNMENT (  '', '', ( #11077 ) ) ;
#12413 = CARTESIAN_POINT ( 'NONE',  ( -0.04291338582677166300, 0.007204724409448820400, -0.004921259842522247200 ) ) ;
#12414 =( GEOMETRIC_REPRESENTATION_CONTEXT ( 3 ) GLOBAL_UNCERTAINTY_ASSIGNED_CONTEXT ( ( #929 ) ) GLOBAL_UNIT_ASSIGNED_CONTEXT ( ( #2814, #9689, #3815 ) ) REPRESENTATION_CONTEXT ( 'NONE', 'WORKASPACE' ) );
#12415 = VECTOR ( 'NONE', #8178, 39.37007874015748100 ) ;
#12416 = CARTESIAN_POINT ( 'NONE',  ( -0.01476377952755877000, 0.004133858267716536200, 0.0000000000000000000 ) ) ;
#12417 = PRESENTATION_LAYER_ASSIGNMENT (  '', '', ( #11084 ) ) ;
#12418 =( NAMED_UNIT ( * ) SI_UNIT ( $, .STERADIAN. ) SOLID_ANGLE_UNIT ( ) );
#12419 = FILL_AREA_STYLE ('',( #3602 ) ) ;
#12420 = ADVANCED_FACE ( 'NONE', ( #1091 ), #4785, .F. ) ;
#12421 = EDGE_CURVE ( 'NONE', #3206, #698, #5039, .T. ) ;
#12422 = CARTESIAN_POINT ( 'NONE',  ( -0.05669291338582691700, 0.007204724409448820400, 0.03444881889763760200 ) ) ;
#12423 = COLOUR_RGB ( '',0.2509803921568627400, 0.2509803921568627400, 0.2509803921568627400 ) ;
#12424 = CARTESIAN_POINT ( 'NONE',  ( -0.004921259842521514200, 0.001181102362204724400, 0.0000000000000000000 ) ) ;
#12425 = ORIENTED_EDGE ( 'NONE', *, *, #8938, .T. ) ;
#12426 = ORIENTED_EDGE ( 'NONE', *, *, #441, .T. ) ;
#12427 = ORIENTED_EDGE ( 'NONE', *, *, #11643, .T. ) ;
#12428 = UNCERTAINTY_MEASURE_WITH_UNIT (LENGTH_MEASURE( 1.000000000000000100E-005 ), #11423, 'distance_accuracy_value', 'NONE');
#12429 =( NAMED_UNIT ( * ) PLANE_ANGLE_UNIT ( ) SI_UNIT ( $, .RADIAN. ) );
#12430 =( CONVERSION_BASED_UNIT ( 'INCH', #4714 ) LENGTH_UNIT ( ) NAMED_UNIT ( #1954 ) );
#12431 = PRESENTATION_LAYER_ASSIGNMENT (  '', '', ( #11096 ) ) ;
#12432 = PRESENTATION_LAYER_ASSIGNMENT (  '', '', ( #11098 ) ) ;
#12433 = AXIS2_PLACEMENT_3D ( 'NONE', #11434, #5568, #12434 ) ;
#12434 = DIRECTION ( 'NONE',  ( 0.0000000000000000000, -0.0000000000000000000, -1.000000000000000000 ) ) ;
#12435 = COLOUR_RGB ( '',0.2509803921568627400, 0.2509803921568627400, 0.2509803921568627400 ) ;
#12436 = ORIENTED_EDGE ( 'NONE', *, *, #10327, .T. ) ;
#12437 = SURFACE_SIDE_STYLE ('',( #1337 ) ) ;
#12438 =( NAMED_UNIT ( * ) SI_UNIT ( $, .STERADIAN. ) SOLID_ANGLE_UNIT ( ) );
#12439 = VECTOR ( 'NONE', #8211, 39.37007874015748100 ) ;
#12440 = COLOUR_RGB ( '',0.3529411764705882000, 0.3529411764705882000, 0.3529411764705882000 ) ;
#12441 = PRESENTATION_STYLE_ASSIGNMENT (( #2808 ) ) ;
#12442 =( CONVERSION_BASED_UNIT ( 'INCH', #5156 ) LENGTH_UNIT ( ) NAMED_UNIT ( #2890 ) );
#12443 = EDGE_CURVE ( 'NONE', #4875, #1903, #10263, .T. ) ;
#12444 = UNCERTAINTY_MEASURE_WITH_UNIT (LENGTH_MEASURE( 1.000000000000000100E-005 ), #7457, 'distance_accuracy_value', 'NONE');
#12445 = PRESENTATION_STYLE_ASSIGNMENT (( #9592 ) ) ;
#12446 = PLANE ( 'NONE',  #2360 ) ;
#12447 =( NAMED_UNIT ( * ) PLANE_ANGLE_UNIT ( ) SI_UNIT ( $, .RADIAN. ) );
#12448 = DIRECTION ( 'NONE',  ( 0.0000000000000000000, -0.0000000000000000000, 1.000000000000000000 ) ) ;
#12449 = FILL_AREA_STYLE ('',( #11453 ) ) ;
#12450 = CARTESIAN_POINT ( 'NONE',  ( -0.01476377952755905700, 0.0000000000000000000, 0.04291338582677164900 ) ) ;
#12451 = CARTESIAN_POINT ( 'NONE',  ( 0.0000000000000000000, 0.0000000000000000000, 0.0000000000000000000 ) ) ;
#12452 = PRESENTATION_LAYER_ASSIGNMENT (  '', '', ( #11113 ) ) ;
#12453 = FILL_AREA_STYLE_COLOUR ( '', #5546 ) ;
#12454 = STYLED_ITEM ( 'NONE', ( #650 ), #12671 ) ;
#12455 = FACE_OUTER_BOUND ( 'NONE', #2532, .T. ) ;
#12456 =( NAMED_UNIT ( * ) PLANE_ANGLE_UNIT ( ) SI_UNIT ( $, .RADIAN. ) );
#12457 = LINE ( 'NONE', #7249, #2324 ) ;
#12458 = DIRECTION ( 'NONE',  ( -1.000000000000000000, -0.0000000000000000000, 0.0000000000000000000 ) ) ;
#12459 = ORIENTED_EDGE ( 'NONE', *, *, #7853, .F. ) ;
#12460 = EDGE_LOOP ( 'NONE', ( #9480, #7926, #10769, #4788 ) ) ;
#12461 = EDGE_CURVE ( 'NONE', #6073, #10203, #2442, .T. ) ;
#12462 =( CONVERSION_BASED_UNIT ( 'INCH', #3963 ) LENGTH_UNIT ( ) NAMED_UNIT ( #3013 ) );
#12463 = ORIENTED_EDGE ( 'NONE', *, *, #801, .T. ) ;
#12464 = CARTESIAN_POINT ( 'NONE',  ( -0.004921259842519285100, 0.007204724409448820400, -0.05669291338582683300 ) ) ;
#12465 =( NAMED_UNIT ( * ) PLANE_ANGLE_UNIT ( ) SI_UNIT ( $, .RADIAN. ) );
#12466 = DIRECTION ( 'NONE',  ( -0.7071067811865523500, 0.0000000000000000000, 0.7071067811865425800 ) ) ;
#12467 = LINE ( 'NONE', #261, #9566 ) ;
#12468 = PRESENTATION_LAYER_ASSIGNMENT (  '', '', ( #11135 ) ) ;
#12469 =( NAMED_UNIT ( * ) SI_UNIT ( $, .STERADIAN. ) SOLID_ANGLE_UNIT ( ) );
#12470 = MECHANICAL_DESIGN_GEOMETRIC_PRESENTATION_REPRESENTATION (  '', ( #10488 ), #411 ) ;
#12471 = FILL_AREA_STYLE_COLOUR ( '', #2534 ) ;
#12472 = ORIENTED_EDGE ( 'NONE', *, *, #12105, .F. ) ;
#12473 = CARTESIAN_POINT ( 'NONE',  ( -0.02272557806252454800, 0.001181102362204723700, -0.01091455444047757600 ) ) ;
#12474 = FACE_OUTER_BOUND ( 'NONE', #2830, .T. ) ;
#12475 = EDGE_CURVE ( 'NONE', #7207, #1155, #7633, .T. ) ;
#12476 = MECHANICAL_DESIGN_GEOMETRIC_PRESENTATION_REPRESENTATION (  '', ( #10493 ), #423 ) ;
#12477 = FILL_AREA_STYLE_COLOUR ( '', #1182 ) ;
#12478 = SURFACE_STYLE_FILL_AREA ( #3876 ) ;
#12479 =( CONVERSION_BASED_UNIT ( 'INCH', #2135 ) LENGTH_UNIT ( ) NAMED_UNIT ( #12238 ) );
#12480 = EDGE_CURVE ( 'NONE', #4434, #3434, #9960, .T. ) ;
#12481 =( NAMED_UNIT ( * ) PLANE_ANGLE_UNIT ( ) SI_UNIT ( $, .RADIAN. ) );
#12482 =( LENGTH_UNIT ( ) NAMED_UNIT ( * ) SI_UNIT ( $, .METRE. ) );
#12483 = ADVANCED_FACE ( 'NONE', ( #7004 ), #9791, .F. ) ;
#12484 = CARTESIAN_POINT ( 'NONE',  ( -0.05905511811023663600, 0.001181102362204723300, 0.05905511811023582400 ) ) ;
#12485 = PLANE ( 'NONE',  #6005 ) ;
#12486 = ORIENTED_EDGE ( 'NONE', *, *, #11247, .T. ) ;
#12487 = ORIENTED_EDGE ( 'NONE', *, *, #4900, .T. ) ;
#12488 = CARTESIAN_POINT ( 'NONE',  ( -0.01476377952755903900, -0.01693371115559762200, 0.04291338582677166300 ) ) ;
#12489 = UNCERTAINTY_MEASURE_WITH_UNIT (LENGTH_MEASURE( 1.000000000000000100E-005 ), #442, 'distance_accuracy_value', 'NONE');
#12490 = CARTESIAN_POINT ( 'NONE',  ( 0.04291338582677161500, 0.004133858267716536200, -0.01476377952755922300 ) ) ;
#12491 = PRESENTATION_LAYER_ASSIGNMENT (  '', '', ( #11163 ) ) ;
#12492 = MECHANICAL_DESIGN_GEOMETRIC_PRESENTATION_REPRESENTATION (  '', ( #738 ), #437 ) ;
#12493 = CARTESIAN_POINT ( 'NONE',  ( -0.05669291338582694400, -0.01693371115559762200, 0.04429133858267697600 ) ) ;
#12494 = DIRECTION ( 'NONE',  ( -1.000000000000000000, 0.0000000000000000000, -1.309156885088692300E-017 ) ) ;
#12495 = DIRECTION ( 'NONE',  ( 0.0000000000000000000, -0.0000000000000000000, -1.000000000000000000 ) ) ;
#12496 = DIRECTION ( 'NONE',  ( 1.000000000000000000, -0.0000000000000000000, 1.075969242843166800E-013 ) ) ;
#12497 = CARTESIAN_POINT ( 'NONE',  ( 0.01476377952755907100, 0.004133858267716536200, 0.04291338582677166300 ) ) ;
#12498 = EDGE_CURVE ( 'NONE', #11502, #10598, #3527, .T. ) ;
#12499 = DIMENSIONAL_EXPONENTS ( 1.000000000000000000, 0.0000000000000000000, 0.0000000000000000000, 0.0000000000000000000, 0.0000000000000000000, 0.0000000000000000000, 0.0000000000000000000 ) ;
#12500 = DIRECTION ( 'NONE',  ( -1.000000000000000000, 0.0000000000000000000, 3.425378178174576300E-015 ) ) ;
#12501 = CARTESIAN_POINT ( 'NONE',  ( -0.04291338582677154500, 0.007204724409448820400, -0.03444881889763795600 ) ) ;
#12502 = ORIENTED_EDGE ( 'NONE', *, *, #502, .F. ) ;
#12503 = VERTEX_POINT ( 'NONE', #5910 ) ;
#12504 = ORIENTED_EDGE ( 'NONE', *, *, #10441, .F. ) ;
#12505 = VERTEX_POINT ( 'NONE', #81 ) ;
#12506 = CARTESIAN_POINT ( 'NONE',  ( -0.02460629921259803500, 0.0000000000000000000, -0.05669291338582693700 ) ) ;
#12507 = DIRECTION ( 'NONE',  ( 1.000000000000000000, -0.0000000000000000000, -3.394400973246411800E-015 ) ) ;
#12508 = FILL_AREA_STYLE ('',( #11518 ) ) ;
#12509 = PRESENTATION_LAYER_ASSIGNMENT (  '', '', ( #11178 ) ) ;
#12510 = PRESENTATION_LAYER_ASSIGNMENT (  '', '', ( #11179 ) ) ;
#12511 =( NAMED_UNIT ( * ) SI_UNIT ( $, .STERADIAN. ) SOLID_ANGLE_UNIT ( ) );
#12512 = AXIS2_PLACEMENT_3D ( 'NONE', #10792, #4935, #11784 ) ;
#12513 = CARTESIAN_POINT ( 'NONE',  ( -0.02460629921259810700, 0.001181102362204723500, -0.04291338582677183700 ) ) ;
#12514 = DIMENSIONAL_EXPONENTS ( 1.000000000000000000, 0.0000000000000000000, 0.0000000000000000000, 0.0000000000000000000, 0.0000000000000000000, 0.0000000000000000000, 0.0000000000000000000 ) ;
#12515 = DIMENSIONAL_EXPONENTS ( 1.000000000000000000, 0.0000000000000000000, 0.0000000000000000000, 0.0000000000000000000, 0.0000000000000000000, 0.0000000000000000000, 0.0000000000000000000 ) ;
#12516 = ORIENTED_EDGE ( 'NONE', *, *, #765, .F. ) ;
#12517 = SURFACE_STYLE_FILL_AREA ( #4080 ) ;
#12518 = LINE ( 'NONE', #8235, #4697 ) ;
#12519 = ORIENTED_EDGE ( 'NONE', *, *, #4651, .T. ) ;
#12520 = VERTEX_POINT ( 'NONE', #11791 ) ;
#12521 = DIRECTION ( 'NONE',  ( 3.425378178174569500E-015, -0.0000000000000000000, 1.000000000000000000 ) ) ;
#12522 = LENGTH_MEASURE_WITH_UNIT ( LENGTH_MEASURE( 0.02539999999999999900 ), #6454 );
#12523 = ORIENTED_EDGE ( 'NONE', *, *, #8594, .T. ) ;
#12524 = FACE_OUTER_BOUND ( 'NONE', #10083, .T. ) ;
#12525 = DIRECTION ( 'NONE',  ( 2.346283569946222600E-014, 0.0000000000000000000, -1.000000000000000000 ) ) ;
#12526 = FILL_AREA_STYLE ('',( #770 ) ) ;
#12527 = UNCERTAINTY_MEASURE_WITH_UNIT (LENGTH_MEASURE( 1.000000000000000100E-005 ), #10008, 'distance_accuracy_value', 'NONE');
#12528 = FILL_AREA_STYLE_COLOUR ( '', #8717 ) ;
#12529 = VERTEX_POINT ( 'NONE', #6878 ) ;
#12530 = DIRECTION ( 'NONE',  ( -1.000000000000000000, 0.0000000000000000000, 3.425378178174571100E-015 ) ) ;
#12531 = LINE ( 'NONE', #6743, #2403 ) ;
#12532 = CARTESIAN_POINT ( 'NONE',  ( -0.04291338582677167000, 0.0000000000000000000, -0.004921259842521853400 ) ) ;
#12533 = AXIS2_PLACEMENT_3D ( 'NONE', #2503, #9365, #3499 ) ;
#12534 = ORIENTED_EDGE ( 'NONE', *, *, #7800, .F. ) ;
#12535 = FILL_AREA_STYLE_COLOUR ( '', #1212 ) ;
#12536 = EDGE_CURVE ( 'NONE', #1578, #12652, #31, .T. ) ;
#12537 =( NAMED_UNIT ( * ) SI_UNIT ( $, .STERADIAN. ) SOLID_ANGLE_UNIT ( ) );
#12538 = CARTESIAN_POINT ( 'NONE',  ( 0.0000000000000000000, 0.001181102362204724400, 0.0000000000000000000 ) ) ;
#12539 = VECTOR ( 'NONE', #7348, 39.37007874015748100 ) ;
#12540 = FILL_AREA_STYLE ('',( #2715 ) ) ;
#12541 = FILL_AREA_STYLE ('',( #2717 ) ) ;
#12542 = CARTESIAN_POINT ( 'NONE',  ( -0.04291338582677180900, 0.0000000000000000000, 0.04429133858267702400 ) ) ;
#12543 = EDGE_CURVE ( 'NONE', #5209, #9521, #4914, .T. ) ;
#12544 =( NAMED_UNIT ( * ) PLANE_ANGLE_UNIT ( ) SI_UNIT ( $, .RADIAN. ) );
#12545 = CARTESIAN_POINT ( 'NONE',  ( 0.05905511811023637900, 0.001181102362204724200, -0.02460629921259860700 ) ) ;
#12546 = EDGE_LOOP ( 'NONE', ( #3765, #7557, #665, #4514 ) ) ;
#12547 = LINE ( 'NONE', #4381, #8537 ) ;
#12548 =( CONVERSION_BASED_UNIT ( 'INCH', #2128 ) LENGTH_UNIT ( ) NAMED_UNIT ( #10430 ) );
#12549 = PRESENTATION_LAYER_ASSIGNMENT (  '', '', ( #11219 ) ) ;
#12550 = DIMENSIONAL_EXPONENTS ( 1.000000000000000000, 0.0000000000000000000, 0.0000000000000000000, 0.0000000000000000000, 0.0000000000000000000, 0.0000000000000000000, 0.0000000000000000000 ) ;
#12551 = DIRECTION ( 'NONE',  ( 2.259547396147334600E-014, 0.0000000000000000000, -1.000000000000000000 ) ) ;
#12552 = PLANE ( 'NONE',  #4862 ) ;
#12553 = ADVANCED_FACE ( 'NONE', ( #9828 ), #4158, .F. ) ;
#12554 =( NAMED_UNIT ( * ) SI_UNIT ( $, .STERADIAN. ) SOLID_ANGLE_UNIT ( ) );
#12555 = EDGE_CURVE ( 'NONE', #3808, #1928, #11191, .T. ) ;
#12556 = EDGE_CURVE ( 'NONE', #1058, #6105, #1098, .T. ) ;
#12557 = UNCERTAINTY_MEASURE_WITH_UNIT (LENGTH_MEASURE( 1.000000000000000100E-005 ), #3590, 'distance_accuracy_value', 'NONE');
#12558 = PRESENTATION_STYLE_ASSIGNMENT (( #9640 ) ) ;
#12559 = EDGE_CURVE ( 'NONE', #4805, #3176, #8583, .T. ) ;
#12560 = PRESENTATION_STYLE_ASSIGNMENT (( #5863 ) ) ;
#12561 = DIRECTION ( 'NONE',  ( -1.000000000000000000, 0.0000000000000000000, -2.646153987744247400E-015 ) ) ;
#12562 = PLANE ( 'NONE',  #7550 ) ;
#12563 = DIRECTION ( 'NONE',  ( 1.000000000000000000, 0.0000000000000000000, -0.0000000000000000000 ) ) ;
#12564 = FACE_OUTER_BOUND ( 'NONE', #4767, .T. ) ;
#12565 =( NAMED_UNIT ( * ) SI_UNIT ( $, .STERADIAN. ) SOLID_ANGLE_UNIT ( ) );
#12566 = LINE ( 'NONE', #4999, #7305 ) ;
#12567 = ORIENTED_EDGE ( 'NONE', *, *, #11699, .T. ) ;
#12568 = PRESENTATION_LAYER_ASSIGNMENT (  '', '', ( #11239 ) ) ;
#12569 = FACE_OUTER_BOUND ( 'NONE', #1114, .T. ) ;
#12570 = DIRECTION ( 'NONE',  ( -0.0000000000000000000, -1.000000000000000000, -0.0000000000000000000 ) ) ;
#12571 = ORIENTED_EDGE ( 'NONE', *, *, #3685, .T. ) ;
#12572 =( LENGTH_UNIT ( ) NAMED_UNIT ( * ) SI_UNIT ( $, .METRE. ) );
#12573 = STYLED_ITEM ( 'NONE', ( #901 ), #1253 ) ;
#12574 = DIRECTION ( 'NONE',  ( -0.0000000000000000000, 0.0000000000000000000, 1.000000000000000000 ) ) ;
#12575 =( NAMED_UNIT ( * ) PLANE_ANGLE_UNIT ( ) SI_UNIT ( $, .RADIAN. ) );
#12576 = VECTOR ( 'NONE', #1407, 39.37007874015748100 ) ;
#12577 = EDGE_CURVE ( 'NONE', #1893, #4457, #6282, .T. ) ;
#12578 = VERTEX_POINT ( 'NONE', #11099 ) ;
#12579 = PRESENTATION_STYLE_ASSIGNMENT (( #4731 ) ) ;
#12580 = CARTESIAN_POINT ( 'NONE',  ( -0.04291338582677140700, 0.001181102362204724200, -0.02460629921260053900 ) ) ;
#12581 = VECTOR ( 'NONE', #2885, 39.37007874015748100 ) ;
#12582 = FILL_AREA_STYLE_COLOUR ( '', #8378 ) ;
#12583 = CARTESIAN_POINT ( 'NONE',  ( -0.02272557806252456900, 0.0000000000000000000, -0.01091455444047755700 ) ) ;
#12584 =( CONVERSION_BASED_UNIT ( 'INCH', #4613 ) LENGTH_UNIT ( ) NAMED_UNIT ( #10693 ) );
#12585 = DIRECTION ( 'NONE',  ( -0.0000000000000000000, -1.000000000000000000, -0.0000000000000000000 ) ) ;
#12586 = AXIS2_PLACEMENT_3D ( 'NONE', #346, #7134, #1323 ) ;
#12587 = LINE ( 'NONE', #3538, #4766 ) ;
#12588 = DIRECTION ( 'NONE',  ( -1.000000000000000000, -0.0000000000000000000, -1.778792249757036600E-015 ) ) ;
#12589 = LINE ( 'NONE', #9150, #4770 ) ;
#12590 = MANIFOLD_SOLID_BREP ( 'Boss-Extrude2[9]', #10121 ) ;
#12591 = VECTOR ( 'NONE', #959, 39.37007874015748100 ) ;
#12592 = EDGE_CURVE ( 'NONE', #8128, #8895, #10877, .T. ) ;
#12593 = FILL_AREA_STYLE_COLOUR ( '', #10980 ) ;
#12594 =( NAMED_UNIT ( * ) PLANE_ANGLE_UNIT ( ) SI_UNIT ( $, .RADIAN. ) );
#12595 = ORIENTED_EDGE ( 'NONE', *, *, #8140, .F. ) ;
#12596 = LINE ( 'NONE', #11203, #4784 ) ;
#12597 = COLOUR_RGB ( '',0.9686274509803921600, 0.8784313725490196000, 0.5999999999999999800 ) ;
#12598 = AXIS2_PLACEMENT_3D ( 'NONE', #10711, #4855, #11700 ) ;
#12599 = AXIS2_PLACEMENT_3D ( 'NONE', #10190, #4315, #11173 ) ;
#12600 = PRESENTATION_LAYER_ASSIGNMENT (  '', '', ( #11277 ) ) ;
#12601 = DIRECTION ( 'NONE',  ( 1.000000000000000000, 0.0000000000000000000, 6.766122243189165800E-015 ) ) ;
#12602 = CARTESIAN_POINT ( 'NONE',  ( -0.05905511811023581000, 0.004133858267716533600, -0.05905511811023662200 ) ) ;
#12603 = ORIENTED_EDGE ( 'NONE', *, *, #2970, .F. ) ;
#12604 = UNCERTAINTY_MEASURE_WITH_UNIT (LENGTH_MEASURE( 1.000000000000000100E-005 ), #8911, 'distance_accuracy_value', 'NONE');
#12605 =( LENGTH_UNIT ( ) NAMED_UNIT ( * ) SI_UNIT ( $, .METRE. ) );
#12606 = SURFACE_STYLE_USAGE ( .BOTH. , #5742 ) ;
#12607 = VECTOR ( 'NONE', #1120, 39.37007874015748100 ) ;
#12608 = ADVANCED_FACE ( 'NONE', ( #12268 ), #5267, .F. ) ;
#12609 = EDGE_CURVE ( 'NONE', #4973, #5424, #8403, .T. ) ;
#12610 = PRESENTATION_STYLE_ASSIGNMENT (( #5740 ) ) ;
#12611 =( NAMED_UNIT ( * ) SI_UNIT ( $, .STERADIAN. ) SOLID_ANGLE_UNIT ( ) );
#12612 = CARTESIAN_POINT ( 'NONE',  ( -0.05905511811023581000, 0.03149606299212598400, -0.05905511811023663600 ) ) ;
#12613 =( NAMED_UNIT ( * ) PLANE_ANGLE_UNIT ( ) SI_UNIT ( $, .RADIAN. ) );
#12614 = FILL_AREA_STYLE_COLOUR ( '', #2195 ) ;
#12616 = VERTEX_POINT ( 'NONE', #12179 ) ;
#12615 =( NAMED_UNIT ( * ) SI_UNIT ( $, .STERADIAN. ) SOLID_ANGLE_UNIT ( ) );
#12617 =( LENGTH_UNIT ( ) NAMED_UNIT ( * ) SI_UNIT ( $, .METRE. ) );
#12618 = AXIS2_PLACEMENT_3D ( 'NONE', #4254, #11109, #5237 ) ;
#12619 = ORIENTED_EDGE ( 'NONE', *, *, #9954, .T. ) ;
#12620 = CARTESIAN_POINT ( 'NONE',  ( 0.05669291338582674300, 0.0000000000000000000, 0.0000000000000000000 ) ) ;
#12621 = ORIENTED_EDGE ( 'NONE', *, *, #5907, .T. ) ;
#12622 = CARTESIAN_POINT ( 'NONE',  ( -0.01476377952755865200, 0.0000000000000000000, -0.05905511811023632400 ) ) ;
#12623 = FACE_OUTER_BOUND ( 'NONE', #3433, .T. ) ;
#12624 =( NAMED_UNIT ( * ) PLANE_ANGLE_UNIT ( ) SI_UNIT ( $, .RADIAN. ) );
#12625 = EDGE_CURVE ( 'NONE', #3023, #3350, #11023, .T. ) ;
#12626 = DIRECTION ( 'NONE',  ( 0.0000000000000000000, -1.000000000000000000, 0.0000000000000000000 ) ) ;
#12627 = CARTESIAN_POINT ( 'NONE',  ( -0.04291338582677151100, 0.007204724409448820400, -0.01476377952755921500 ) ) ;
#12628 = VERTEX_POINT ( 'NONE', #8253 ) ;
#12629 = FILL_AREA_STYLE_COLOUR ( '', #3325 ) ;
#12630 = ORIENTED_EDGE ( 'NONE', *, *, #10803, .T. ) ;
#12631 = ORIENTED_EDGE ( 'NONE', *, *, #7026, .F. ) ;
#12632 =( CONVERSION_BASED_UNIT ( 'INCH', #7102 ) LENGTH_UNIT ( ) NAMED_UNIT ( #4916 ) );
#12633 = AXIS2_PLACEMENT_3D ( 'NONE', #3603, #10440, #4586 ) ;
#12634 = PRESENTATION_LAYER_ASSIGNMENT (  '', '', ( #11307 ) ) ;
#12635 = ORIENTED_EDGE ( 'NONE', *, *, #11086, .F. ) ;
#12636 = DIMENSIONAL_EXPONENTS ( 1.000000000000000000, 0.0000000000000000000, 0.0000000000000000000, 0.0000000000000000000, 0.0000000000000000000, 0.0000000000000000000, 0.0000000000000000000 ) ;
#12637 = VECTOR ( 'NONE', #2798, 39.37007874015748100 ) ;
#12638 = DIMENSIONAL_EXPONENTS ( 1.000000000000000000, 0.0000000000000000000, 0.0000000000000000000, 0.0000000000000000000, 0.0000000000000000000, 0.0000000000000000000, 0.0000000000000000000 ) ;
#12639 = DIRECTION ( 'NONE',  ( -1.000000000000000000, 0.0000000000000000000, -2.646153987744245000E-015 ) ) ;
#12640 = DIRECTION ( 'NONE',  ( -1.000000000000000000, -0.0000000000000000000, 0.0000000000000000000 ) ) ;
#12641 = EDGE_CURVE ( 'NONE', #11374, #7564, #3216, .T. ) ;
#12642 = PRESENTATION_LAYER_ASSIGNMENT (  '', '', ( #11319 ) ) ;
#12643 = STYLED_ITEM ( 'NONE', ( #1488 ), #820 ) ;
#12644 = FILL_AREA_STYLE ('',( #9700 ) ) ;
#12645 = ORIENTED_EDGE ( 'NONE', *, *, #3937, .F. ) ;
#12646 = ORIENTED_EDGE ( 'NONE', *, *, #6564, .T. ) ;
#12647 = VERTEX_POINT ( 'NONE', #5354 ) ;
#12648 = EDGE_LOOP ( 'NONE', ( #5856, #6123, #12202, #12020 ) ) ;
#12649 = EDGE_LOOP ( 'NONE', ( #2255, #4828, #98, #5822 ) ) ;
#12650 = SURFACE_STYLE_USAGE ( .BOTH. , #5783 ) ;
#12651 = DIMENSIONAL_EXPONENTS ( 1.000000000000000000, 0.0000000000000000000, 0.0000000000000000000, 0.0000000000000000000, 0.0000000000000000000, 0.0000000000000000000, 0.0000000000000000000 ) ;
#12652 = VERTEX_POINT ( 'NONE', #11233 ) ;
#12653 = FILL_AREA_STYLE_COLOUR ( '', #10 ) ;
#12654 = STYLED_ITEM ( 'NONE', ( #10733 ), #8008 ) ;
#12655 = STYLED_ITEM ( 'NONE', ( #8852 ), #10285 ) ;
#12656 = CARTESIAN_POINT ( 'NONE',  ( 0.05669291338582663900, 0.007204724409448820400, -0.04429133858267735700 ) ) ;
#12657 = SURFACE_STYLE_USAGE ( .BOTH. , #5794 ) ;
#12658 = ORIENTED_EDGE ( 'NONE', *, *, #3430, .F. ) ;
#12659 =( NAMED_UNIT ( * ) PLANE_ANGLE_UNIT ( ) SI_UNIT ( $, .RADIAN. ) );
#12660 = EDGE_LOOP ( 'NONE', ( #8766, #1248, #12523, #7081 ) ) ;
#12661 = UNCERTAINTY_MEASURE_WITH_UNIT (LENGTH_MEASURE( 1.000000000000000100E-005 ), #7262, 'distance_accuracy_value', 'NONE');
#12662 = AXIS2_PLACEMENT_3D ( 'NONE', #1538, #8357, #2510 ) ;
#12663 = VECTOR ( 'NONE', #12563, 39.37007874015748100 ) ;
#12664 = FACE_OUTER_BOUND ( 'NONE', #70, .T. ) ;
#12665 = EDGE_CURVE ( 'NONE', #698, #8506, #10720, .T. ) ;
#12666 =( CONVERSION_BASED_UNIT ( 'INCH', #7142 ) LENGTH_UNIT ( ) NAMED_UNIT ( #713 ) );
#12667 = EDGE_LOOP ( 'NONE', ( #5283, #11261, #6503, #3668 ) ) ;
#12668 = DIMENSIONAL_EXPONENTS ( 1.000000000000000000, 0.0000000000000000000, 0.0000000000000000000, 0.0000000000000000000, 0.0000000000000000000, 0.0000000000000000000, 0.0000000000000000000 ) ;
#12669 = CARTESIAN_POINT ( 'NONE',  ( -0.004921259842522249800, 0.007204724409448820400, 0.04291338582677168400 ) ) ;
#12670 = CARTESIAN_POINT ( 'NONE',  ( 0.0000000000000000000, 0.001181102362204724400, 0.0000000000000000000 ) ) ;
#12671 = ADVANCED_FACE ( 'NONE', ( #8086 ), #6341, .F. ) ;
#12672 = AXIS2_PLACEMENT_3D ( 'NONE', #11968, #6088, #250 ) ;
#12673 = EDGE_LOOP ( 'NONE', ( #6499, #4481, #7690, #7448 ) ) ;
#12674 = AXIS2_PLACEMENT_3D ( 'NONE', #12538, #6635, #825 ) ;
#12675 = DIRECTION ( 'NONE',  ( 0.0000000000000000000, 1.000000000000000000, 0.0000000000000000000 ) ) ;
#12676 = STYLED_ITEM ( 'NONE', ( #9547 ), #11379 ) ;
#12677 = FILL_AREA_STYLE ('',( #4840 ) ) ;
#12678 = COLOUR_RGB ( '',0.2509803921568627400, 0.2509803921568627400, 0.2509803921568627400 ) ;
#12679 = UNCERTAINTY_MEASURE_WITH_UNIT (LENGTH_MEASURE( 1.000000000000000100E-005 ), #11063, 'distance_accuracy_value', 'NONE');
#12680 = DIRECTION ( 'NONE',  ( -0.0000000000000000000, -1.000000000000000000, -0.0000000000000000000 ) ) ;
#12681 = EDGE_LOOP ( 'NONE', ( #25, #6787, #2234, #4915 ) ) ;
#12682 = FILL_AREA_STYLE_COLOUR ( '', #5826 ) ;
#12683 = CARTESIAN_POINT ( 'NONE',  ( 0.05905511811023663600, 0.004133858267716533600, -0.05905511811023583100 ) ) ;
#12684 = PRESENTATION_STYLE_ASSIGNMENT (( #585 ) ) ;
#12685 = CARTESIAN_POINT ( 'NONE',  ( 0.04291338582677146900, 0.0000000000000000000, 0.02460629921260094900 ) ) ;
#12686 = AXIS2_PLACEMENT_3D ( 'NONE', #7465, #1639, #8461 ) ;
#12687 = CARTESIAN_POINT ( 'NONE',  ( -0.04291338582677176100, 0.001181102362204724400, 0.0000000000000000000 ) ) ;
#12688 = MECHANICAL_DESIGN_GEOMETRIC_PRESENTATION_REPRESENTATION (  '', ( #11370 ), #671 ) ;
#12689 = ORIENTED_EDGE ( 'NONE', *, *, #931, .T. ) ;
#12690 = FILL_AREA_STYLE_COLOUR ( '', #11487 ) ;
#12691 = PRESENTATION_STYLE_ASSIGNMENT (( #532 ) ) ;
#12692 = ORIENTED_EDGE ( 'NONE', *, *, #9271, .T. ) ;
#12693 = PRESENTATION_STYLE_ASSIGNMENT (( #10926 ) ) ;
#12694 = LENGTH_MEASURE_WITH_UNIT ( LENGTH_MEASURE( 0.02539999999999999900 ), #11045 );
#12695 = FILL_AREA_STYLE ('',( #11703 ) ) ;
#12696 = DIRECTION ( 'NONE',  ( 0.0000000000000000000, -0.0000000000000000000, 1.000000000000000000 ) ) ;
#12697 = LINE ( 'NONE', #3060, #10081 ) ;
#12698 = SURFACE_SIDE_STYLE ('',( #11669 ) ) ;
#12699 = EDGE_CURVE ( 'NONE', #11987, #9341, #9511, .T. ) ;
#12700 = CARTESIAN_POINT ( 'NONE',  ( 0.0000000000000000000, 0.001181102362204724400, -0.01476377952755926100 ) ) ;
#12701 = VERTEX_POINT ( 'NONE', #8341 ) ;
#12702 = AXIS2_PLACEMENT_3D ( 'NONE', #4849, #11693, #5815 ) ;
#12703 = PRESENTATION_LAYER_ASSIGNMENT (  '', '', ( #11389 ) ) ;
#12704 =( NAMED_UNIT ( * ) SI_UNIT ( $, .STERADIAN. ) SOLID_ANGLE_UNIT ( ) );
#12705 = SURFACE_STYLE_FILL_AREA ( #10682 ) ;
ENDSEC;
END-ISO-10303-21;
